precinct_id,county,precinct_code,precinct_name,total_population,white_pop,black_pop,native_pop,asian_pop,pacific_pop,multiracial_pop,hispanic_pop,vap_18plus,white_vap,black_vap,native_vap,asian_vap,pacific_vap,multiracial_vap,hispanic_vap,white_vap_pct,black_vap_pct,native_vap_pct,asian_vap_pct,pacific_vap_pct,multiracial_vap_pct,hispanic_vap_pct
BROWN - 000005,Brown,000005,Albin Twp,311,299,1,0,4,0,7,2,244,235,0,0,4,0,5,2,96.31,0.00,0.00,1.64,0.00,2.05,0.82
BROWN - 000010,Brown,000010,Bashaw Twp,221,220,0,0,0,0,1,0,168,167,0,0,0,0,1,0,99.40,0.00,0.00,0.00,0.00,0.60,0.00
BROWN - 000015,Brown,000015,Burnstown Twp,262,257,0,0,0,0,4,4,198,196,0,0,0,0,1,2,98.99,0.00,0.00,0.00,0.00,0.51,1.01
BROWN - 000025,Brown,000025,Comfrey,378,356,1,2,2,0,13,26,289,267,1,2,2,0,13,19,92.39,0.35,0.69,0.69,0.00,4.50,6.57
BROWN - 000030,Brown,000030,Cottonwood Twp,856,849,1,0,0,0,6,1,675,671,1,0,0,0,3,1,99.41,0.15,0.00,0.00,0.00,0.44,0.15
BROWN - 000115,Brown,000115,New Ulm W-4 P-2,1888,1810,7,0,28,0,22,30,1583,1515,6,0,28,0,14,27,95.70,0.38,0.00,1.77,0.00,0.88,1.71
BROWN - 000035,Brown,000035,Eden Twp,214,210,0,0,2,0,2,2,178,176,0,0,2,0,0,2,98.88,0.00,0.00,1.12,0.00,0.00,1.12
BROWN - 000040,Brown,000040,Evan,70,59,0,2,0,0,1,9,60,50,0,2,0,0,1,8,83.33,0.00,3.33,0.00,0.00,1.67,13.33
BROWN - 000045,Brown,000045,Hanska,382,360,5,0,0,0,12,16,277,270,1,0,0,0,6,5,97.47,0.36,0.00,0.00,0.00,2.17,1.81
BROWN - 000050,Brown,000050,Home Twp,495,475,0,0,1,0,16,7,402,394,0,0,0,0,5,5,98.01,0.00,0.00,0.00,0.00,1.24,1.24
BROWN - 000055,Brown,000055,Lake Hanska Twp,336,327,0,0,1,0,7,2,244,241,0,0,1,0,2,1,98.77,0.00,0.00,0.41,0.00,0.82,0.41
BROWN - 000060,Brown,000060,Leavenworth Twp,271,264,0,0,2,0,5,0,219,213,0,0,2,0,4,0,97.26,0.00,0.00,0.91,0.00,1.83,0.00
BROWN - 000065,Brown,000065,Linden Twp,291,280,1,0,0,0,8,4,215,208,1,0,0,0,4,4,96.74,0.47,0.00,0.00,0.00,1.86,1.86
BROWN - 000070,Brown,000070,Milford Twp,691,683,0,1,0,0,5,5,529,526,0,1,0,0,2,1,99.43,0.00,0.19,0.00,0.00,0.38,0.19
BROWN - 000075,Brown,000075,Mulligan Twp,180,179,0,0,1,0,0,0,153,152,0,0,1,0,0,0,99.35,0.00,0.00,0.65,0.00,0.00,0.00
BROWN - 000100,Brown,000100,New Ulm W-3 P-1,2131,2059,10,2,15,0,33,28,1777,1725,10,2,13,0,19,17,97.07,0.56,0.11,0.73,0.00,1.07,0.96
BROWN - 000095,Brown,000095,New Ulm W-2 P-2,1653,1562,6,1,3,0,49,69,1328,1261,5,1,3,0,30,42,94.95,0.38,0.08,0.23,0.00,2.26,3.16
BROWN - 000090,Brown,000090,New Ulm W-2 P-1,1719,1565,22,4,15,0,83,96,1327,1218,16,4,13,0,52,56,91.79,1.21,0.30,0.98,0.00,3.92,4.22
BROWN - 000105,Brown,000105,New Ulm W-3 P-2,1669,1574,8,1,5,0,58,65,1302,1248,4,0,4,0,29,31,95.85,0.31,0.00,0.31,0.00,2.23,2.38
BROWN - 000080,Brown,000080,New Ulm W-1 P-1,1666,1533,11,2,4,3,94,73,1292,1221,5,2,4,0,49,42,94.50,0.39,0.15,0.31,0.00,3.79,3.25
BROWN - 000085,Brown,000085,New Ulm W-1 P-2,1732,1598,23,14,8,0,74,71,1304,1217,13,14,8,0,41,39,93.33,1.00,1.07,0.61,0.00,3.14,2.99
BROWN - 000110,Brown,000110,New Ulm W-4 P-1,1662,1586,14,1,6,0,41,38,1270,1218,6,1,6,0,27,29,95.91,0.47,0.08,0.47,0.00,2.13,2.28
BROWN - 000120,Brown,000120,North Star Twp,268,266,1,0,0,0,1,1,201,200,1,0,0,0,0,0,99.50,0.50,0.00,0.00,0.00,0.00,0.00
BROWN - 000125,Brown,000125,Prairieville Twp,228,227,0,1,0,0,0,1,185,184,0,1,0,0,0,0,99.46,0.00,0.54,0.00,0.00,0.00,0.00
BROWN - 000130,Brown,000130,Sigel Twp,348,339,0,0,1,0,6,1,289,286,0,0,1,0,0,1,98.96,0.00,0.00,0.35,0.00,0.00,0.35
BROWN - 000140,Brown,000140,Sleepy Eye W-2,1930,1730,9,2,11,2,114,184,1495,1368,4,2,6,0,68,119,91.51,0.27,0.13,0.40,0.00,4.55,7.96
BROWN - 000135,Brown,000135,Sleepy Eye W-1,1522,1260,3,5,10,0,137,307,1134,973,1,5,8,0,85,174,85.80,0.09,0.44,0.71,0.00,7.50,15.34
BROWN - 000150,Brown,000150,Springfield W-2,970,913,1,0,4,0,36,57,725,701,1,0,4,0,14,29,96.69,0.14,0.00,0.55,0.00,1.93,4.00
BROWN - 000145,Brown,000145,Springfield W-1,1057,991,2,12,1,0,30,59,853,809,2,8,1,0,22,31,94.84,0.23,0.94,0.12,0.00,2.58,3.63
BROWN - 000155,Brown,000155,Stark Twp,301,294,0,0,2,0,5,4,253,249,0,0,2,0,2,4,98.42,0.00,0.00,0.79,0.00,0.79,1.58
BROWN - 000160,Brown,000160,Stately Twp,174,171,1,1,0,0,1,2,116,115,1,0,0,0,0,0,99.14,0.86,0.00,0.00,0.00,0.00,0.00
BROWN - 000020,Brown,000020,Cobden,36,25,1,0,1,1,7,7,25,22,0,0,0,1,1,1,88.00,0.00,0.00,0.00,4.00,4.00,4.00
ISANTI - 000005,Isanti,000005,Athens Twp,2112,1926,1,9,39,0,117,42,1640,1519,1,9,26,0,71,29,92.62,0.06,0.55,1.59,0.00,4.33,1.77
ISANTI - 000010,Isanti,000010,Bradford Twp,3427,3204,14,11,38,0,130,38,2787,2617,12,11,33,0,89,30,93.90,0.43,0.39,1.18,0.00,3.19,1.08
ISANTI - 000015,Isanti,000015,Braham,1769,1611,17,7,8,3,115,48,1292,1202,10,3,8,3,61,27,93.03,0.77,0.23,0.62,0.23,4.72,2.09
ISANTI - 000025,Isanti,000025,Cambridge Twp,2495,2328,9,8,21,1,111,57,1894,1798,3,7,18,1,57,20,94.93,0.16,0.37,0.95,0.05,3.01,1.06
ISANTI - 000020,Isanti,000020,Cambridge P-1,5091,4636,69,52,47,3,254,113,3992,3729,44,32,38,0,123,67,93.41,1.10,0.80,0.95,0.00,3.08,1.68
ISANTI - 000080,Isanti,000080,Wyanett Twp,1755,1653,5,3,7,0,61,31,1401,1327,5,1,5,0,45,19,94.72,0.36,0.07,0.36,0.00,3.21,1.36
ISANTI - 000030,Isanti,000030,Dalbo Twp,781,749,2,1,9,0,14,6,583,571,2,0,1,0,6,3,97.94,0.34,0.00,0.17,0.00,1.03,0.51
ISANTI - 000022,Isanti,000022,Cambridge P-2,4520,4032,68,33,118,2,220,128,3159,2868,49,20,77,1,115,69,90.79,1.55,0.63,2.44,0.03,3.64,2.18
ISANTI - 000037,Isanti,000037,Isanti P-2,2838,2610,37,23,16,0,127,91,1990,1858,25,17,15,0,63,52,93.37,1.26,0.85,0.75,0.00,3.17,2.61
ISANTI - 000035,Isanti,000035,Isanti P-1,3966,3502,58,19,64,0,262,167,2766,2480,38,16,46,0,149,94,89.66,1.37,0.58,1.66,0.00,5.39,3.40
ISANTI - 000040,Isanti,000040,Isanti Twp,2262,2160,7,5,18,0,65,15,1735,1665,5,3,13,0,44,11,95.97,0.29,0.17,0.75,0.00,2.54,0.63
ISANTI - 000045,Isanti,000045,Maple Ridge Twp,715,668,5,5,5,1,24,12,579,541,5,4,3,1,18,6,93.44,0.86,0.69,0.52,0.17,3.11,1.04
ISANTI - 000050,Isanti,000050,North Branch Twp,1718,1611,5,9,22,0,61,33,1380,1304,3,9,16,0,39,23,94.49,0.22,0.65,1.16,0.00,2.83,1.67
ISANTI - 000055,Isanti,000055,Oxford Twp,989,904,1,6,37,0,36,14,781,724,1,6,20,0,26,8,92.70,0.13,0.77,2.56,0.00,3.33,1.02
ISANTI - 000057,Isanti,000057,Saint Francis P-3,0,0,0,0,0,0,0,0,0,0,0,0,0,0,0,0,0.00,0.00,0.00,0.00,0.00,0.00,0.00
ISANTI - 000065,Isanti,000065,Springvale Twp,1560,1472,5,1,10,0,54,14,1197,1143,1,1,5,0,36,9,95.49,0.08,0.08,0.42,0.00,3.01,0.75
ISANTI - 000070,Isanti,000070,Stanchfield Twp,1168,1086,3,8,2,3,59,14,890,849,0,4,2,3,31,4,95.39,0.00,0.45,0.22,0.34,3.48,0.45
ISANTI - 000075,Isanti,000075,Stanford Twp,2299,2164,9,7,27,0,79,26,1847,1761,5,7,13,0,57,18,95.34,0.27,0.38,0.70,0.00,3.09,0.97
ISANTI - 000060,Isanti,000060,Spencer Brook Twp,1670,1572,3,6,1,0,79,47,1305,1234,1,4,1,0,56,27,94.56,0.08,0.31,0.08,0.00,4.29,2.07
GRANT - 000005,Grant,000005,Ashby,469,451,2,0,0,2,14,7,347,333,2,0,0,1,11,7,95.97,0.58,0.00,0.00,0.29,3.17,2.02
GRANT - 000015,Grant,000015,Delaware Twp,98,92,0,0,0,0,6,4,66,64,0,0,0,0,2,2,96.97,0.00,0.00,0.00,0.00,3.03,3.03
GRANT - 000010,Grant,000010,Barrett,366,349,1,2,0,0,14,9,301,287,1,2,0,0,11,9,95.35,0.33,0.66,0.00,0.00,3.65,2.99
GRANT - 000020,Grant,000020,Elbow Lake,1276,1179,2,10,8,0,74,28,929,867,2,7,8,0,42,21,93.33,0.22,0.75,0.86,0.00,4.52,2.26
GRANT - 000025,Grant,000025,Elbow Lake Twp,125,123,0,0,2,0,0,0,108,106,0,0,2,0,0,0,98.15,0.00,0.00,1.85,0.00,0.00,0.00
GRANT - 000115,Grant,000115,Wendell,166,152,0,1,1,0,12,4,127,119,0,0,0,0,8,2,93.70,0.00,0.00,0.00,0.00,6.30,1.57
GRANT - 000030,Grant,000030,Elk Lake Twp,278,259,2,1,0,0,14,3,221,214,2,0,0,0,3,1,96.83,0.90,0.00,0.00,0.00,1.36,0.45
GRANT - 000035,Grant,000035,Erdahl Twp,397,382,0,1,2,2,10,4,306,294,0,0,2,1,9,3,96.08,0.00,0.00,0.65,0.33,2.94,0.98
GRANT - 000040,Grant,000040,Gorton Twp,49,45,0,2,0,0,2,1,37,34,0,1,0,0,2,1,91.89,0.00,2.70,0.00,0.00,5.41,2.70
GRANT - 000045,Grant,000045,Herman,384,367,1,0,0,0,13,5,314,301,1,0,0,0,9,5,95.86,0.32,0.00,0.00,0.00,2.87,1.59
GRANT - 000050,Grant,000050,Hoffman,698,638,3,7,1,3,26,28,518,482,1,4,1,3,13,15,93.05,0.19,0.77,0.19,0.58,2.51,2.90
GRANT - 000055,Grant,000055,Land Twp,269,246,0,0,0,0,2,23,198,181,0,0,0,0,2,15,91.41,0.00,0.00,0.00,0.00,1.01,7.58
GRANT - 000060,Grant,000060,Lawrence Twp,94,83,0,0,1,0,10,4,63,57,0,0,1,0,5,2,90.48,0.00,0.00,1.59,0.00,7.94,3.17
GRANT - 000065,Grant,000065,Lien Twp,123,122,0,0,0,0,1,1,87,86,0,0,0,0,1,1,98.85,0.00,0.00,0.00,0.00,1.15,1.15
GRANT - 000070,Grant,000070,Logan Twp,72,71,0,0,0,0,1,0,52,51,0,0,0,0,1,0,98.08,0.00,0.00,0.00,0.00,1.92,0.00
GRANT - 000075,Grant,000075,Macsville Twp,109,104,0,1,0,0,4,0,91,86,0,1,0,0,4,0,94.51,0.00,1.10,0.00,0.00,4.40,0.00
GRANT - 000080,Grant,000080,Norcross,52,45,0,2,0,0,5,0,43,38,0,2,0,0,3,0,88.37,0.00,4.65,0.00,0.00,6.98,0.00
GRANT - 000085,Grant,000085,North Ottawa Twp,47,47,0,0,0,0,0,0,38,38,0,0,0,0,0,0,100.00,0.00,0.00,0.00,0.00,0.00,0.00
GRANT - 000090,Grant,000090,Pelican Lake Twp,488,467,0,1,4,0,15,10,386,372,0,0,0,0,13,5,96.37,0.00,0.00,0.00,0.00,3.37,1.30
GRANT - 000095,Grant,000095,Pomme de Terre Twp,143,136,2,0,1,1,3,2,110,105,2,0,0,0,3,1,95.45,1.82,0.00,0.00,0.00,2.73,0.91
GRANT - 000100,Grant,000100,Roseville Twp,98,97,0,0,0,0,1,1,86,85,0,0,0,0,1,0,98.84,0.00,0.00,0.00,0.00,1.16,0.00
GRANT - 000105,Grant,000105,Sanford Twp,141,136,0,2,0,0,3,0,112,109,0,0,0,0,3,0,97.32,0.00,0.00,0.00,0.00,2.68,0.00
GRANT - 000110,Grant,000110,Stony Brook Twp,132,130,0,1,0,0,1,1,115,113,0,1,0,0,1,1,98.26,0.00,0.87,0.00,0.00,0.87,0.87
CLEARWATER - 000005,Clearwater,000005,Bagley,1285,1062,5,125,8,2,81,17,1027,879,3,85,6,2,50,14,85.59,0.29,8.28,0.58,0.19,4.87,1.36
CLEARWATER - 000015,Clearwater,000015,Clearbrook,464,389,0,30,0,0,37,8,349,308,0,18,0,0,15,7,88.25,0.00,5.16,0.00,0.00,4.30,2.01
CLEARWATER - 000010,Clearwater,000010,Bear Creek Twp,112,105,0,1,0,0,5,3,103,98,0,0,0,0,4,3,95.15,0.00,0.00,0.00,0.00,3.88,2.91
CLEARWATER - 000075,Clearwater,000075,Leon Twp,392,370,1,0,1,0,19,5,277,266,1,0,1,0,8,4,96.03,0.36,0.00,0.36,0.00,2.89,1.44
CLEARWATER - 000025,Clearwater,000025,Copley Twp,867,761,2,42,1,0,60,6,631,577,1,21,1,0,30,4,91.44,0.16,3.33,0.16,0.00,4.75,0.63
CLEARWATER - 000020,Clearwater,000020,Clover Twp,88,77,1,1,0,0,9,2,71,66,1,0,0,0,4,2,92.96,1.41,0.00,0.00,0.00,5.63,2.82
CLEARWATER - 000030,Clearwater,000030,Dudley Twp,420,391,1,9,1,0,15,15,293,277,0,6,1,0,6,6,94.54,0.00,2.05,0.34,0.00,2.05,2.05
CLEARWATER - 000035,Clearwater,000035,Eddy Twp,303,291,1,3,0,0,8,2,227,218,1,3,0,0,5,0,96.04,0.44,1.32,0.00,0.00,2.20,0.00
CLEARWATER - 000130,Clearwater,000130,Winsor Twp,120,111,1,2,0,0,6,1,87,81,1,2,0,0,3,1,93.10,1.15,2.30,0.00,0.00,3.45,1.15
CLEARWATER - 000040,Clearwater,000040,Falk Twp,277,179,0,66,1,0,31,5,203,141,0,41,1,0,20,5,69.46,0.00,20.20,0.49,0.00,9.85,2.46
CLEARWATER - 000045,Clearwater,000045,Gonvick,263,242,0,12,0,0,9,2,203,191,0,9,0,0,3,0,94.09,0.00,4.43,0.00,0.00,1.48,0.00
CLEARWATER - 000050,Clearwater,000050,Greenwood Twp,78,68,0,3,0,0,6,0,59,52,0,1,0,0,5,0,88.14,0.00,1.69,0.00,0.00,8.47,0.00
CLEARWATER - 000060,Clearwater,000060,Holst Twp,335,324,0,3,1,0,6,2,265,256,0,1,1,0,6,2,96.60,0.00,0.38,0.38,0.00,2.26,0.75
CLEARWATER - 000055,Clearwater,000055,Hangaard Twp,6,4,0,0,0,0,2,0,4,3,0,0,0,0,1,0,75.00,0.00,0.00,0.00,0.00,25.00,0.00
CLEARWATER - 000065,Clearwater,000065,Itasca Twp,129,119,0,7,0,0,3,2,103,95,0,7,0,0,1,2,92.23,0.00,6.80,0.00,0.00,0.97,1.94
CLEARWATER - 000080,Clearwater,000080,Leonard,41,39,0,0,0,0,2,1,35,34,0,0,0,0,1,1,97.14,0.00,0.00,0.00,0.00,2.86,2.86
CLEARWATER - 000070,Clearwater,000070,La Prairie Twp,398,66,0,308,0,0,24,1,270,63,0,193,0,0,14,0,23.33,0.00,71.48,0.00,0.00,5.19,0.00
CLEARWATER - 000140,Clearwater,000140,Long Lost Lake Twp,54,46,0,7,0,0,1,0,46,38,0,7,0,0,1,0,82.61,0.00,15.22,0.00,0.00,2.17,0.00
CLEARWATER - 000085,Clearwater,000085,Minerva Twp,239,209,1,5,0,0,21,7,179,163,0,4,0,0,10,2,91.06,0.00,2.23,0.00,0.00,5.59,1.12
CLEARWATER - 000090,Clearwater,000090,Moose Creek Twp,256,234,1,1,0,0,20,1,191,182,0,0,0,0,9,0,95.29,0.00,0.00,0.00,0.00,4.71,0.00
CLEARWATER - 000095,Clearwater,000095,Nora Twp,423,389,1,8,1,0,24,0,324,300,1,4,1,0,18,0,92.59,0.31,1.23,0.31,0.00,5.56,0.00
CLEARWATER - 000056,Clearwater,000056,Red Lake Reservation,70,3,0,64,1,0,2,3,46,3,0,41,1,0,1,3,6.52,0.00,89.13,2.17,0.00,2.17,6.52
CLEARWATER - 000100,Clearwater,000100,Pine Lake Twp,447,429,0,9,3,0,5,1,316,303,0,5,3,0,4,0,95.89,0.00,1.58,0.95,0.00,1.27,0.00
CLEARWATER - 000105,Clearwater,000105,Popple Twp,535,486,4,21,2,0,18,4,406,376,0,11,2,0,13,2,92.61,0.00,2.71,0.49,0.00,3.20,0.49
CLEARWATER - 000110,Clearwater,000110,Rice Twp,162,126,0,25,0,0,9,4,115,96,0,17,0,0,1,4,83.48,0.00,14.78,0.00,0.00,0.87,3.48
CLEARWATER - 000115,Clearwater,000115,Shevlin,137,126,0,0,0,0,10,2,104,99,0,0,0,0,4,1,95.19,0.00,0.00,0.00,0.00,3.85,0.96
CLEARWATER - 000120,Clearwater,000120,Shevlin Twp,473,404,4,5,3,0,53,6,363,323,2,4,3,0,30,5,88.98,0.55,1.10,0.83,0.00,8.26,1.38
CLEARWATER - 000125,Clearwater,000125,Sinclair Twp,142,140,0,0,0,0,1,1,115,113,0,0,0,0,1,1,98.26,0.00,0.00,0.00,0.00,0.87,0.87
CLEARWATER - 000135,Clearwater,000135,South Clearwater 143-36,8,7,0,0,0,0,1,0,5,4,0,0,0,0,1,0,80.00,0.00,0.00,0.00,0.00,20.00,0.00
BECKER - 000145,Becker,000145,Maple Grove Twp,477,219,0,222,0,0,35,6,356,194,0,135,0,0,26,4,54.49,0.00,37.92,0.00,0.00,7.30,1.12
BECKER - 000150,Becker,000150,Ogema,208,88,0,108,0,0,11,6,133,64,0,59,0,0,9,4,48.12,0.00,44.36,0.00,0.00,6.77,3.01
BECKER - 000155,Becker,000155,Osage Twp,885,808,12,6,4,0,50,8,665,624,5,6,4,0,22,2,93.83,0.75,0.90,0.60,0.00,3.31,0.30
BECKER - 000160,Becker,000160,Pine Point Twp,329,36,0,286,0,0,6,11,197,34,0,158,0,0,4,1,17.26,0.00,80.20,0.00,0.00,2.03,0.51
BECKER - 000165,Becker,000165,Riceville Twp,118,92,0,16,0,0,9,0,72,61,0,7,0,0,4,0,84.72,0.00,9.72,0.00,0.00,5.56,0.00
BECKER - 000170,Becker,000170,Richwood Twp,651,567,2,25,1,0,53,10,493,438,2,17,1,0,32,8,88.84,0.41,3.45,0.20,0.00,6.49,1.62
BECKER - 000175,Becker,000175,Round Lake Twp,232,130,0,84,0,0,16,2,179,113,0,54,0,0,10,0,63.13,0.00,30.17,0.00,0.00,5.59,0.00
BECKER - 000180,Becker,000180,Runeberg Twp,639,609,0,1,1,0,26,6,349,329,0,1,1,0,18,3,94.27,0.00,0.29,0.29,0.00,5.16,0.86
BECKER - 000185,Becker,000185,Savannah Twp,178,166,0,3,0,0,8,1,144,137,0,1,0,0,6,0,95.14,0.00,0.69,0.00,0.00,4.17,0.00
BECKER - 000190,Becker,000190,Shell Lake Twp,288,269,0,6,0,1,12,2,233,215,0,6,0,1,11,2,92.27,0.00,2.58,0.00,0.43,4.72,0.86
BECKER - 000195,Becker,000195,Silver Leaf Twp,512,483,1,0,1,0,22,7,382,369,0,0,1,0,11,5,96.60,0.00,0.00,0.26,0.00,2.88,1.31
BECKER - 000200,Becker,000200,Spring Creek Twp,103,70,0,27,0,0,5,0,69,56,0,12,0,0,1,0,81.16,0.00,17.39,0.00,0.00,1.45,0.00
BECKER - 000205,Becker,000205,Spruce Grove Twp,406,393,0,1,1,0,11,3,247,238,0,0,1,0,8,2,96.36,0.00,0.00,0.40,0.00,3.24,0.81
BECKER - 000210,Becker,000210,Sugar Bush Twp,537,349,0,135,1,0,52,4,411,301,0,80,0,0,30,0,73.24,0.00,19.46,0.00,0.00,7.30,0.00
BECKER - 000215,Becker,000215,Toad Lake Twp,496,463,1,4,0,0,28,3,368,350,0,4,0,0,14,1,95.11,0.00,1.09,0.00,0.00,3.80,0.27
BECKER - 000220,Becker,000220,Two Inlets Twp,208,193,1,1,1,0,11,1,180,170,1,0,0,0,8,1,94.44,0.56,0.00,0.00,0.00,4.44,0.56
BECKER - 000225,Becker,000225,Walworth Twp,101,87,0,1,3,0,10,0,70,64,0,1,0,0,5,0,91.43,0.00,1.43,0.00,0.00,7.14,0.00
BECKER - 000230,Becker,000230,White Earth Twp,765,142,0,543,0,0,79,5,537,114,0,375,0,0,47,0,21.23,0.00,69.83,0.00,0.00,8.75,0.00
BECKER - 000235,Becker,000235,Wolf Lake,71,65,0,0,0,0,6,3,45,42,0,0,0,0,3,1,93.33,0.00,0.00,0.00,0.00,6.67,2.22
BECKER - 000240,Becker,000240,Wolf Lake Twp,272,267,0,0,1,0,4,0,155,152,0,0,1,0,2,0,98.06,0.00,0.00,0.65,0.00,1.29,0.00
BECKER - 000052,Becker,000052,Detroit Twp P-3,0,0,0,0,0,0,0,0,0,0,0,0,0,0,0,0,0.00,0.00,0.00,0.00,0.00,0.00,0.00
BECKER - 000005,Becker,000005,Atlanta Twp,115,106,0,1,0,0,8,2,87,83,0,0,0,0,4,1,95.40,0.00,0.00,0.00,0.00,4.60,1.15
BECKER - 000010,Becker,000010,Audubon,560,505,1,11,0,0,42,7,400,366,1,6,0,0,27,4,91.50,0.25,1.50,0.00,0.00,6.75,1.00
BECKER - 000015,Becker,000015,Audubon Twp,646,604,3,0,0,0,37,5,492,469,3,0,0,0,18,3,95.33,0.61,0.00,0.00,0.00,3.66,0.61
BECKER - 000020,Becker,000020,Burlington Twp,1657,1513,4,37,5,0,92,20,1262,1160,3,29,3,0,62,7,91.92,0.24,2.30,0.24,0.00,4.91,0.55
BECKER - 000025,Becker,000025,Callaway,178,95,0,51,0,0,31,6,128,74,0,39,0,0,14,0,57.81,0.00,30.47,0.00,0.00,10.94,0.00
BECKER - 000030,Becker,000030,Callaway Twp,304,180,0,67,0,0,56,3,223,137,0,50,0,0,35,1,61.43,0.00,22.42,0.00,0.00,15.70,0.45
BECKER - 000035,Becker,000035,Carsonville Twp,213,168,0,28,1,0,16,1,168,143,0,16,1,0,8,1,85.12,0.00,9.52,0.60,0.00,4.76,0.60
BECKER - 000040,Becker,000040,Cormorant Twp,1388,1330,1,2,1,0,52,17,1183,1148,1,1,1,0,31,8,97.04,0.08,0.08,0.08,0.00,2.62,0.68
BECKER - 000045,Becker,000045,Cuba Twp,297,279,1,6,0,0,11,4,218,206,1,2,0,0,9,3,94.50,0.46,0.92,0.00,0.00,4.13,1.38
BECKER - 000050,Becker,000050,Detroit Twp P-1,1218,1058,1,50,3,0,94,12,937,857,1,20,1,0,48,10,91.46,0.11,2.13,0.11,0.00,5.12,1.07
BECKER - 000051,Becker,000051,Detroit Twp P-2,875,779,3,27,3,0,58,13,639,572,1,22,3,0,38,7,89.51,0.16,3.44,0.47,0.00,5.95,1.10
BECKER - 000055,Becker,000055,Detroit Lakes W-1 P-1,3554,2888,72,212,36,5,301,108,2660,2237,55,154,29,3,158,57,84.10,2.07,5.79,1.09,0.11,5.94,2.14
BECKER - 000065,Becker,000065,Detroit Lakes W-2 P-1,2974,2625,25,114,24,0,170,52,2441,2234,13,78,21,0,86,36,91.52,0.53,3.20,0.86,0.00,3.52,1.47
BECKER - 000075,Becker,000075,Detroit Lakes W-3 P-1,3341,2894,27,85,42,4,260,79,2585,2314,21,57,36,3,131,58,89.52,0.81,2.21,1.39,0.12,5.07,2.24
BECKER - 000085,Becker,000085,Erie Twp,1717,1553,6,27,3,1,122,20,1353,1255,3,17,2,0,73,10,92.76,0.22,1.26,0.15,0.00,5.40,0.74
BECKER - 000090,Becker,000090,Evergreen Twp,403,383,0,0,1,2,13,14,250,243,0,0,0,2,4,6,97.20,0.00,0.00,0.00,0.80,1.60,2.40
BECKER - 000095,Becker,000095,Forest Twp,172,126,0,28,0,0,14,3,141,113,0,12,0,0,12,1,80.14,0.00,8.51,0.00,0.00,8.51,0.71
BECKER - 000100,Becker,000100,Frazee,1335,1109,31,70,9,1,106,35,968,836,16,41,5,0,64,13,86.36,1.65,4.24,0.52,0.00,6.61,1.34
BECKER - 000105,Becker,000105,Green Valley Twp,348,336,0,1,1,0,10,3,259,252,0,0,1,0,6,0,97.30,0.00,0.00,0.39,0.00,2.32,0.00
BECKER - 000110,Becker,000110,Hamden Twp,212,194,0,2,0,0,15,0,164,153,0,1,0,0,9,0,93.29,0.00,0.61,0.00,0.00,5.49,0.00
BECKER - 000115,Becker,000115,Height of Land Twp,682,648,3,3,2,0,25,7,553,529,3,2,1,0,18,4,95.66,0.54,0.36,0.18,0.00,3.25,0.72
BECKER - 000082,Becker,000082,Eagle View Twp,186,99,0,70,0,1,15,1,153,98,0,45,0,1,9,1,64.05,0.00,29.41,0.00,0.65,5.88,0.65
BECKER - 000120,Becker,000120,Holmesville Twp,543,464,0,31,0,0,47,6,418,385,0,16,0,0,16,2,92.11,0.00,3.83,0.00,0.00,3.83,0.48
BECKER - 000125,Becker,000125,Lake Eunice Twp,1729,1599,2,21,2,3,91,34,1391,1318,0,5,2,3,53,12,94.75,0.00,0.36,0.14,0.22,3.81,0.86
BECKER - 000130,Becker,000130,Lake Park,728,640,3,16,8,3,56,29,535,482,3,14,6,3,26,8,90.09,0.56,2.62,1.12,0.56,4.86,1.50
BECKER - 000135,Becker,000135,Lake Park Twp,549,523,0,3,1,0,20,2,423,401,0,3,0,0,17,1,94.80,0.00,0.71,0.00,0.00,4.02,0.24
BECKER - 000140,Becker,000140,Lake View Twp,1783,1624,3,36,6,1,105,14,1420,1304,1,27,3,1,76,10,91.83,0.07,1.90,0.21,0.07,5.35,0.70
HENNEPIN - 000510,Hennepin,000510,Corcoran P-3,2401,1746,13,0,509,0,117,57,1706,1311,8,0,309,0,69,35,76.85,0.47,0.00,18.11,0.00,4.04,2.05
HENNEPIN - 001855,Hennepin,001855,Minneapolis W-10 P-11,2827,2159,191,19,146,4,247,202,2658,2080,160,14,142,3,204,169,78.25,6.02,0.53,5.34,0.11,7.67,6.36
HENNEPIN - 001504,Hennepin,001504,Minneapolis W-3 P-13,2922,2241,130,18,294,3,173,148,2786,2171,113,16,277,3,153,129,77.93,4.06,0.57,9.94,0.11,5.49,4.63
WRIGHT - 000007,Wright,000007,Albertville P-2,2808,2441,102,12,58,0,149,92,1903,1710,52,5,39,0,69,51,89.86,2.73,0.26,2.05,0.00,3.63,2.68
WRIGHT - 000127,Wright,000127,Monticello P-2,8081,6808,140,23,155,5,592,734,5515,4750,82,19,115,5,310,444,86.13,1.49,0.34,2.09,0.09,5.62,8.05
KANABEC - 000090,Kanabec,000090,Pomroy Twp,376,354,1,4,0,0,17,5,299,283,1,3,0,0,12,4,94.65,0.33,1.00,0.00,0.00,4.01,1.34
KANABEC - 000095,Kanabec,000095,Quamba,107,99,1,5,0,0,2,12,84,80,0,3,0,0,1,4,95.24,0.00,3.57,0.00,0.00,1.19,4.76
KANABEC - 000100,Kanabec,000100,South Fork Twp,768,726,4,4,6,0,24,7,577,549,1,3,5,0,16,4,95.15,0.17,0.52,0.87,0.00,2.77,0.69
KANABEC - 000015,Kanabec,000015,Braham,0,0,0,0,0,0,0,0,0,0,0,0,0,0,0,0,0.00,0.00,0.00,0.00,0.00,0.00,0.00
KANABEC - 000005,Kanabec,000005,Ann Lake Twp,406,382,0,5,3,0,14,5,330,313,0,3,0,0,13,2,94.85,0.00,0.91,0.00,0.00,3.94,0.61
KANABEC - 000010,Kanabec,000010,Arthur Twp,1771,1682,8,9,6,0,66,37,1385,1330,3,6,2,0,44,15,96.03,0.22,0.43,0.14,0.00,3.18,1.08
KANABEC - 000020,Kanabec,000020,Brunswick Twp,1320,1238,1,3,20,0,52,27,1017,964,0,2,16,0,31,10,94.79,0.00,0.20,1.57,0.00,3.05,0.98
KANABEC - 000105,Kanabec,000105,Whited Twp,897,820,7,14,1,0,53,11,714,666,1,7,0,0,38,7,93.28,0.14,0.98,0.00,0.00,5.32,0.98
KANABEC - 000025,Kanabec,000025,Comfort Twp,1207,1154,0,1,6,0,46,3,903,861,0,1,6,0,35,3,95.35,0.00,0.11,0.66,0.00,3.88,0.33
KANABEC - 000030,Kanabec,000030,Ford Twp,179,166,1,0,0,0,12,3,152,142,1,0,0,0,9,2,93.42,0.66,0.00,0.00,0.00,5.92,1.32
KANABEC - 000035,Kanabec,000035,Grass Lake Twp,965,925,1,3,1,0,35,8,759,731,0,2,1,0,25,1,96.31,0.00,0.26,0.13,0.00,3.29,0.13
KANABEC - 000040,Kanabec,000040,Grasston,154,141,0,0,6,0,7,3,123,119,0,0,2,0,2,0,96.75,0.00,0.00,1.63,0.00,1.63,0.00
KANABEC - 000045,Kanabec,000045,Hay Brook Twp,198,198,0,0,0,0,0,1,164,164,0,0,0,0,0,1,100.00,0.00,0.00,0.00,0.00,0.00,0.61
KANABEC - 000050,Kanabec,000050,Hillman Twp,422,402,1,1,1,0,14,3,323,313,0,1,0,0,6,2,96.90,0.00,0.31,0.00,0.00,1.86,0.62
KANABEC - 000055,Kanabec,000055,Kanabec Twp,828,768,3,9,9,0,36,12,625,589,2,4,7,0,21,5,94.24,0.32,0.64,1.12,0.00,3.36,0.80
KANABEC - 000060,Kanabec,000060,Knife Lake Twp,1212,1166,4,5,7,0,26,14,924,891,2,4,7,0,16,10,96.43,0.22,0.43,0.76,0.00,1.73,1.08
KANABEC - 000065,Kanabec,000065,Kroschel Twp,187,174,0,2,1,0,10,5,156,148,0,2,0,0,6,3,94.87,0.00,1.28,0.00,0.00,3.85,1.92
KANABEC - 000070,Kanabec,000070,Mora,3665,3395,29,50,16,0,165,66,2898,2725,22,41,14,0,86,34,94.03,0.76,1.41,0.48,0.00,2.97,1.17
KANABEC - 000080,Kanabec,000080,Ogilvie,414,395,4,1,1,0,12,3,321,308,4,1,1,0,7,1,95.95,1.25,0.31,0.31,0.00,2.18,0.31
KANABEC - 000085,Kanabec,000085,Peace Twp,956,903,2,12,0,0,34,13,789,756,0,6,0,0,22,11,95.82,0.00,0.76,0.00,0.00,2.79,1.39
CARVER - 000112,Carver,000112,Shorewood,4,0,0,0,1,0,3,1,0,0,0,0,0,0,0,0,0.00,0.00,0.00,0.00,0.00,0.00,0.00
BENTON - 000005,Benton,000005,Alberta Twp,829,812,3,0,1,0,12,7,615,599,3,0,1,0,11,7,97.40,0.49,0.00,0.16,0.00,1.79,1.14
BENTON - 000010,Benton,000010,Foley,2711,2563,15,11,6,0,99,45,1905,1806,14,4,6,0,63,28,94.80,0.73,0.21,0.31,0.00,3.31,1.47
BENTON - 000015,Benton,000015,Gilman,226,223,0,0,1,0,2,1,171,168,0,0,1,0,2,0,98.25,0.00,0.00,0.58,0.00,1.17,0.00
BENTON - 000020,Benton,000020,Gilmanton Twp,849,824,0,1,0,0,20,9,610,599,0,1,0,0,9,5,98.20,0.00,0.16,0.00,0.00,1.48,0.82
BENTON - 000025,Benton,000025,Glendorado Twp,790,753,2,10,3,0,19,6,583,570,2,0,3,0,7,3,97.77,0.34,0.00,0.51,0.00,1.20,0.51
BENTON - 000030,Benton,000030,Graham Twp,587,554,2,0,1,0,23,9,424,411,0,0,1,0,7,7,96.93,0.00,0.00,0.24,0.00,1.65,1.65
BENTON - 000035,Benton,000035,Granite Ledge Twp,756,728,2,0,1,0,24,6,571,546,2,0,1,0,21,5,95.62,0.35,0.00,0.18,0.00,3.68,0.88
BENTON - 000040,Benton,000040,Langola Twp,1012,979,3,1,4,0,21,12,775,749,2,1,4,0,15,9,96.65,0.26,0.13,0.52,0.00,1.94,1.16
BENTON - 000045,Benton,000045,Mayhew Lake Twp,865,846,1,0,1,0,17,8,646,632,1,0,1,0,12,6,97.83,0.15,0.00,0.15,0.00,1.86,0.93
BENTON - 000050,Benton,000050,Maywood Twp,976,944,2,6,3,0,14,20,717,698,2,2,3,0,5,12,97.35,0.28,0.28,0.42,0.00,0.70,1.67
BENTON - 000055,Benton,000055,Minden Twp P-1,1505,1448,5,9,5,0,30,20,1163,1130,4,6,3,0,16,9,97.16,0.34,0.52,0.26,0.00,1.38,0.77
BENTON - 000060,Benton,000060,Rice,1975,1862,13,3,3,1,86,44,1315,1252,5,2,3,1,45,29,95.21,0.38,0.15,0.23,0.08,3.42,2.21
BENTON - 000085,Benton,000085,Saint Cloud W-2 P-4,2276,1333,664,18,28,0,171,131,1777,1150,418,17,24,0,122,95,64.72,23.52,0.96,1.35,0.00,6.87,5.35
BENTON - 000070,Benton,000070,Saint Cloud W-2 P-1,2566,1636,540,16,80,1,240,132,1871,1327,312,16,63,1,110,79,70.92,16.68,0.86,3.37,0.05,5.88,4.22
BENTON - 000080,Benton,000080,Saint Cloud W-2 P-3,2254,1539,392,34,29,0,176,151,1777,1303,252,29,23,0,117,99,73.33,14.18,1.63,1.29,0.00,6.58,5.57
BENTON - 000090,Benton,000090,Saint George Twp,1273,1232,2,5,1,0,30,11,924,902,0,5,0,0,16,8,97.62,0.00,0.54,0.00,0.00,1.73,0.87
BENTON - 000095,Benton,000095,Sartell P-2,2131,1954,24,6,25,2,97,58,1787,1656,22,6,20,0,62,36,92.67,1.23,0.34,1.12,0.00,3.47,2.01
BENTON - 000111,Benton,000111,Sauk Rapids P-4,2647,2285,108,29,40,3,145,98,2072,1830,74,23,37,3,72,67,88.32,3.57,1.11,1.79,0.14,3.47,3.23
BENTON - 000110,Benton,000110,Sauk Rapids P-3,2751,2455,37,11,60,0,155,81,1981,1822,20,5,42,0,68,57,91.97,1.01,0.25,2.12,0.00,3.43,2.88
BENTON - 000100,Benton,000100,Sauk Rapids P-1,2381,2027,44,26,39,0,198,102,1802,1587,29,18,25,0,111,64,88.07,1.61,1.00,1.39,0.00,6.16,3.55
BENTON - 000105,Benton,000105,Sauk Rapids P-2,2171,1923,61,16,29,2,114,84,1712,1554,46,10,24,2,56,39,90.77,2.69,0.58,1.40,0.12,3.27,2.28
BENTON - 000112,Benton,000112,Sauk Rapids P-5,3912,3514,81,10,88,0,166,110,2768,2510,55,3,75,0,86,72,90.68,1.99,0.11,2.71,0.00,3.11,2.60
BENTON - 000115,Benton,000115,Sauk Rapids Twp,521,487,2,2,2,0,21,12,421,405,2,2,0,0,12,1,96.20,0.48,0.48,0.00,0.00,2.85,0.24
BENTON - 000120,Benton,000120,Watab Twp,3402,3214,18,18,16,0,128,59,2558,2451,5,12,7,0,76,39,95.82,0.20,0.47,0.27,0.00,2.97,1.52
BENTON - 000067,Benton,000067,Royalton,4,1,1,0,0,0,2,0,1,0,0,0,0,0,1,0,0.00,0.00,0.00,0.00,0.00,100.00,0.00
BENTON - 000056,Benton,000056,Minden Twp P-2,9,9,0,0,0,0,0,0,9,9,0,0,0,0,0,0,100.00,0.00,0.00,0.00,0.00,0.00,0.00
BENTON - 000113,Benton,000113,Sauk Rapids P-6,0,0,0,0,0,0,0,0,0,0,0,0,0,0,0,0,0.00,0.00,0.00,0.00,0.00,0.00,0.00
FILLMORE - 000005,Fillmore,000005,Amherst Twp,409,399,1,0,3,0,5,1,274,268,1,0,3,0,1,0,97.81,0.36,0.00,1.09,0.00,0.36,0.00
FILLMORE - 000010,Fillmore,000010,Arendahl Twp,303,287,2,0,1,0,11,4,240,231,2,0,0,0,5,3,96.25,0.83,0.00,0.00,0.00,2.08,1.25
FILLMORE - 000015,Fillmore,000015,Beaver Twp,209,197,1,0,1,0,9,7,164,157,1,0,1,0,4,2,95.73,0.61,0.00,0.61,0.00,2.44,1.22
FILLMORE - 000020,Fillmore,000020,Bloomfield Twp,324,311,0,0,1,0,9,0,252,246,0,0,1,0,2,0,97.62,0.00,0.00,0.40,0.00,0.79,0.00
FILLMORE - 000025,Fillmore,000025,Bristol Twp,421,403,2,1,1,0,11,19,278,264,2,1,1,0,7,13,94.96,0.72,0.36,0.36,0.00,2.52,4.68
FILLMORE - 000195,Fillmore,000195,York Twp,367,362,0,1,0,0,1,3,255,250,0,1,0,0,1,3,98.04,0.00,0.39,0.00,0.00,0.39,1.18
FILLMORE - 000030,Fillmore,000030,Canton,310,277,7,1,0,0,17,8,245,221,5,1,0,0,10,8,90.20,2.04,0.41,0.00,0.00,4.08,3.27
FILLMORE - 000035,Fillmore,000035,Canton Twp,653,626,1,1,1,0,14,18,431,408,1,1,1,0,11,17,94.66,0.23,0.23,0.23,0.00,2.55,3.94
FILLMORE - 000040,Fillmore,000040,Carimona Twp,285,278,2,0,0,0,4,1,227,223,0,0,0,0,4,1,98.24,0.00,0.00,0.00,0.00,1.76,0.44
FILLMORE - 000045,Fillmore,000045,Carrolton Twp,379,347,6,0,2,0,15,20,294,269,6,0,2,0,12,17,91.50,2.04,0.00,0.68,0.00,4.08,5.78
FILLMORE - 000050,Fillmore,000050,Chatfield,1834,1735,15,4,9,0,57,49,1324,1266,9,4,5,0,28,25,95.62,0.68,0.30,0.38,0.00,2.11,1.89
FILLMORE - 000055,Fillmore,000055,Chatfield Twp,523,501,0,0,0,0,17,10,396,379,0,0,0,0,12,8,95.71,0.00,0.00,0.00,0.00,3.03,2.02
FILLMORE - 000060,Fillmore,000060,Fillmore Twp,479,459,1,0,1,0,16,8,367,355,1,0,1,0,8,4,96.73,0.27,0.00,0.27,0.00,2.18,1.09
FILLMORE - 000065,Fillmore,000065,Forestville Twp,365,344,1,0,1,0,10,12,294,277,1,0,1,0,9,7,94.22,0.34,0.00,0.34,0.00,3.06,2.38
FILLMORE - 000070,Fillmore,000070,Fountain,409,377,1,0,1,0,19,17,317,288,1,0,1,0,16,17,90.85,0.32,0.00,0.32,0.00,5.05,5.36
FILLMORE - 000075,Fillmore,000075,Fountain Twp,301,283,4,0,1,0,9,4,232,221,0,0,1,0,6,4,95.26,0.00,0.00,0.43,0.00,2.59,1.72
FILLMORE - 000080,Fillmore,000080,Harmony,1043,1004,5,0,0,0,30,17,838,814,5,0,0,0,16,11,97.14,0.60,0.00,0.00,0.00,1.91,1.31
FILLMORE - 000085,Fillmore,000085,Harmony Twp,391,384,1,0,0,0,5,3,255,252,1,0,0,0,1,1,98.82,0.39,0.00,0.00,0.00,0.39,0.39
FILLMORE - 000090,Fillmore,000090,Holt Twp,239,232,0,0,1,0,5,6,206,199,0,0,1,0,5,6,96.60,0.00,0.00,0.49,0.00,2.43,2.91
FILLMORE - 000095,Fillmore,000095,Jordan Twp,381,365,0,0,0,0,16,4,293,283,0,0,0,0,10,4,96.59,0.00,0.00,0.00,0.00,3.41,1.37
FILLMORE - 000100,Fillmore,000100,Lanesboro,724,709,0,3,0,1,11,7,573,563,0,3,0,1,6,7,98.25,0.00,0.52,0.00,0.17,1.05,1.22
FILLMORE - 000105,Fillmore,000105,Mabel,716,698,2,0,1,0,12,12,579,563,1,0,1,0,11,7,97.24,0.17,0.00,0.17,0.00,1.90,1.21
FILLMORE - 000110,Fillmore,000110,Newburg Twp,437,424,0,1,0,0,10,6,320,308,0,1,0,0,9,5,96.25,0.00,0.31,0.00,0.00,2.81,1.56
FILLMORE - 000115,Fillmore,000115,Norway Twp,370,341,0,0,5,0,15,17,274,252,0,0,4,0,9,14,91.97,0.00,0.00,1.46,0.00,3.28,5.11
FILLMORE - 000125,Fillmore,000125,Peterson,234,228,0,0,0,0,6,2,175,169,0,0,0,0,6,2,96.57,0.00,0.00,0.00,0.00,3.43,1.14
FILLMORE - 000130,Fillmore,000130,Pilot Mound Twp,368,363,0,0,0,0,3,2,266,263,0,0,0,0,2,0,98.87,0.00,0.00,0.00,0.00,0.75,0.00
FILLMORE - 000135,Fillmore,000135,Preble Twp,208,199,0,0,0,0,8,6,164,160,0,0,0,0,3,1,97.56,0.00,0.00,0.00,0.00,1.83,0.61
FILLMORE - 000140,Fillmore,000140,Preston,1322,1248,9,1,3,0,57,19,1026,988,7,1,3,0,26,13,96.30,0.68,0.10,0.29,0.00,2.53,1.27
FILLMORE - 000120,Fillmore,000120,Ostrander,231,225,0,0,0,0,6,1,187,182,0,0,0,0,5,0,97.33,0.00,0.00,0.00,0.00,2.67,0.00
FILLMORE - 000150,Fillmore,000150,Preston Twp,370,366,0,0,1,0,3,2,249,245,0,0,1,0,3,1,98.39,0.00,0.00,0.40,0.00,1.20,0.40
FILLMORE - 000155,Fillmore,000155,Rushford,1860,1768,7,0,19,1,46,12,1406,1347,6,0,9,1,29,6,95.80,0.43,0.00,0.64,0.07,2.06,0.43
FILLMORE - 000160,Fillmore,000160,Rushford Village,790,779,0,0,0,0,11,2,615,608,0,0,0,0,7,1,98.86,0.00,0.00,0.00,0.00,1.14,0.16
FILLMORE - 000165,Fillmore,000165,Spring Valley,2447,2312,26,1,11,0,80,22,1911,1826,21,1,11,0,36,13,95.55,1.10,0.05,0.58,0.00,1.88,0.68
FILLMORE - 000175,Fillmore,000175,Spring Valley Twp,545,500,5,0,6,0,30,4,424,399,3,0,1,0,18,1,94.10,0.71,0.00,0.24,0.00,4.25,0.24
FILLMORE - 000180,Fillmore,000180,Sumner Twp,482,471,0,0,0,0,11,2,357,352,0,0,0,0,5,2,98.60,0.00,0.00,0.00,0.00,1.40,0.56
FILLMORE - 000185,Fillmore,000185,Whalan,67,57,2,2,1,0,5,4,60,53,2,2,1,0,2,2,88.33,3.33,3.33,1.67,0.00,3.33,3.33
FILLMORE - 000190,Fillmore,000190,Wykoff,432,419,0,0,0,0,5,10,343,331,0,0,0,0,4,9,96.50,0.00,0.00,0.00,0.00,1.17,2.62
BELTRAMI - 000005,Beltrami,000005,Alaska Twp,195,179,0,6,0,0,10,3,154,145,0,6,0,0,3,0,94.16,0.00,3.90,0.00,0.00,1.95,0.00
BELTRAMI - 000010,Beltrami,000010,Battle Twp,47,31,1,5,0,0,10,1,37,30,1,4,0,0,2,0,81.08,2.70,10.81,0.00,0.00,5.41,0.00
BELTRAMI - 000025,Beltrami,000025,Bemidji W-2,2794,1878,67,588,47,0,183,89,2210,1677,47,322,39,0,101,58,75.88,2.13,14.57,1.76,0.00,4.57,2.62
BELTRAMI - 000030,Beltrami,000030,Bemidji W-3 P-1,2510,2009,69,242,14,0,153,99,2072,1721,56,158,14,0,101,73,83.06,2.70,7.63,0.68,0.00,4.87,3.52
BELTRAMI - 000035,Beltrami,000035,Bemidji W-4,2969,2122,27,476,21,0,304,163,2341,1784,24,307,15,0,197,119,76.21,1.03,13.11,0.64,0.00,8.42,5.08
BELTRAMI - 000020,Beltrami,000020,Bemidji W-1,2809,1970,199,393,39,4,168,148,2445,1790,195,282,32,4,110,129,73.21,7.98,11.53,1.31,0.16,4.50,5.28
BELTRAMI - 000040,Beltrami,000040,Bemidji W-5,3142,2482,47,345,13,0,244,80,2356,1957,33,207,11,0,139,48,83.06,1.40,8.79,0.47,0.00,5.90,2.04
BELTRAMI - 000032,Beltrami,000032,Bemidji W-3 P-2,346,267,2,49,4,0,21,8,291,232,2,35,4,0,15,4,79.73,0.69,12.03,1.37,0.00,5.15,1.37
BELTRAMI - 000015,Beltrami,000015,Bemidji Twp,2884,2428,38,177,29,0,199,42,2181,1896,14,112,24,0,129,29,86.93,0.64,5.14,1.10,0.00,5.91,1.33
BELTRAMI - 000045,Beltrami,000045,Benville Twp,98,92,0,0,0,0,5,0,77,73,0,0,0,0,4,0,94.81,0.00,0.00,0.00,0.00,5.19,0.00
BELTRAMI - 000050,Beltrami,000050,Birch Twp,103,86,0,0,1,0,15,2,84,71,0,0,0,0,12,2,84.52,0.00,0.00,0.00,0.00,14.29,2.38
BELTRAMI - 000055,Beltrami,000055,Blackduck,845,690,3,48,5,1,95,20,607,509,3,32,1,0,59,15,83.86,0.49,5.27,0.16,0.00,9.72,2.47
BELTRAMI - 000285,Beltrami,000285,Unorg Dist 3,251,126,0,112,0,0,12,4,189,109,0,69,0,0,10,3,57.67,0.00,36.51,0.00,0.00,5.29,1.59
BELTRAMI - 000060,Beltrami,000060,Buzzle Twp,306,281,0,0,0,0,25,1,236,220,0,0,0,0,16,1,93.22,0.00,0.00,0.00,0.00,6.78,0.42
BELTRAMI - 000065,Beltrami,000065,Cormant Twp,202,185,0,1,0,0,14,3,141,132,0,0,0,0,9,1,93.62,0.00,0.00,0.00,0.00,6.38,0.71
BELTRAMI - 000070,Beltrami,000070,Durand Twp,227,213,1,2,0,0,11,0,164,154,1,0,0,0,9,0,93.90,0.61,0.00,0.00,0.00,5.49,0.00
BELTRAMI - 000075,Beltrami,000075,Eckles Twp,2014,1585,13,222,5,0,171,54,1432,1191,12,124,5,0,85,32,83.17,0.84,8.66,0.35,0.00,5.94,2.23
BELTRAMI - 000080,Beltrami,000080,Frohn Twp,1537,1365,1,71,3,0,94,22,1168,1069,1,32,3,0,62,16,91.52,0.09,2.74,0.26,0.00,5.31,1.37
BELTRAMI - 000085,Beltrami,000085,Funkley,18,12,1,1,0,1,3,2,11,9,1,1,0,0,0,1,81.82,9.09,9.09,0.00,0.00,0.00,9.09
BELTRAMI - 000090,Beltrami,000090,Grant Valley Twp,2431,2032,14,138,10,2,223,59,1717,1515,5,64,10,2,113,20,88.24,0.29,3.73,0.58,0.12,6.58,1.16
BELTRAMI - 000095,Beltrami,000095,Hagali Twp,360,332,0,4,5,0,18,6,281,264,0,4,5,0,8,0,93.95,0.00,1.42,1.78,0.00,2.85,0.00
BELTRAMI - 000100,Beltrami,000100,Hamre Twp,19,19,0,0,0,0,0,0,13,13,0,0,0,0,0,0,100.00,0.00,0.00,0.00,0.00,0.00,0.00
BELTRAMI - 000105,Beltrami,000105,Hines Twp,612,550,1,25,0,2,31,8,485,455,1,11,0,0,16,6,93.81,0.21,2.27,0.00,0.00,3.30,1.24
BELTRAMI - 000110,Beltrami,000110,Hornet Twp,209,200,3,0,0,0,6,0,175,170,3,0,0,0,2,0,97.14,1.71,0.00,0.00,0.00,1.14,0.00
BELTRAMI - 000115,Beltrami,000115,Jones Twp,271,246,0,7,0,0,17,3,205,188,0,6,0,0,11,0,91.71,0.00,2.93,0.00,0.00,5.37,0.00
BELTRAMI - 000120,Beltrami,000120,Kelliher,258,225,0,15,1,0,17,0,202,182,0,8,1,0,11,0,90.10,0.00,3.96,0.50,0.00,5.45,0.00
BELTRAMI - 000125,Beltrami,000125,Kelliher Twp,126,115,0,2,0,0,7,2,99,91,0,2,0,0,6,1,91.92,0.00,2.02,0.00,0.00,6.06,1.01
BELTRAMI - 000130,Beltrami,000130,Lammers Twp,602,555,1,6,1,0,32,11,445,415,0,5,1,0,20,9,93.26,0.00,1.12,0.22,0.00,4.49,2.02
BELTRAMI - 000135,Beltrami,000135,Langor Twp,208,198,0,5,0,0,3,3,159,151,0,5,0,0,3,3,94.97,0.00,3.14,0.00,0.00,1.89,1.89
BELTRAMI - 000140,Beltrami,000140,Lee Twp,41,29,0,0,0,0,12,0,31,25,0,0,0,0,6,0,80.65,0.00,0.00,0.00,0.00,19.35,0.00
BELTRAMI - 000145,Beltrami,000145,Liberty Twp,746,662,0,37,8,0,38,12,557,502,0,27,7,0,20,7,90.13,0.00,4.85,1.26,0.00,3.59,1.26
BELTRAMI - 000202,Beltrami,000202,Little Rock Prec,688,7,0,672,0,0,9,4,444,7,0,431,0,0,6,1,1.58,0.00,97.07,0.00,0.00,1.35,0.23
BELTRAMI - 000195,Beltrami,000195,Red Lake Agency Prec,2407,19,0,2344,0,0,41,51,1503,17,0,1461,0,0,24,10,1.13,0.00,97.21,0.00,0.00,1.60,0.67
BELTRAMI - 000200,Beltrami,000200,Redby Prec,1405,8,0,1374,0,0,23,35,863,7,0,843,0,0,13,19,0.81,0.00,97.68,0.00,0.00,1.51,2.20
BELTRAMI - 000180,Beltrami,000180,Ponemah Prec,935,4,0,928,0,0,3,7,540,4,0,535,0,0,1,2,0.74,0.00,99.07,0.00,0.00,0.19,0.37
BELTRAMI - 000150,Beltrami,000150,Maple Ridge Twp,113,90,0,11,0,0,12,0,88,78,0,3,0,0,7,0,88.64,0.00,3.41,0.00,0.00,7.95,0.00
BELTRAMI - 000155,Beltrami,000155,Minnie Twp,22,19,0,0,0,2,0,1,20,19,0,0,0,1,0,0,95.00,0.00,0.00,0.00,5.00,0.00,0.00
BELTRAMI - 000160,Beltrami,000160,Moose Lake Twp,272,234,0,23,0,0,14,2,220,202,0,11,0,0,6,1,91.82,0.00,5.00,0.00,0.00,2.73,0.45
BELTRAMI - 000165,Beltrami,000165,Nebish Twp,279,263,0,0,1,0,15,4,224,215,0,0,0,0,9,3,95.98,0.00,0.00,0.00,0.00,4.02,1.34
BELTRAMI - 000275,Beltrami,000275,Unorg Dist 1,38,33,0,0,2,0,2,1,36,32,0,0,2,0,1,0,88.89,0.00,0.00,5.56,0.00,2.78,0.00
BELTRAMI - 000170,Beltrami,000170,Northern Twp P-1,4535,3816,38,355,49,0,251,88,3362,2931,25,213,41,0,134,58,87.18,0.74,6.34,1.22,0.00,3.99,1.73
BELTRAMI - 000175,Beltrami,000175,O'Brien Twp,47,44,0,0,1,0,2,0,42,41,0,0,1,0,0,0,97.62,0.00,0.00,2.38,0.00,0.00,0.00
BELTRAMI - 000185,Beltrami,000185,Port Hope Twp,745,646,0,17,2,0,78,3,559,514,0,14,2,0,27,3,91.95,0.00,2.50,0.36,0.00,4.83,0.54
BELTRAMI - 000190,Beltrami,000190,Quiring Twp,79,72,0,4,1,0,2,1,51,50,0,0,1,0,0,1,98.04,0.00,0.00,1.96,0.00,0.00,1.96
BELTRAMI - 000205,Beltrami,000205,Roosevelt Twp,225,200,0,5,0,0,18,4,186,170,0,3,0,0,11,3,91.40,0.00,1.61,0.00,0.00,5.91,1.61
BELTRAMI - 000210,Beltrami,000210,Shooks Twp,187,181,0,0,2,0,4,1,131,127,0,0,2,0,2,1,96.95,0.00,0.00,1.53,0.00,1.53,0.76
BELTRAMI - 000215,Beltrami,000215,Shotley Twp,32,30,0,0,0,0,1,0,28,28,0,0,0,0,0,0,100.00,0.00,0.00,0.00,0.00,0.00,0.00
BELTRAMI - 000280,Beltrami,000280,Unorg Dist 2,27,26,0,0,0,0,1,1,26,26,0,0,0,0,0,0,100.00,0.00,0.00,0.00,0.00,0.00,0.00
BELTRAMI - 000220,Beltrami,000220,Solway,73,60,0,2,1,0,10,2,58,47,0,2,1,0,8,2,81.03,0.00,3.45,1.72,0.00,13.79,3.45
BELTRAMI - 000225,Beltrami,000225,Spruce Grove Twp,48,48,0,0,0,0,0,0,36,36,0,0,0,0,0,0,100.00,0.00,0.00,0.00,0.00,0.00,0.00
BELTRAMI - 000230,Beltrami,000230,Steenerson Twp,24,20,0,1,0,0,3,0,23,20,0,1,0,0,2,0,86.96,0.00,4.35,0.00,0.00,8.70,0.00
BELTRAMI - 000235,Beltrami,000235,Sugar Bush Twp,228,175,1,26,1,0,20,5,178,143,1,19,0,0,10,2,80.34,0.56,10.67,0.00,0.00,5.62,1.12
BELTRAMI - 000240,Beltrami,000240,Summit Twp,263,236,2,6,0,0,18,4,216,200,1,5,0,0,9,1,92.59,0.46,2.31,0.00,0.00,4.17,0.46
BELTRAMI - 000245,Beltrami,000245,Taylor Twp,113,92,0,1,0,0,19,0,93,77,0,0,0,0,15,0,82.80,0.00,0.00,0.00,0.00,16.13,0.00
BELTRAMI - 000250,Beltrami,000250,Ten Lake Twp,1023,381,1,595,0,0,43,19,736,331,1,370,0,0,31,8,44.97,0.14,50.27,0.00,0.00,4.21,1.09
BELTRAMI - 000255,Beltrami,000255,Tenstrike,186,163,0,7,0,0,16,0,150,130,0,4,0,0,16,0,86.67,0.00,2.67,0.00,0.00,10.67,0.00
BELTRAMI - 000260,Beltrami,000260,Turtle Lake Twp,1299,1215,1,17,5,0,53,6,1010,958,0,10,1,0,33,2,94.85,0.00,0.99,0.10,0.00,3.27,0.20
BELTRAMI - 000265,Beltrami,000265,Turtle River,88,79,0,0,1,0,5,4,68,63,0,0,1,0,2,0,92.65,0.00,0.00,1.47,0.00,2.94,0.00
BELTRAMI - 000270,Beltrami,000270,Turtle River Twp,1226,1094,10,33,7,6,60,10,972,893,4,18,6,4,31,6,91.87,0.41,1.85,0.62,0.41,3.19,0.62
BELTRAMI - 000290,Beltrami,000290,Waskish Twp,95,95,0,0,0,0,0,0,87,87,0,0,0,0,0,0,100.00,0.00,0.00,0.00,0.00,0.00,0.00
BELTRAMI - 000295,Beltrami,000295,Wilton,263,199,2,20,1,0,37,10,198,161,2,14,1,0,16,6,81.31,1.01,7.07,0.51,0.00,8.08,3.03
BELTRAMI - 000300,Beltrami,000300,Woodrow Twp,83,81,0,0,0,0,2,0,63,61,0,0,0,0,2,0,96.83,0.00,0.00,0.00,0.00,3.17,0.00
BELTRAMI - 000172,Beltrami,000172,Northern Twp P-2,0,0,0,0,0,0,0,0,0,0,0,0,0,0,0,0,0.00,0.00,0.00,0.00,0.00,0.00,0.00
FARIBAULT - 000005,Faribault,000005,Barber Twp,248,227,0,1,1,0,13,7,182,170,0,1,1,0,6,3,93.41,0.00,0.55,0.55,0.00,3.30,1.65
FARIBAULT - 000010,Faribault,000010,Blue Earth W-1,1105,965,6,18,4,0,51,132,866,784,1,10,4,0,27,71,90.53,0.12,1.15,0.46,0.00,3.12,8.20
FARIBAULT - 000020,Faribault,000020,Blue Earth W-3,1011,914,11,12,4,0,40,114,833,758,9,7,4,0,32,72,91.00,1.08,0.84,0.48,0.00,3.84,8.64
FARIBAULT - 000015,Faribault,000015,Blue Earth W-2,1058,965,3,7,3,0,58,81,830,771,3,0,3,0,34,57,92.89,0.36,0.00,0.36,0.00,4.10,6.87
FARIBAULT - 000025,Faribault,000025,Blue Earth City Twp,386,379,0,3,1,0,3,3,309,304,0,1,1,0,3,0,98.38,0.00,0.32,0.32,0.00,0.97,0.00
FARIBAULT - 000035,Faribault,000035,Brush Creek Twp,188,172,1,0,1,0,8,14,144,132,1,0,0,0,7,10,91.67,0.69,0.00,0.00,0.00,4.86,6.94
FARIBAULT - 000030,Faribault,000030,Bricelyn,348,302,2,4,3,0,12,49,279,249,2,2,1,0,11,31,89.25,0.72,0.72,0.36,0.00,3.94,11.11
FARIBAULT - 000165,Faribault,000165,Winnebago Twp,171,164,0,0,0,0,7,0,139,134,0,0,0,0,5,0,96.40,0.00,0.00,0.00,0.00,3.60,0.00
FARIBAULT - 000040,Faribault,000040,Clark Twp,256,249,0,1,0,0,5,4,194,191,0,1,0,0,2,2,98.45,0.00,0.52,0.00,0.00,1.03,1.03
FARIBAULT - 000045,Faribault,000045,Delavan,172,161,0,0,1,0,8,4,139,129,0,0,1,0,7,4,92.81,0.00,0.00,0.72,0.00,5.04,2.88
FARIBAULT - 000050,Faribault,000050,Delavan Twp,240,231,2,0,0,0,6,3,200,193,2,0,0,0,5,0,96.50,1.00,0.00,0.00,0.00,2.50,0.00
FARIBAULT - 000055,Faribault,000055,Dunbar Twp,255,244,1,0,1,0,5,10,189,183,1,0,1,0,0,6,96.83,0.53,0.00,0.53,0.00,0.00,3.17
FARIBAULT - 000060,Faribault,000060,Easton,177,169,0,0,0,0,5,5,133,125,0,0,0,0,5,3,93.98,0.00,0.00,0.00,0.00,3.76,2.26
FARIBAULT - 000065,Faribault,000065,Elmore,549,481,1,1,0,0,37,72,421,373,1,0,0,0,25,46,88.60,0.24,0.00,0.00,0.00,5.94,10.93
FARIBAULT - 000070,Faribault,000070,Elmore Twp,166,155,0,0,1,0,9,7,138,134,0,0,0,0,3,5,97.10,0.00,0.00,0.00,0.00,2.17,3.62
FARIBAULT - 000075,Faribault,000075,Emerald Twp,210,205,0,1,1,0,2,0,170,165,0,1,1,0,2,0,97.06,0.00,0.59,0.59,0.00,1.18,0.00
FARIBAULT - 000080,Faribault,000080,Foster Twp,249,244,0,0,0,0,3,2,189,188,0,0,0,0,1,0,99.47,0.00,0.00,0.00,0.00,0.53,0.00
FARIBAULT - 000085,Faribault,000085,Frost,216,200,2,1,1,0,8,6,164,153,2,0,1,0,4,6,93.29,1.22,0.00,0.61,0.00,2.44,3.66
FARIBAULT - 000090,Faribault,000090,Jo Daviess Twp,221,212,1,0,0,0,3,7,167,163,1,0,0,0,0,3,97.60,0.60,0.00,0.00,0.00,0.00,1.80
FARIBAULT - 000095,Faribault,000095,Kiester,488,447,2,1,0,0,21,35,387,361,1,0,0,0,15,21,93.28,0.26,0.00,0.00,0.00,3.88,5.43
FARIBAULT - 000100,Faribault,000100,Kiester Twp,211,199,1,2,0,0,8,1,171,163,1,0,0,0,6,0,95.32,0.58,0.00,0.00,0.00,3.51,0.00
FARIBAULT - 000105,Faribault,000105,Lura Twp,158,151,0,0,0,0,4,3,123,119,0,0,0,0,1,3,96.75,0.00,0.00,0.00,0.00,0.81,2.44
FARIBAULT - 000110,Faribault,000110,Minnesota Lake,656,616,4,6,0,0,25,15,519,496,3,5,0,0,10,7,95.57,0.58,0.96,0.00,0.00,1.93,1.35
FARIBAULT - 000115,Faribault,000115,Minnesota Lake Twp,170,166,0,0,0,0,2,3,143,140,0,0,0,0,1,2,97.90,0.00,0.00,0.00,0.00,0.70,1.40
FARIBAULT - 000120,Faribault,000120,Pilot Grove Twp,143,137,0,0,0,0,3,8,116,112,0,0,0,0,3,4,96.55,0.00,0.00,0.00,0.00,2.59,3.45
FARIBAULT - 000125,Faribault,000125,Prescott Twp,185,176,0,0,0,0,9,10,142,138,0,0,0,0,4,5,97.18,0.00,0.00,0.00,0.00,2.82,3.52
FARIBAULT - 000130,Faribault,000130,Rome Twp,122,115,1,1,0,0,2,4,101,95,1,0,0,0,2,4,94.06,0.99,0.00,0.00,0.00,1.98,3.96
FARIBAULT - 000135,Faribault,000135,Seely Twp,164,159,0,1,0,0,3,0,127,124,0,0,0,0,3,0,97.64,0.00,0.00,0.00,0.00,2.36,0.00
FARIBAULT - 000140,Faribault,000140,Verona Twp,323,307,1,2,0,1,10,11,253,245,1,1,0,0,4,3,96.84,0.40,0.40,0.00,0.00,1.58,1.19
FARIBAULT - 000145,Faribault,000145,Walnut Lake Twp,205,192,1,1,0,0,10,6,162,154,1,0,0,0,7,1,95.06,0.62,0.00,0.00,0.00,4.32,0.62
FARIBAULT - 000150,Faribault,000150,Walters,69,68,0,0,0,0,1,1,53,52,0,0,0,0,1,0,98.11,0.00,0.00,0.00,0.00,1.89,0.00
FARIBAULT - 000155,Faribault,000155,Wells,2410,2131,10,11,18,0,135,254,1819,1658,7,10,18,0,61,140,91.15,0.38,0.55,0.99,0.00,3.35,7.70
FARIBAULT - 000160,Faribault,000160,Winnebago,1391,1233,10,8,6,0,78,142,1068,960,10,7,5,0,42,88,89.89,0.94,0.66,0.47,0.00,3.93,8.24
KITTSON - 000005,Kittson,000005,Arveson Twp,100,96,0,0,0,0,3,0,64,60,0,0,0,0,3,0,93.75,0.00,0.00,0.00,0.00,4.69,0.00
KITTSON - 000010,Kittson,000010,Cannon Twp,18,15,0,0,1,0,2,0,14,12,0,0,1,0,1,0,85.71,0.00,0.00,7.14,0.00,7.14,0.00
KITTSON - 000015,Kittson,000015,Caribou Twp,32,32,0,0,0,0,0,0,26,26,0,0,0,0,0,0,100.00,0.00,0.00,0.00,0.00,0.00,0.00
KITTSON - 000020,Kittson,000020,Clow Twp,33,32,0,0,0,0,0,1,23,22,0,0,0,0,0,1,95.65,0.00,0.00,0.00,0.00,0.00,4.35
KITTSON - 000025,Kittson,000025,Davis Twp,35,35,0,0,0,0,0,0,27,27,0,0,0,0,0,0,100.00,0.00,0.00,0.00,0.00,0.00,0.00
KITTSON - 000030,Kittson,000030,Deerwood Twp,143,137,0,0,4,0,2,0,121,117,0,0,3,0,1,0,96.69,0.00,0.00,2.48,0.00,0.83,0.00
KITTSON - 000035,Kittson,000035,Donaldson,20,18,0,0,1,0,1,2,18,17,0,0,0,0,1,2,94.44,0.00,0.00,0.00,0.00,5.56,11.11
KITTSON - 000040,Kittson,000040,Granville Twp,65,64,0,0,0,0,1,1,52,51,0,0,0,0,1,1,98.08,0.00,0.00,0.00,0.00,1.92,1.92
KITTSON - 000045,Kittson,000045,Hallock,906,863,0,5,5,2,30,31,753,722,0,5,1,2,22,19,95.88,0.00,0.66,0.13,0.27,2.92,2.52
KITTSON - 000050,Kittson,000050,Hallock Twp,84,78,0,0,0,0,6,1,60,56,0,0,0,0,4,1,93.33,0.00,0.00,0.00,0.00,6.67,1.67
KITTSON - 000055,Kittson,000055,Halma,58,53,0,0,0,0,4,1,44,40,0,0,0,0,3,1,90.91,0.00,0.00,0.00,0.00,6.82,2.27
KITTSON - 000060,Kittson,000060,Hampden Twp,29,26,0,0,0,0,3,0,25,24,0,0,0,0,1,0,96.00,0.00,0.00,0.00,0.00,4.00,0.00
KITTSON - 000065,Kittson,000065,Hazelton Twp,100,94,1,0,1,0,3,3,68,63,1,0,1,0,2,2,92.65,1.47,0.00,1.47,0.00,2.94,2.94
KITTSON - 000070,Kittson,000070,Hill Twp,22,22,0,0,0,0,0,0,15,15,0,0,0,0,0,0,100.00,0.00,0.00,0.00,0.00,0.00,0.00
KITTSON - 000075,Kittson,000075,Humboldt,41,40,0,0,0,0,1,0,32,31,0,0,0,0,1,0,96.88,0.00,0.00,0.00,0.00,3.12,0.00
KITTSON - 000080,Kittson,000080,Jupiter Twp,109,106,1,0,0,0,2,4,90,87,1,0,0,0,2,1,96.67,1.11,0.00,0.00,0.00,2.22,1.11
KITTSON - 000085,Kittson,000085,Karlstad,710,665,1,8,3,3,21,4,555,526,1,8,2,3,6,2,94.77,0.18,1.44,0.36,0.54,1.08,0.36
KITTSON - 000090,Kittson,000090,Kennedy,176,163,0,0,0,0,11,11,148,137,0,0,0,0,9,9,92.57,0.00,0.00,0.00,0.00,6.08,6.08
KITTSON - 000092,Kittson,000092,Klondike Unorg,1,0,0,0,0,0,1,0,0,0,0,0,0,0,0,0,0.00,0.00,0.00,0.00,0.00,0.00,0.00
KITTSON - 000095,Kittson,000095,Lake Bronson,178,175,0,0,0,0,3,2,152,151,0,0,0,0,1,0,99.34,0.00,0.00,0.00,0.00,0.66,0.00
KITTSON - 000100,Kittson,000100,Lancaster,364,339,0,0,0,0,23,13,264,247,0,0,0,0,15,7,93.56,0.00,0.00,0.00,0.00,5.68,2.65
KITTSON - 000105,Kittson,000105,McKinley,38,38,0,0,0,0,0,0,26,26,0,0,0,0,0,0,100.00,0.00,0.00,0.00,0.00,0.00,0.00
KITTSON - 000110,Kittson,000110,North Red River,0,0,0,0,0,0,0,0,0,0,0,0,0,0,0,0,0.00,0.00,0.00,0.00,0.00,0.00,0.00
KITTSON - 000115,Kittson,000115,Norway Twp,94,89,0,1,0,0,4,0,75,72,0,1,0,0,2,0,96.00,0.00,1.33,0.00,0.00,2.67,0.00
KITTSON - 000118,Kittson,000118,Peatland Unorg,2,1,0,0,0,0,1,1,1,1,0,0,0,0,0,1,100.00,0.00,0.00,0.00,0.00,0.00,100.00
KITTSON - 000120,Kittson,000120,Pelan Twp,46,45,0,0,0,0,0,0,41,40,0,0,0,0,0,0,97.56,0.00,0.00,0.00,0.00,0.00,0.00
KITTSON - 000125,Kittson,000125,Percy Twp,38,37,0,0,1,0,0,0,32,32,0,0,0,0,0,0,100.00,0.00,0.00,0.00,0.00,0.00,0.00
KITTSON - 000130,Kittson,000130,Poppleton Twp,133,129,0,0,0,0,3,1,88,85,0,0,0,0,2,1,96.59,0.00,0.00,0.00,0.00,2.27,1.14
KITTSON - 000135,Kittson,000135,Richardville Twp,107,107,0,0,0,0,0,0,73,73,0,0,0,0,0,0,100.00,0.00,0.00,0.00,0.00,0.00,0.00
KITTSON - 000140,Kittson,000140,Saint Joseph Twp,32,32,0,0,0,0,0,0,25,25,0,0,0,0,0,0,100.00,0.00,0.00,0.00,0.00,0.00,0.00
KITTSON - 000145,Kittson,000145,Saint Vincent,57,55,0,0,0,0,2,2,52,50,0,0,0,0,2,2,96.15,0.00,0.00,0.00,0.00,3.85,3.85
KITTSON - 000150,Kittson,000150,Saint Vincent Twp,43,43,0,0,0,0,0,0,37,37,0,0,0,0,0,0,100.00,0.00,0.00,0.00,0.00,0.00,0.00
KITTSON - 000155,Kittson,000155,Skane Twp,45,44,0,0,0,0,1,0,38,37,0,0,0,0,1,0,97.37,0.00,0.00,0.00,0.00,2.63,0.00
KITTSON - 000160,Kittson,000160,South Red River Twp,20,20,0,0,0,0,0,0,14,14,0,0,0,0,0,0,100.00,0.00,0.00,0.00,0.00,0.00,0.00
KITTSON - 000165,Kittson,000165,Spring Brook Twp,49,44,0,1,0,1,3,2,37,33,0,1,0,1,2,1,89.19,0.00,2.70,0.00,2.70,5.41,2.70
KITTSON - 000170,Kittson,000170,Svea Twp,35,35,0,0,0,0,0,0,26,26,0,0,0,0,0,0,100.00,0.00,0.00,0.00,0.00,0.00,0.00
KITTSON - 000175,Kittson,000175,Tegner Twp,38,35,0,0,2,0,1,2,26,25,0,0,0,0,1,1,96.15,0.00,0.00,0.00,0.00,3.85,3.85
KITTSON - 000180,Kittson,000180,Teien Twp,69,68,0,0,0,0,1,1,57,56,0,0,0,0,1,1,98.25,0.00,0.00,0.00,0.00,1.75,1.75
KITTSON - 000185,Kittson,000185,Thompson Twp,137,136,0,0,0,0,1,0,115,114,0,0,0,0,1,0,99.13,0.00,0.00,0.00,0.00,0.87,0.00
LAC QUI PARLE - 000115,Lac qui Parle,000115,Manfred Twp,80,79,0,0,0,0,1,0,53,52,0,0,0,0,1,0,98.11,0.00,0.00,0.00,0.00,1.89,0.00
LAC QUI PARLE - 000120,Lac qui Parle,000120,Marietta,116,115,0,0,0,0,1,0,98,98,0,0,0,0,0,0,100.00,0.00,0.00,0.00,0.00,0.00,0.00
LAC QUI PARLE - 000125,Lac qui Parle,000125,Maxwell Twp,157,151,0,0,1,0,2,3,118,114,0,0,0,0,2,2,96.61,0.00,0.00,0.00,0.00,1.69,1.69
LAC QUI PARLE - 000130,Lac qui Parle,000130,Mehurin Twp,70,68,0,0,0,0,2,1,55,55,0,0,0,0,0,1,100.00,0.00,0.00,0.00,0.00,0.00,1.82
LAC QUI PARLE - 000135,Lac qui Parle,000135,Nassau,65,65,0,0,0,0,0,0,56,56,0,0,0,0,0,0,100.00,0.00,0.00,0.00,0.00,0.00,0.00
LAC QUI PARLE - 000140,Lac qui Parle,000140,Perry Twp,90,87,0,0,0,0,2,1,71,69,0,0,0,0,1,1,97.18,0.00,0.00,0.00,0.00,1.41,1.41
LAC QUI PARLE - 000145,Lac qui Parle,000145,Providence Twp,156,155,0,0,0,0,0,3,122,121,0,0,0,0,0,3,99.18,0.00,0.00,0.00,0.00,0.00,2.46
LAC QUI PARLE - 000150,Lac qui Parle,000150,Riverside Twp,283,266,1,0,0,0,15,6,209,202,1,0,0,0,6,4,96.65,0.48,0.00,0.00,0.00,2.87,1.91
LAC QUI PARLE - 000155,Lac qui Parle,000155,Ten Mile Lake Twp,147,144,0,0,1,0,1,1,111,108,0,0,1,0,1,0,97.30,0.00,0.00,0.90,0.00,0.90,0.00
LAC QUI PARLE - 000160,Lac qui Parle,000160,Walter Twp,133,123,0,1,0,0,8,2,110,103,0,1,0,0,5,2,93.64,0.00,0.91,0.00,0.00,4.55,1.82
LAC QUI PARLE - 000165,Lac qui Parle,000165,Yellow Bank Twp,140,133,0,0,1,0,6,2,107,105,0,0,1,0,1,1,98.13,0.00,0.00,0.93,0.00,0.93,0.93
LE SUEUR - 000010,Le Sueur,000010,Cleveland Twp,710,692,0,0,5,0,11,7,562,548,0,0,5,0,7,2,97.51,0.00,0.00,0.89,0.00,1.25,0.36
LE SUEUR - 000005,Le Sueur,000005,Cleveland,747,686,3,1,6,1,35,27,549,515,1,1,6,1,14,18,93.81,0.18,0.18,1.09,0.18,2.55,3.28
LE SUEUR - 000015,Le Sueur,000015,Cordova Twp,496,471,1,2,3,0,18,8,394,379,1,1,3,0,9,2,96.19,0.25,0.25,0.76,0.00,2.28,0.51
LE SUEUR - 000020,Le Sueur,000020,Derrynane Twp,532,512,0,0,2,0,18,12,399,385,0,0,0,0,14,7,96.49,0.00,0.00,0.00,0.00,3.51,1.75
LE SUEUR - 000025,Le Sueur,000025,Elysian,704,656,8,5,1,0,33,3,577,549,6,4,1,0,16,3,95.15,1.04,0.69,0.17,0.00,2.77,0.52
LE SUEUR - 000030,Le Sueur,000030,Elysian Twp,1017,981,3,1,1,0,31,18,830,804,2,1,1,0,22,12,96.87,0.24,0.12,0.12,0.00,2.65,1.45
LE SUEUR - 000035,Le Sueur,000035,Heidelberg,137,132,0,0,0,0,4,3,105,103,0,0,0,0,1,2,98.10,0.00,0.00,0.00,0.00,0.95,1.90
LE SUEUR - 000040,Le Sueur,000040,Kasota,714,641,27,3,5,0,31,19,550,505,14,2,5,0,20,10,91.82,2.55,0.36,0.91,0.00,3.64,1.82
LE SUEUR - 000047,Le Sueur,000047,Kasota Twp P-2,1102,1072,3,0,1,0,23,19,846,832,0,0,1,0,10,13,98.35,0.00,0.00,0.12,0.00,1.18,1.54
LE SUEUR - 000045,Le Sueur,000045,Kasota Twp P-1,471,449,4,1,0,0,17,18,362,347,2,1,0,0,12,5,95.86,0.55,0.28,0.00,0.00,3.31,1.38
LE SUEUR - 000050,Le Sueur,000050,Kilkenny,148,144,1,0,0,0,2,2,121,117,1,0,0,0,2,2,96.69,0.83,0.00,0.00,0.00,1.65,1.65
LE SUEUR - 000055,Le Sueur,000055,Kilkenny Twp,362,337,2,2,0,0,16,5,311,292,2,2,0,0,10,4,93.89,0.64,0.64,0.00,0.00,3.22,1.29
LE SUEUR - 000062,Le Sueur,000062,Lanesburgh Twp,2009,1923,5,0,8,1,68,22,1510,1454,2,0,4,1,47,12,96.29,0.13,0.00,0.26,0.07,3.11,0.79
LE SUEUR - 000065,Le Sueur,000065,Le Center,2517,1859,27,27,17,1,268,649,1856,1441,25,21,17,1,149,394,77.64,1.35,1.13,0.92,0.05,8.03,21.23
LE SUEUR - 000075,Le Sueur,000075,Le Sueur,4213,3536,104,17,19,6,343,548,3169,2739,74,7,14,6,204,321,86.43,2.34,0.22,0.44,0.19,6.44,10.13
LE SUEUR - 000085,Le Sueur,000085,Lexington Twp,756,718,1,2,1,0,26,20,571,549,1,2,1,0,14,10,96.15,0.18,0.35,0.18,0.00,2.45,1.75
LAC QUI PARLE - 000005,Lac qui Parle,000005,Agassiz Twp,94,89,0,0,0,0,4,3,64,62,0,0,0,0,1,2,96.88,0.00,0.00,0.00,0.00,1.56,3.12
LAC QUI PARLE - 000010,Lac qui Parle,000010,Arena Twp,125,124,0,0,1,0,0,0,103,102,0,0,1,0,0,0,99.03,0.00,0.00,0.97,0.00,0.00,0.00
LAC QUI PARLE - 000015,Lac qui Parle,000015,Augusta Twp,91,91,0,0,0,0,0,0,79,79,0,0,0,0,0,0,100.00,0.00,0.00,0.00,0.00,0.00,0.00
LAC QUI PARLE - 000020,Lac qui Parle,000020,Baxter Twp,180,172,0,0,1,0,6,1,143,139,0,0,0,0,3,0,97.20,0.00,0.00,0.00,0.00,2.10,0.00
LAC QUI PARLE - 000025,Lac qui Parle,000025,Bellingham,148,139,0,1,3,0,3,3,118,113,0,1,1,0,1,3,95.76,0.00,0.85,0.85,0.00,0.85,2.54
LAC QUI PARLE - 000030,Lac qui Parle,000030,Boyd,141,122,0,0,0,0,8,15,113,106,0,0,0,0,3,5,93.81,0.00,0.00,0.00,0.00,2.65,4.42
LAC QUI PARLE - 000035,Lac qui Parle,000035,Camp Release Twp,300,274,0,0,0,0,21,7,201,190,0,0,0,0,7,3,94.53,0.00,0.00,0.00,0.00,3.48,1.49
LAC QUI PARLE - 000040,Lac qui Parle,000040,Cerro Gordo Twp,179,174,1,0,1,0,3,3,142,138,0,0,1,0,3,2,97.18,0.00,0.00,0.70,0.00,2.11,1.41
LAC QUI PARLE - 000045,Lac qui Parle,000045,Dawson,1466,1326,16,9,16,0,49,75,1159,1066,16,4,12,0,29,48,91.98,1.38,0.35,1.04,0.00,2.50,4.14
LAC QUI PARLE - 000060,Lac qui Parle,000060,Freeland Twp,87,86,0,0,0,0,1,0,70,70,0,0,0,0,0,0,100.00,0.00,0.00,0.00,0.00,0.00,0.00
LAC QUI PARLE - 000065,Lac qui Parle,000065,Garfield Twp,116,110,0,0,0,0,5,3,95,89,0,0,0,0,5,3,93.68,0.00,0.00,0.00,0.00,5.26,3.16
LAC QUI PARLE - 000070,Lac qui Parle,000070,Hamlin Twp,148,141,0,1,0,0,5,4,120,114,0,1,0,0,4,3,95.00,0.00,0.83,0.00,0.00,3.33,2.50
LAC QUI PARLE - 000075,Lac qui Parle,000075,Hantho Twp,99,93,0,0,0,0,4,4,74,71,0,0,0,0,1,4,95.95,0.00,0.00,0.00,0.00,1.35,5.41
LAC QUI PARLE - 000080,Lac qui Parle,000080,Lac qui Parle Twp,185,165,0,0,0,0,16,5,132,123,0,0,0,0,5,3,93.18,0.00,0.00,0.00,0.00,3.79,2.27
LAC QUI PARLE - 000085,Lac qui Parle,000085,Lake Shore Twp,170,156,4,0,0,0,6,5,145,138,3,0,0,0,4,1,95.17,2.07,0.00,0.00,0.00,2.76,0.69
LAC QUI PARLE - 000095,Lac qui Parle,000095,Madison,1518,1417,10,3,15,0,51,52,1216,1152,8,2,13,0,29,29,94.74,0.66,0.16,1.07,0.00,2.38,2.38
LAC QUI PARLE - 000090,Lac qui Parle,000090,Louisburg,31,26,4,0,0,0,1,1,28,26,1,0,0,0,1,1,92.86,3.57,0.00,0.00,0.00,3.57,3.57
LAC QUI PARLE - 000110,Lac qui Parle,000110,Madison Twp,204,199,0,0,0,0,4,2,161,158,0,0,0,0,3,0,98.14,0.00,0.00,0.00,0.00,1.86,0.00
LE SUEUR - 000090,Le Sueur,000090,Montgomery,3249,2925,24,16,16,6,193,254,2426,2206,11,14,15,6,117,150,90.93,0.45,0.58,0.62,0.25,4.82,6.18
LE SUEUR - 000100,Le Sueur,000100,Montgomery Twp,707,671,3,0,1,0,18,24,554,530,2,0,0,0,14,16,95.67,0.36,0.00,0.00,0.00,2.53,2.89
LE SUEUR - 000105,Le Sueur,000105,New Prague,3444,3220,22,13,31,2,121,99,2437,2321,11,12,20,2,58,45,95.24,0.45,0.49,0.82,0.08,2.38,1.85
LE SUEUR - 000110,Le Sueur,000110,Ottawa Twp,287,275,1,0,0,0,6,12,221,212,1,0,0,0,4,4,95.93,0.45,0.00,0.00,0.00,1.81,1.81
LE SUEUR - 000115,Le Sueur,000115,Sharon Twp,639,596,0,0,1,1,31,21,501,472,0,0,1,1,18,13,94.21,0.00,0.00,0.20,0.20,3.59,2.59
LE SUEUR - 000120,Le Sueur,000120,Tyrone Twp,511,484,0,0,7,0,18,6,404,386,0,0,4,0,13,4,95.54,0.00,0.00,0.99,0.00,3.22,0.99
LE SUEUR - 000125,Le Sueur,000125,Washington Twp,778,739,0,0,6,1,31,11,661,631,0,0,6,1,22,9,95.46,0.00,0.00,0.91,0.15,3.33,1.36
LE SUEUR - 000130,Le Sueur,000130,Waterville,1750,1628,22,11,3,0,80,51,1387,1330,8,10,3,0,30,24,95.89,0.58,0.72,0.22,0.00,2.16,1.73
LE SUEUR - 000140,Le Sueur,000140,Waterville Twp,674,644,3,1,0,1,21,14,538,518,1,1,0,1,14,13,96.28,0.19,0.19,0.00,0.19,2.60,2.42
LE SUEUR - 000087,Le Sueur,000087,Mankato,0,0,0,0,0,0,0,0,0,0,0,0,0,0,0,0,0.00,0.00,0.00,0.00,0.00,0.00,0.00
CHISAGO - 000005,Chisago,000005,Amador Twp,842,787,1,4,16,0,28,19,654,622,1,4,9,0,16,11,95.11,0.15,0.61,1.38,0.00,2.45,1.68
CHISAGO - 000020,Chisago,000020,Chisago City,5558,5172,14,11,55,0,251,127,4295,4058,8,11,46,0,136,75,94.48,0.19,0.26,1.07,0.00,3.17,1.75
CHISAGO - 000015,Chisago,000015,Center City,629,591,1,7,4,0,20,20,523,499,1,5,4,0,8,15,95.41,0.19,0.96,0.76,0.00,1.53,2.87
CHISAGO - 000030,Chisago,000030,Chisago Lake Twp P-S,2516,2379,0,7,29,0,91,37,1920,1824,0,6,19,0,63,25,95.00,0.00,0.31,0.99,0.00,3.28,1.30
CHISAGO - 000025,Chisago,000025,Chisago Lake Twp P-N,2336,2143,10,13,29,0,119,44,1810,1691,8,8,15,0,71,25,93.43,0.44,0.44,0.83,0.00,3.92,1.38
CHISAGO - 000035,Chisago,000035,Fish Lake Twp,2193,2057,2,9,25,0,81,31,1723,1625,2,7,21,0,51,23,94.31,0.12,0.41,1.22,0.00,2.96,1.33
CHISAGO - 000040,Chisago,000040,Franconia Twp,1713,1582,6,5,14,0,95,40,1372,1283,6,4,12,0,59,25,93.51,0.44,0.29,0.87,0.00,4.30,1.82
CHISAGO - 000045,Chisago,000045,Harris,1111,1024,3,10,17,2,47,22,894,835,3,6,15,2,28,11,93.40,0.34,0.67,1.68,0.22,3.13,1.23
CHISAGO - 000050,Chisago,000050,Lent Twp,2962,2705,17,8,53,1,146,55,2356,2192,5,8,33,1,92,35,93.04,0.21,0.34,1.40,0.04,3.90,1.49
CHISAGO - 000055,Chisago,000055,Lindstrom,4854,4525,33,6,44,0,226,91,3694,3495,21,3,27,0,133,56,94.61,0.57,0.08,0.73,0.00,3.60,1.52
CHISAGO - 000060,Chisago,000060,Nessel Twp,1907,1776,8,7,19,0,88,25,1574,1481,8,6,11,0,62,18,94.09,0.51,0.38,0.70,0.00,3.94,1.14
CHISAGO - 000066,Chisago,000066,North Branch P-C,4965,4416,63,21,133,0,280,160,3532,3222,32,14,79,0,153,82,91.22,0.91,0.40,2.24,0.00,4.33,2.32
CHISAGO - 000065,Chisago,000065,North Branch P-B,2985,2681,28,27,43,0,184,98,2284,2116,18,19,33,0,86,45,92.64,0.79,0.83,1.44,0.00,3.77,1.97
CHISAGO - 000067,Chisago,000067,North Branch P-A,2837,2592,25,29,46,1,107,70,2233,2056,20,20,31,1,75,46,92.07,0.90,0.90,1.39,0.04,3.36,2.06
CHISAGO - 000070,Chisago,000070,Rush City,3228,2414,530,109,11,2,147,132,2690,1947,526,106,10,2,87,106,72.38,19.55,3.94,0.37,0.07,3.23,3.94
CHISAGO - 000075,Chisago,000075,Rushseba Twp,815,728,4,3,22,0,55,23,611,563,3,3,12,0,27,13,92.14,0.49,0.49,1.96,0.00,4.42,2.13
CHISAGO - 000080,Chisago,000080,Shafer,1142,1029,10,6,3,0,75,52,791,728,5,4,1,0,44,23,92.04,0.63,0.51,0.13,0.00,5.56,2.91
CHISAGO - 000085,Chisago,000085,Shafer Twp P-A,1087,1018,1,3,11,0,52,7,829,788,1,1,6,0,33,6,95.05,0.12,0.12,0.72,0.00,3.98,0.72
CHISAGO - 000090,Chisago,000090,Stacy,1703,1504,24,6,31,0,100,102,1239,1119,15,3,25,0,53,54,90.31,1.21,0.24,2.02,0.00,4.28,4.36
CHISAGO - 000095,Chisago,000095,Sunrise Twp,2107,1910,10,6,52,0,112,43,1590,1492,6,1,22,0,61,30,93.84,0.38,0.06,1.38,0.00,3.84,1.89
CHISAGO - 000100,Chisago,000100,Taylors Falls,1055,969,14,6,9,0,53,14,817,758,10,4,8,0,35,8,92.78,1.22,0.49,0.98,0.00,4.28,0.98
CHISAGO - 000105,Chisago,000105,Wyoming,8032,7359,49,28,108,0,413,238,6101,5694,26,25,81,0,223,133,93.33,0.43,0.41,1.33,0.00,3.66,2.18
CHISAGO - 000086,Chisago,000086,Shafer Twp P-B,44,33,0,8,2,0,1,1,37,28,0,7,2,0,0,0,75.68,0.00,18.92,5.41,0.00,0.00,0.00
CHIPPEWA - 000005,Chippewa,000005,Big Bend Twp,252,232,1,1,1,0,12,13,195,183,1,1,1,0,7,5,93.85,0.51,0.51,0.51,0.00,3.59,2.56
CHIPPEWA - 000010,Chippewa,000010,Clara City,1423,1274,4,3,2,25,57,94,1066,980,2,0,1,10,34,54,91.93,0.19,0.00,0.09,0.94,3.19,5.07
CHIPPEWA - 000015,Chippewa,000015,Crate Twp,194,185,3,0,0,0,3,4,152,146,2,0,0,0,2,2,96.05,1.32,0.00,0.00,0.00,1.32,1.32
CHIPPEWA - 000020,Chippewa,000020,Grace Twp,103,103,0,0,0,0,0,0,78,78,0,0,0,0,0,0,100.00,0.00,0.00,0.00,0.00,0.00,0.00
CHIPPEWA - 000030,Chippewa,000030,Granite Falls Twp P-1,212,206,0,4,0,0,2,5,171,166,0,3,0,0,2,5,97.08,0.00,1.75,0.00,0.00,1.17,2.92
CHIPPEWA - 000025,Chippewa,000025,Granite Falls W-2,946,801,15,62,0,0,45,54,776,686,10,43,0,0,24,38,88.40,1.29,5.54,0.00,0.00,3.09,4.90
CHIPPEWA - 000035,Chippewa,000035,Havelock Twp,150,140,1,0,1,0,7,7,123,115,1,0,1,0,6,6,93.50,0.81,0.00,0.81,0.00,4.88,4.88
CHIPPEWA - 000040,Chippewa,000040,Kragero Twp,125,117,1,0,1,0,5,9,105,99,1,0,1,0,3,7,94.29,0.95,0.00,0.95,0.00,2.86,6.67
CHIPPEWA - 000045,Chippewa,000045,Leenthrop Twp,241,230,2,0,0,0,9,4,183,176,2,0,0,0,5,1,96.17,1.09,0.00,0.00,0.00,2.73,0.55
CHIPPEWA - 000050,Chippewa,000050,Lone Tree Twp,242,220,1,0,1,1,15,7,157,144,0,0,1,0,8,6,91.72,0.00,0.00,0.64,0.00,5.10,3.82
CHIPPEWA - 000055,Chippewa,000055,Louriston Twp,254,164,1,0,0,6,13,95,191,122,1,0,0,4,7,72,63.87,0.52,0.00,0.00,2.09,3.66,37.70
CHIPPEWA - 000060,Chippewa,000060,Mandt Twp,150,141,0,0,0,0,8,8,115,111,0,0,0,0,4,4,96.52,0.00,0.00,0.00,0.00,3.48,3.48
CHIPPEWA - 000065,Chippewa,000065,Maynard,319,291,1,4,2,0,15,14,257,237,1,4,1,0,10,8,92.22,0.39,1.56,0.39,0.00,3.89,3.11
CHIPPEWA - 000070,Chippewa,000070,Milan,428,172,0,1,4,200,18,44,307,153,0,1,4,123,7,24,49.84,0.00,0.33,1.30,40.07,2.28,7.82
CHIPPEWA - 000075,Chippewa,000075,Montevideo P-1,2609,2136,15,31,21,1,157,364,1967,1695,6,21,7,0,81,211,86.17,0.31,1.07,0.36,0.00,4.12,10.73
CHIPPEWA - 000090,Chippewa,000090,Montevideo P-2,2789,2190,22,21,11,49,208,471,2086,1746,15,9,8,30,119,260,83.70,0.72,0.43,0.38,1.44,5.70,12.46
CHIPPEWA - 000105,Chippewa,000105,Rheiderland Twp,314,305,0,2,2,1,4,3,244,242,0,1,0,0,1,0,99.18,0.00,0.41,0.00,0.00,0.41,0.00
CHIPPEWA - 000110,Chippewa,000110,Rosewood Twp,328,314,2,0,1,0,8,2,257,246,2,0,1,0,6,2,95.72,0.78,0.00,0.39,0.00,2.33,0.78
CHIPPEWA - 000115,Chippewa,000115,Sparta Twp,741,703,3,1,1,0,17,26,565,538,2,0,0,0,11,17,95.22,0.35,0.00,0.00,0.00,1.95,3.01
CHIPPEWA - 000120,Chippewa,000120,Stoneham Twp,200,195,2,0,0,0,3,1,159,157,0,0,0,0,2,1,98.74,0.00,0.00,0.00,0.00,1.26,0.63
CHIPPEWA - 000125,Chippewa,000125,Tunsberg Twp,191,185,0,0,0,1,2,2,149,145,0,0,0,1,1,2,97.32,0.00,0.00,0.00,0.67,0.67,1.34
CHIPPEWA - 000130,Chippewa,000130,Watson,182,165,1,0,1,9,3,3,135,125,1,0,1,4,2,2,92.59,0.74,0.00,0.74,2.96,1.48,1.48
CHIPPEWA - 000135,Chippewa,000135,Woods Twp,205,184,0,1,0,3,7,13,155,147,0,0,0,1,5,2,94.84,0.00,0.00,0.00,0.65,3.23,1.29
CHIPPEWA - 000100,Chippewa,000100,Raymond,0,0,0,0,0,0,0,0,0,0,0,0,0,0,0,0,0.00,0.00,0.00,0.00,0.00,0.00,0.00
CHIPPEWA - 000032,Chippewa,000032,Granite Falls Twp P-2,0,0,0,0,0,0,0,0,0,0,0,0,0,0,0,0,0.00,0.00,0.00,0.00,0.00,0.00,0.00
HOUSTON - 000005,Houston,000005,Black Hammer Twp,272,253,0,0,1,0,18,3,220,206,0,0,1,0,13,3,93.64,0.00,0.00,0.45,0.00,5.91,1.36
HOUSTON - 000010,Houston,000010,Brownsville,566,536,1,3,8,0,17,4,442,428,1,2,3,0,8,1,96.83,0.23,0.45,0.68,0.00,1.81,0.23
HOUSTON - 000015,Houston,000015,Brownsville Twp,413,397,0,2,0,0,12,2,334,321,0,2,0,0,9,0,96.11,0.00,0.60,0.00,0.00,2.69,0.00
HOUSTON - 000025,Houston,000025,Caledonia P-2,1621,1554,13,3,5,0,45,19,1223,1178,12,3,0,0,29,7,96.32,0.98,0.25,0.00,0.00,2.37,0.57
HOUSTON - 000020,Houston,000020,Caledonia P-1,1226,1140,20,5,7,0,51,26,967,907,8,5,6,0,38,17,93.80,0.83,0.52,0.62,0.00,3.93,1.76
HOUSTON - 000030,Houston,000030,Caledonia Twp,637,623,0,1,1,0,9,9,464,453,0,1,0,0,7,6,97.63,0.00,0.22,0.00,0.00,1.51,1.29
HOUSTON - 000035,Houston,000035,Crooked Creek Twp,252,246,0,1,0,0,5,2,201,198,0,1,0,0,2,1,98.51,0.00,0.50,0.00,0.00,1.00,0.50
MAHNOMEN - 000065,Mahnomen,000065,Oakland Twp,226,133,0,45,0,0,47,1,186,125,0,31,0,0,29,1,67.20,0.00,16.67,0.00,0.00,15.59,0.54
MAHNOMEN - 000070,Mahnomen,000070,Pembina Twp,621,241,0,287,2,0,86,30,415,219,0,146,2,0,46,11,52.77,0.00,35.18,0.48,0.00,11.08,2.65
MAHNOMEN - 000075,Mahnomen,000075,Popple Grove Twp,138,95,0,25,0,0,18,2,103,73,0,15,0,0,15,0,70.87,0.00,14.56,0.00,0.00,14.56,0.00
MAHNOMEN - 000080,Mahnomen,000080,Rosedale Twp,130,97,0,22,0,0,11,2,107,91,0,12,0,0,4,2,85.05,0.00,11.21,0.00,0.00,3.74,1.87
MAHNOMEN - 000085,Mahnomen,000085,Twin Lakes Twp,727,66,1,579,0,0,72,20,488,57,1,380,0,0,43,13,11.68,0.20,77.87,0.00,0.00,8.81,2.66
MAHNOMEN - 000095,Mahnomen,000095,Waubun,409,137,3,191,0,0,77,8,281,120,0,118,0,0,42,7,42.70,0.00,41.99,0.00,0.00,14.95,2.49
MARSHALL - 000005,Marshall,000005,Agder Twp,112,99,0,1,1,0,11,5,86,78,0,1,1,0,6,3,90.70,0.00,1.16,1.16,0.00,6.98,3.49
MARSHALL - 000010,Marshall,000010,Alma Twp,77,74,0,0,1,0,1,1,56,55,0,0,0,0,1,0,98.21,0.00,0.00,0.00,0.00,1.79,0.00
MARSHALL - 000020,Marshall,000020,Argyle,544,514,0,0,0,0,30,15,418,405,0,0,0,0,13,6,96.89,0.00,0.00,0.00,0.00,3.11,1.44
MARSHALL - 000015,Marshall,000015,Alvarado,388,311,0,8,0,0,52,76,280,232,0,8,0,0,26,46,82.86,0.00,2.86,0.00,0.00,9.29,16.43
MARSHALL - 000025,Marshall,000025,Augsburg Twp,71,67,0,1,0,0,3,1,44,43,0,1,0,0,0,0,97.73,0.00,2.27,0.00,0.00,0.00,0.00
MARSHALL - 000030,Marshall,000030,Big Woods Twp,35,34,0,0,0,0,1,0,23,22,0,0,0,0,1,0,95.65,0.00,0.00,0.00,0.00,4.35,0.00
MARSHALL - 000035,Marshall,000035,Bloomer Twp,71,69,0,0,0,0,2,0,59,59,0,0,0,0,0,0,100.00,0.00,0.00,0.00,0.00,0.00,0.00
MARSHALL - 000040,Marshall,000040,Boxville Twp,48,43,0,0,0,0,5,2,36,35,0,0,0,0,1,2,97.22,0.00,0.00,0.00,0.00,2.78,5.56
MARSHALL - 000045,Marshall,000045,Cedar Twp,74,74,0,0,0,0,0,0,63,63,0,0,0,0,0,0,100.00,0.00,0.00,0.00,0.00,0.00,0.00
MARSHALL - 000055,Marshall,000055,Comstock Twp,127,120,0,1,1,0,3,2,91,87,0,1,1,0,2,0,95.60,0.00,1.10,1.10,0.00,2.20,0.00
MARSHALL - 000050,Marshall,000050,Como Twp,44,42,0,0,0,0,1,0,37,35,0,0,0,0,1,0,94.59,0.00,0.00,0.00,0.00,2.70,0.00
MARSHALL - 000060,Marshall,000060,Donnelly Twp,20,19,0,0,0,0,1,1,12,12,0,0,0,0,0,1,100.00,0.00,0.00,0.00,0.00,0.00,8.33
MARSHALL - 000065,Marshall,000065,Eagle Point Twp,10,10,0,0,0,0,0,1,8,8,0,0,0,0,0,1,100.00,0.00,0.00,0.00,0.00,0.00,12.50
MARSHALL - 000070,Marshall,000070,East Park Twp,29,28,0,0,0,0,1,0,22,22,0,0,0,0,0,0,100.00,0.00,0.00,0.00,0.00,0.00,0.00
MARSHALL - 000075,Marshall,000075,East Valley Twp,43,40,1,0,0,0,2,4,32,32,0,0,0,0,0,0,100.00,0.00,0.00,0.00,0.00,0.00,0.00
MARSHALL - 000080,Marshall,000080,Eckvoll Twp,70,64,0,0,2,0,4,1,54,50,0,0,0,0,4,1,92.59,0.00,0.00,0.00,0.00,7.41,1.85
MARSHALL - 000085,Marshall,000085,Espelie Twp,30,28,0,0,0,0,2,3,28,27,0,0,0,0,1,1,96.43,0.00,0.00,0.00,0.00,3.57,3.57
MARSHALL - 000095,Marshall,000095,Foldahl Twp,78,75,0,0,0,0,3,1,55,52,0,0,0,0,3,0,94.55,0.00,0.00,0.00,0.00,5.45,0.00
MARSHALL - 000100,Marshall,000100,Fork Twp,7,5,1,0,0,0,1,2,5,5,0,0,0,0,0,0,100.00,0.00,0.00,0.00,0.00,0.00,0.00
MARSHALL - 000090,Marshall,000090,Excel Twp,310,304,0,1,1,0,4,2,228,224,0,1,1,0,2,1,98.25,0.00,0.44,0.44,0.00,0.88,0.44
MARSHALL - 000105,Marshall,000105,Grand Plain Twp,54,50,1,0,0,0,3,2,41,39,0,0,0,0,2,2,95.12,0.00,0.00,0.00,0.00,4.88,4.88
MARSHALL - 000110,Marshall,000110,Grygla,180,164,3,0,2,0,10,1,148,134,2,0,2,0,9,0,90.54,1.35,0.00,1.35,0.00,6.08,0.00
MARSHALL - 000115,Marshall,000115,Holt,90,80,0,0,0,0,7,1,70,63,0,0,0,0,4,0,90.00,0.00,0.00,0.00,0.00,5.71,0.00
MARSHALL - 000120,Marshall,000120,Holt Twp,120,114,0,0,1,0,5,0,94,91,0,0,1,0,2,0,96.81,0.00,0.00,1.06,0.00,2.13,0.00
MARSHALL - 000125,Marshall,000125,Huntly Twp,69,67,0,1,0,0,0,3,53,51,0,1,0,0,0,1,96.23,0.00,1.89,0.00,0.00,0.00,1.89
MARSHALL - 000130,Marshall,000130,Lincoln Twp,81,76,0,0,0,0,5,1,73,69,0,0,0,0,4,1,94.52,0.00,0.00,0.00,0.00,5.48,1.37
MARSHALL - 000135,Marshall,000135,Linsell Twp,20,20,0,0,0,0,0,0,17,17,0,0,0,0,0,0,100.00,0.00,0.00,0.00,0.00,0.00,0.00
MARSHALL - 000140,Marshall,000140,McCrea Twp,247,232,1,2,1,0,4,3,177,167,1,2,1,0,2,1,94.35,0.56,1.13,0.56,0.00,1.13,0.56
MARSHALL - 000145,Marshall,000145,Marsh Grove Twp,119,119,0,0,0,0,0,1,91,91,0,0,0,0,0,0,100.00,0.00,0.00,0.00,0.00,0.00,0.00
MAHNOMEN - 000005,Mahnomen,000005,Beaulieu Twp,124,42,0,41,0,0,40,7,75,32,0,25,0,0,17,3,42.67,0.00,33.33,0.00,0.00,22.67,4.00
MAHNOMEN - 000010,Mahnomen,000010,Bejou,84,66,0,11,1,0,3,0,54,44,0,6,1,0,0,0,81.48,0.00,11.11,1.85,0.00,0.00,0.00
MAHNOMEN - 000015,Mahnomen,000015,Bejou Twp,80,54,1,16,0,0,8,1,62,47,0,12,0,0,2,1,75.81,0.00,19.35,0.00,0.00,3.23,1.61
MAHNOMEN - 000020,Mahnomen,000020,Chief Twp,176,78,0,80,0,0,17,6,97,56,0,30,0,0,11,2,57.73,0.00,30.93,0.00,0.00,11.34,2.06
MAHNOMEN - 000025,Mahnomen,000025,Clover Twp,142,68,0,63,0,0,11,0,96,42,0,43,0,0,11,0,43.75,0.00,44.79,0.00,0.00,11.46,0.00
MAHNOMEN - 000030,Mahnomen,000030,Gregory Twp,75,67,0,7,0,0,1,0,66,59,0,7,0,0,0,0,89.39,0.00,10.61,0.00,0.00,0.00,0.00
MAHNOMEN - 000035,Mahnomen,000035,Heier Twp,151,96,0,21,0,0,32,5,118,84,0,14,0,0,20,3,71.19,0.00,11.86,0.00,0.00,16.95,2.54
MAHNOMEN - 000040,Mahnomen,000040,Island Lake Twp,300,233,1,35,0,0,30,9,220,177,1,25,0,0,17,6,80.45,0.45,11.36,0.00,0.00,7.73,2.73
MAHNOMEN - 000045,Mahnomen,000045,La Garde Twp,158,80,1,42,0,0,32,9,120,61,1,28,0,0,27,7,50.83,0.83,23.33,0.00,0.00,22.50,5.83
MAHNOMEN - 000050,Mahnomen,000050,Lake Grove Twp,171,96,0,45,0,0,30,3,131,91,0,21,0,0,19,1,69.47,0.00,16.03,0.00,0.00,14.50,0.76
MAHNOMEN - 000090,Mahnomen,000090,Little Elbow Twp,318,83,1,217,0,0,16,3,225,71,1,139,0,0,13,3,31.56,0.44,61.78,0.00,0.00,5.78,1.33
MAHNOMEN - 000055,Mahnomen,000055,Mahnomen,1240,489,0,556,4,0,184,43,920,443,0,350,4,0,118,29,48.15,0.00,38.04,0.43,0.00,12.83,3.15
MAHNOMEN - 000060,Mahnomen,000060,Marsh Creek Twp,141,82,0,41,0,0,17,5,93,60,0,21,0,0,11,2,64.52,0.00,22.58,0.00,0.00,11.83,2.15
LINCOLN - 000005,Lincoln,000005,Alta Vista Twp,163,163,0,0,0,0,0,0,121,121,0,0,0,0,0,0,100.00,0.00,0.00,0.00,0.00,0.00,0.00
LINCOLN - 000010,Lincoln,000010,Arco,87,81,0,0,0,0,5,1,59,56,0,0,0,0,3,0,94.92,0.00,0.00,0.00,0.00,5.08,0.00
LINCOLN - 000015,Lincoln,000015,Ash Lake Twp,133,133,0,0,0,0,0,0,116,116,0,0,0,0,0,0,100.00,0.00,0.00,0.00,0.00,0.00,0.00
LINCOLN - 000020,Lincoln,000020,Diamond Lake Twp,218,209,0,1,0,0,8,3,160,154,0,1,0,0,5,2,96.25,0.00,0.62,0.00,0.00,3.12,1.25
LINCOLN - 000025,Lincoln,000025,Drammen Twp,119,116,0,0,0,0,3,0,80,80,0,0,0,0,0,0,100.00,0.00,0.00,0.00,0.00,0.00,0.00
LINCOLN - 000100,Lincoln,000100,Verdi Twp,175,168,0,0,0,0,7,0,132,129,0,0,0,0,3,0,97.73,0.00,0.00,0.00,0.00,2.27,0.00
LINCOLN - 000030,Lincoln,000030,Hansonville Twp,81,79,0,1,0,0,1,1,69,67,0,1,0,0,1,1,97.10,0.00,1.45,0.00,0.00,1.45,1.45
LINCOLN - 000035,Lincoln,000035,Hendricks,616,589,0,4,0,0,19,17,508,488,0,3,0,0,13,10,96.06,0.00,0.59,0.00,0.00,2.56,1.97
LINCOLN - 000040,Lincoln,000040,Hendricks Twp,186,186,0,0,0,0,0,0,141,141,0,0,0,0,0,0,100.00,0.00,0.00,0.00,0.00,0.00,0.00
LINCOLN - 000045,Lincoln,000045,Hope Twp,220,216,0,0,0,0,4,0,176,175,0,0,0,0,1,0,99.43,0.00,0.00,0.00,0.00,0.57,0.00
LINCOLN - 000050,Lincoln,000050,Ivanhoe,560,531,5,2,4,0,16,12,443,425,5,1,4,0,7,3,95.94,1.13,0.23,0.90,0.00,1.58,0.68
LINCOLN - 000055,Lincoln,000055,Lake Benton,687,659,0,4,3,0,17,20,536,518,0,3,3,0,8,10,96.64,0.00,0.56,0.56,0.00,1.49,1.87
LINCOLN - 000060,Lincoln,000060,Lake Benton Twp,205,201,0,0,0,0,4,1,148,146,0,0,0,0,2,1,98.65,0.00,0.00,0.00,0.00,1.35,0.68
LINCOLN - 000065,Lincoln,000065,Lake Stay Twp,137,137,0,0,0,0,0,0,95,95,0,0,0,0,0,0,100.00,0.00,0.00,0.00,0.00,0.00,0.00
LINCOLN - 000070,Lincoln,000070,Limestone Twp,133,125,0,0,2,0,5,3,98,91,0,0,2,0,5,2,92.86,0.00,0.00,2.04,0.00,5.10,2.04
LINCOLN - 000075,Lincoln,000075,Marble Twp,170,165,0,2,1,0,1,3,124,119,0,2,1,0,1,3,95.97,0.00,1.61,0.81,0.00,0.81,2.42
LINCOLN - 000080,Lincoln,000080,Marshfield Twp,256,251,0,0,0,0,4,2,167,166,0,0,0,0,1,0,99.40,0.00,0.00,0.00,0.00,0.60,0.00
LINCOLN - 000085,Lincoln,000085,Royal Twp,147,146,0,0,0,0,1,1,112,111,0,0,0,0,1,1,99.11,0.00,0.00,0.00,0.00,0.89,0.89
LINCOLN - 000090,Lincoln,000090,Shaokatan Twp,209,199,0,2,1,0,6,4,158,152,0,2,1,0,2,3,96.20,0.00,1.27,0.63,0.00,1.27,1.90
LINCOLN - 000095,Lincoln,000095,Tyler,1138,1052,5,5,11,0,47,39,877,815,5,3,8,0,29,22,92.93,0.57,0.34,0.91,0.00,3.31,2.51
MORRISON - 000005,Morrison,000005,Agram Twp,561,547,0,1,0,1,10,4,414,407,0,1,0,1,4,2,98.31,0.00,0.24,0.00,0.24,0.97,0.48
MORRISON - 000010,Morrison,000010,Belle Prairie Twp,665,622,4,1,2,0,28,7,507,482,3,0,0,0,16,4,95.07,0.59,0.00,0.00,0.00,3.16,0.79
MORRISON - 000015,Morrison,000015,Bellevue Twp,1149,1112,2,1,0,1,26,19,875,855,2,1,0,1,10,10,97.71,0.23,0.11,0.00,0.11,1.14,1.14
MORRISON - 000020,Morrison,000020,Bowlus,279,275,0,0,1,0,1,4,204,203,0,0,1,0,0,1,99.51,0.00,0.00,0.49,0.00,0.00,0.49
MORRISON - 000025,Morrison,000025,Buckman,307,299,0,0,1,0,4,6,216,210,0,0,1,0,3,5,97.22,0.00,0.00,0.46,0.00,1.39,2.31
MORRISON - 000030,Morrison,000030,Buckman Twp,725,686,0,0,2,2,11,30,527,496,0,0,2,2,6,25,94.12,0.00,0.00,0.38,0.38,1.14,4.74
MORRISON - 000035,Morrison,000035,Buh Twp,562,549,2,2,0,0,8,4,409,399,1,1,0,0,7,3,97.56,0.24,0.24,0.00,0.00,1.71,0.73
MORRISON - 000045,Morrison,000045,Culdrum Twp,452,430,0,4,0,1,11,19,350,335,0,4,0,0,6,16,95.71,0.00,1.14,0.00,0.00,1.71,4.57
MORRISON - 000050,Morrison,000050,Cushing Twp,776,745,1,4,3,0,19,8,617,602,1,1,1,0,8,5,97.57,0.16,0.16,0.16,0.00,1.30,0.81
MORRISON - 000055,Morrison,000055,Darling Twp,475,458,2,1,1,1,12,5,396,389,0,1,1,1,4,2,98.23,0.00,0.25,0.25,0.25,1.01,0.51
MORRISON - 000060,Morrison,000060,Elmdale,114,111,0,0,0,0,2,3,97,94,0,0,0,0,2,3,96.91,0.00,0.00,0.00,0.00,2.06,3.09
MORRISON - 000065,Morrison,000065,Elmdale Twp,981,957,1,0,2,0,15,6,710,692,1,0,2,0,10,2,97.46,0.14,0.00,0.28,0.00,1.41,0.28
MORRISON - 000070,Morrison,000070,Flensburg,216,203,2,0,2,0,9,0,158,152,0,0,2,0,4,0,96.20,0.00,0.00,1.27,0.00,2.53,0.00
MORRISON - 000075,Morrison,000075,Genola,70,61,0,0,0,0,7,1,49,42,0,0,0,0,6,0,85.71,0.00,0.00,0.00,0.00,12.24,0.00
MORRISON - 000080,Morrison,000080,Granite Twp,469,454,1,0,0,0,12,3,332,322,1,0,0,0,7,3,96.99,0.30,0.00,0.00,0.00,2.11,0.90
MORRISON - 000085,Morrison,000085,Green Prairie Twp,764,729,0,2,3,0,25,9,604,575,0,2,3,0,21,4,95.20,0.00,0.33,0.50,0.00,3.48,0.66
MORRISON - 000090,Morrison,000090,Harding,123,116,1,0,0,0,6,3,105,99,1,0,0,0,5,1,94.29,0.95,0.00,0.00,0.00,4.76,0.95
MORRISON - 000095,Morrison,000095,Hillman,23,21,0,0,0,0,1,2,21,19,0,0,0,0,1,2,90.48,0.00,0.00,0.00,0.00,4.76,9.52
MORRISON - 000100,Morrison,000100,Hillman Twp,194,189,0,0,0,0,4,0,130,125,0,0,0,0,4,0,96.15,0.00,0.00,0.00,0.00,3.08,0.00
MORRISON - 000105,Morrison,000105,Lakin Twp,464,425,1,2,4,0,28,9,345,329,1,2,4,0,6,1,95.36,0.29,0.58,1.16,0.00,1.74,0.29
MORRISON - 000110,Morrison,000110,Lastrup,120,114,0,0,0,0,6,0,93,88,0,0,0,0,5,0,94.62,0.00,0.00,0.00,0.00,5.38,0.00
MORRISON - 000115,Morrison,000115,Leigh Twp,212,202,0,1,0,0,9,1,163,155,0,1,0,0,7,0,95.09,0.00,0.61,0.00,0.00,4.29,0.00
MORRISON - 000125,Morrison,000125,Little Falls W-2,3861,3529,34,24,23,1,221,108,2980,2796,16,22,20,1,97,56,93.83,0.54,0.74,0.67,0.03,3.26,1.88
MORRISON - 000130,Morrison,000130,Little Falls W-3,2596,2399,62,16,7,2,90,54,1976,1860,29,16,7,0,48,32,94.13,1.47,0.81,0.35,0.00,2.43,1.62
MORRISON - 000120,Morrison,000120,Little Falls W-1,2683,2501,38,7,15,2,107,45,2180,2082,17,4,14,2,48,30,95.50,0.78,0.18,0.64,0.09,2.20,1.38
MORRISON - 000135,Morrison,000135,Little Falls Twp,1676,1603,6,9,7,0,49,25,1252,1209,5,7,7,0,22,10,96.57,0.40,0.56,0.56,0.00,1.76,0.80
MORRISON - 000140,Morrison,000140,Morrill Twp,708,685,0,2,2,0,17,9,529,516,0,2,1,0,8,6,97.54,0.00,0.38,0.19,0.00,1.51,1.13
MORRISON - 000145,Morrison,000145,Motley,667,601,2,20,5,0,39,29,530,481,0,14,2,0,33,20,90.75,0.00,2.64,0.38,0.00,6.23,3.77
MORRISON - 000150,Morrison,000150,Motley Twp,244,236,0,1,0,1,5,9,183,177,0,1,0,1,4,5,96.72,0.00,0.55,0.00,0.55,2.19,2.73
MORRISON - 000155,Morrison,000155,Mount Morris Twp,79,73,0,0,0,0,4,3,70,65,0,0,0,0,3,2,92.86,0.00,0.00,0.00,0.00,4.29,2.86
MORRISON - 000160,Morrison,000160,Parker Twp,462,442,0,4,2,1,13,13,331,321,0,0,2,0,8,7,96.98,0.00,0.00,0.60,0.00,2.42,2.11
MORRISON - 000165,Morrison,000165,Pierz,1418,1371,4,7,2,0,28,27,1062,1036,3,3,1,0,16,7,97.55,0.28,0.28,0.09,0.00,1.51,0.66
MORRISON - 000170,Morrison,000170,Pierz Twp,595,585,0,0,2,0,8,4,415,410,0,0,2,0,3,2,98.80,0.00,0.00,0.48,0.00,0.72,0.48
MORRISON - 000175,Morrison,000175,Pike Creek Twp,958,915,1,1,0,0,24,21,731,702,0,1,0,0,16,14,96.03,0.00,0.14,0.00,0.00,2.19,1.92
MORRISON - 000180,Morrison,000180,Platte Twp,354,342,0,0,0,0,12,1,278,268,0,0,0,0,10,1,96.40,0.00,0.00,0.00,0.00,3.60,0.36
MORRISON - 000185,Morrison,000185,Pulaski Twp,306,301,0,2,0,0,2,2,235,230,0,2,0,0,2,2,97.87,0.00,0.85,0.00,0.00,0.85,0.85
MORRISON - 000195,Morrison,000195,Randall,607,574,2,4,0,0,27,10,456,439,0,4,0,0,13,3,96.27,0.00,0.88,0.00,0.00,2.85,0.66
MORRISON - 000200,Morrison,000200,Richardson Twp,513,498,1,0,0,0,14,3,439,430,0,0,0,0,9,3,97.95,0.00,0.00,0.00,0.00,2.05,0.68
MORRISON - 000205,Morrison,000205,Ripley Twp,740,686,7,3,1,0,38,18,573,539,5,2,0,0,22,13,94.07,0.87,0.35,0.00,0.00,3.84,2.27
MORRISON - 000210,Morrison,000210,Rosing Twp,219,206,1,0,0,0,10,4,168,158,0,0,0,0,8,4,94.05,0.00,0.00,0.00,0.00,4.76,2.38
MORRISON - 000215,Morrison,000215,Royalton,1277,1199,0,7,5,0,42,38,913,865,0,7,2,0,17,26,94.74,0.00,0.77,0.22,0.00,1.86,2.85
MORRISON - 000220,Morrison,000220,Scandia Valley Twp,1315,1267,2,0,13,0,32,12,1094,1066,1,0,5,0,21,9,97.44,0.09,0.00,0.46,0.00,1.92,0.82
MORRISON - 000225,Morrison,000225,Sobieski,210,192,0,0,1,0,13,3,161,147,0,0,1,0,9,3,91.30,0.00,0.00,0.62,0.00,5.59,1.86
MORRISON - 000230,Morrison,000230,Swan River Twp,723,705,1,1,3,0,12,9,561,546,1,1,2,0,10,7,97.33,0.18,0.18,0.36,0.00,1.78,1.25
MORRISON - 000235,Morrison,000235,Swanville,321,307,1,1,1,0,8,6,248,240,1,0,1,0,5,2,96.77,0.40,0.00,0.40,0.00,2.02,0.81
MORRISON - 000240,Morrison,000240,Swanville Twp,510,497,0,2,0,1,4,10,382,377,0,1,0,1,1,5,98.69,0.00,0.26,0.00,0.26,0.26,1.31
MORRISON - 000245,Morrison,000245,Two Rivers Twp,780,764,0,3,0,0,9,8,549,542,0,1,0,0,3,5,98.72,0.00,0.18,0.00,0.00,0.55,0.91
MORRISON - 000250,Morrison,000250,Upsala,487,462,6,0,0,0,5,19,358,346,4,0,0,0,0,8,96.65,1.12,0.00,0.00,0.00,0.00,2.23
JACKSON - 000085,Jackson,000085,La Crosse Twp,147,144,0,0,2,0,0,1,111,110,0,0,1,0,0,0,99.10,0.00,0.00,0.90,0.00,0.00,0.00
JACKSON - 000090,Jackson,000090,Lakefield P-1,852,795,7,4,2,0,39,19,636,609,2,4,0,0,18,7,95.75,0.31,0.63,0.00,0.00,2.83,1.10
JACKSON - 000095,Jackson,000095,Lakefield P-2,883,817,8,2,5,0,46,32,686,645,6,2,5,0,24,18,94.02,0.87,0.29,0.73,0.00,3.50,2.62
JACKSON - 000100,Jackson,000100,Middletown Twp,215,203,2,0,1,0,9,5,165,159,0,0,1,0,5,3,96.36,0.00,0.00,0.61,0.00,3.03,1.82
JACKSON - 000105,Jackson,000105,Minneota Twp,223,213,1,0,2,0,6,3,183,177,0,0,1,0,5,0,96.72,0.00,0.00,0.55,0.00,2.73,0.00
JACKSON - 000110,Jackson,000110,Okabena,203,167,1,2,9,0,7,25,157,129,1,2,8,0,6,15,82.17,0.64,1.27,5.10,0.00,3.82,9.55
JACKSON - 000115,Jackson,000115,Petersburg Twp,220,216,0,0,0,0,4,1,181,177,0,0,0,0,4,1,97.79,0.00,0.00,0.00,0.00,2.21,0.55
JACKSON - 000120,Jackson,000120,Rost Twp,206,200,0,0,0,0,6,1,149,148,0,0,0,0,1,1,99.33,0.00,0.00,0.00,0.00,0.67,0.67
JACKSON - 000125,Jackson,000125,Round Lake Twp,144,141,0,0,0,0,1,2,117,116,0,0,0,0,0,1,99.15,0.00,0.00,0.00,0.00,0.00,0.85
JACKSON - 000130,Jackson,000130,Sioux Valley Twp,198,189,1,0,0,0,6,8,144,140,1,0,0,0,2,3,97.22,0.69,0.00,0.00,0.00,1.39,2.08
JACKSON - 000135,Jackson,000135,Weimer Twp,153,141,0,0,0,0,4,16,127,115,0,0,0,0,4,11,90.55,0.00,0.00,0.00,0.00,3.15,8.66
JACKSON - 000140,Jackson,000140,West Heron Lake Twp,130,123,1,0,1,0,1,5,104,99,1,0,1,0,0,3,95.19,0.96,0.00,0.96,0.00,0.00,2.88
JACKSON - 000145,Jackson,000145,Wilder,62,55,0,0,1,0,1,16,37,36,0,0,1,0,0,1,97.30,0.00,0.00,2.70,0.00,0.00,2.70
JACKSON - 000150,Jackson,000150,Wisconsin Twp,213,203,0,0,0,0,4,8,162,158,0,0,0,0,2,4,97.53,0.00,0.00,0.00,0.00,1.23,2.47
ROCK - 000005,Rock,000005,Battle Plain Twp,200,184,1,0,2,1,12,5,139,131,1,0,2,0,5,3,94.24,0.72,0.00,1.44,0.00,3.60,2.16
ROCK - 000010,Rock,000010,Beaver Creek,280,267,0,2,1,2,8,5,213,204,0,1,1,0,7,1,95.77,0.00,0.47,0.47,0.00,3.29,0.47
ROCK - 000015,Rock,000015,Beaver Creek Twp,384,368,0,3,1,0,11,2,275,266,0,0,1,0,7,2,96.73,0.00,0.00,0.36,0.00,2.55,0.73
ROCK - 000020,Rock,000020,Clinton Twp,236,227,0,1,2,1,5,3,177,174,0,0,2,0,1,2,98.31,0.00,0.00,1.13,0.00,0.56,1.13
ROCK - 000115,Rock,000115,Vienna Twp,155,149,0,1,0,0,5,1,116,113,0,1,0,0,2,0,97.41,0.00,0.86,0.00,0.00,1.72,0.00
ROCK - 000025,Rock,000025,Denver Twp,164,161,0,0,0,0,3,4,121,119,0,0,0,0,2,3,98.35,0.00,0.00,0.00,0.00,1.65,2.48
ROCK - 000030,Rock,000030,Hardwick,189,171,0,2,0,0,15,12,155,144,0,2,0,0,8,5,92.90,0.00,1.29,0.00,0.00,5.16,3.23
ROCK - 000035,Rock,000035,Hills,686,644,5,2,2,0,32,12,513,492,0,2,2,0,17,5,95.91,0.00,0.39,0.39,0.00,3.31,0.97
MEEKER - 000005,Meeker,000005,Acton Twp,386,367,1,0,4,0,9,11,310,293,1,0,4,0,7,8,94.52,0.32,0.00,1.29,0.00,2.26,2.58
MEEKER - 000010,Meeker,000010,Cedar Mills,62,59,0,0,0,0,3,2,50,48,0,0,0,0,2,1,96.00,0.00,0.00,0.00,0.00,4.00,2.00
MEEKER - 000015,Meeker,000015,Cedar Mills Twp,420,408,0,0,1,0,11,6,330,322,0,0,1,0,7,3,97.58,0.00,0.00,0.30,0.00,2.12,0.91
MEEKER - 000020,Meeker,000020,Collinwood Twp,1195,1139,0,5,4,0,41,17,888,856,0,1,4,0,22,10,96.40,0.00,0.11,0.45,0.00,2.48,1.13
MEEKER - 000025,Meeker,000025,Cosmos,507,462,1,0,1,0,24,34,408,384,1,0,0,0,11,20,94.12,0.25,0.00,0.00,0.00,2.70,4.90
MEEKER - 000030,Meeker,000030,Cosmos Twp,190,185,0,0,0,0,3,2,157,153,0,0,0,0,2,1,97.45,0.00,0.00,0.00,0.00,1.27,0.64
MEEKER - 000035,Meeker,000035,Danielson Twp,280,275,0,0,0,0,4,6,223,221,0,0,0,0,1,4,99.10,0.00,0.00,0.00,0.00,0.45,1.79
MEEKER - 000040,Meeker,000040,Darwin,348,324,2,1,2,0,19,6,268,253,2,1,1,0,11,4,94.40,0.75,0.37,0.37,0.00,4.10,1.49
MEEKER - 000045,Meeker,000045,Darwin Twp,678,639,1,0,0,0,24,17,536,509,1,0,0,0,20,8,94.96,0.19,0.00,0.00,0.00,3.73,1.49
MEEKER - 000070,Meeker,000070,Forest City Twp,635,615,2,0,5,0,10,6,495,479,2,0,5,0,9,3,96.77,0.40,0.00,1.01,0.00,1.82,0.61
MEEKER - 000050,Meeker,000050,Dassel,1472,1377,3,5,5,0,78,29,1105,1058,0,4,5,0,36,16,95.75,0.00,0.36,0.45,0.00,3.26,1.45
MEEKER - 000055,Meeker,000055,Dassel Twp,1601,1542,9,0,4,0,42,34,1128,1096,3,0,4,0,22,17,97.16,0.27,0.00,0.35,0.00,1.95,1.51
MEEKER - 000060,Meeker,000060,Eden Valley,549,520,1,3,2,0,21,11,404,391,1,2,2,0,7,7,96.78,0.25,0.50,0.50,0.00,1.73,1.73
MEEKER - 000065,Meeker,000065,Ellsworth Twp,841,792,0,1,3,0,42,11,692,660,0,1,2,0,29,4,95.38,0.00,0.14,0.29,0.00,4.19,0.58
MEEKER - 000075,Meeker,000075,Forest Prairie Twp,987,961,0,1,0,1,8,8,726,717,0,1,0,0,3,2,98.76,0.00,0.14,0.00,0.00,0.41,0.28
MEEKER - 000090,Meeker,000090,Harvey Twp,377,361,0,0,1,0,10,10,293,283,0,0,1,0,5,8,96.59,0.00,0.00,0.34,0.00,1.71,2.73
MEEKER - 000080,Meeker,000080,Greenleaf Twp,744,727,3,1,4,0,8,3,596,582,3,0,4,0,7,2,97.65,0.50,0.00,0.67,0.00,1.17,0.34
MEEKER - 000085,Meeker,000085,Grove City,624,574,1,0,0,0,39,30,466,436,1,0,0,0,19,17,93.56,0.21,0.00,0.00,0.00,4.08,3.65
MEEKER - 000095,Meeker,000095,Kingston,184,169,0,2,0,0,13,6,125,118,0,2,0,0,5,3,94.40,0.00,1.60,0.00,0.00,4.00,2.40
MEEKER - 000100,Meeker,000100,Kingston Twp,1258,1216,2,0,0,0,34,8,910,889,0,0,0,0,18,4,97.69,0.00,0.00,0.00,0.00,1.98,0.44
MEEKER - 000130,Meeker,000130,Litchfield Twp,828,800,2,2,6,0,15,29,676,656,2,0,5,0,10,20,97.04,0.30,0.00,0.74,0.00,1.48,2.96
MEEKER - 000105,Meeker,000105,Litchfield W-1,1416,1296,20,1,0,2,56,77,1096,1028,13,0,0,1,36,40,93.80,1.19,0.00,0.00,0.09,3.28,3.65
MEEKER - 000115,Meeker,000115,Litchfield W-3,1220,1104,6,3,4,0,54,99,923,858,5,1,3,0,22,53,92.96,0.54,0.11,0.33,0.00,2.38,5.74
MEEKER - 000125,Meeker,000125,Litchfield W-5,1299,1101,9,3,2,0,99,193,975,856,2,0,2,0,58,107,87.79,0.21,0.00,0.21,0.00,5.95,10.97
MEEKER - 000120,Meeker,000120,Litchfield W-4,1240,1073,16,7,5,2,94,123,971,864,13,6,1,2,55,73,88.98,1.34,0.62,0.10,0.21,5.66,7.52
MEEKER - 000110,Meeker,000110,Litchfield W-2,1449,1303,4,5,4,0,91,103,1119,1027,4,1,3,0,58,60,91.78,0.36,0.09,0.27,0.00,5.18,5.36
MEEKER - 000135,Meeker,000135,Manannah Twp,577,566,2,0,1,0,8,3,439,428,2,0,1,0,8,3,97.49,0.46,0.00,0.23,0.00,1.82,0.68
MEEKER - 000145,Meeker,000145,Union Grove Twp,681,649,5,0,1,0,15,17,497,480,3,0,1,0,6,6,96.58,0.60,0.00,0.20,0.00,1.21,1.21
MEEKER - 000140,Meeker,000140,Swede Grove Twp,361,341,0,0,0,0,9,19,272,257,0,0,0,0,8,12,94.49,0.00,0.00,0.00,0.00,2.94,4.41
MEEKER - 000150,Meeker,000150,Watkins,991,920,3,8,0,0,46,30,749,701,2,8,0,0,30,18,93.59,0.27,1.07,0.00,0.00,4.01,2.40
ROCK - 000040,Rock,000040,Jasper,60,53,0,3,0,0,2,3,43,40,0,1,0,0,0,2,93.02,0.00,2.33,0.00,0.00,0.00,4.65
ROCK - 000045,Rock,000045,Kanaranzi Twp,249,238,2,0,2,0,7,3,189,182,0,0,2,0,5,3,96.30,0.00,0.00,1.06,0.00,2.65,1.59
ROCK - 000050,Rock,000050,Kenneth,60,48,1,5,0,0,5,5,47,41,1,1,0,0,3,1,87.23,2.13,2.13,0.00,0.00,6.38,2.13
ROCK - 000065,Rock,000065,Luverne W-2 P-SE,1646,1434,18,13,23,0,124,120,1248,1118,14,9,13,0,69,76,89.58,1.12,0.72,1.04,0.00,5.53,6.09
ROCK - 000055,Rock,000055,Luverne W-1 P-NE,2092,1925,12,7,6,4,90,107,1557,1460,8,7,3,1,49,60,93.77,0.51,0.45,0.19,0.06,3.15,3.85
ROCK - 000070,Rock,000070,Luverne W-2 P-SW,666,623,7,0,2,0,32,27,509,487,2,0,2,0,18,10,95.68,0.39,0.00,0.39,0.00,3.54,1.96
ROCK - 000060,Rock,000060,Luverne W-1 P-NW,542,527,0,0,3,0,11,7,390,382,0,0,3,0,4,5,97.95,0.00,0.00,0.77,0.00,1.03,1.28
ROCK - 000077,Rock,000077,Luverne Twp P-2,239,227,1,0,0,0,8,6,186,177,0,0,0,0,8,4,95.16,0.00,0.00,0.00,0.00,4.30,2.15
ROCK - 000075,Rock,000075,Luverne Twp P-1,229,220,0,0,1,0,8,5,171,163,0,0,1,0,7,5,95.32,0.00,0.00,0.58,0.00,4.09,2.92
ROCK - 000080,Rock,000080,Magnolia,196,140,3,14,19,1,16,20,142,109,0,5,14,0,12,14,76.76,0.00,3.52,9.86,0.00,8.45,9.86
ROCK - 000085,Rock,000085,Magnolia Twp,222,221,0,0,0,0,1,0,160,159,0,0,0,0,1,0,99.38,0.00,0.00,0.00,0.00,0.62,0.00
ROCK - 000090,Rock,000090,Martin Twp,382,364,1,0,1,0,14,5,275,269,0,0,1,0,5,0,97.82,0.00,0.00,0.36,0.00,1.82,0.00
ROCK - 000095,Rock,000095,Mound Twp,235,219,0,1,0,1,4,10,178,167,0,1,0,0,4,6,93.82,0.00,0.56,0.00,0.00,2.25,3.37
ROCK - 000100,Rock,000100,Rose Dell Twp,154,153,0,1,0,0,0,2,132,132,0,0,0,0,0,1,100.00,0.00,0.00,0.00,0.00,0.00,0.76
ROCK - 000105,Rock,000105,Springwater Twp,267,266,0,0,0,0,1,0,193,193,0,0,0,0,0,0,100.00,0.00,0.00,0.00,0.00,0.00,0.00
ROCK - 000110,Rock,000110,Steen,171,168,0,1,0,0,2,0,128,125,0,1,0,0,2,0,97.66,0.00,0.78,0.00,0.00,1.56,0.00
JACKSON - 000005,Jackson,000005,Alba Twp,166,161,1,0,0,0,3,11,121,120,1,0,0,0,0,3,99.17,0.83,0.00,0.00,0.00,0.00,2.48
JACKSON - 000010,Jackson,000010,Alpha,97,94,0,0,1,0,1,1,82,80,0,0,1,0,0,0,97.56,0.00,0.00,1.22,0.00,0.00,0.00
JACKSON - 000015,Jackson,000015,Belmont Twp,217,204,3,1,0,0,3,5,162,153,0,1,0,0,2,5,94.44,0.00,0.62,0.00,0.00,1.23,3.09
JACKSON - 000020,Jackson,000020,Christiania Twp,266,263,0,0,2,0,1,0,219,216,0,0,2,0,1,0,98.63,0.00,0.00,0.91,0.00,0.46,0.00
JACKSON - 000025,Jackson,000025,Delafield Twp,223,219,0,0,0,0,2,4,180,178,0,0,0,0,1,2,98.89,0.00,0.00,0.00,0.00,0.56,1.11
JACKSON - 000030,Jackson,000030,Des Moines Twp,236,228,0,0,1,0,7,2,184,180,0,0,1,0,3,0,97.83,0.00,0.00,0.54,0.00,1.63,0.00
JACKSON - 000035,Jackson,000035,Enterprise Twp,181,171,0,3,2,0,5,4,134,128,0,2,1,0,3,4,95.52,0.00,1.49,0.75,0.00,2.24,2.99
JACKSON - 000040,Jackson,000040,Ewington Twp,213,193,1,1,4,0,6,10,179,166,1,1,3,0,3,7,92.74,0.56,0.56,1.68,0.00,1.68,3.91
JACKSON - 000045,Jackson,000045,Heron Lake,602,508,10,0,4,0,29,78,454,402,7,0,2,0,12,43,88.55,1.54,0.00,0.44,0.00,2.64,9.47
JACKSON - 000050,Jackson,000050,Heron Lake Twp,305,299,0,0,1,0,5,2,236,233,0,0,1,0,2,2,98.73,0.00,0.00,0.42,0.00,0.85,0.85
JACKSON - 000055,Jackson,000055,Hunter Twp,211,207,2,0,0,0,0,2,163,160,1,0,0,0,0,2,98.16,0.61,0.00,0.00,0.00,0.00,1.23
JACKSON - 000060,Jackson,000060,Jackson W-1,1598,1405,19,10,26,0,99,59,1266,1142,13,10,18,0,53,39,90.21,1.03,0.79,1.42,0.00,4.19,3.08
JACKSON - 000070,Jackson,000070,Jackson W-2,1725,1476,63,8,60,0,89,81,1299,1140,39,8,51,0,41,40,87.76,3.00,0.62,3.93,0.00,3.16,3.08
JACKSON - 000080,Jackson,000080,Kimball Twp,100,98,0,0,0,0,2,0,88,87,0,0,0,0,1,0,98.86,0.00,0.00,0.00,0.00,1.14,0.00
COTTONWOOD - 000005,Cottonwood,000005,Amboy Twp,142,140,0,0,0,0,0,2,118,116,0,0,0,0,0,2,98.31,0.00,0.00,0.00,0.00,0.00,1.69
COTTONWOOD - 000010,Cottonwood,000010,Amo Twp,121,118,0,0,1,0,0,0,89,86,0,0,1,0,0,0,96.63,0.00,0.00,1.12,0.00,0.00,0.00
COTTONWOOD - 000015,Cottonwood,000015,Ann Twp,160,157,0,0,2,0,1,0,122,120,0,0,2,0,0,0,98.36,0.00,0.00,1.64,0.00,0.00,0.00
COTTONWOOD - 000020,Cottonwood,000020,Bingham Lake,137,124,0,2,1,4,5,2,101,91,0,2,1,3,3,1,90.10,0.00,1.98,0.99,2.97,2.97,0.99
COTTONWOOD - 000025,Cottonwood,000025,Carson Twp,283,264,1,0,1,0,9,10,222,210,1,0,1,0,4,6,94.59,0.45,0.00,0.45,0.00,1.80,2.70
COTTONWOOD - 000030,Cottonwood,000030,Comfrey,14,12,0,0,0,0,2,2,11,9,0,0,0,0,2,2,81.82,0.00,0.00,0.00,0.00,18.18,18.18
COTTONWOOD - 000035,Cottonwood,000035,Dale Twp,145,138,0,0,0,0,6,1,115,109,0,0,0,0,5,0,94.78,0.00,0.00,0.00,0.00,4.35,0.00
COTTONWOOD - 000040,Cottonwood,000040,Delton Twp,131,122,0,0,1,0,6,5,97,93,0,0,1,0,1,2,95.88,0.00,0.00,1.03,0.00,1.03,2.06
COTTONWOOD - 000047,Cottonwood,000047,Germantown Twp P-2,53,48,0,0,0,0,2,1,43,41,0,0,0,0,1,1,95.35,0.00,0.00,0.00,0.00,2.33,2.33
COTTONWOOD - 000045,Cottonwood,000045,Germantown Twp P-1,118,114,0,0,0,0,4,3,101,99,0,0,0,0,2,3,98.02,0.00,0.00,0.00,0.00,1.98,2.97
COTTONWOOD - 000050,Cottonwood,000050,Great Bend Twp,314,311,0,0,0,0,3,2,235,232,0,0,0,0,3,0,98.72,0.00,0.00,0.00,0.00,1.28,0.00
COTTONWOOD - 000055,Cottonwood,000055,Highwater Twp,143,143,0,0,0,0,0,0,111,111,0,0,0,0,0,0,100.00,0.00,0.00,0.00,0.00,0.00,0.00
COTTONWOOD - 000060,Cottonwood,000060,Jeffers,349,316,0,1,0,0,21,26,266,243,0,1,0,0,11,20,91.35,0.00,0.38,0.00,0.00,4.14,7.52
COTTONWOOD - 000065,Cottonwood,000065,Lakeside Twp,237,224,0,1,1,1,8,5,189,183,0,0,0,1,4,4,96.83,0.00,0.00,0.00,0.53,2.12,2.12
COTTONWOOD - 000070,Cottonwood,000070,Midway Twp,221,214,0,0,2,0,3,4,169,163,0,0,2,0,2,3,96.45,0.00,0.00,1.18,0.00,1.18,1.78
COTTONWOOD - 000075,Cottonwood,000075,Mountain Lake,1999,1426,19,4,246,5,109,281,1503,1120,15,4,186,5,54,165,74.52,1.00,0.27,12.38,0.33,3.59,10.98
COTTONWOOD - 000085,Cottonwood,000085,Mountain Lake Twp,315,302,1,0,1,2,6,7,207,200,0,0,0,1,4,4,96.62,0.00,0.00,0.00,0.48,1.93,1.93
COTTONWOOD - 000090,Cottonwood,000090,Rosehill Twp,129,123,0,0,2,0,3,1,106,101,0,0,2,0,2,0,95.28,0.00,0.00,1.89,0.00,1.89,0.00
COTTONWOOD - 000095,Cottonwood,000095,Selma Twp,170,158,0,1,2,1,4,6,142,132,0,1,2,1,3,4,92.96,0.00,0.70,1.41,0.70,2.11,2.82
COTTONWOOD - 000100,Cottonwood,000100,Southbrook Twp,74,72,0,0,0,0,2,0,55,54,0,0,0,0,1,0,98.18,0.00,0.00,0.00,0.00,1.82,0.00
COTTONWOOD - 000105,Cottonwood,000105,Springfield Twp,118,115,0,0,1,0,2,2,97,95,0,0,1,0,1,0,97.94,0.00,0.00,1.03,0.00,1.03,0.00
COTTONWOOD - 000110,Cottonwood,000110,Storden,225,196,0,1,6,0,12,11,168,151,0,0,3,0,4,9,89.88,0.00,0.00,1.79,0.00,2.38,5.36
COTTONWOOD - 000115,Cottonwood,000115,Storden Twp,165,161,0,0,1,0,2,1,128,125,0,0,1,0,1,1,97.66,0.00,0.00,0.78,0.00,0.78,0.78
COTTONWOOD - 000120,Cottonwood,000120,Westbrook,758,694,1,3,13,0,36,28,606,558,1,2,9,0,28,20,92.08,0.17,0.33,1.49,0.00,4.62,3.30
COTTONWOOD - 000125,Cottonwood,000125,Westbrook Twp,198,191,0,1,5,0,1,1,163,156,0,1,5,0,1,1,95.71,0.00,0.61,3.07,0.00,0.61,0.61
COTTONWOOD - 000130,Cottonwood,000130,Windom W-1 P-1,1128,840,24,11,28,34,90,167,883,714,16,6,22,21,50,90,80.86,1.81,0.68,2.49,2.38,5.66,10.19
COTTONWOOD - 000145,Cottonwood,000145,Windom W-2 P-2,1209,910,34,11,17,6,84,239,876,705,24,8,12,4,39,146,80.48,2.74,0.91,1.37,0.46,4.45,16.67
COTTONWOOD - 000135,Cottonwood,000135,Windom W-1 P-2,1271,1095,21,5,13,5,59,118,940,853,7,3,7,3,28,54,90.74,0.74,0.32,0.74,0.32,2.98,5.74
COTTONWOOD - 000140,Cottonwood,000140,Windom W-2 P-1,1190,889,42,10,25,22,95,190,906,708,27,9,15,15,63,125,78.15,2.98,0.99,1.66,1.66,6.95,13.80
AITKIN - 000035,Aitkin,000035,Cornish Twp,45,38,0,1,0,0,6,2,38,32,0,0,0,0,6,1,84.21,0.00,0.00,0.00,0.00,15.79,2.63
AITKIN - 000038,Aitkin,000038,Unorg 47-24 (Davidson Unorg),42,39,0,0,0,0,3,0,34,31,0,0,0,0,3,0,91.18,0.00,0.00,0.00,0.00,8.82,0.00
AITKIN - 000040,Aitkin,000040,Farm Island Twp,995,950,0,0,0,0,43,15,879,853,0,0,0,0,25,7,97.04,0.00,0.00,0.00,0.00,2.84,0.80
AITKIN - 000045,Aitkin,000045,Fleming Twp,329,310,0,0,4,0,15,3,294,280,0,0,4,0,10,2,95.24,0.00,0.00,1.36,0.00,3.40,0.68
AITKIN - 000050,Aitkin,000050,Glen Twp,432,410,4,4,1,0,9,2,370,355,1,4,1,0,6,1,95.95,0.27,1.08,0.27,0.00,1.62,0.27
AITKIN - 000055,Aitkin,000055,Haugen Twp,153,146,1,0,0,0,6,5,138,134,0,0,0,0,4,3,97.10,0.00,0.00,0.00,0.00,2.90,2.17
AITKIN - 000060,Aitkin,000060,Hazelton Twp,792,747,1,5,0,0,39,6,695,663,1,4,0,0,27,5,95.40,0.14,0.58,0.00,0.00,3.88,0.72
AITKIN - 000065,Aitkin,000065,Hill City,613,567,2,5,1,0,37,5,488,458,1,5,1,0,22,1,93.85,0.20,1.02,0.20,0.00,4.51,0.20
AITKIN - 000070,Aitkin,000070,Hill Lake Twp,435,407,0,6,0,0,22,2,337,321,0,0,0,0,16,0,95.25,0.00,0.00,0.00,0.00,4.75,0.00
AITKIN - 000080,Aitkin,000080,Jevne Twp,334,316,1,9,0,0,8,3,268,256,0,6,0,0,6,2,95.52,0.00,2.24,0.00,0.00,2.24,0.75
AITKIN - 000082,Aitkin,000082,Unorg 45-24 (Jewett Unorg),45,39,0,3,0,0,3,0,41,35,0,3,0,0,3,0,85.37,0.00,7.32,0.00,0.00,7.32,0.00
AITKIN - 000085,Aitkin,000085,Kimberly Twp,188,176,0,1,0,0,11,3,163,153,0,1,0,0,9,2,93.87,0.00,0.61,0.00,0.00,5.52,1.23
AITKIN - 000075,Aitkin,000075,Idun Twp,222,216,0,0,1,0,4,2,176,172,0,0,1,0,2,2,97.73,0.00,0.00,0.57,0.00,1.14,1.14
AITKIN - 000090,Aitkin,000090,Lakeside Twp,504,475,1,14,1,0,9,5,445,423,1,8,1,0,9,5,95.06,0.22,1.80,0.22,0.00,2.02,1.12
AITKIN - 000095,Aitkin,000095,Lee Twp,38,37,0,0,0,0,1,1,35,34,0,0,0,0,1,1,97.14,0.00,0.00,0.00,0.00,2.86,2.86
AITKIN - 000105,Aitkin,000105,Libby Twp P-West,23,21,0,1,0,0,1,0,23,21,0,1,0,0,1,0,91.30,0.00,4.35,0.00,0.00,4.35,0.00
AITKIN - 000100,Aitkin,000100,Libby Twp P-East,20,20,0,0,0,0,0,0,20,20,0,0,0,0,0,0,100.00,0.00,0.00,0.00,0.00,0.00,0.00
AITKIN - 000110,Aitkin,000110,Logan Twp,185,180,0,0,0,0,5,0,152,149,0,0,0,0,3,0,98.03,0.00,0.00,0.00,0.00,1.97,0.00
AITKIN - 000120,Aitkin,000120,McGregor,384,340,8,9,0,0,23,9,289,267,7,7,0,0,7,3,92.39,2.42,2.42,0.00,0.00,2.42,1.04
AITKIN - 000125,Aitkin,000125,McGregor Twp,96,94,0,1,0,0,1,1,87,86,0,1,0,0,0,0,98.85,0.00,1.15,0.00,0.00,0.00,0.00
AITKIN - 000130,Aitkin,000130,Macville Twp,170,159,1,2,0,0,8,4,139,136,0,0,0,0,3,4,97.84,0.00,0.00,0.00,0.00,2.16,2.88
AITKIN - 000115,Aitkin,000115,McGrath,41,39,0,0,0,0,2,0,40,38,0,0,0,0,2,0,95.00,0.00,0.00,0.00,0.00,5.00,0.00
AITKIN - 000135,Aitkin,000135,Malmo Twp,353,322,4,0,1,0,26,0,305,286,0,0,1,0,18,0,93.77,0.00,0.00,0.33,0.00,5.90,0.00
AITKIN - 000132,Aitkin,000132,Millward Twp,60,57,0,0,0,0,1,0,47,44,0,0,0,0,1,0,93.62,0.00,0.00,0.00,0.00,2.13,0.00
AITKIN - 000140,Aitkin,000140,Morrison Twp,180,167,0,4,0,0,8,2,145,136,0,3,0,0,5,1,93.79,0.00,2.07,0.00,0.00,3.45,0.69
AITKIN - 000145,Aitkin,000145,Nordland Twp,983,938,0,1,6,0,36,16,826,801,0,1,2,0,20,5,96.97,0.00,0.12,0.24,0.00,2.42,0.61
AITKIN - 000240,Aitkin,000240,Northeast Aitkin Unorg,48,41,0,2,1,0,4,0,36,32,0,2,1,0,1,0,88.89,0.00,5.56,2.78,0.00,2.78,0.00
AITKIN - 000290,Aitkin,000290,Northwest Aitkin Unorg P-1,93,91,0,0,0,0,2,0,63,61,0,0,0,0,2,0,96.83,0.00,0.00,0.00,0.00,3.17,0.00
AITKIN - 000285,Aitkin,000285,Unorg 51-27 (Lemay Unorg),71,64,0,1,0,0,6,0,57,53,0,1,0,0,3,0,92.98,0.00,1.75,0.00,0.00,5.26,0.00
AITKIN - 000260,Aitkin,000260,Northwest Aitkin Unorg P-2,124,118,1,1,1,0,3,0,115,110,0,1,1,0,3,0,95.65,0.00,0.87,0.87,0.00,2.61,0.00
AITKIN - 000255,Aitkin,000255,Unorg 48-27 (Blind Lake Unorg),27,27,0,0,0,0,0,0,26,26,0,0,0,0,0,0,100.00,0.00,0.00,0.00,0.00,0.00,0.00
AITKIN - 000155,Aitkin,000155,Pliny Twp,116,115,0,0,0,0,1,0,97,96,0,0,0,0,1,0,98.97,0.00,0.00,0.00,0.00,1.03,0.00
AITKIN - 000160,Aitkin,000160,Rice River Twp,120,119,0,0,0,0,1,0,100,100,0,0,0,0,0,0,100.00,0.00,0.00,0.00,0.00,0.00,0.00
AITKIN - 000165,Aitkin,000165,Salo Twp,85,77,0,0,0,0,6,1,68,66,0,0,0,0,1,0,97.06,0.00,0.00,0.00,0.00,1.47,0.00
AITKIN - 000170,Aitkin,000170,Seavey Twp,64,59,2,1,0,0,2,1,58,54,2,1,0,0,1,0,93.10,3.45,1.72,0.00,0.00,1.72,0.00
AITKIN - 000175,Aitkin,000175,Shamrock Twp,1216,1094,2,76,0,1,41,15,1039,964,0,45,0,0,28,9,92.78,0.00,4.33,0.00,0.00,2.69,0.87
AITKIN - 000180,Aitkin,000180,Spalding Twp,320,141,0,155,0,0,23,24,195,95,0,90,0,0,10,14,48.72,0.00,46.15,0.00,0.00,5.13,7.18
AITKIN - 000185,Aitkin,000185,Spencer Twp,522,501,2,3,3,0,11,3,407,394,1,2,1,0,8,1,96.81,0.25,0.49,0.25,0.00,1.97,0.25
AITKIN - 000190,Aitkin,000190,Tamarack,62,49,1,0,0,0,9,5,55,44,1,0,0,0,7,3,80.00,1.82,0.00,0.00,0.00,12.73,5.45
AITKIN - 000195,Aitkin,000195,Turner Twp,137,116,0,15,0,0,6,3,122,107,0,11,0,0,4,2,87.70,0.00,9.02,0.00,0.00,3.28,1.64
AITKIN - 000200,Aitkin,000200,Verdon Twp,40,38,0,1,0,0,1,4,36,35,0,0,0,0,1,3,97.22,0.00,0.00,0.00,0.00,2.78,8.33
AITKIN - 000205,Aitkin,000205,Wagner Twp,335,310,0,9,1,0,13,4,273,261,0,2,1,0,8,3,95.60,0.00,0.73,0.37,0.00,2.93,1.10
AITKIN - 000210,Aitkin,000210,Waukenabo Twp,312,307,0,0,0,0,5,1,271,267,0,0,0,0,4,1,98.52,0.00,0.00,0.00,0.00,1.48,0.37
AITKIN - 000215,Aitkin,000215,Wealthwood Twp,251,236,1,4,2,0,8,5,232,220,1,4,2,0,5,3,94.83,0.43,1.72,0.86,0.00,2.16,1.29
AITKIN - 000220,Aitkin,000220,White Pine Twp,38,31,2,0,0,0,4,2,27,26,1,0,0,0,0,0,96.30,3.70,0.00,0.00,0.00,0.00,0.00
AITKIN - 000225,Aitkin,000225,Williams Twp,120,112,1,0,0,0,5,2,112,106,1,0,0,0,5,0,94.64,0.89,0.00,0.00,0.00,4.46,0.00
TODD - 000145,Todd,000145,Osakis,141,128,7,0,1,0,4,3,122,111,6,0,0,0,4,2,90.98,4.92,0.00,0.00,0.00,3.28,1.64
TODD - 000150,Todd,000150,Reynolds Twp,735,702,3,0,0,0,17,28,498,481,2,0,0,0,11,14,96.59,0.40,0.00,0.00,0.00,2.21,2.81
TODD - 000155,Todd,000155,Round Prairie Twp,714,683,0,2,0,0,17,18,516,501,0,2,0,0,7,8,97.09,0.00,0.39,0.00,0.00,1.36,1.55
TODD - 000160,Todd,000160,Staples,2121,1959,15,22,7,0,91,61,1611,1515,8,20,7,0,46,31,94.04,0.50,1.24,0.43,0.00,2.86,1.92
TODD - 000165,Todd,000165,Staples Twp,597,571,2,1,0,0,15,23,463,447,2,0,0,0,8,15,96.54,0.43,0.00,0.00,0.00,1.73,3.24
TODD - 000170,Todd,000170,Stowe Prairie Twp,488,462,0,5,0,0,20,2,360,344,0,5,0,0,11,2,95.56,0.00,1.39,0.00,0.00,3.06,0.56
TODD - 000175,Todd,000175,Turtle Creek Twp,270,252,0,0,0,0,18,4,222,210,0,0,0,0,12,0,94.59,0.00,0.00,0.00,0.00,5.41,0.00
TODD - 000180,Todd,000180,Villard Twp,667,621,2,0,3,0,27,12,503,474,2,0,3,0,16,8,94.23,0.40,0.00,0.60,0.00,3.18,1.59
TODD - 000185,Todd,000185,Ward Twp,474,444,0,0,1,0,27,8,352,337,0,0,1,0,12,5,95.74,0.00,0.00,0.28,0.00,3.41,1.42
TODD - 000188,Todd,000188,West Union,92,87,0,0,0,0,3,1,72,67,0,0,0,0,3,1,93.06,0.00,0.00,0.00,0.00,4.17,1.39
TODD - 000190,Todd,000190,West Union Twp,264,260,0,1,1,0,1,1,189,186,0,0,1,0,1,1,98.41,0.00,0.00,0.53,0.00,0.53,0.53
TODD - 000195,Todd,000195,Wykeham Twp,405,391,0,3,4,0,2,7,300,293,0,1,4,0,1,2,97.67,0.00,0.33,1.33,0.00,0.33,0.67
MARSHALL - 000150,Marshall,000150,Middle River,304,291,0,1,0,0,10,7,236,225,0,0,0,0,10,3,95.34,0.00,0.00,0.00,0.00,4.24,1.27
MARSHALL - 000155,Marshall,000155,Middle River Twp,80,78,0,0,0,0,2,1,59,57,0,0,0,0,2,1,96.61,0.00,0.00,0.00,0.00,3.39,1.69
MARSHALL - 000160,Marshall,000160,Moose River Twp,28,26,0,0,0,0,0,2,23,21,0,0,0,0,0,2,91.30,0.00,0.00,0.00,0.00,0.00,8.70
MARSHALL - 000165,Marshall,000165,Moylan Twp,96,89,0,0,0,0,7,2,83,80,0,0,0,0,3,2,96.39,0.00,0.00,0.00,0.00,3.61,2.41
MARSHALL - 000166,Marshall,000166,Mud Lake Unorg,0,0,0,0,0,0,0,0,0,0,0,0,0,0,0,0,0.00,0.00,0.00,0.00,0.00,0.00,0.00
MARSHALL - 000170,Marshall,000170,Nelson Park Twp,124,115,0,1,0,0,8,7,101,100,0,1,0,0,0,0,99.01,0.00,0.99,0.00,0.00,0.00,0.00
MARSHALL - 000175,Marshall,000175,Newfolden,352,340,0,2,0,0,10,2,256,247,0,2,0,0,7,0,96.48,0.00,0.78,0.00,0.00,2.73,0.00
MARSHALL - 000180,Marshall,000180,New Folden Twp,216,210,0,2,1,0,3,1,161,158,0,2,0,0,1,0,98.14,0.00,1.24,0.00,0.00,0.62,0.00
MARSHALL - 000185,Marshall,000185,New Maine Twp,200,196,0,0,0,0,4,2,151,149,0,0,0,0,2,1,98.68,0.00,0.00,0.00,0.00,1.32,0.66
MARSHALL - 000190,Marshall,000190,New Solum Twp,315,298,0,1,0,0,15,8,233,224,0,0,0,0,8,0,96.14,0.00,0.00,0.00,0.00,3.43,0.00
MARSHALL - 000195,Marshall,000195,Oak Park Twp,111,108,0,0,0,0,3,0,92,92,0,0,0,0,0,0,100.00,0.00,0.00,0.00,0.00,0.00,0.00
MARSHALL - 000200,Marshall,000200,Oslo,239,189,0,0,0,0,36,54,188,156,0,0,0,0,18,35,82.98,0.00,0.00,0.00,0.00,9.57,18.62
MARSHALL - 000205,Marshall,000205,Parker Twp,36,36,0,0,0,0,0,0,28,28,0,0,0,0,0,0,100.00,0.00,0.00,0.00,0.00,0.00,0.00
MARSHALL - 000210,Marshall,000210,Rollis Twp,102,97,0,0,3,0,2,1,84,80,0,0,3,0,1,0,95.24,0.00,0.00,3.57,0.00,1.19,0.00
MARSHALL - 000215,Marshall,000215,Sinnott Twp,26,26,0,0,0,0,0,0,24,24,0,0,0,0,0,0,100.00,0.00,0.00,0.00,0.00,0.00,0.00
MARSHALL - 000220,Marshall,000220,Spruce Valley Twp,239,230,0,0,0,0,9,6,181,174,0,0,0,0,7,4,96.13,0.00,0.00,0.00,0.00,3.87,2.21
MARSHALL - 000225,Marshall,000225,Stephen,592,558,0,0,0,0,22,48,475,450,0,0,0,0,14,35,94.74,0.00,0.00,0.00,0.00,2.95,7.37
MARSHALL - 000230,Marshall,000230,Strandquist,70,66,0,0,0,0,4,1,54,53,0,0,0,0,1,0,98.15,0.00,0.00,0.00,0.00,1.85,0.00
MARSHALL - 000235,Marshall,000235,Tamarac Twp,72,71,0,0,0,0,1,0,56,55,0,0,0,0,1,0,98.21,0.00,0.00,0.00,0.00,1.79,0.00
MARSHALL - 000240,Marshall,000240,Thief Lake Twp,30,26,0,0,0,0,4,0,29,26,0,0,0,0,3,0,89.66,0.00,0.00,0.00,0.00,10.34,0.00
MARSHALL - 000245,Marshall,000245,Valley Twp,135,133,0,0,0,0,2,0,100,100,0,0,0,0,0,0,100.00,0.00,0.00,0.00,0.00,0.00,0.00
MARSHALL - 000250,Marshall,000250,Vega Twp,135,128,0,1,0,0,5,3,101,97,0,1,0,0,3,2,96.04,0.00,0.99,0.00,0.00,2.97,1.98
MARSHALL - 000255,Marshall,000255,Veldt Twp,45,43,1,0,1,0,0,1,36,35,0,0,1,0,0,0,97.22,0.00,0.00,2.78,0.00,0.00,0.00
MARSHALL - 000260,Marshall,000260,Viking,79,72,0,0,0,0,7,1,63,61,0,0,0,0,2,0,96.83,0.00,0.00,0.00,0.00,3.17,0.00
MARSHALL - 000265,Marshall,000265,Viking Twp,175,167,0,0,0,0,7,4,133,129,0,0,0,0,4,3,96.99,0.00,0.00,0.00,0.00,3.01,2.26
MARSHALL - 000270,Marshall,000270,Wanger Twp,73,69,0,0,0,0,4,2,57,55,0,0,0,0,2,2,96.49,0.00,0.00,0.00,0.00,3.51,3.51
MARSHALL - 000275,Marshall,000275,Warren,1605,1489,5,14,4,0,58,97,1205,1128,5,8,2,0,38,59,93.61,0.41,0.66,0.17,0.00,3.15,4.90
MARSHALL - 000285,Marshall,000285,Warrenton Twp,101,96,0,0,0,0,4,4,71,66,0,0,0,0,4,3,92.96,0.00,0.00,0.00,0.00,5.63,4.23
MARSHALL - 000290,Marshall,000290,West Valley Twp,158,153,0,0,0,0,4,6,115,114,0,0,0,0,1,2,99.13,0.00,0.00,0.00,0.00,0.87,1.74
MARSHALL - 000295,Marshall,000295,Whiteford Twp,41,40,0,0,0,0,1,0,34,33,0,0,0,0,1,0,97.06,0.00,0.00,0.00,0.00,2.94,0.00
MARSHALL - 000300,Marshall,000300,Wright Twp,93,91,0,0,0,0,2,1,73,72,0,0,0,0,1,0,98.63,0.00,0.00,0.00,0.00,1.37,0.00
PINE - 000010,Pine,000010,Arna Twp,86,84,0,1,0,0,1,1,74,72,0,1,0,0,1,1,97.30,0.00,1.35,0.00,0.00,1.35,1.35
PINE - 000005,Pine,000005,Arlone Twp,342,300,3,7,5,0,25,10,285,259,2,5,5,0,14,5,90.88,0.70,1.75,1.75,0.00,4.91,1.75
PINE - 000015,Pine,000015,Askov,331,300,2,6,0,0,23,2,276,255,2,5,0,0,14,1,92.39,0.72,1.81,0.00,0.00,5.07,0.36
PINE - 000020,Pine,000020,Barry Twp,550,430,4,75,3,0,32,18,425,357,2,46,2,0,15,13,84.00,0.47,10.82,0.47,0.00,3.53,3.06
PINE - 000025,Pine,000025,Birch Creek Twp,228,224,0,0,0,0,3,9,171,169,0,0,0,0,2,8,98.83,0.00,0.00,0.00,0.00,1.17,4.68
PINE - 000030,Pine,000030,Bremen Twp,221,213,0,0,1,0,7,0,188,182,0,0,1,0,5,0,96.81,0.00,0.00,0.53,0.00,2.66,0.00
PINE - 000035,Pine,000035,Brook Park,132,113,1,1,0,0,17,9,96,84,1,1,0,0,10,6,87.50,1.04,1.04,0.00,0.00,10.42,6.25
PINE - 000040,Pine,000040,Brook Park Twp,475,440,2,5,1,2,20,6,378,361,0,1,0,0,11,1,95.50,0.00,0.26,0.00,0.00,2.91,0.26
PINE - 000045,Pine,000045,Bruno,85,76,1,1,0,0,4,0,70,65,1,0,0,0,1,0,92.86,1.43,0.00,0.00,0.00,1.43,0.00
PINE - 000050,Pine,000050,Bruno Twp,176,170,0,1,0,0,5,3,142,138,0,0,0,0,4,2,97.18,0.00,0.00,0.00,0.00,2.82,1.41
PINE - 000055,Pine,000055,Chengwatana Twp,917,847,4,7,6,0,38,3,707,667,3,6,1,0,21,2,94.34,0.42,0.85,0.14,0.00,2.97,0.28
PINE - 000060,Pine,000060,Clover Twp,366,326,1,16,4,0,19,12,287,266,0,8,0,0,13,3,92.68,0.00,2.79,0.00,0.00,4.53,1.05
PINE - 000065,Pine,000065,Crosby Twp,85,74,0,1,1,0,8,1,60,53,0,0,1,0,5,1,88.33,0.00,0.00,1.67,0.00,8.33,1.67
PINE - 000070,Pine,000070,Danforth Twp,79,71,1,3,1,0,3,2,69,64,0,2,0,0,3,2,92.75,0.00,2.90,0.00,0.00,4.35,2.90
PINE - 000075,Pine,000075,Dell Grove Twp,752,695,1,5,9,0,36,6,578,544,1,2,8,0,21,1,94.12,0.17,0.35,1.38,0.00,3.63,0.17
PINE - 000080,Pine,000080,Denham,37,26,0,0,0,0,1,7,30,23,0,0,0,0,0,6,76.67,0.00,0.00,0.00,0.00,0.00,20.00
PINE - 000085,Pine,000085,Finlayson,295,269,3,11,1,0,11,13,235,218,3,11,1,0,2,7,92.77,1.28,4.68,0.43,0.00,0.85,2.98
PINE - 000090,Pine,000090,Finlayson Twp,473,435,5,4,4,0,19,10,365,336,2,4,2,0,16,9,92.05,0.55,1.10,0.55,0.00,4.38,2.47
PINE - 000095,Pine,000095,Fleming Twp,130,114,0,1,0,0,14,3,105,95,0,1,0,0,8,3,90.48,0.00,0.95,0.00,0.00,7.62,2.86
PINE - 000105,Pine,000105,Hinckley,1904,1347,23,324,42,1,148,50,1357,1041,6,198,30,0,71,24,76.71,0.44,14.59,2.21,0.00,5.23,1.77
PINE - 000110,Pine,000110,Hinckley Twp,744,687,6,15,3,0,29,14,599,558,3,10,3,0,21,6,93.16,0.50,1.67,0.50,0.00,3.51,1.00
PINE - 000120,Pine,000120,Kerrick Twp,330,302,0,3,2,0,22,6,259,242,0,0,2,0,15,4,93.44,0.00,0.00,0.77,0.00,5.79,1.54
PINE - 000115,Pine,000115,Kerrick,71,61,0,0,0,0,8,3,48,46,0,0,0,0,1,1,95.83,0.00,0.00,0.00,0.00,2.08,2.08
PINE - 000125,Pine,000125,Kettle River Twp,479,445,0,3,2,0,27,2,384,357,0,3,2,0,20,1,92.97,0.00,0.78,0.52,0.00,5.21,0.26
PINE - 000135,Pine,000135,Mission Creek Twp,539,497,1,11,3,0,25,9,428,401,1,8,3,0,15,4,93.69,0.23,1.87,0.70,0.00,3.50,0.93
PINE - 000140,Pine,000140,Munch Twp,368,325,0,14,8,0,16,7,290,260,0,10,7,0,9,7,89.66,0.00,3.45,2.41,0.00,3.10,2.41
PINE - 000145,Pine,000145,New Dosey Twp,86,76,0,2,2,0,6,4,72,64,0,1,2,0,5,2,88.89,0.00,1.39,2.78,0.00,6.94,2.78
PINE - 000150,Pine,000150,Nickerson Twp,162,153,1,0,0,0,6,0,132,123,1,0,0,0,6,0,93.18,0.76,0.00,0.00,0.00,4.55,0.00
PINE - 000155,Pine,000155,Norman Twp,298,280,0,0,0,0,18,5,233,226,0,0,0,0,7,4,97.00,0.00,0.00,0.00,0.00,3.00,1.72
PINE - 000160,Pine,000160,Ogema Twp,351,170,0,164,0,0,17,3,265,143,0,115,0,0,7,2,53.96,0.00,43.40,0.00,0.00,2.64,0.75
PINE - 000165,Pine,000165,Park Twp,20,20,0,0,0,0,0,0,17,17,0,0,0,0,0,0,100.00,0.00,0.00,0.00,0.00,0.00,0.00
PINE - 000170,Pine,000170,Partridge Twp,554,515,2,6,6,0,24,15,454,424,2,6,6,0,15,11,93.39,0.44,1.32,1.32,0.00,3.30,2.42
PINE - 000175,Pine,000175,Pine City,3130,2867,28,33,23,1,156,68,2459,2295,26,29,17,1,75,35,93.33,1.06,1.18,0.69,0.04,3.05,1.42
PINE - 000195,Pine,000195,Pokegama Twp,2825,2557,13,43,22,0,149,70,2291,2107,13,32,15,0,100,51,91.97,0.57,1.40,0.65,0.00,4.36,2.23
PINE - 000185,Pine,000185,Pine City Twp,1381,1306,6,8,8,0,49,43,1094,1046,6,3,8,0,28,18,95.61,0.55,0.27,0.73,0.00,2.56,1.65
PINE - 000190,Pine,000190,Pine Lake Twp,580,526,2,6,6,0,37,8,501,460,2,5,4,0,28,5,91.82,0.40,1.00,0.80,0.00,5.59,1.00
PINE - 000200,Pine,000200,Rock Creek,1682,1557,11,18,23,0,67,32,1276,1188,6,14,17,0,50,12,93.10,0.47,1.10,1.33,0.00,3.92,0.94
PINE - 000205,Pine,000205,Royalton Twp,1034,972,2,0,12,0,36,14,834,788,2,0,12,0,23,5,94.48,0.24,0.00,1.44,0.00,2.76,0.60
PINE - 000207,Pine,000207,Rutledge,212,189,3,4,0,0,11,1,159,146,3,2,0,0,6,1,91.82,1.89,1.26,0.00,0.00,3.77,0.63
PINE - 000210,Pine,000210,Sandstone,2462,1888,294,132,29,0,97,198,2157,1654,287,120,29,0,52,176,76.68,13.31,5.56,1.34,0.00,2.41,8.16
PINE - 000215,Pine,000215,Sandstone Twp,805,700,4,28,16,0,55,6,627,575,1,17,7,0,25,2,91.71,0.16,2.71,1.12,0.00,3.99,0.32
PINE - 000221,Pine,000221,Sturgeon Lake P-1,430,389,5,3,3,0,30,5,319,291,5,3,3,0,17,3,91.22,1.57,0.94,0.94,0.00,5.33,0.94
PINE - 000225,Pine,000225,Sturgeon Lake Twp,534,439,47,13,5,0,24,21,444,362,47,9,5,0,17,21,81.53,10.59,2.03,1.13,0.00,3.83,4.73
PINE - 000230,Pine,000230,Willow River,384,368,0,1,1,0,13,3,295,282,0,1,1,0,10,3,95.59,0.00,0.34,0.34,0.00,3.39,1.02
PINE - 000235,Pine,000235,Wilma Twp,68,60,0,1,0,0,7,2,67,60,0,1,0,0,6,2,89.55,0.00,1.49,0.00,0.00,8.96,2.99
PINE - 000240,Pine,000240,Windemere Twp,1620,1523,2,19,11,0,59,9,1330,1259,2,14,9,0,42,8,94.66,0.15,1.05,0.68,0.00,3.16,0.60
PINE - 000223,Pine,000223,Sturgeon Lake P-2,6,5,0,0,0,0,1,0,6,5,0,0,0,0,1,0,83.33,0.00,0.00,0.00,0.00,16.67,0.00
PINE - 000100,Pine,000100,Henriette,57,49,0,2,1,0,5,0,48,43,0,0,1,0,4,0,89.58,0.00,0.00,2.08,0.00,8.33,0.00
MILLE LACS - 000005,Mille Lacs,000005,Bock,78,77,0,0,0,0,1,0,60,59,0,0,0,0,1,0,98.33,0.00,0.00,0.00,0.00,1.67,0.00
MILLE LACS - 000010,Mille Lacs,000010,Bogus Brook Twp,1470,1391,0,2,3,0,70,33,1058,1006,0,1,3,0,44,20,95.09,0.00,0.09,0.28,0.00,4.16,1.89
MILLE LACS - 000015,Mille Lacs,000015,Borgholm Twp,1831,1723,1,8,9,0,89,20,1321,1252,1,6,9,0,52,9,94.78,0.08,0.45,0.68,0.00,3.94,0.68
MILLE LACS - 000125,Mille Lacs,000125,Wahkon,235,205,0,13,0,0,15,2,218,192,0,12,0,0,12,2,88.07,0.00,5.50,0.00,0.00,5.50,0.92
MILLE LACS - 000020,Mille Lacs,000020,Bradbury Twp,208,190,0,3,0,0,15,0,167,159,0,1,0,0,7,0,95.21,0.00,0.60,0.00,0.00,4.19,0.00
MILLE LACS - 000025,Mille Lacs,000025,Dailey Twp,216,212,0,0,0,0,4,3,176,173,0,0,0,0,3,2,98.30,0.00,0.00,0.00,0.00,1.70,1.14
MILLE LACS - 000030,Mille Lacs,000030,East Side Twp,650,619,1,9,5,0,15,1,543,526,1,0,5,0,11,1,96.87,0.18,0.00,0.92,0.00,2.03,0.18
MILLE LACS - 000035,Mille Lacs,000035,Foreston,559,525,1,2,5,0,23,8,394,368,1,2,5,0,16,5,93.40,0.25,0.51,1.27,0.00,4.06,1.27
MILLE LACS - 000040,Mille Lacs,000040,Greenbush Twp,1299,1220,4,3,13,1,46,19,983,930,3,2,9,1,30,9,94.61,0.31,0.20,0.92,0.10,3.05,0.92
MILLE LACS - 000045,Mille Lacs,000045,Hayland Twp,522,509,0,3,1,0,9,1,401,399,0,0,0,0,2,1,99.50,0.00,0.00,0.00,0.00,0.50,0.25
MILLE LACS - 000050,Mille Lacs,000050,Isle,803,576,0,184,0,0,39,17,662,506,0,119,0,0,33,11,76.44,0.00,17.98,0.00,0.00,4.98,1.66
MILLE LACS - 000055,Mille Lacs,000055,Isle Harbor Twp,557,498,0,38,1,0,19,10,455,419,0,20,1,0,15,4,92.09,0.00,4.40,0.22,0.00,3.30,0.88
MILLE LACS - 000060,Mille Lacs,000060,Kathio Twp,1507,495,0,890,7,0,101,35,1052,447,0,530,7,0,56,13,42.49,0.00,50.38,0.67,0.00,5.32,1.24
MILLE LACS - 000065,Mille Lacs,000065,Lewis Twp,47,44,0,0,1,0,1,2,38,36,0,0,1,0,1,2,94.74,0.00,0.00,2.63,0.00,2.63,5.26
MILLE LACS - 000070,Mille Lacs,000070,Milaca,3021,2794,12,36,14,1,148,32,2424,2265,9,33,9,1,93,18,93.44,0.37,1.36,0.37,0.04,3.84,0.74
MILLE LACS - 000075,Mille Lacs,000075,Milaca Twp,1640,1556,2,7,4,1,55,34,1179,1123,0,6,1,1,35,17,95.25,0.00,0.51,0.08,0.08,2.97,1.44
MILLE LACS - 000080,Mille Lacs,000080,Milo Twp,1512,1403,8,17,17,0,52,24,1110,1047,3,8,15,0,30,15,94.32,0.27,0.72,1.35,0.00,2.70,1.35
MILLE LACS - 000085,Mille Lacs,000085,Mudgett Twp,89,82,0,1,0,1,5,3,65,59,0,0,0,1,5,3,90.77,0.00,0.00,0.00,1.54,7.69,4.62
MILLE LACS - 000090,Mille Lacs,000090,Onamia,784,642,16,77,1,0,31,28,602,517,11,46,1,0,17,14,85.88,1.83,7.64,0.17,0.00,2.82,2.33
MILLE LACS - 000095,Mille Lacs,000095,Onamia Twp,580,510,1,28,4,1,33,14,440,397,0,14,4,1,21,6,90.23,0.00,3.18,0.91,0.23,4.77,1.36
MILLE LACS - 000100,Mille Lacs,000100,Page Twp,783,751,3,1,4,1,21,7,600,576,2,1,1,1,17,5,96.00,0.33,0.17,0.17,0.17,2.83,0.83
MILLE LACS - 000105,Mille Lacs,000105,Pease,238,224,1,3,1,0,9,4,180,170,1,2,1,0,6,4,94.44,0.56,1.11,0.56,0.00,3.33,2.22
MILLE LACS - 000110,Mille Lacs,000110,Princeton,4766,4313,28,58,20,0,298,128,3750,3447,22,46,20,0,183,68,91.92,0.59,1.23,0.53,0.00,4.88,1.81
MILLE LACS - 000115,Mille Lacs,000115,Princeton Twp,2228,2065,4,17,14,0,107,36,1712,1607,4,15,12,0,56,16,93.87,0.23,0.88,0.70,0.00,3.27,0.93
MILLE LACS - 000120,Mille Lacs,000120,South Harbor Twp,836,657,1,99,6,0,67,20,700,570,0,72,6,0,49,12,81.43,0.00,10.29,0.86,0.00,7.00,1.71
TODD - 000005,Todd,000005,Bartlett Twp,452,431,1,5,1,0,14,2,312,295,1,4,1,0,11,1,94.55,0.32,1.28,0.32,0.00,3.53,0.32
TODD - 000010,Todd,000010,Bertha,560,531,3,0,0,0,26,16,389,374,3,0,0,0,12,10,96.14,0.77,0.00,0.00,0.00,3.08,2.57
TODD - 000015,Todd,000015,Bertha Twp,401,387,2,3,1,1,6,2,272,263,1,1,1,0,5,1,96.69,0.37,0.37,0.37,0.00,1.84,0.37
TODD - 000020,Todd,000020,Birchdale Twp,931,900,0,2,3,0,15,19,740,717,0,2,3,0,13,6,96.89,0.00,0.27,0.41,0.00,1.76,0.81
TODD - 000025,Todd,000025,Browerville,839,677,7,5,9,0,80,145,631,531,6,1,9,0,47,84,84.15,0.95,0.16,1.43,0.00,7.45,13.31
TODD - 000030,Todd,000030,Bruce Twp,479,475,0,0,0,0,3,2,386,382,0,0,0,0,3,2,98.96,0.00,0.00,0.00,0.00,0.78,0.52
TODD - 000035,Todd,000035,Burleene Twp,382,374,0,0,0,0,6,3,273,269,0,0,0,0,4,3,98.53,0.00,0.00,0.00,0.00,1.47,1.10
TODD - 000040,Todd,000040,Burnhamville Twp,773,738,1,6,1,0,16,22,607,581,1,6,0,0,11,12,95.72,0.16,0.99,0.00,0.00,1.81,1.98
TODD - 000173,Todd,000173,Swanville,5,2,0,0,0,0,3,0,4,2,0,0,0,0,2,0,50.00,0.00,0.00,0.00,0.00,50.00,0.00
TODD - 000045,Todd,000045,Burtrum,123,113,2,0,1,0,1,6,89,83,2,0,1,0,0,3,93.26,2.25,0.00,1.12,0.00,0.00,3.37
TODD - 000050,Todd,000050,Clarissa,661,570,3,8,5,0,38,65,496,444,2,1,5,0,21,38,89.52,0.40,0.20,1.01,0.00,4.23,7.66
TODD - 000055,Todd,000055,Eagle Bend,546,515,3,0,3,0,11,16,423,409,1,0,1,0,3,11,96.69,0.24,0.00,0.24,0.00,0.71,2.60
TODD - 000060,Todd,000060,Eagle Valley Twp,487,454,2,2,2,0,17,15,336,318,2,0,2,0,10,7,94.64,0.60,0.00,0.60,0.00,2.98,2.08
TODD - 000065,Todd,000065,Fawn Lake Twp,538,519,1,0,0,0,16,4,422,408,1,0,0,0,12,2,96.68,0.24,0.00,0.00,0.00,2.84,0.47
TODD - 000070,Todd,000070,Germania Twp,527,517,1,2,1,0,5,4,324,317,1,2,1,0,3,3,97.84,0.31,0.62,0.31,0.00,0.93,0.93
TODD - 000075,Todd,000075,Gordon Twp,659,640,3,0,4,0,12,4,509,497,0,0,2,0,10,3,97.64,0.00,0.00,0.39,0.00,1.96,0.59
TODD - 000080,Todd,000080,Grey Eagle,330,311,0,0,1,0,9,11,240,231,0,0,1,0,5,4,96.25,0.00,0.00,0.42,0.00,2.08,1.67
TODD - 000085,Todd,000085,Grey Eagle Twp,556,534,0,0,5,0,12,8,486,473,0,0,5,0,6,4,97.33,0.00,0.00,1.03,0.00,1.23,0.82
TODD - 000090,Todd,000090,Hartford Twp,644,604,2,3,0,2,31,21,467,448,2,1,0,0,15,12,95.93,0.43,0.21,0.00,0.00,3.21,2.57
TODD - 000095,Todd,000095,Hewitt,251,237,1,0,1,0,12,3,198,192,1,0,1,0,4,1,96.97,0.51,0.00,0.51,0.00,2.02,0.51
TODD - 000100,Todd,000100,Iona Twp,504,498,2,0,1,0,3,4,324,321,1,0,1,0,1,4,99.07,0.31,0.00,0.31,0.00,0.31,1.23
TODD - 000105,Todd,000105,Kandota Twp,805,782,0,2,3,0,12,10,619,601,0,0,3,0,10,9,97.09,0.00,0.00,0.48,0.00,1.62,1.45
TODD - 000110,Todd,000110,Leslie Twp,668,648,0,1,1,0,15,7,560,552,0,1,1,0,3,2,98.57,0.00,0.18,0.18,0.00,0.54,0.36
TODD - 000115,Todd,000115,Little Elk Twp,266,257,0,1,1,0,5,5,210,203,0,1,1,0,4,1,96.67,0.00,0.48,0.48,0.00,1.90,0.48
TODD - 000120,Todd,000120,Little Sauk Twp,873,859,4,1,3,0,6,2,649,636,3,1,3,0,6,2,98.00,0.46,0.15,0.46,0.00,0.92,0.31
TODD - 000126,Todd,000126,Long Prairie,3661,2032,45,15,36,67,483,1561,2663,1637,37,5,22,44,293,962,61.47,1.39,0.19,0.83,1.65,11.00,36.12
TODD - 000135,Todd,000135,Long Prairie Twp,884,799,1,6,1,2,30,75,655,608,0,5,0,2,18,38,92.82,0.00,0.76,0.00,0.31,2.75,5.80
TODD - 000140,Todd,000140,Moran Twp,489,451,6,3,0,0,24,8,390,364,5,2,0,0,19,6,93.33,1.28,0.51,0.00,0.00,4.87,1.54
DAKOTA - 003080,Dakota,003080,Lakeville P-18,2727,2279,73,3,157,0,182,71,1795,1558,44,2,105,0,67,41,86.80,2.45,0.11,5.85,0.00,3.73,2.28
ROSEAU - 000005,Roseau,000005,Badger,429,393,4,2,5,1,20,7,323,304,0,2,4,1,10,1,94.12,0.00,0.62,1.24,0.31,3.10,0.31
ROSEAU - 000010,Roseau,000010,Barnett Twp,137,131,2,0,0,1,3,0,112,108,2,0,0,1,1,0,96.43,1.79,0.00,0.00,0.89,0.89,0.00
ROSEAU - 000015,Roseau,000015,Barto Twp,116,109,0,0,1,0,3,1,93,87,0,0,1,0,2,0,93.55,0.00,0.00,1.08,0.00,2.15,0.00
ROSEAU - 000020,Roseau,000020,Beaver Twp,98,91,2,0,0,1,3,3,70,65,0,0,0,1,3,3,92.86,0.00,0.00,0.00,1.43,4.29,4.29
ROSEAU - 000025,Roseau,000025,Cedarbend Twp,157,133,2,5,1,0,14,0,129,111,1,5,1,0,9,0,86.05,0.78,3.88,0.78,0.00,6.98,0.00
ROSEAU - 000030,Roseau,000030,Deer Twp,109,108,0,0,1,0,0,0,85,84,0,0,1,0,0,0,98.82,0.00,0.00,1.18,0.00,0.00,0.00
ROSEAU - 000195,Roseau,000195,Warroad,1830,1431,14,136,118,0,117,44,1361,1095,12,87,88,0,70,24,80.46,0.88,6.39,6.47,0.00,5.14,1.76
ROSEAU - 000035,Roseau,000035,Dewey Twp,98,87,0,2,3,0,1,0,79,74,0,0,3,0,1,0,93.67,0.00,0.00,3.80,0.00,1.27,0.00
ROSEAU - 000040,Roseau,000040,Dieter Twp,148,145,0,1,1,0,1,1,110,108,0,1,1,0,0,0,98.18,0.00,0.91,0.91,0.00,0.00,0.00
ROSEAU - 000045,Roseau,000045,Enstrom Twp,418,381,1,1,6,0,27,5,302,283,1,1,2,0,13,3,93.71,0.33,0.33,0.66,0.00,4.30,0.99
ROSEAU - 000050,Roseau,000050,Falun Twp,242,233,0,0,0,0,6,3,178,175,0,0,0,0,1,2,98.31,0.00,0.00,0.00,0.00,0.56,1.12
ROSEAU - 000055,Roseau,000055,Golden Valley Twp,180,167,0,1,1,0,11,4,135,130,0,0,0,0,5,1,96.30,0.00,0.00,0.00,0.00,3.70,0.74
ROSEAU - 000060,Roseau,000060,Greenbush,682,654,5,0,5,0,13,6,555,534,5,0,3,0,8,6,96.22,0.90,0.00,0.54,0.00,1.44,1.08
ROSEAU - 000065,Roseau,000065,Grimstad Twp,121,120,0,0,0,0,0,1,99,98,0,0,0,0,0,1,98.99,0.00,0.00,0.00,0.00,0.00,1.01
ROSEAU - 000070,Roseau,000070,Hereim Twp,227,216,1,0,0,0,10,2,175,169,1,0,0,0,5,2,96.57,0.57,0.00,0.00,0.00,2.86,1.14
ROSEAU - 000075,Roseau,000075,Huss Twp,106,102,0,0,1,0,3,0,91,87,0,0,1,0,3,0,95.60,0.00,0.00,1.10,0.00,3.30,0.00
ROSEAU - 000080,Roseau,000080,Jadis Twp,624,600,5,5,3,0,7,10,453,446,0,2,2,0,3,1,98.45,0.00,0.44,0.44,0.00,0.66,0.22
ROSEAU - 000085,Roseau,000085,Lake Twp,1980,1614,4,43,174,1,131,29,1479,1253,3,21,122,1,70,15,84.72,0.20,1.42,8.25,0.07,4.73,1.01
ROSEAU - 000090,Roseau,000090,Laona Twp,508,461,1,2,11,0,32,3,397,366,1,2,7,0,20,2,92.19,0.25,0.50,1.76,0.00,5.04,0.50
ROSEAU - 000095,Roseau,000095,Lind Twp,32,32,0,0,0,0,0,0,31,31,0,0,0,0,0,0,100.00,0.00,0.00,0.00,0.00,0.00,0.00
ROSEAU - 000100,Roseau,000100,Malung Twp,391,365,6,0,2,2,12,6,317,300,2,0,2,2,10,3,94.64,0.63,0.00,0.63,0.63,3.15,0.95
ROSEAU - 000105,Roseau,000105,Mickinock Twp,261,252,0,0,0,0,9,0,198,194,0,0,0,0,4,0,97.98,0.00,0.00,0.00,0.00,2.02,0.00
ROSEAU - 000110,Roseau,000110,Moose Twp,103,99,1,0,0,0,2,0,81,79,1,0,0,0,0,0,97.53,1.23,0.00,0.00,0.00,0.00,0.00
ROSEAU - 000115,Roseau,000115,Moranville Twp,911,802,0,10,8,0,89,4,671,611,0,7,6,0,45,3,91.06,0.00,1.04,0.89,0.00,6.71,0.45
ROSEAU - 000120,Roseau,000120,Nereson Twp,56,52,0,0,0,0,4,0,36,34,0,0,0,0,2,0,94.44,0.00,0.00,0.00,0.00,5.56,0.00
ROSEAU - 000121,Roseau,000121,Norland/Spruce Valley Unorg,141,136,0,0,0,0,4,0,109,106,0,0,0,0,2,0,97.25,0.00,0.00,0.00,0.00,1.83,0.00
ROSEAU - 000083,Roseau,000083,Jadis Unorg,20,18,0,0,1,0,1,0,16,14,0,0,1,0,1,0,87.50,0.00,0.00,6.25,0.00,6.25,0.00
ROSEAU - 000122,Roseau,000122,Juneberry/Blooming Valley Unorg,28,26,0,0,0,0,1,1,16,16,0,0,0,0,0,0,100.00,0.00,0.00,0.00,0.00,0.00,0.00
ROSEAU - 000125,Roseau,000125,Palmville Twp,42,42,0,0,0,0,0,0,38,38,0,0,0,0,0,0,100.00,0.00,0.00,0.00,0.00,0.00,0.00
ROSEAU - 000130,Roseau,000130,Pohlitz Twp,37,34,1,0,2,0,0,0,26,23,1,0,2,0,0,0,88.46,3.85,0.00,7.69,0.00,0.00,0.00
ROSEAU - 000135,Roseau,000135,Polonia Twp,26,23,0,0,0,0,3,1,20,18,0,0,0,0,2,1,90.00,0.00,0.00,0.00,0.00,10.00,5.00
ROSEAU - 000140,Roseau,000140,Poplar Grove Twp,81,80,1,0,0,0,0,0,61,60,1,0,0,0,0,0,98.36,1.64,0.00,0.00,0.00,0.00,0.00
ROSEAU - 000145,Roseau,000145,Reine Twp,94,87,1,0,0,0,6,0,84,78,1,0,0,0,5,0,92.86,1.19,0.00,0.00,0.00,5.95,0.00
ROSEAU - 000150,Roseau,000150,Roosevelt,152,152,0,0,0,0,0,0,110,110,0,0,0,0,0,0,100.00,0.00,0.00,0.00,0.00,0.00,0.00
ROSEAU - 000155,Roseau,000155,Roseau,2744,2508,28,28,43,2,89,75,2102,1961,15,18,32,2,49,49,93.29,0.71,0.86,1.52,0.10,2.33,2.33
ROSEAU - 000160,Roseau,000160,Ross Twp,403,383,0,0,0,0,15,4,306,291,0,0,0,0,12,4,95.10,0.00,0.00,0.00,0.00,3.92,1.31
ROSEAU - 000165,Roseau,000165,Skagen Twp,202,194,0,0,1,0,6,2,156,153,0,0,0,0,3,1,98.08,0.00,0.00,0.00,0.00,1.92,0.64
ROSEAU - 000170,Roseau,000170,Soler Twp,87,81,1,0,0,0,3,1,72,69,1,0,0,0,1,0,95.83,1.39,0.00,0.00,0.00,1.39,0.00
ROSEAU - 000176,Roseau,000176,America/Beltrami Island Forest Unorg,80,67,1,2,0,0,9,5,70,61,1,2,0,0,5,2,87.14,1.43,2.86,0.00,0.00,7.14,2.86
ROSEAU - 000028,Roseau,000028,Clear River/Oaks Unorg,135,119,1,0,0,0,14,2,93,83,0,0,0,0,9,1,89.25,0.00,0.00,0.00,0.00,9.68,1.08
ROSEAU - 000175,Roseau,000175,Spruce Twp,582,542,5,3,4,0,25,10,431,409,1,1,2,0,15,9,94.90,0.23,0.23,0.46,0.00,3.48,2.09
ROSEAU - 000180,Roseau,000180,Stafford Twp,269,251,0,0,6,2,9,4,207,197,0,0,4,2,3,4,95.17,0.00,0.00,1.93,0.97,1.45,1.93
ROSEAU - 000185,Roseau,000185,Stokes Twp,219,216,0,0,0,0,2,4,166,165,0,0,0,0,1,3,99.40,0.00,0.00,0.00,0.00,0.60,1.81
ROSEAU - 000190,Roseau,000190,Strathcona,25,25,0,0,0,0,0,0,19,19,0,0,0,0,0,0,100.00,0.00,0.00,0.00,0.00,0.00,0.00
MURRAY - 000005,Murray,000005,Avoca,111,107,0,0,0,0,2,2,90,86,0,0,0,0,2,2,95.56,0.00,0.00,0.00,0.00,2.22,2.22
MURRAY - 000010,Murray,000010,Belfast Twp,168,166,0,0,0,0,2,0,135,134,0,0,0,0,1,0,99.26,0.00,0.00,0.00,0.00,0.74,0.00
MURRAY - 000015,Murray,000015,Bondin Twp,226,215,0,0,0,0,6,11,186,178,0,0,0,0,4,7,95.70,0.00,0.00,0.00,0.00,2.15,3.76
MURRAY - 000020,Murray,000020,Cameron Twp,118,115,1,0,0,0,1,2,93,91,1,0,0,0,1,1,97.85,1.08,0.00,0.00,0.00,1.08,1.08
MURRAY - 000025,Murray,000025,Chanarambie Twp,201,186,3,0,0,0,8,5,147,138,3,0,0,0,2,5,93.88,2.04,0.00,0.00,0.00,1.36,3.40
MURRAY - 000030,Murray,000030,Chandler,279,170,1,4,4,0,19,108,199,130,1,4,3,0,10,66,65.33,0.50,2.01,1.51,0.00,5.03,33.17
MURRAY - 000035,Murray,000035,Currie,224,214,0,0,0,0,10,5,170,165,0,0,0,0,5,1,97.06,0.00,0.00,0.00,0.00,2.94,0.59
MURRAY - 000040,Murray,000040,Des Moines River Twp,132,126,1,1,0,0,3,1,103,97,1,1,0,0,3,1,94.17,0.97,0.97,0.00,0.00,2.91,0.97
MURRAY - 000046,Murray,000046,Dovray,58,57,0,0,0,0,1,0,54,53,0,0,0,0,1,0,98.15,0.00,0.00,0.00,0.00,1.85,0.00
MURRAY - 000045,Murray,000045,Dovray Twp,133,131,1,0,0,0,1,1,110,108,1,0,0,0,1,0,98.18,0.91,0.00,0.00,0.00,0.91,0.00
MURRAY - 000050,Murray,000050,Ellsborough Twp,139,138,0,0,0,0,1,1,107,106,0,0,0,0,1,1,99.07,0.00,0.00,0.00,0.00,0.93,0.93
MURRAY - 000055,Murray,000055,Fenton Twp,146,144,0,1,0,0,1,1,118,116,0,1,0,0,1,0,98.31,0.00,0.85,0.00,0.00,0.85,0.00
MURRAY - 000060,Murray,000060,Fulda,1371,1155,4,12,89,0,74,118,1034,915,4,5,58,0,30,60,88.49,0.39,0.48,5.61,0.00,2.90,5.80
MURRAY - 000065,Murray,000065,Hadley,54,53,0,0,0,0,1,0,44,43,0,0,0,0,1,0,97.73,0.00,0.00,0.00,0.00,2.27,0.00
MURRAY - 000070,Murray,000070,Holly Twp,98,93,0,1,0,0,4,2,81,76,0,1,0,0,4,2,93.83,0.00,1.23,0.00,0.00,4.94,2.47
MURRAY - 000080,Murray,000080,Iona Twp,161,159,0,2,0,0,0,0,120,118,0,2,0,0,0,0,98.33,0.00,1.67,0.00,0.00,0.00,0.00
MURRAY - 000085,Murray,000085,Lake Sarah Twp,282,281,0,0,0,0,1,1,248,247,0,0,0,0,1,1,99.60,0.00,0.00,0.00,0.00,0.40,0.40
MURRAY - 000075,Murray,000075,Iona,166,157,0,1,0,0,6,3,123,119,0,1,0,0,1,3,96.75,0.00,0.81,0.00,0.00,0.81,2.44
MURRAY - 000090,Murray,000090,Lake Wilson,254,236,0,0,1,0,8,13,210,196,0,0,0,0,8,10,93.33,0.00,0.00,0.00,0.00,3.81,4.76
MURRAY - 000095,Murray,000095,Leeds Twp,189,176,0,0,1,0,10,7,153,144,0,0,0,0,7,7,94.12,0.00,0.00,0.00,0.00,4.58,4.58
MURRAY - 000100,Murray,000100,Lime Lake Twp,172,171,0,0,0,0,1,1,135,134,0,0,0,0,1,0,99.26,0.00,0.00,0.00,0.00,0.74,0.00
MURRAY - 000105,Murray,000105,Lowville Twp,154,148,0,0,1,0,5,3,113,110,0,0,1,0,2,1,97.35,0.00,0.00,0.88,0.00,1.77,0.88
MURRAY - 000110,Murray,000110,Mason Twp,276,272,1,1,0,0,2,2,217,215,0,0,0,0,2,1,99.08,0.00,0.00,0.00,0.00,0.92,0.46
MURRAY - 000115,Murray,000115,Moulton Twp,193,190,0,0,0,0,3,3,136,133,0,0,0,0,3,2,97.79,0.00,0.00,0.00,0.00,2.21,1.47
MURRAY - 000120,Murray,000120,Murray Twp,163,159,0,1,2,0,1,2,124,120,0,1,2,0,1,2,96.77,0.00,0.81,1.61,0.00,0.81,1.61
MURRAY - 000125,Murray,000125,Shetek Twp,310,294,0,0,0,0,15,1,278,264,0,0,0,0,13,0,94.96,0.00,0.00,0.00,0.00,4.68,0.00
MURRAY - 000130,Murray,000130,Skandia Twp,120,117,0,0,0,2,1,0,88,85,0,0,0,2,1,0,96.59,0.00,0.00,0.00,2.27,1.14,0.00
MURRAY - 000135,Murray,000135,Slayton,2008,1879,13,1,6,1,59,85,1568,1470,12,0,6,1,41,53,93.75,0.77,0.00,0.38,0.06,2.61,3.38
MURRAY - 000140,Murray,000140,Slayton Twp,273,262,1,0,1,0,9,4,217,213,0,0,1,0,3,2,98.16,0.00,0.00,0.46,0.00,1.38,0.92
YELLOW MEDICINE - 000005,Yellow Medicine,000005,Burton Twp,142,139,0,0,0,0,3,2,112,109,0,0,0,0,3,2,97.32,0.00,0.00,0.00,0.00,2.68,1.79
YELLOW MEDICINE - 000010,Yellow Medicine,000010,Canby,1695,1611,4,4,2,0,55,77,1297,1244,3,0,2,0,31,54,95.91,0.23,0.00,0.15,0.00,2.39,4.16
YELLOW MEDICINE - 000020,Yellow Medicine,000020,Clarkfield,852,717,1,17,3,0,51,95,622,553,1,13,0,0,25,49,88.91,0.16,2.09,0.00,0.00,4.02,7.88
YELLOW MEDICINE - 000130,Yellow Medicine,000130,Sandnes Twp,198,191,0,0,0,0,4,2,156,150,0,0,0,0,3,1,96.15,0.00,0.00,0.00,0.00,1.92,0.64
YELLOW MEDICINE - 000030,Yellow Medicine,000030,Echo Twp,133,124,0,2,0,0,7,5,111,102,0,2,0,0,7,5,91.89,0.00,1.80,0.00,0.00,6.31,4.50
YELLOW MEDICINE - 000025,Yellow Medicine,000025,Echo,243,213,5,6,3,0,14,6,189,167,3,6,2,0,9,5,88.36,1.59,3.17,1.06,0.00,4.76,2.65
YELLOW MEDICINE - 000035,Yellow Medicine,000035,Florida Twp,109,108,0,0,0,0,0,0,87,86,0,0,0,0,0,0,98.85,0.00,0.00,0.00,0.00,0.00,0.00
YELLOW MEDICINE - 000040,Yellow Medicine,000040,Fortier Twp,94,89,1,1,0,0,2,1,71,66,1,1,0,0,2,1,92.96,1.41,1.41,0.00,0.00,2.82,1.41
YELLOW MEDICINE - 000045,Yellow Medicine,000045,Friendship Twp,178,175,0,1,1,0,1,1,144,142,0,1,0,0,1,1,98.61,0.00,0.69,0.00,0.00,0.69,0.69
YELLOW MEDICINE - 000050,Yellow Medicine,000050,Granite Falls W-1,1791,1458,23,145,4,0,126,103,1420,1213,18,99,4,0,62,58,85.42,1.27,6.97,0.28,0.00,4.37,4.08
YELLOW MEDICINE - 000065,Yellow Medicine,000065,Hammer Twp,182,161,3,0,0,0,13,12,133,124,3,0,0,0,1,5,93.23,2.26,0.00,0.00,0.00,0.75,3.76
YELLOW MEDICINE - 000070,Yellow Medicine,000070,Hanley Falls,243,182,1,4,0,1,15,69,172,137,1,2,0,0,8,39,79.65,0.58,1.16,0.00,0.00,4.65,22.67
YELLOW MEDICINE - 000075,Yellow Medicine,000075,Hazel Run,55,40,0,0,0,0,12,7,42,32,0,0,0,0,8,3,76.19,0.00,0.00,0.00,0.00,19.05,7.14
YELLOW MEDICINE - 000080,Yellow Medicine,000080,Hazel Run Twp,196,182,0,1,1,0,12,2,141,134,0,1,1,0,5,1,95.04,0.00,0.71,0.71,0.00,3.55,0.71
YELLOW MEDICINE - 000085,Yellow Medicine,000085,Lisbon Twp,181,170,2,1,1,0,6,8,140,132,2,1,1,0,4,4,94.29,1.43,0.71,0.71,0.00,2.86,2.86
YELLOW MEDICINE - 000090,Yellow Medicine,000090,Minnesota Falls Twp,361,219,3,99,0,0,39,8,287,185,1,74,0,0,26,3,64.46,0.35,25.78,0.00,0.00,9.06,1.05
YELLOW MEDICINE - 000095,Yellow Medicine,000095,Norman Twp,238,229,0,0,0,0,9,4,178,173,0,0,0,0,5,2,97.19,0.00,0.00,0.00,0.00,2.81,1.12
YELLOW MEDICINE - 000100,Yellow Medicine,000100,Normania Twp,161,156,0,0,0,0,3,4,136,131,0,0,0,0,3,2,96.32,0.00,0.00,0.00,0.00,2.21,1.47
YELLOW MEDICINE - 000105,Yellow Medicine,000105,Omro Twp,127,126,0,0,0,0,1,0,97,96,0,0,0,0,1,0,98.97,0.00,0.00,0.00,0.00,1.03,0.00
YELLOW MEDICINE - 000110,Yellow Medicine,000110,Oshkosh Twp,190,184,1,0,0,0,4,1,153,149,0,0,0,0,3,1,97.39,0.00,0.00,0.00,0.00,1.96,0.65
YELLOW MEDICINE - 000115,Yellow Medicine,000115,Porter,166,160,0,1,0,0,1,4,138,135,0,1,0,0,0,2,97.83,0.00,0.72,0.00,0.00,0.00,1.45
YELLOW MEDICINE - 000120,Yellow Medicine,000120,Posen Twp,220,216,0,0,1,0,3,2,157,155,0,0,1,0,1,0,98.73,0.00,0.00,0.64,0.00,0.64,0.00
YELLOW MEDICINE - 000135,Yellow Medicine,000135,Sioux Agency Twp,240,228,0,0,3,0,7,4,185,179,0,0,3,0,1,2,96.76,0.00,0.00,1.62,0.00,0.54,1.08
YELLOW MEDICINE - 000140,Yellow Medicine,000140,Stony Run Twp,408,386,2,1,1,0,16,6,320,305,2,1,1,0,9,5,95.31,0.62,0.31,0.31,0.00,2.81,1.56
YELLOW MEDICINE - 000145,Yellow Medicine,000145,Swede Prairie Twp,132,125,0,1,0,0,3,6,97,91,0,1,0,0,3,5,93.81,0.00,1.03,0.00,0.00,3.09,5.15
YELLOW MEDICINE - 000150,Yellow Medicine,000150,Tyro Twp,147,143,0,1,0,0,3,0,123,119,0,1,0,0,3,0,96.75,0.00,0.81,0.00,0.00,2.44,0.00
YELLOW MEDICINE - 000155,Yellow Medicine,000155,Wergeland Twp,158,158,0,0,0,0,0,1,124,124,0,0,0,0,0,0,100.00,0.00,0.00,0.00,0.00,0.00,0.00
YELLOW MEDICINE - 000160,Yellow Medicine,000160,Wood Lake,381,344,2,6,8,0,12,14,287,264,2,4,4,0,7,10,91.99,0.70,1.39,1.39,0.00,2.44,3.48
YELLOW MEDICINE - 000165,Yellow Medicine,000165,Wood Lake Twp,214,203,4,0,0,0,5,3,157,154,1,0,0,0,2,1,98.09,0.64,0.00,0.00,0.00,1.27,0.64
YELLOW MEDICINE - 000125,Yellow Medicine,000125,Saint Leo,93,87,1,0,0,0,4,1,73,70,1,0,0,0,2,0,95.89,1.37,0.00,0.00,0.00,2.74,0.00
WADENA - 000005,Wadena,000005,Aldrich,35,31,0,0,0,0,4,2,32,29,0,0,0,0,3,2,90.62,0.00,0.00,0.00,0.00,9.38,6.25
WADENA - 000010,Wadena,000010,Aldrich Twp,452,423,4,1,2,0,22,7,332,317,1,1,2,0,11,5,95.48,0.30,0.30,0.60,0.00,3.31,1.51
WADENA - 000015,Wadena,000015,Blueberry Twp,828,790,0,5,3,0,28,5,568,547,0,1,3,0,15,4,96.30,0.00,0.18,0.53,0.00,2.64,0.70
WADENA - 000020,Wadena,000020,Bullard Twp,190,180,0,0,0,0,10,3,150,140,0,0,0,0,10,0,93.33,0.00,0.00,0.00,0.00,6.67,0.00
WADENA - 000025,Wadena,000025,Huntersville Twp,101,94,1,0,1,0,5,2,89,83,1,0,1,0,4,1,93.26,1.12,0.00,1.12,0.00,4.49,1.12
WADENA - 000125,Wadena,000125,Wing River Twp,422,403,0,1,6,0,9,2,334,321,0,1,4,0,5,2,96.11,0.00,0.30,1.20,0.00,1.50,0.60
WADENA - 000032,Wadena,000032,Leaf River Twp P-2,245,230,3,1,1,0,8,9,186,174,2,1,0,0,7,5,93.55,1.08,0.54,0.00,0.00,3.76,2.69
WADENA - 000030,Wadena,000030,Leaf River Twp P-1,228,205,16,1,0,0,3,4,184,168,13,1,0,0,2,0,91.30,7.07,0.54,0.00,0.00,1.09,0.00
WADENA - 000035,Wadena,000035,Lyons Twp,186,177,1,0,2,0,5,5,151,147,0,0,2,0,1,3,97.35,0.00,0.00,1.32,0.00,0.66,1.99
WADENA - 000040,Wadena,000040,Meadow Twp,216,207,1,0,1,0,6,2,166,159,0,0,1,0,5,0,95.78,0.00,0.00,0.60,0.00,3.01,0.00
WADENA - 000045,Wadena,000045,Menahga,1340,1257,8,4,5,0,61,30,1024,972,5,1,2,0,41,18,94.92,0.49,0.10,0.20,0.00,4.00,1.76
WADENA - 000055,Wadena,000055,North Germany Twp,290,285,0,0,0,1,3,3,216,215,0,0,0,0,0,1,99.54,0.00,0.00,0.00,0.00,0.00,0.46
WADENA - 000060,Wadena,000060,Orton Twp,200,193,0,0,0,1,6,1,162,156,0,0,0,1,5,1,96.30,0.00,0.00,0.00,0.62,3.09,0.62
WADENA - 000065,Wadena,000065,Red Eye Twp,506,485,0,2,1,1,17,7,368,352,0,2,1,1,12,1,95.65,0.00,0.54,0.27,0.27,3.26,0.27
WADENA - 000070,Wadena,000070,Rockwood Twp,386,358,7,2,0,0,16,7,294,278,4,1,0,0,9,2,94.56,1.36,0.34,0.00,0.00,3.06,0.68
WADENA - 000075,Wadena,000075,Sebeka,741,699,2,3,2,0,34,5,545,527,2,3,1,0,11,4,96.70,0.37,0.55,0.18,0.00,2.02,0.73
WADENA - 000080,Wadena,000080,Shell River Twp,287,260,0,3,0,0,24,1,215,198,0,0,0,0,17,1,92.09,0.00,0.00,0.00,0.00,7.91,0.47
WADENA - 000085,Wadena,000085,Staples,868,809,5,6,4,1,34,19,679,633,5,2,3,1,26,17,93.23,0.74,0.29,0.44,0.15,3.83,2.50
WADENA - 000090,Wadena,000090,Thomastown Twp,824,791,3,2,4,1,22,17,627,607,1,2,3,0,13,12,96.81,0.16,0.32,0.48,0.00,2.07,1.91
WADENA - 000095,Wadena,000095,Verndale,511,482,3,0,1,1,22,11,372,354,1,0,0,0,15,8,95.16,0.27,0.00,0.00,0.00,4.03,2.15
WADENA - 000100,Wadena,000100,Wadena P-1,1508,1364,27,21,6,3,72,52,1126,1041,12,15,1,2,48,25,92.45,1.07,1.33,0.09,0.18,4.26,2.22
WADENA - 000105,Wadena,000105,Wadena P-2,1332,1194,22,9,16,1,70,41,970,877,19,7,12,1,41,21,90.41,1.96,0.72,1.24,0.10,4.23,2.16
WADENA - 000120,Wadena,000120,Wadena Twp,907,859,7,3,1,0,30,11,691,669,2,3,1,0,15,3,96.82,0.29,0.43,0.14,0.00,2.17,0.43
WADENA - 000110,Wadena,000110,Wadena P-3,1378,1271,21,9,9,1,61,27,1041,979,13,8,4,1,30,20,94.04,1.25,0.77,0.38,0.10,2.88,1.92
WADENA - 000050,Wadena,000050,Nimrod,84,81,0,0,0,1,1,0,68,65,0,0,0,1,1,0,95.59,0.00,0.00,0.00,1.47,1.47,0.00
DOUGLAS - 000007,Douglas,000007,Alexandria W-1 P-2,2345,2234,10,7,14,3,65,50,1911,1841,6,7,11,3,36,24,96.34,0.31,0.37,0.58,0.16,1.88,1.26
DOUGLAS - 000027,Douglas,000027,Alexandria W-5 P-2,2029,1820,24,14,28,0,110,95,1633,1470,22,7,19,0,84,68,90.02,1.35,0.43,1.16,0.00,5.14,4.16
DOUGLAS - 000010,Douglas,000010,Alexandria W-2,2657,2462,29,5,29,1,103,75,1991,1887,13,4,19,1,52,33,94.78,0.65,0.20,0.95,0.05,2.61,1.66
DOUGLAS - 000015,Douglas,000015,Alexandria W-3,3707,3344,74,20,30,2,179,165,2973,2735,45,18,25,2,105,108,91.99,1.51,0.61,0.84,0.07,3.53,3.63
DOUGLAS - 000020,Douglas,000020,Alexandria W-4,2792,2579,23,16,37,1,113,89,2328,2190,16,11,32,1,58,62,94.07,0.69,0.47,1.37,0.04,2.49,2.66
DOUGLAS - 000025,Douglas,000025,Alexandria W-5 P-1,281,252,14,2,0,0,7,10,196,172,14,1,0,0,4,6,87.76,7.14,0.51,0.00,0.00,2.04,3.06
DOUGLAS - 000005,Douglas,000005,Alexandria W-1 P-1,516,483,2,1,9,0,20,8,370,354,0,1,6,0,8,3,95.68,0.00,0.27,1.62,0.00,2.16,0.81
DOUGLAS - 000100,Douglas,000100,La Grand Twp,4279,4129,3,5,21,1,94,61,3341,3260,2,2,12,1,49,29,97.58,0.06,0.06,0.36,0.03,1.47,0.87
DOUGLAS - 000030,Douglas,000030,Alexandria Twp,2964,2824,9,14,11,1,92,40,2237,2150,5,13,4,1,56,21,96.11,0.22,0.58,0.18,0.04,2.50,0.94
DOUGLAS - 000035,Douglas,000035,Belle River Twp,341,328,3,0,0,0,9,4,268,261,2,0,0,0,5,1,97.39,0.75,0.00,0.00,0.00,1.87,0.37
DOUGLAS - 000040,Douglas,000040,Brandon City,501,472,1,2,0,0,24,8,380,369,1,2,0,0,6,5,97.11,0.26,0.53,0.00,0.00,1.58,1.32
DOUGLAS - 000045,Douglas,000045,Brandon Twp,763,738,0,1,2,0,18,9,604,590,0,1,2,0,9,5,97.68,0.00,0.17,0.33,0.00,1.49,0.83
DOUGLAS - 000050,Douglas,000050,Carlos City,497,468,1,1,0,0,25,14,372,360,0,1,0,0,9,9,96.77,0.00,0.27,0.00,0.00,2.42,2.42
DOUGLAS - 000055,Douglas,000055,Carlos Twp,2229,2144,10,4,12,0,54,21,1722,1665,8,4,8,0,33,9,96.69,0.46,0.23,0.46,0.00,1.92,0.52
DOUGLAS - 000060,Douglas,000060,Evansville City,603,582,3,1,1,0,16,6,461,449,3,1,1,0,7,4,97.40,0.65,0.22,0.22,0.00,1.52,0.87
DOUGLAS - 000065,Douglas,000065,Evansville Twp,222,217,1,0,0,0,3,5,173,170,1,0,0,0,2,3,98.27,0.58,0.00,0.00,0.00,1.16,1.73
DOUGLAS - 000075,Douglas,000075,Garfield,349,332,0,0,2,0,15,10,257,249,0,0,2,0,6,5,96.89,0.00,0.00,0.78,0.00,2.33,1.95
DOUGLAS - 000080,Douglas,000080,Holmes City Twp,799,765,4,1,4,0,22,5,655,631,4,0,3,0,16,2,96.34,0.61,0.00,0.46,0.00,2.44,0.31
DOUGLAS - 000085,Douglas,000085,Hudson Twp,944,923,1,3,1,0,13,2,759,743,0,3,1,0,9,2,97.89,0.00,0.40,0.13,0.00,1.19,0.26
DOUGLAS - 000090,Douglas,000090,Ida Twp,1404,1349,1,6,6,0,35,18,1096,1059,1,6,6,0,18,7,96.62,0.09,0.55,0.55,0.00,1.64,0.64
DOUGLAS - 000095,Douglas,000095,Kensington,266,253,0,0,4,0,6,3,218,207,0,0,2,0,6,2,94.95,0.00,0.00,0.92,0.00,2.75,0.92
DOUGLAS - 000105,Douglas,000105,Lake Mary Twp,1158,1118,4,5,3,0,25,3,911,886,1,1,3,0,17,1,97.26,0.11,0.11,0.33,0.00,1.87,0.11
DOUGLAS - 000110,Douglas,000110,Leaf Valley Twp,404,394,0,1,0,0,8,3,354,348,0,1,0,0,5,1,98.31,0.00,0.28,0.00,0.00,1.41,0.28
DOUGLAS - 000115,Douglas,000115,Lund Twp,346,331,0,3,0,0,8,6,276,266,0,3,0,0,4,3,96.38,0.00,1.09,0.00,0.00,1.45,1.09
DOUGLAS - 000125,Douglas,000125,Millerville Twp,417,413,0,0,0,0,3,3,282,281,0,0,0,0,1,1,99.65,0.00,0.00,0.00,0.00,0.35,0.35
DOUGLAS - 000130,Douglas,000130,Miltona City,431,413,0,1,2,0,12,8,320,315,0,0,0,0,5,5,98.44,0.00,0.00,0.00,0.00,1.56,1.56
DOUGLAS - 000135,Douglas,000135,Miltona Twp,914,905,0,0,2,0,7,4,752,747,0,0,0,0,5,1,99.34,0.00,0.00,0.00,0.00,0.66,0.13
DOUGLAS - 000140,Douglas,000140,Moe Twp,763,733,0,3,3,0,21,15,628,610,0,3,2,0,13,6,97.13,0.00,0.48,0.32,0.00,2.07,0.96
DOUGLAS - 000145,Douglas,000145,Nelson,182,163,1,2,0,0,14,8,146,135,0,2,0,0,7,4,92.47,0.00,1.37,0.00,0.00,4.79,2.74
DOUGLAS - 000150,Douglas,000150,Orange Twp,351,338,1,0,2,1,9,3,271,260,0,0,2,1,8,2,95.94,0.00,0.00,0.74,0.37,2.95,0.74
DOUGLAS - 000155,Douglas,000155,Osakis City,1630,1523,12,7,1,1,59,41,1216,1157,6,5,1,1,34,23,95.15,0.49,0.41,0.08,0.08,2.80,1.89
DOUGLAS - 000160,Douglas,000160,Osakis Twp,681,662,1,0,1,0,16,11,515,499,0,0,0,0,15,11,96.89,0.00,0.00,0.00,0.00,2.91,2.14
DOUGLAS - 000165,Douglas,000165,Solem Twp,232,220,0,1,0,0,6,4,176,171,0,1,0,0,1,2,97.16,0.00,0.57,0.00,0.00,0.57,1.14
DOUGLAS - 000170,Douglas,000170,Spruce Hill Twp,462,445,0,2,1,0,11,4,348,334,0,2,0,0,9,4,95.98,0.00,0.57,0.00,0.00,2.59,1.15
DOUGLAS - 000175,Douglas,000175,Urness Twp,277,267,2,1,0,0,6,3,224,217,2,1,0,0,3,2,96.88,0.89,0.45,0.00,0.00,1.34,0.89
DOUGLAS - 000070,Douglas,000070,Forada,170,166,1,0,1,0,2,1,145,142,1,0,1,0,1,1,97.93,0.69,0.00,0.69,0.00,0.69,0.69
DOUGLAS - 000120,Douglas,000120,Millerville City,100,98,0,0,1,0,1,0,71,70,0,0,0,0,1,0,98.59,0.00,0.00,0.00,0.00,1.41,0.00
ST. LOUIS - 000630,St. Louis,000630,Hibbing W-3 P-A,2693,2472,65,14,13,1,122,23,2087,1955,39,10,8,1,69,20,93.68,1.87,0.48,0.38,0.05,3.31,0.96
GOODHUE - 000010,Goodhue,000010,Belle Creek Twp,517,501,2,0,1,0,10,5,371,361,1,0,1,0,5,3,97.30,0.27,0.00,0.27,0.00,1.35,0.81
GOODHUE - 000015,Goodhue,000015,Belvidere Twp,478,453,0,0,0,0,12,15,353,336,0,0,0,0,7,12,95.18,0.00,0.00,0.00,0.00,1.98,3.40
GOODHUE - 000025,Goodhue,000025,Cannon Falls P-2,2066,1937,4,6,14,2,83,54,1675,1587,4,6,10,2,51,34,94.75,0.24,0.36,0.60,0.12,3.04,2.03
GOODHUE - 000020,Goodhue,000020,Cannon Falls P-1,2154,1986,5,11,20,2,101,46,1654,1550,5,4,12,2,59,28,93.71,0.30,0.24,0.73,0.12,3.57,1.69
GOODHUE - 000030,Goodhue,000030,Cannon Falls Twp,1028,974,5,2,6,0,31,12,830,793,5,2,5,0,18,8,95.54,0.60,0.24,0.60,0.00,2.17,0.96
GOODHUE - 000035,Goodhue,000035,Cherry Grove Twp,382,368,0,2,0,0,11,4,298,291,0,0,0,0,6,2,97.65,0.00,0.00,0.00,0.00,2.01,0.67
GOODHUE - 000040,Goodhue,000040,Dennison,209,197,0,0,0,0,10,1,149,142,0,0,0,0,5,0,95.30,0.00,0.00,0.00,0.00,3.36,0.00
GOODHUE - 000045,Goodhue,000045,Featherstone Twp,745,711,3,5,1,1,24,9,583,566,3,4,1,1,8,5,97.08,0.51,0.69,0.17,0.17,1.37,0.86
GOODHUE - 000050,Goodhue,000050,Florence Twp,1555,1487,2,3,8,1,39,29,1278,1224,2,2,7,0,31,21,95.77,0.16,0.16,0.55,0.00,2.43,1.64
GOODHUE - 000055,Goodhue,000055,Goodhue,1250,1039,1,9,5,0,88,191,828,708,1,9,5,0,40,109,85.51,0.12,1.09,0.60,0.00,4.83,13.16
GOODHUE - 000060,Goodhue,000060,Goodhue Twp,542,511,3,3,0,0,19,18,397,381,1,1,0,0,10,9,95.97,0.25,0.25,0.00,0.00,2.52,2.27
GOODHUE - 000065,Goodhue,000065,Hay Creek Twp,947,884,3,8,2,0,49,23,763,715,2,7,1,0,37,19,93.71,0.26,0.92,0.13,0.00,4.85,2.49
GOODHUE - 000070,Goodhue,000070,Holden Twp,383,368,1,0,1,0,12,3,334,321,1,0,1,0,11,2,96.11,0.30,0.00,0.30,0.00,3.29,0.60
GOODHUE - 000075,Goodhue,000075,Kenyon,1894,1657,24,9,4,0,133,159,1459,1303,15,8,2,0,81,108,89.31,1.03,0.55,0.14,0.00,5.55,7.40
GOODHUE - 000080,Goodhue,000080,Kenyon Twp,388,377,3,0,0,0,6,9,293,290,0,0,0,0,1,3,98.98,0.00,0.00,0.00,0.00,0.34,1.02
GOODHUE - 000085,Goodhue,000085,Lake City,892,833,4,7,4,0,34,16,770,732,3,6,3,0,23,5,95.06,0.39,0.78,0.39,0.00,2.99,0.65
GOODHUE - 000090,Goodhue,000090,Leon Twp,956,880,5,4,7,2,41,25,739,686,5,4,6,1,25,19,92.83,0.68,0.54,0.81,0.14,3.38,2.57
GOODHUE - 000095,Goodhue,000095,Minneola Twp,627,597,2,1,7,0,15,7,488,472,1,1,7,0,7,4,96.72,0.20,0.20,1.43,0.00,1.43,0.82
GOODHUE - 000100,Goodhue,000100,Pine Island,2884,2609,68,8,36,1,146,63,2114,1934,43,1,31,1,92,45,91.49,2.03,0.05,1.47,0.05,4.35,2.13
GOODHUE - 000105,Goodhue,000105,Pine Island Twp,577,536,1,3,2,0,33,7,440,418,0,0,2,0,18,2,95.00,0.00,0.00,0.45,0.00,4.09,0.45
GOODHUE - 000115,Goodhue,000115,Red Wing W-1 P-2,2210,1838,16,162,12,2,131,110,1682,1446,9,118,9,2,64,66,85.97,0.54,7.02,0.54,0.12,3.80,3.92
GOODHUE - 000110,Goodhue,000110,Red Wing W-1 P-1,2055,1825,56,16,23,1,93,57,1690,1542,39,15,19,1,52,37,91.24,2.31,0.89,1.12,0.06,3.08,2.19
GOODHUE - 000155,Goodhue,000155,Red Wing W-4 P-1,2593,2077,154,50,27,5,167,199,2089,1738,106,37,23,1,105,124,83.20,5.07,1.77,1.10,0.05,5.03,5.94
GOODHUE - 000125,Goodhue,000125,Red Wing W-2 P-1,2088,1792,68,33,17,3,103,130,1672,1475,39,26,12,2,61,99,88.22,2.33,1.56,0.72,0.12,3.65,5.92
GOODHUE - 000140,Goodhue,000140,Red Wing W-3 P-1,2156,1927,52,16,17,1,106,105,1702,1553,41,12,11,1,66,63,91.25,2.41,0.71,0.65,0.06,3.88,3.70
GOODHUE - 000160,Goodhue,000160,Red Wing W-4 P-2,1688,1445,28,23,39,1,94,95,1264,1121,13,11,22,1,52,60,88.69,1.03,0.87,1.74,0.08,4.11,4.75
GOODHUE - 000130,Goodhue,000130,Red Wing W-2 P-2,1894,1670,34,16,16,1,102,108,1505,1372,22,7,15,1,57,64,91.16,1.46,0.47,1.00,0.07,3.79,4.25
GOODHUE - 000145,Goodhue,000145,Red Wing W-3 P-2,1863,1603,82,41,15,2,91,58,1397,1273,44,22,12,2,34,23,91.12,3.15,1.57,0.86,0.14,2.43,1.65
GOODHUE - 000170,Goodhue,000170,Roscoe Twp,744,725,0,0,3,0,11,3,579,565,0,0,3,0,6,3,97.58,0.00,0.00,0.52,0.00,1.04,0.52
WATONWAN - 000005,Watonwan,000005,Adrian Twp,130,126,0,0,0,0,4,4,106,105,0,0,0,0,1,1,99.06,0.00,0.00,0.00,0.00,0.94,0.94
WATONWAN - 000010,Watonwan,000010,Antrim Twp,266,254,0,0,1,0,9,6,184,178,0,0,1,0,4,1,96.74,0.00,0.00,0.54,0.00,2.17,0.54
WATONWAN - 000020,Watonwan,000020,Butterfield Twp,200,197,0,0,1,0,2,3,161,158,0,0,1,0,2,3,98.14,0.00,0.00,0.62,0.00,1.24,1.86
WATONWAN - 000015,Watonwan,000015,Butterfield,601,310,1,6,40,0,41,269,418,241,1,6,26,0,22,153,57.66,0.24,1.44,6.22,0.00,5.26,36.60
WATONWAN - 000030,Watonwan,000030,Fieldon Twp,207,202,0,0,3,0,2,0,153,150,0,0,3,0,0,0,98.04,0.00,0.00,1.96,0.00,0.00,0.00
WATONWAN - 000045,Watonwan,000045,Long Lake Twp,339,323,0,0,2,0,9,12,271,262,0,0,2,0,3,4,96.68,0.00,0.00,0.74,0.00,1.11,1.48
WATONWAN - 000135,Watonwan,000135,South Branch Twp,249,233,1,1,1,0,12,10,190,182,0,1,1,0,5,3,95.79,0.00,0.53,0.53,0.00,2.63,1.58
WATONWAN - 000040,Watonwan,000040,Lewisville,204,189,0,0,0,0,5,14,166,155,0,0,0,0,4,11,93.37,0.00,0.00,0.00,0.00,2.41,6.63
WATONWAN - 000035,Watonwan,000035,La Salle,79,73,2,0,0,0,4,6,57,54,1,0,0,0,2,3,94.74,1.75,0.00,0.00,0.00,3.51,5.26
WATONWAN - 000050,Watonwan,000050,Madelia,2396,1725,20,16,8,0,264,783,1760,1337,16,10,8,0,143,485,75.97,0.91,0.57,0.45,0.00,8.12,27.56
WATONWAN - 000075,Watonwan,000075,Odin Twp,165,158,2,1,0,0,3,4,136,134,0,1,0,0,0,2,98.53,0.00,0.74,0.00,0.00,0.00,1.47
WATONWAN - 000085,Watonwan,000085,Riverdale Twp,283,273,0,0,4,0,5,3,213,207,0,0,4,0,2,3,97.18,0.00,0.00,1.88,0.00,0.94,1.41
WATONWAN - 000065,Watonwan,000065,Nelson Twp,237,220,0,0,0,0,16,9,190,183,0,0,0,0,7,4,96.32,0.00,0.00,0.00,0.00,3.68,2.11
WATONWAN - 000090,Watonwan,000090,Rosendale Twp,273,249,0,1,2,0,15,18,219,208,0,1,2,0,4,8,94.98,0.00,0.46,0.91,0.00,1.83,3.65
WATONWAN - 000070,Watonwan,000070,Odin,123,116,2,0,0,0,0,6,87,84,2,0,0,0,0,1,96.55,2.30,0.00,0.00,0.00,0.00,1.15
WATONWAN - 000080,Watonwan,000080,Ormsby,71,68,0,0,1,0,1,1,57,55,0,0,1,0,1,0,96.49,0.00,0.00,1.75,0.00,1.75,0.00
WATONWAN - 000025,Watonwan,000025,Darfur,84,80,1,1,0,0,2,4,72,70,0,1,0,0,1,4,97.22,0.00,1.39,0.00,0.00,1.39,5.56
WATONWAN - 000110,Watonwan,000110,Saint James W-2,2221,1329,5,30,13,0,284,970,1601,1053,2,21,10,0,152,589,65.77,0.12,1.31,0.62,0.00,9.49,36.79
WATONWAN - 000095,Watonwan,000095,Saint James W-1,2572,1589,14,36,17,0,338,1057,1927,1309,6,29,15,0,205,660,67.93,0.31,1.50,0.78,0.00,10.64,34.25
WATONWAN - 000125,Watonwan,000125,Saint James Twp,248,218,0,1,3,0,22,31,202,182,0,1,1,0,15,20,90.10,0.00,0.50,0.50,0.00,7.43,9.90
WATONWAN - 000060,Watonwan,000060,Madelia Twp,305,277,0,2,0,0,18,17,246,233,0,1,0,0,8,8,94.72,0.00,0.41,0.00,0.00,3.25,3.25
GOODHUE - 000175,Goodhue,000175,Stanton Twp,1140,1090,3,3,7,0,34,11,899,866,3,3,7,0,18,9,96.33,0.33,0.33,0.78,0.00,2.00,1.00
GOODHUE - 000180,Goodhue,000180,Vasa Twp,857,812,2,4,0,1,30,9,669,645,0,3,0,1,16,5,96.41,0.00,0.45,0.00,0.15,2.39,0.75
GOODHUE - 000185,Goodhue,000185,Wacouta Twp,377,351,3,3,1,0,16,5,315,306,0,2,0,0,5,1,97.14,0.00,0.63,0.00,0.00,1.59,0.32
GOODHUE - 000190,Goodhue,000190,Wanamingo,1113,1046,14,2,3,0,46,28,840,792,11,2,3,0,30,17,94.29,1.31,0.24,0.36,0.00,3.57,2.02
GOODHUE - 000195,Goodhue,000195,Wanamingo Twp,395,377,1,0,1,0,11,5,342,329,1,0,1,0,7,4,96.20,0.29,0.00,0.29,0.00,2.05,1.17
GOODHUE - 000200,Goodhue,000200,Warsaw Twp,598,555,1,2,8,0,24,12,465,440,1,2,7,0,8,7,94.62,0.22,0.43,1.51,0.00,1.72,1.51
GOODHUE - 000205,Goodhue,000205,Welch Twp,854,648,2,146,5,1,43,42,636,523,2,83,2,0,18,23,82.23,0.31,13.05,0.31,0.00,2.83,3.62
GOODHUE - 000215,Goodhue,000215,Zumbrota P-2,2073,1917,11,10,21,5,77,53,1556,1451,7,3,18,2,54,34,93.25,0.45,0.19,1.16,0.13,3.47,2.19
GOODHUE - 000210,Goodhue,000210,Zumbrota P-1,1653,1534,18,4,15,1,59,42,1211,1144,13,3,11,1,23,25,94.47,1.07,0.25,0.91,0.08,1.90,2.06
GOODHUE - 000220,Goodhue,000220,Zumbrota Twp,619,603,3,0,0,0,12,4,466,459,1,0,0,0,6,1,98.50,0.21,0.00,0.00,0.00,1.29,0.21
GOODHUE - 000005,Goodhue,000005,Bellechester,138,110,1,2,0,0,3,25,106,88,0,2,0,0,2,17,83.02,0.00,1.89,0.00,0.00,1.89,16.04
CLAY - 000005,Clay,000005,Alliance Twp,203,197,2,1,0,0,2,2,166,163,1,0,0,0,2,1,98.19,0.60,0.00,0.00,0.00,1.20,0.60
CLAY - 000010,Clay,000010,Barnesville W-1,1041,984,3,2,2,2,45,23,736,700,3,1,2,2,26,11,95.11,0.41,0.14,0.27,0.27,3.53,1.49
CLAY - 000015,Clay,000015,Barnesville W-2,796,750,1,2,4,0,38,12,579,555,0,2,2,0,19,9,95.85,0.00,0.35,0.35,0.00,3.28,1.55
CLAY - 000020,Clay,000020,Barnesville W-3,922,874,1,5,2,0,38,13,648,629,0,1,2,0,14,5,97.07,0.00,0.15,0.31,0.00,2.16,0.77
CLAY - 000025,Clay,000025,Barnesville Twp,181,176,1,0,0,0,4,4,148,145,0,0,0,0,3,3,97.97,0.00,0.00,0.00,0.00,2.03,2.03
CLAY - 000030,Clay,000030,Comstock,100,99,0,0,0,0,1,3,76,76,0,0,0,0,0,2,100.00,0.00,0.00,0.00,0.00,0.00,2.63
CLAY - 000035,Clay,000035,Cromwell Twp,388,378,0,0,2,0,7,1,279,273,0,0,2,0,3,1,97.85,0.00,0.00,0.72,0.00,1.08,0.36
CLAY - 000040,Clay,000040,Dilworth,4612,3964,157,89,23,1,299,261,3351,2967,90,50,13,1,170,156,88.54,2.69,1.49,0.39,0.03,5.07,4.66
CLAY - 000045,Clay,000045,Eglon Twp,708,684,1,0,1,0,21,3,498,481,0,0,1,0,15,3,96.59,0.00,0.00,0.20,0.00,3.01,0.60
CLAY - 000050,Clay,000050,Elkton Twp,317,301,0,0,0,0,15,5,251,235,0,0,0,0,15,5,93.63,0.00,0.00,0.00,0.00,5.98,1.99
CLAY - 000055,Clay,000055,Elmwood Twp,415,372,1,9,0,0,31,10,299,281,0,4,0,0,12,3,93.98,0.00,1.34,0.00,0.00,4.01,1.00
CLAY - 000240,Clay,000240,Sabin,619,582,2,8,3,0,23,9,394,382,0,0,2,0,10,4,96.95,0.00,0.00,0.51,0.00,2.54,1.02
CLAY - 000065,Clay,000065,Felton Twp,83,69,0,1,0,0,13,1,66,58,0,0,0,0,8,0,87.88,0.00,0.00,0.00,0.00,12.12,0.00
CLAY - 000070,Clay,000070,Flowing Twp,89,79,0,1,0,0,6,2,60,57,0,0,0,0,1,0,95.00,0.00,0.00,0.00,0.00,1.67,0.00
CLAY - 000075,Clay,000075,Georgetown,86,71,0,4,0,0,11,15,56,55,0,0,0,0,1,3,98.21,0.00,0.00,0.00,0.00,1.79,5.36
CLAY - 000080,Clay,000080,Georgetown Twp,135,123,0,1,2,0,6,8,99,93,0,0,2,0,2,2,93.94,0.00,0.00,2.02,0.00,2.02,2.02
CLAY - 000085,Clay,000085,Glyndon,1306,1103,17,21,4,0,135,100,876,768,8,13,2,0,70,49,87.67,0.91,1.48,0.23,0.00,7.99,5.59
CLAY - 000090,Clay,000090,Glyndon Twp,317,293,0,3,0,0,21,15,226,209,0,1,0,0,16,9,92.48,0.00,0.44,0.00,0.00,7.08,3.98
CLAY - 000095,Clay,000095,Goose Prairie Twp,200,194,0,1,1,0,4,14,142,141,0,0,0,0,1,1,99.30,0.00,0.00,0.00,0.00,0.70,0.70
CLAY - 000100,Clay,000100,Hagen Twp,128,117,2,0,1,0,7,4,108,102,0,0,1,0,4,2,94.44,0.00,0.00,0.93,0.00,3.70,1.85
CLAY - 000105,Clay,000105,Hawley,2219,2075,0,17,3,0,103,54,1559,1497,0,6,1,0,47,21,96.02,0.00,0.38,0.06,0.00,3.01,1.35
CLAY - 000110,Clay,000110,Hawley Twp,491,468,0,1,0,0,22,3,367,356,0,1,0,0,10,0,97.00,0.00,0.27,0.00,0.00,2.72,0.00
CLAY - 000115,Clay,000115,Highland Grove Twp,274,261,1,1,0,0,8,3,206,201,0,0,0,0,4,1,97.57,0.00,0.00,0.00,0.00,1.94,0.49
CLAY - 000120,Clay,000120,Hitterdal,199,185,0,0,0,0,14,5,158,149,0,0,0,0,9,5,94.30,0.00,0.00,0.00,0.00,5.70,3.16
CLAY - 000125,Clay,000125,Holy Cross Twp,113,111,0,0,0,0,0,0,94,94,0,0,0,0,0,0,100.00,0.00,0.00,0.00,0.00,0.00,0.00
CLAY - 000130,Clay,000130,Humboldt Twp,280,273,0,1,2,0,4,2,200,198,0,0,2,0,0,0,99.00,0.00,0.00,1.00,0.00,0.00,0.00
CLAY - 000135,Clay,000135,Keene Twp,153,148,0,2,0,0,3,0,113,109,0,2,0,0,2,0,96.46,0.00,1.77,0.00,0.00,1.77,0.00
CLAY - 000140,Clay,000140,Kragnes Twp,255,243,0,0,0,0,11,3,197,191,0,0,0,0,6,0,96.95,0.00,0.00,0.00,0.00,3.05,0.00
CLAY - 000145,Clay,000145,Kurtz Twp,253,239,1,2,2,0,8,7,180,174,1,2,1,0,2,1,96.67,0.56,1.11,0.56,0.00,1.11,0.56
CLAY - 000150,Clay,000150,Moland Twp,252,246,1,0,0,0,5,0,209,206,0,0,0,0,3,0,98.56,0.00,0.00,0.00,0.00,1.44,0.00
CLAY - 000214,Clay,000214,Moorhead W-4 P-12,3641,3041,204,44,56,0,234,197,2662,2340,114,17,46,0,102,106,87.90,4.28,0.64,1.73,0.00,3.83,3.98
CLAY - 000157,Clay,000157,Moorhead W-1 P-1B,1337,1242,4,17,3,0,56,43,1007,944,3,13,2,0,34,28,93.74,0.30,1.29,0.20,0.00,3.38,2.78
CLAY - 000165,Clay,000165,Moorhead W-2 P-3,2630,2275,93,29,49,0,164,101,1929,1731,44,18,36,0,85,58,89.74,2.28,0.93,1.87,0.00,4.41,3.01
CLAY - 000170,Clay,000170,Moorhead W-2 P-4,5287,4187,408,120,114,2,368,285,3843,3173,237,78,91,1,208,149,82.57,6.17,2.03,2.37,0.03,5.41,3.88
CLAY - 000155,Clay,000155,Moorhead W-1 P-1A,4710,3812,152,139,114,3,417,372,3549,2995,91,98,90,3,225,201,84.39,2.56,2.76,2.54,0.08,6.34,5.66
CLAY - 000195,Clay,000195,Moorhead W-3 P-7,2186,1889,69,50,29,0,124,82,1746,1549,51,32,19,0,80,39,88.72,2.92,1.83,1.09,0.00,4.58,2.23
CLAY - 000212,Clay,000212,Moorhead W-4 P-11,4971,3730,759,90,50,1,261,253,3452,2719,444,66,36,1,135,145,78.77,12.86,1.91,1.04,0.03,3.91,4.20
CLAY - 000160,Clay,000160,Moorhead W-1 P-2,4614,3735,184,167,60,0,377,352,3814,3215,136,121,52,0,229,231,84.29,3.57,3.17,1.36,0.00,6.00,6.06
CLAY - 000190,Clay,000190,Moorhead W-3 P-6B,2912,2484,91,78,55,0,147,164,2359,2078,65,41,45,0,85,108,88.09,2.76,1.74,1.91,0.00,3.60,4.58
CLAY - 000205,Clay,000205,Moorhead W-4 P-9,1799,1510,122,24,18,1,84,77,1377,1176,76,14,13,1,65,57,85.40,5.52,1.02,0.94,0.07,4.72,4.14
CLAY - 000200,Clay,000200,Moorhead W-3 P-8,3960,3466,227,31,35,0,160,92,2831,2533,116,23,29,0,97,62,89.47,4.10,0.81,1.02,0.00,3.43,2.19
CLAY - 000185,Clay,000185,Moorhead W-3 P-6A,1105,940,44,6,49,7,39,41,1086,928,41,6,49,7,35,40,85.45,3.78,0.55,4.51,0.64,3.22,3.68
CLAY - 000210,Clay,000210,Moorhead W-4 P-10,2607,1862,438,74,18,0,167,160,1706,1311,232,38,16,0,76,86,76.85,13.60,2.23,0.94,0.00,4.45,5.04
CLAY - 000180,Clay,000180,Moorhead W-2 P-5B,1616,1184,138,61,33,0,176,127,1273,964,93,45,32,0,120,73,75.73,7.31,3.53,2.51,0.00,9.43,5.73
CLAY - 000215,Clay,000215,Moorhead Twp P-1,152,138,1,0,0,0,11,5,109,108,0,0,0,0,1,0,99.08,0.00,0.00,0.00,0.00,0.92,0.00
CLAY - 000217,Clay,000217,Moorhead Twp P-2,32,28,0,1,1,0,2,4,25,23,0,0,1,0,1,1,92.00,0.00,0.00,4.00,0.00,4.00,4.00
CLAY - 000220,Clay,000220,Morken Twp,151,138,0,0,2,0,10,3,112,105,0,0,2,0,4,2,93.75,0.00,0.00,1.79,0.00,3.57,1.79
CLAY - 000225,Clay,000225,Oakport Twp,506,492,1,2,0,0,10,8,349,342,1,0,0,0,6,2,97.99,0.29,0.00,0.00,0.00,1.72,0.57
CLAY - 000230,Clay,000230,Parke Twp,526,509,0,5,3,0,8,2,403,391,0,4,3,0,5,0,97.02,0.00,0.99,0.74,0.00,1.24,0.00
CLAY - 000235,Clay,000235,Riverton Twp,435,410,0,3,0,0,18,14,333,317,0,3,0,0,10,4,95.20,0.00,0.90,0.00,0.00,3.00,1.20
CLAY - 000245,Clay,000245,Skree Twp,177,167,0,0,1,0,9,1,127,123,0,0,1,0,3,0,96.85,0.00,0.00,0.79,0.00,2.36,0.00
CLAY - 000250,Clay,000250,Spring Prairie Twp,506,496,0,1,0,0,8,1,376,374,0,1,0,0,0,1,99.47,0.00,0.27,0.00,0.00,0.00,0.27
CLAY - 000255,Clay,000255,Tansem Twp,269,255,0,4,0,0,10,0,200,193,0,1,0,0,6,0,96.50,0.00,0.50,0.00,0.00,3.00,0.00
CLAY - 000260,Clay,000260,Ulen,476,433,0,17,0,0,23,3,359,336,0,13,0,0,8,2,93.59,0.00,3.62,0.00,0.00,2.23,0.56
CLAY - 000265,Clay,000265,Ulen Twp,173,164,0,6,0,0,3,0,124,119,0,3,0,0,2,0,95.97,0.00,2.42,0.00,0.00,1.61,0.00
CLAY - 000270,Clay,000270,Viding Twp,98,94,0,0,2,0,1,2,85,82,0,0,2,0,1,1,96.47,0.00,0.00,2.35,0.00,1.18,1.18
CLAY - 000060,Clay,000060,Felton,177,164,0,0,0,1,11,8,133,123,0,0,0,1,8,5,92.48,0.00,0.00,0.00,0.75,6.02,3.76
CLAY - 000175,Clay,000175,Moorhead W-2 P-5A,1130,947,64,6,37,2,57,32,1124,945,64,6,37,2,53,30,84.07,5.69,0.53,3.29,0.18,4.72,2.67
SIBLEY - 000005,Sibley,000005,Alfsborg Twp,285,268,0,0,4,0,11,4,222,216,0,0,1,0,5,2,97.30,0.00,0.00,0.45,0.00,2.25,0.90
SIBLEY - 000010,Sibley,000010,Arlington,2247,1877,35,5,9,1,175,341,1671,1449,27,5,8,1,92,200,86.71,1.62,0.30,0.48,0.06,5.51,11.97
SIBLEY - 000015,Sibley,000015,Arlington Twp,475,460,0,0,2,0,5,6,390,379,0,0,2,0,2,4,97.18,0.00,0.00,0.51,0.00,0.51,1.03
SIBLEY - 000020,Sibley,000020,Bismarck Twp,323,309,1,0,0,1,9,7,223,215,0,0,0,1,6,4,96.41,0.00,0.00,0.00,0.45,2.69,1.79
SIBLEY - 000025,Sibley,000025,Cornish Twp,241,223,2,1,2,0,5,7,192,181,2,1,2,0,2,2,94.27,1.04,0.52,1.04,0.00,1.04,1.04
SIBLEY - 000030,Sibley,000030,Dryden Twp,301,291,1,0,1,0,6,11,232,228,0,0,1,0,1,7,98.28,0.00,0.00,0.43,0.00,0.43,3.02
SIBLEY - 000035,Sibley,000035,Faxon Twp,712,654,1,13,4,1,39,10,533,497,0,8,2,1,25,8,93.25,0.00,1.50,0.38,0.19,4.69,1.50
SIBLEY - 000040,Sibley,000040,Gaylord,2273,1769,17,5,17,1,217,569,1760,1440,5,5,11,1,144,353,81.82,0.28,0.28,0.62,0.06,8.18,20.06
SIBLEY - 000045,Sibley,000045,Gibbon,784,684,6,8,4,1,47,102,595,533,5,4,2,1,26,55,89.58,0.84,0.67,0.34,0.17,4.37,9.24
SIBLEY - 000050,Sibley,000050,Grafton Twp,206,195,0,0,0,2,9,1,163,157,0,0,0,2,4,0,96.32,0.00,0.00,0.00,1.23,2.45,0.00
SIBLEY - 000055,Sibley,000055,Green Isle,591,534,3,3,3,0,37,39,436,403,2,3,0,0,22,26,92.43,0.46,0.69,0.00,0.00,5.05,5.96
SIBLEY - 000060,Sibley,000060,Green Isle Twp,518,498,1,1,3,0,12,5,396,385,0,1,3,0,6,2,97.22,0.00,0.25,0.76,0.00,1.52,0.51
SIBLEY - 000065,Sibley,000065,Henderson,960,908,2,4,1,0,27,31,706,675,1,3,1,0,11,18,95.61,0.14,0.42,0.14,0.00,1.56,2.55
SIBLEY - 000070,Sibley,000070,Henderson Twp,665,641,0,0,2,0,17,7,504,488,0,0,2,0,13,6,96.83,0.00,0.00,0.40,0.00,2.58,1.19
SIBLEY - 000075,Sibley,000075,Jessenland Twp,427,414,0,1,3,0,8,6,348,340,0,1,3,0,3,3,97.70,0.00,0.29,0.86,0.00,0.86,0.86
SIBLEY - 000080,Sibley,000080,Kelso Twp,269,250,1,0,2,1,15,5,212,201,1,0,1,1,8,2,94.81,0.47,0.00,0.47,0.47,3.77,0.94
SIBLEY - 000082,Sibley,000082,Le Sueur,0,0,0,0,0,0,0,0,0,0,0,0,0,0,0,0,0.00,0.00,0.00,0.00,0.00,0.00,0.00
SIBLEY - 000085,Sibley,000085,Moltke Twp,268,262,0,0,0,0,2,6,204,198,0,0,0,0,2,5,97.06,0.00,0.00,0.00,0.00,0.98,2.45
SIBLEY - 000090,Sibley,000090,New Auburn,411,366,3,2,0,0,33,32,328,298,1,1,0,0,21,16,90.85,0.30,0.30,0.00,0.00,6.40,4.88
SIBLEY - 000095,Sibley,000095,New Auburn Twp,387,368,3,1,2,0,13,5,306,295,0,1,2,0,8,4,96.41,0.00,0.33,0.65,0.00,2.61,1.31
SIBLEY - 000100,Sibley,000100,Severance Twp,219,214,0,4,0,0,1,5,174,172,0,2,0,0,0,2,98.85,0.00,1.15,0.00,0.00,0.00,1.15
SIBLEY - 000105,Sibley,000105,Sibley Twp,238,233,1,0,2,0,1,4,185,182,1,0,2,0,0,3,98.38,0.54,0.00,1.08,0.00,0.00,1.62
SIBLEY - 000110,Sibley,000110,Transit Twp,250,244,0,0,2,2,2,3,206,201,0,0,2,2,1,3,97.57,0.00,0.00,0.97,0.97,0.49,1.46
SIBLEY - 000115,Sibley,000115,Washington Lake Twp,454,441,0,0,5,0,5,4,364,354,0,0,5,0,2,3,97.25,0.00,0.00,1.37,0.00,0.55,0.82
SIBLEY - 000120,Sibley,000120,Winthrop,1332,1201,7,3,8,1,63,105,1053,957,7,2,8,1,39,74,90.88,0.66,0.19,0.76,0.09,3.70,7.03
AITKIN - 000005,Aitkin,000005,Aitkin,2168,2023,20,42,9,0,58,30,1754,1652,12,35,8,0,32,18,94.18,0.68,2.00,0.46,0.00,1.82,1.03
AITKIN - 000010,Aitkin,000010,Aitkin Twp,910,854,4,0,6,0,37,27,698,664,1,0,4,0,26,15,95.13,0.14,0.00,0.57,0.00,3.72,2.15
AITKIN - 000015,Aitkin,000015,Ball Bluff Twp,272,266,1,2,0,0,3,2,237,233,0,2,0,0,2,2,98.31,0.00,0.84,0.00,0.00,0.84,0.84
AITKIN - 000020,Aitkin,000020,Balsam Twp,32,27,0,0,0,0,5,0,25,22,0,0,0,0,3,0,88.00,0.00,0.00,0.00,0.00,12.00,0.00
AITKIN - 000025,Aitkin,000025,Beaver Twp,62,59,0,0,0,0,2,0,55,52,0,0,0,0,2,0,94.55,0.00,0.00,0.00,0.00,3.64,0.00
AITKIN - 000030,Aitkin,000030,Clark Twp,116,113,0,0,0,0,1,1,95,94,0,0,0,0,0,0,98.95,0.00,0.00,0.00,0.00,0.00,0.00
AITKIN - 000150,Aitkin,000150,Palisade,162,138,1,14,0,0,9,2,133,120,0,10,0,0,3,0,90.23,0.00,7.52,0.00,0.00,2.26,0.00
AITKIN - 000230,Aitkin,000230,Workman Twp,212,202,1,3,0,0,6,2,174,167,0,2,0,0,5,0,95.98,0.00,1.15,0.00,0.00,2.87,0.00
BLUE EARTH - 000005,Blue Earth,000005,Amboy,530,481,3,0,1,1,41,22,398,371,3,0,0,1,20,9,93.22,0.75,0.00,0.00,0.25,5.03,2.26
BLUE EARTH - 000235,Blue Earth,000235,Shelby Twp,251,231,0,3,0,0,10,12,199,184,0,3,0,0,6,8,92.46,0.00,1.51,0.00,0.00,3.02,4.02
BLUE EARTH - 000010,Blue Earth,000010,Beauford Twp,376,359,1,0,2,0,14,4,296,291,0,0,2,0,3,3,98.31,0.00,0.00,0.68,0.00,1.01,1.01
BLUE EARTH - 000095,Blue Earth,000095,Madison Lake,1247,1171,16,1,6,0,36,27,924,882,7,1,6,0,22,12,95.45,0.76,0.11,0.65,0.00,2.38,1.30
BLUE EARTH - 000015,Blue Earth,000015,Butternut Valley Twp,298,286,0,0,0,0,11,3,232,222,0,0,0,0,9,3,95.69,0.00,0.00,0.00,0.00,3.88,1.29
BLUE EARTH - 000090,Blue Earth,000090,McPherson Twp,424,416,1,1,0,0,5,5,329,323,1,1,0,0,3,1,98.18,0.30,0.30,0.00,0.00,0.91,0.30
BLUE EARTH - 000020,Blue Earth,000020,Cambria Twp,255,248,0,0,0,0,6,1,202,199,0,0,0,0,3,0,98.51,0.00,0.00,0.00,0.00,1.49,0.00
BLUE EARTH - 000025,Blue Earth,000025,Ceresco Twp,181,175,0,0,0,0,6,4,143,142,0,0,0,0,1,2,99.30,0.00,0.00,0.00,0.00,0.70,1.40
BLUE EARTH - 000050,Blue Earth,000050,Good Thunder,560,520,0,2,2,0,36,9,426,402,0,2,1,0,21,2,94.37,0.00,0.47,0.23,0.00,4.93,0.47
BLUE EARTH - 000055,Blue Earth,000055,Jamestown Twp,679,660,1,0,1,0,13,11,519,506,0,0,0,0,9,10,97.50,0.00,0.00,0.00,0.00,1.73,1.93
BLUE EARTH - 000065,Blue Earth,000065,Lake Crystal,2539,2373,27,4,6,0,112,96,1866,1771,17,3,1,0,59,47,94.91,0.91,0.16,0.05,0.00,3.16,2.52
BLUE EARTH - 000070,Blue Earth,000070,Le Ray Twp,770,729,0,0,3,0,21,28,603,585,0,0,3,0,7,11,97.01,0.00,0.00,0.50,0.00,1.16,1.82
BLUE EARTH - 000030,Blue Earth,000030,Danville Twp,226,222,0,0,1,0,3,1,182,180,0,0,1,0,1,0,98.90,0.00,0.00,0.55,0.00,0.55,0.00
BLUE EARTH - 000035,Blue Earth,000035,Decoria Twp,1146,1097,1,3,5,0,32,20,859,839,1,2,4,0,11,10,97.67,0.12,0.23,0.47,0.00,1.28,1.16
BLUE EARTH - 000040,Blue Earth,000040,Eagle Lake,3268,2915,82,10,41,1,189,116,2317,2133,50,8,24,1,77,61,92.06,2.16,0.35,1.04,0.04,3.32,2.63
BLUE EARTH - 000045,Blue Earth,000045,Garden City Twp,844,804,3,5,2,0,20,12,650,629,2,4,0,0,8,3,96.77,0.31,0.62,0.00,0.00,1.23,0.46
BLUE EARTH - 000060,Blue Earth,000060,Judson Twp,534,509,1,2,1,0,12,8,430,416,0,0,1,0,4,5,96.74,0.00,0.00,0.23,0.00,0.93,1.16
BLUE EARTH - 000075,Blue Earth,000075,Lime Twp,946,897,3,1,9,0,32,17,735,705,2,1,4,0,19,11,95.92,0.27,0.14,0.54,0.00,2.59,1.50
BLUE EARTH - 000080,Blue Earth,000080,Lincoln Twp,205,191,2,0,1,0,10,7,171,161,1,0,1,0,7,4,94.15,0.58,0.00,0.58,0.00,4.09,2.34
BLUE EARTH - 000085,Blue Earth,000085,Lyra Twp,294,272,1,3,1,0,14,3,224,218,1,3,0,0,1,2,97.32,0.45,1.34,0.00,0.00,0.45,0.89
BLUE EARTH - 000170,Blue Earth,000170,Mankato W-2 P-16,3607,3217,94,12,59,5,159,159,2655,2411,55,9,42,5,90,106,90.81,2.07,0.34,1.58,0.19,3.39,3.99
BLUE EARTH - 000150,Blue Earth,000150,Mankato W-1 P-12,1641,1369,53,12,49,1,119,133,1360,1174,29,9,42,0,75,92,86.32,2.13,0.66,3.09,0.00,5.51,6.76
BLUE EARTH - 000106,Blue Earth,000106,Mankato W-5 P-3,1471,1308,23,8,24,0,84,68,1094,1003,6,6,23,0,34,45,91.68,0.55,0.55,2.10,0.00,3.11,4.11
BLUE EARTH - 000155,Blue Earth,000155,Mankato W-4 P-13,2117,1617,203,22,75,0,130,158,1798,1432,142,20,74,0,81,109,79.64,7.90,1.11,4.12,0.00,4.51,6.06
BLUE EARTH - 000175,Blue Earth,000175,Mankato W-2 P-17,553,475,14,2,8,0,39,26,423,391,5,2,6,0,10,18,92.43,1.18,0.47,1.42,0.00,2.36,4.26
BLUE EARTH - 000165,Blue Earth,000165,Mankato W-2 P-15,6568,5368,503,30,148,3,379,356,5426,4682,295,27,122,3,197,218,86.29,5.44,0.50,2.25,0.06,3.63,4.02
BLUE EARTH - 000142,Blue Earth,000142,Mankato W-4 P-10A,2577,2036,214,13,91,1,166,141,2154,1758,132,11,89,1,115,114,81.62,6.13,0.51,4.13,0.05,5.34,5.29
BLUE EARTH - 000125,Blue Earth,000125,Mankato W-3 P-7,2066,1347,276,14,244,3,122,126,1794,1198,199,8,234,0,102,109,66.78,11.09,0.45,13.04,0.00,5.69,6.08
BLUE EARTH - 000140,Blue Earth,000140,Mankato W-4 P-10,2896,2293,212,24,70,5,231,204,2381,1958,158,22,57,5,136,149,82.23,6.64,0.92,2.39,0.21,5.71,6.26
BLUE EARTH - 000100,Blue Earth,000100,Mankato W-5 P-1,1368,1080,167,11,13,0,83,64,1071,907,85,11,13,0,46,41,84.69,7.94,1.03,1.21,0.00,4.30,3.83
BLUE EARTH - 000240,Blue Earth,000240,Skyline,288,266,2,3,1,1,12,9,224,211,2,0,1,1,7,2,94.20,0.89,0.00,0.45,0.45,3.12,0.89
BLUE EARTH - 000260,Blue Earth,000260,Vernon Center Twp,250,237,2,1,2,0,6,8,201,193,2,1,0,0,4,5,96.02,1.00,0.50,0.00,0.00,1.99,2.49
BLUE EARTH - 000250,Blue Earth,000250,Sterling Twp,244,229,3,0,1,0,11,7,196,185,1,0,0,0,10,7,94.39,0.51,0.00,0.00,0.00,5.10,3.57
BLUE EARTH - 000255,Blue Earth,000255,Vernon Center,328,314,3,0,1,0,9,14,249,238,3,0,1,0,7,9,95.58,1.20,0.00,0.40,0.00,2.81,3.61
BLUE EARTH - 000160,Blue Earth,000160,Mankato W-1 P-14,3499,2797,310,25,100,1,193,180,2754,2269,219,21,79,1,108,138,82.39,7.95,0.76,2.87,0.04,3.92,5.01
BLUE EARTH - 000145,Blue Earth,000145,Mankato W-1 P-11,3700,2469,664,15,240,7,223,222,3129,2142,500,13,224,7,172,173,68.46,15.98,0.42,7.16,0.22,5.50,5.53
BLUE EARTH - 000135,Blue Earth,000135,Mankato W-3 P-9,5648,4232,594,21,273,0,362,343,4606,3549,419,11,246,0,238,260,77.05,9.10,0.24,5.34,0.00,5.17,5.64
BLUE EARTH - 000197,Blue Earth,000197,Mankato Twp P-2,1608,1522,11,1,21,0,41,27,1265,1201,5,1,18,0,31,20,94.94,0.40,0.08,1.42,0.00,2.45,1.58
BLUE EARTH - 000195,Blue Earth,000195,Mankato Twp P-1,210,207,0,0,0,0,3,0,159,158,0,0,0,0,1,0,99.37,0.00,0.00,0.00,0.00,0.63,0.00
BLUE EARTH - 000200,Blue Earth,000200,Mapleton,1710,1604,15,2,5,0,71,63,1304,1252,9,0,5,0,32,30,96.01,0.69,0.00,0.38,0.00,2.45,2.30
BLUE EARTH - 000205,Blue Earth,000205,Mapleton Twp,285,261,0,0,0,0,21,6,221,205,0,0,0,0,13,5,92.76,0.00,0.00,0.00,0.00,5.88,2.26
BLUE EARTH - 000210,Blue Earth,000210,Medo Twp,321,304,0,0,1,0,16,7,246,236,0,0,1,0,9,4,95.93,0.00,0.00,0.41,0.00,3.66,1.63
BLUE EARTH - 000220,Blue Earth,000220,Pleasant Mound Twp,195,186,5,0,0,0,2,5,146,141,3,0,0,0,2,1,96.58,2.05,0.00,0.00,0.00,1.37,0.68
BLUE EARTH - 000225,Blue Earth,000225,Rapidan Twp,1051,1012,0,3,7,0,21,11,825,801,0,2,2,0,16,8,97.09,0.00,0.24,0.24,0.00,1.94,0.97
BLUE EARTH - 000230,Blue Earth,000230,Saint Clair,750,704,4,4,1,0,28,21,549,518,3,3,0,0,17,17,94.35,0.55,0.55,0.00,0.00,3.10,3.10
BLUE EARTH - 000245,Blue Earth,000245,South Bend Twp,1581,1432,39,5,15,1,75,42,1245,1158,21,1,10,1,44,25,93.01,1.69,0.08,0.80,0.08,3.53,2.01
BLUE EARTH - 000212,Blue Earth,000212,Minnesota Lake,5,5,0,0,0,0,0,0,5,5,0,0,0,0,0,0,100.00,0.00,0.00,0.00,0.00,0.00,0.00
BLUE EARTH - 000105,Blue Earth,000105,Mankato W-5 P-2,492,340,93,9,11,1,26,42,399,296,64,7,7,1,14,30,74.19,16.04,1.75,1.75,0.25,3.51,7.52
BLUE EARTH - 000130,Blue Earth,000130,Mankato W-3 P-8,2073,1795,46,3,128,1,74,67,1507,1314,37,1,99,1,37,52,87.19,2.46,0.07,6.57,0.07,2.46,3.45
BLUE EARTH - 000110,Blue Earth,000110,Mankato W-5 P-4,576,519,16,0,11,0,23,24,422,396,6,0,8,0,7,9,93.84,1.42,0.00,1.90,0.00,1.66,2.13
BLUE EARTH - 000115,Blue Earth,000115,Mankato W-5 P-5,431,385,8,7,8,0,19,22,328,301,7,4,8,0,5,13,91.77,2.13,1.22,2.44,0.00,1.52,3.96
BLUE EARTH - 000120,Blue Earth,000120,Mankato W-5 P-6,3201,2511,254,10,151,1,136,249,3054,2442,216,5,145,1,121,229,79.96,7.07,0.16,4.75,0.03,3.96,7.50
BLUE EARTH - 000215,Blue Earth,000215,Pemberton,229,208,0,0,1,0,16,11,175,161,0,0,1,0,9,8,92.00,0.00,0.00,0.57,0.00,5.14,4.57
BIG STONE - 000005,Big Stone,000005,Akron Twp,158,155,0,0,0,0,3,0,129,126,0,0,0,0,3,0,97.67,0.00,0.00,0.00,0.00,2.33,0.00
BIG STONE - 000010,Big Stone,000010,Almond Twp,107,100,1,0,1,0,3,0,85,80,0,0,1,0,2,0,94.12,0.00,0.00,1.18,0.00,2.35,0.00
BIG STONE - 000015,Big Stone,000015,Artichoke Twp,89,82,0,0,0,0,7,2,60,56,0,0,0,0,4,0,93.33,0.00,0.00,0.00,0.00,6.67,0.00
BIG STONE - 000020,Big Stone,000020,Barry,16,10,0,0,0,0,0,1,15,9,0,0,0,0,0,1,60.00,0.00,0.00,0.00,0.00,0.00,6.67
BIG STONE - 000031,Big Stone,000031,Beardsley,216,203,0,0,0,0,7,3,176,169,0,0,0,0,5,3,96.02,0.00,0.00,0.00,0.00,2.84,1.70
BIG STONE - 000025,Big Stone,000025,Big Stone Twp,290,281,0,0,1,1,2,3,225,221,0,0,1,0,1,2,98.22,0.00,0.00,0.44,0.00,0.44,0.89
BIG STONE - 000030,Big Stone,000030,Browns Valley Twp,131,123,0,3,0,0,2,3,95,94,0,0,0,0,1,1,98.95,0.00,0.00,0.00,0.00,1.05,1.05
BIG STONE - 000035,Big Stone,000035,Clinton,386,345,9,7,2,2,16,14,313,291,8,3,2,1,6,8,92.97,2.56,0.96,0.64,0.32,1.92,2.56
BIG STONE - 000040,Big Stone,000040,Correll,26,26,0,0,0,0,0,0,15,15,0,0,0,0,0,0,100.00,0.00,0.00,0.00,0.00,0.00,0.00
BIG STONE - 000045,Big Stone,000045,Foster Twp,118,117,0,0,0,0,1,1,111,111,0,0,0,0,0,0,100.00,0.00,0.00,0.00,0.00,0.00,0.00
BIG STONE - 000050,Big Stone,000050,Graceville,529,511,0,4,2,0,3,6,434,429,0,4,0,0,0,0,98.85,0.00,0.92,0.00,0.00,0.00,0.00
BIG STONE - 000055,Big Stone,000055,Graceville Twp,167,166,0,0,0,0,1,1,107,107,0,0,0,0,0,1,100.00,0.00,0.00,0.00,0.00,0.00,0.93
BIG STONE - 000056,Big Stone,000056,Johnson,24,23,0,0,0,0,1,0,23,22,0,0,0,0,1,0,95.65,0.00,0.00,0.00,0.00,4.35,0.00
BIG STONE - 000060,Big Stone,000060,Malta Twp,82,80,0,0,0,0,2,0,60,59,0,0,0,0,1,0,98.33,0.00,0.00,0.00,0.00,1.67,0.00
BIG STONE - 000065,Big Stone,000065,Moonshine Twp,85,79,0,4,0,0,1,1,63,60,0,2,0,0,0,1,95.24,0.00,3.17,0.00,0.00,0.00,1.59
BIG STONE - 000070,Big Stone,000070,Odessa,103,102,0,0,0,0,1,0,86,86,0,0,0,0,0,0,100.00,0.00,0.00,0.00,0.00,0.00,0.00
BIG STONE - 000075,Big Stone,000075,Odessa Twp,140,135,0,0,0,0,0,4,111,109,0,0,0,0,0,1,98.20,0.00,0.00,0.00,0.00,0.00,0.90
BIG STONE - 000080,Big Stone,000080,Ortonville P-1,1270,1196,2,9,6,0,50,28,1050,1004,2,9,6,0,24,18,95.62,0.19,0.86,0.57,0.00,2.29,1.71
BIG STONE - 000085,Big Stone,000085,Ortonville P-2,751,670,3,15,3,0,43,58,553,496,2,15,3,0,25,42,89.69,0.36,2.71,0.54,0.00,4.52,7.59
BIG STONE - 000086,Big Stone,000086,Ortonville Twp,90,88,0,1,0,0,1,1,77,75,0,1,0,0,1,1,97.40,0.00,1.30,0.00,0.00,1.30,1.30
BIG STONE - 000090,Big Stone,000090,Otrey Twp,69,67,0,0,0,0,2,0,57,56,0,0,0,0,1,0,98.25,0.00,0.00,0.00,0.00,1.75,0.00
BIG STONE - 000095,Big Stone,000095,Prior Twp,276,236,14,6,2,1,6,12,205,186,8,3,2,1,2,6,90.73,3.90,1.46,0.98,0.49,0.98,2.93
BIG STONE - 000100,Big Stone,000100,Toqua Twp,43,37,0,0,0,0,6,2,25,19,0,0,0,0,6,2,76.00,0.00,0.00,0.00,0.00,24.00,8.00
ITASCA - 000005,Itasca,000005,Alvwood Twp,48,47,0,0,0,0,0,0,41,40,0,0,0,0,0,0,97.56,0.00,0.00,0.00,0.00,0.00,0.00
ITASCA - 000010,Itasca,000010,Arbo Twp,862,795,5,9,3,1,46,15,691,655,0,2,3,0,29,10,94.79,0.00,0.29,0.43,0.00,4.20,1.45
ITASCA - 000015,Itasca,000015,Ardenhurst Twp,147,127,0,0,1,0,18,1,137,121,0,0,1,0,15,1,88.32,0.00,0.00,0.73,0.00,10.95,0.73
ITASCA - 000025,Itasca,000025,Balsam Twp,550,507,2,2,0,0,30,6,469,442,2,1,0,0,19,2,94.24,0.43,0.21,0.00,0.00,4.05,0.43
ITASCA - 000040,Itasca,000040,Bearville Twp,202,190,0,3,0,0,9,0,168,161,0,3,0,0,4,0,95.83,0.00,1.79,0.00,0.00,2.38,0.00
ITASCA - 000045,Itasca,000045,Bigfork,400,369,2,4,2,0,23,3,327,308,0,4,2,0,13,3,94.19,0.00,1.22,0.61,0.00,3.98,0.92
ITASCA - 000050,Itasca,000050,Bigfork Twp,315,289,2,2,3,0,17,5,240,224,0,2,3,0,9,3,93.33,0.00,0.83,1.25,0.00,3.75,1.25
ITASCA - 000055,Itasca,000055,Blackberry Twp,827,778,3,6,1,0,36,7,653,619,0,5,1,0,25,5,94.79,0.00,0.77,0.15,0.00,3.83,0.77
ITASCA - 000060,Itasca,000060,Bovey,829,724,2,11,4,0,72,33,617,549,2,10,4,0,38,22,88.98,0.32,1.62,0.65,0.00,6.16,3.57
ITASCA - 000065,Itasca,000065,Bowstring Twp,212,179,0,8,0,0,25,1,181,161,0,8,0,0,12,0,88.95,0.00,4.42,0.00,0.00,6.63,0.00
ITASCA - 000205,Itasca,000205,Inger Prec,321,88,0,224,0,0,9,3,231,82,0,146,0,0,3,1,35.50,0.00,63.20,0.00,0.00,1.30,0.43
ITASCA - 000375,Itasca,000375,Winnibigoshish Prec,239,142,2,85,0,0,9,5,181,127,1,48,0,0,5,1,70.17,0.55,26.52,0.00,0.00,2.76,0.55
ITASCA - 000020,Itasca,000020,Ball Club Prec,618,198,0,360,2,0,53,15,441,172,0,234,2,0,29,7,39.00,0.00,53.06,0.45,0.00,6.58,1.59
ITASCA - 000076,Itasca,000076,Carpenter Twp,154,138,1,2,0,0,9,8,134,121,1,1,0,0,7,6,90.30,0.75,0.75,0.00,0.00,5.22,4.48
ITASCA - 000030,Itasca,000030,Cohasset,2689,2486,3,36,4,0,143,30,2082,1957,1,25,4,0,85,21,94.00,0.05,1.20,0.19,0.00,4.08,1.01
ITASCA - 000085,Itasca,000085,Coleraine,2006,1799,9,45,4,0,142,32,1478,1347,7,25,3,0,91,21,91.14,0.47,1.69,0.20,0.00,6.16,1.42
ITASCA - 000035,Itasca,000035,Bass Lake Prec,1302,1213,1,11,4,0,69,13,1028,977,1,7,3,0,36,9,95.04,0.10,0.68,0.29,0.00,3.50,0.88
ITASCA - 000244,Itasca,000244,Grave Lake Prec,173,162,0,2,2,0,7,3,142,135,0,1,2,0,4,0,95.07,0.00,0.70,1.41,0.00,2.82,0.00
ITASCA - 000340,Itasca,000340,Sugar Lake Prec,1073,1014,0,4,4,0,45,5,894,850,0,2,4,0,33,5,95.08,0.00,0.22,0.45,0.00,3.69,0.56
ITASCA - 000090,Itasca,000090,Deer Lake Prec,667,640,1,0,1,0,23,7,569,552,0,0,1,0,14,5,97.01,0.00,0.00,0.18,0.00,2.46,0.88
ITASCA - 000371,Itasca,000371,Wellers-McCormick P-2,371,347,2,8,0,0,14,5,280,265,2,7,0,0,6,3,94.64,0.71,2.50,0.00,0.00,2.14,1.07
ITASCA - 000370,Itasca,000370,Wellers-McCormick P-1,78,57,0,16,1,0,3,1,67,49,0,14,1,0,2,1,73.13,0.00,20.90,1.49,0.00,2.99,1.49
ITASCA - 000096,Itasca,000096,Deer River P-2,898,663,4,133,1,0,82,26,626,502,4,75,1,0,34,11,80.19,0.64,11.98,0.16,0.00,5.43,1.76
ITASCA - 000095,Itasca,000095,Deer River P-1,11,4,0,6,0,0,0,1,10,4,0,6,0,0,0,0,40.00,0.00,60.00,0.00,0.00,0.00,0.00
ITASCA - 000101,Itasca,000101,Deer River Twp P-2,644,577,0,14,1,0,50,12,517,478,0,10,1,0,26,7,92.46,0.00,1.93,0.19,0.00,5.03,1.35
ITASCA - 000110,Itasca,000110,Effie,109,93,0,0,1,0,15,1,76,67,0,0,1,0,8,1,88.16,0.00,0.00,1.32,0.00,10.53,1.32
ITASCA - 000070,Itasca,000070,North Unorganized Prec,597,534,16,15,1,0,30,13,522,472,16,10,1,0,22,11,90.42,3.07,1.92,0.19,0.00,4.21,2.11
ITASCA - 000120,Itasca,000120,Feeley Twp,307,294,0,2,2,0,9,3,251,245,0,0,2,0,4,1,97.61,0.00,0.00,0.80,0.00,1.59,0.40
ITASCA - 000125,Itasca,000125,Good Hope Twp,137,129,0,7,0,0,1,1,114,111,0,2,0,0,1,1,97.37,0.00,1.75,0.00,0.00,0.88,0.88
ITASCA - 000130,Itasca,000130,Goodland Twp,473,438,0,6,0,0,27,6,371,355,0,4,0,0,10,4,95.69,0.00,1.08,0.00,0.00,2.70,1.08
ITASCA - 000155,Itasca,000155,Grand Rapids P-4,3184,2975,14,38,27,0,123,37,2589,2461,14,28,18,0,64,14,95.06,0.54,1.08,0.70,0.00,2.47,0.54
ITASCA - 000140,Itasca,000140,Grand Rapids P-1,2845,2497,19,79,27,1,198,39,2161,1965,13,45,19,0,105,30,90.93,0.60,2.08,0.88,0.00,4.86,1.39
ITASCA - 000151,Itasca,000151,Grand Rapids P-3,1960,1786,23,34,0,0,110,21,1482,1389,12,23,0,0,52,12,93.72,0.81,1.55,0.00,0.00,3.51,0.81
ITASCA - 000145,Itasca,000145,Grand Rapids P-2,3137,2779,45,71,9,1,221,73,2359,2148,32,47,8,0,117,54,91.06,1.36,1.99,0.34,0.00,4.96,2.29
ITASCA - 000175,Itasca,000175,Grattan Twp,44,39,0,1,0,0,2,1,33,29,0,1,0,0,2,1,87.88,0.00,3.03,0.00,0.00,6.06,3.03
ITASCA - 000280,Itasca,000280,Nashwauk,964,881,1,9,7,0,66,20,764,705,1,8,7,0,43,12,92.28,0.13,1.05,0.92,0.00,5.63,1.57
ITASCA - 000074,Itasca,000074,Calumet,334,296,2,3,0,0,31,8,266,237,1,1,0,0,25,8,89.10,0.38,0.38,0.00,0.00,9.40,3.01
ITASCA - 000247,Itasca,000247,Marble,610,558,0,11,3,0,37,7,481,437,0,8,3,0,32,6,90.85,0.00,1.66,0.62,0.00,6.65,1.25
ITASCA - 000184,Itasca,000184,Greenway Twp,844,769,1,11,1,0,62,4,704,653,1,10,1,0,39,0,92.76,0.14,1.42,0.14,0.00,5.54,0.00
ITASCA - 000200,Itasca,000200,Harris Twp,3276,3088,2,11,14,1,141,30,2550,2437,2,5,13,0,83,14,95.57,0.08,0.20,0.51,0.00,3.25,0.55
ITASCA - 000215,Itasca,000215,Keewatin,984,898,3,8,3,1,69,12,778,719,2,8,3,0,44,5,92.42,0.26,1.03,0.39,0.00,5.66,0.64
ITASCA - 000220,Itasca,000220,Kinghurst Twp,116,113,0,0,0,0,3,0,102,99,0,0,0,0,3,0,97.06,0.00,0.00,0.00,0.00,2.94,0.00
ITASCA - 000225,Itasca,000225,Lake Jessie Twp,248,239,0,2,0,0,7,0,212,204,0,2,0,0,6,0,96.23,0.00,0.94,0.00,0.00,2.83,0.00
ITASCA - 000227,Itasca,000227,La Prairie P-6,653,597,4,6,3,0,42,12,494,460,0,6,3,0,24,5,93.12,0.00,1.21,0.61,0.00,4.86,1.01
ITASCA - 000230,Itasca,000230,Lawrence Twp,488,448,2,6,0,0,28,3,398,367,2,4,0,0,21,2,92.21,0.50,1.01,0.00,0.00,5.28,0.50
ITASCA - 000235,Itasca,000235,Liberty Prec,62,60,0,0,0,0,2,3,54,52,0,0,0,0,2,3,96.30,0.00,0.00,0.00,0.00,3.70,5.56
ITASCA - 000135,Itasca,000135,Gran Prec,344,334,0,2,0,0,8,6,268,263,0,2,0,0,3,3,98.13,0.00,0.75,0.00,0.00,1.12,1.12
ITASCA - 000240,Itasca,000240,Lone Pine Twp,415,402,0,2,1,0,8,5,355,347,0,1,1,0,4,1,97.75,0.00,0.28,0.28,0.00,1.13,0.28
ITASCA - 000249,Itasca,000249,Marcell Twp,474,449,1,4,1,1,18,5,397,380,1,2,1,0,13,4,95.72,0.25,0.50,0.25,0.00,3.27,1.01
ITASCA - 000255,Itasca,000255,Max Twp,127,95,0,27,0,0,5,0,113,88,0,20,0,0,5,0,77.88,0.00,17.70,0.00,0.00,4.42,0.00
ITASCA - 000265,Itasca,000265,Moose Park Twp,69,67,0,1,0,0,1,0,59,57,0,1,0,0,1,0,96.61,0.00,1.69,0.00,0.00,1.69,0.00
ITASCA - 000270,Itasca,000270,Morse Twp P-1,555,474,0,41,0,0,39,4,419,372,0,21,0,0,26,4,88.78,0.00,5.01,0.00,0.00,6.21,0.95
ITASCA - 000285,Itasca,000285,Nashwauk Twp,693,652,1,1,0,0,38,7,542,517,0,1,0,0,23,4,95.39,0.00,0.18,0.00,0.00,4.24,0.74
ITASCA - 000290,Itasca,000290,Nore Twp,66,51,0,4,0,0,9,3,53,44,0,4,0,0,4,3,83.02,0.00,7.55,0.00,0.00,7.55,5.66
ITASCA - 000260,Itasca,000260,McLeod Prec,665,626,2,9,0,0,26,10,577,546,2,7,0,0,20,5,94.63,0.35,1.21,0.00,0.00,3.47,0.87
ITASCA - 000245,Itasca,000245,Long Lake Prec,244,236,0,5,0,0,3,2,215,209,0,4,0,0,2,1,97.21,0.00,1.86,0.00,0.00,0.93,0.47
ITASCA - 000295,Itasca,000295,Oteneagen Twp,313,252,0,26,0,0,35,0,235,199,0,13,0,0,23,0,84.68,0.00,5.53,0.00,0.00,9.79,0.00
ITASCA - 000300,Itasca,000300,Pomroy Twp,33,31,0,0,0,0,2,0,25,23,0,0,0,0,2,0,92.00,0.00,0.00,0.00,0.00,8.00,0.00
ITASCA - 000305,Itasca,000305,Sago Twp,178,167,0,0,1,0,6,1,151,140,0,0,1,0,6,1,92.72,0.00,0.00,0.66,0.00,3.97,0.66
ITASCA - 000310,Itasca,000310,Sand Lake Twp,184,159,0,17,2,0,6,0,160,146,0,6,2,0,6,0,91.25,0.00,3.75,1.25,0.00,3.75,0.00
ITASCA - 000320,Itasca,000320,Spang Twp,250,229,0,2,0,0,18,3,200,184,0,2,0,0,13,0,92.00,0.00,1.00,0.00,0.00,6.50,0.00
ITASCA - 000327,Itasca,000327,Splithand Twp,227,204,0,2,1,0,19,4,199,182,0,2,1,0,13,2,91.46,0.00,1.01,0.50,0.00,6.53,1.01
ITASCA - 000330,Itasca,000330,Squaw Lake,98,39,0,56,0,0,2,4,70,35,0,34,0,0,1,1,50.00,0.00,48.57,0.00,0.00,1.43,1.43
ITASCA - 000335,Itasca,000335,Stokes Twp,207,201,0,0,0,0,6,4,187,182,0,0,0,0,5,3,97.33,0.00,0.00,0.00,0.00,2.67,1.60
ITASCA - 000338,Itasca,000338,Taconite P-2,207,195,0,1,0,0,10,1,164,156,0,0,0,0,8,0,95.12,0.00,0.00,0.00,0.00,4.88,0.00
ITASCA - 000339,Itasca,000339,Taconite P-1,444,402,3,9,1,0,27,8,341,314,3,3,1,0,18,4,92.08,0.88,0.88,0.29,0.00,5.28,1.17
ITASCA - 000345,Itasca,000345,Third River Twp,50,49,0,0,0,0,1,1,47,46,0,0,0,0,1,1,97.87,0.00,0.00,0.00,0.00,2.13,2.13
ITASCA - 000350,Itasca,000350,Trout Lake Twp,1056,988,0,17,0,0,46,10,864,827,0,6,0,0,29,3,95.72,0.00,0.69,0.00,0.00,3.36,0.35
ITASCA - 000355,Itasca,000355,Wabana Twp,503,479,0,5,0,1,16,4,421,401,0,5,0,0,14,0,95.25,0.00,1.19,0.00,0.00,3.33,0.00
ITASCA - 000360,Itasca,000360,Warba,168,151,0,3,0,0,14,1,132,121,0,2,0,0,9,0,91.67,0.00,1.52,0.00,0.00,6.82,0.00
ITASCA - 000365,Itasca,000365,Wawina Twp,85,81,0,2,0,0,1,0,74,71,0,1,0,0,1,0,95.95,0.00,1.35,0.00,0.00,1.35,0.00
ITASCA - 000372,Itasca,000372,Wildwood Twp,179,163,0,0,1,0,15,2,139,126,0,0,1,0,12,0,90.65,0.00,0.00,0.72,0.00,8.63,0.00
ITASCA - 000380,Itasca,000380,Wirt Twp,94,86,0,1,0,0,6,1,82,74,0,1,0,0,6,1,90.24,0.00,1.22,0.00,0.00,7.32,1.22
ITASCA - 000385,Itasca,000385,Zemple,78,65,0,4,1,0,8,1,49,44,0,0,1,0,4,1,89.80,0.00,0.00,2.04,0.00,8.16,2.04
ITASCA - 000271,Itasca,000271,Morse Twp P-2,0,0,0,0,0,0,0,0,0,0,0,0,0,0,0,0,0.00,0.00,0.00,0.00,0.00,0.00,0.00
ITASCA - 000100,Itasca,000100,Deer River Twp P-1,0,0,0,0,0,0,0,0,0,0,0,0,0,0,0,0,0.00,0.00,0.00,0.00,0.00,0.00,0.00
HOUSTON - 000045,Houston,000045,Hokah,553,530,1,5,2,0,13,6,426,413,0,2,2,0,7,6,96.95,0.00,0.47,0.47,0.00,1.64,1.41
HOUSTON - 000050,Houston,000050,Hokah Twp,441,425,1,1,0,0,12,0,351,342,0,1,0,0,6,0,97.44,0.00,0.28,0.00,0.00,1.71,0.00
HOUSTON - 000055,Houston,000055,Houston,997,947,4,2,3,0,36,9,750,721,0,2,3,0,19,9,96.13,0.00,0.27,0.40,0.00,2.53,1.20
HOUSTON - 000060,Houston,000060,Houston Twp,394,379,2,2,0,0,3,11,303,294,0,2,0,0,1,6,97.03,0.00,0.66,0.00,0.00,0.33,1.98
HOUSTON - 000065,Houston,000065,Jefferson Twp,130,127,0,0,0,0,2,2,104,101,0,0,0,0,2,2,97.12,0.00,0.00,0.00,0.00,1.92,1.92
HOUSTON - 000070,Houston,000070,La Crescent P-1,2404,2235,14,2,41,2,101,40,1808,1709,9,2,31,2,48,22,94.52,0.50,0.11,1.71,0.11,2.65,1.22
HOUSTON - 000075,Houston,000075,La Crescent P-2,1773,1645,9,8,7,1,89,34,1399,1334,4,6,5,1,39,17,95.35,0.29,0.43,0.36,0.07,2.79,1.22
HOUSTON - 000076,Houston,000076,La Crescent P-3,1048,958,14,9,14,1,46,17,866,810,9,8,12,1,22,13,93.53,1.04,0.92,1.39,0.12,2.54,1.50
HOUSTON - 000080,Houston,000080,La Crescent Twp,1118,1083,5,1,0,0,26,6,885,866,2,1,0,0,14,4,97.85,0.23,0.11,0.00,0.00,1.58,0.45
HOUSTON - 000085,Houston,000085,Mayville Twp,366,350,0,2,1,0,6,9,296,284,0,2,1,0,3,8,95.95,0.00,0.68,0.34,0.00,1.01,2.70
HOUSTON - 000090,Houston,000090,Money Creek Twp,578,561,2,0,3,0,11,0,454,443,0,0,3,0,8,0,97.58,0.00,0.00,0.66,0.00,1.76,0.00
HOUSTON - 000095,Houston,000095,Mound Prairie Twp,570,557,2,1,4,0,6,2,463,455,0,0,3,0,5,1,98.27,0.00,0.00,0.65,0.00,1.08,0.22
HOUSTON - 000100,Houston,000100,Sheldon Twp,300,288,1,0,0,0,9,1,217,214,0,0,0,0,3,0,98.62,0.00,0.00,0.00,0.00,1.38,0.00
HOUSTON - 000105,Houston,000105,Spring Grove,1256,1206,3,3,3,0,31,19,972,942,1,3,3,0,15,12,96.91,0.10,0.31,0.31,0.00,1.54,1.23
HOUSTON - 000110,Houston,000110,Spring Grove Twp,343,329,4,2,0,0,6,7,272,261,4,2,0,0,4,5,95.96,1.47,0.74,0.00,0.00,1.47,1.84
HOUSTON - 000115,Houston,000115,Union Twp,324,318,0,1,0,0,4,2,266,263,0,1,0,0,2,1,98.87,0.00,0.38,0.00,0.00,0.75,0.38
HOUSTON - 000120,Houston,000120,Wilmington Twp,427,409,0,0,0,0,11,12,315,300,0,0,0,0,8,12,95.24,0.00,0.00,0.00,0.00,2.54,3.81
HOUSTON - 000125,Houston,000125,Winnebago Twp,227,222,2,0,0,0,3,1,169,165,1,0,0,0,3,1,97.63,0.59,0.00,0.00,0.00,1.78,0.59
HOUSTON - 000130,Houston,000130,Yucatan Twp,328,306,0,0,0,0,16,0,266,255,0,0,0,0,11,0,95.86,0.00,0.00,0.00,0.00,4.14,0.00
HOUSTON - 000040,Houston,000040,Eitzen,279,276,0,0,1,0,2,0,203,201,0,0,1,0,1,0,99.01,0.00,0.00,0.49,0.00,0.49,0.00
FREEBORN - 000035,Freeborn,000035,Albert Lea W-4 P-1,3188,2594,31,26,174,2,234,392,2451,2066,17,14,106,2,158,251,84.29,0.69,0.57,4.32,0.08,6.45,10.24
FREEBORN - 000050,Freeborn,000050,Albert Lea W-6 P-1,2839,1973,46,30,225,0,247,603,2097,1553,33,26,132,0,150,367,74.06,1.57,1.24,6.29,0.00,7.15,17.50
FREEBORN - 000025,Freeborn,000025,Albert Lea W-3 P-1,3327,2689,127,9,196,0,204,338,2646,2239,65,9,127,0,128,212,84.62,2.46,0.34,4.80,0.00,4.84,8.01
FREEBORN - 000015,Freeborn,000015,Albert Lea W-2 P-1,2712,2188,65,8,125,0,183,393,2048,1743,44,7,79,0,86,215,85.11,2.15,0.34,3.86,0.00,4.20,10.50
FREEBORN - 000005,Freeborn,000005,Albert Lea W-1 P-1,3248,2932,18,9,85,1,140,212,2676,2485,15,6,48,1,79,126,92.86,0.56,0.22,1.79,0.04,2.95,4.71
FREEBORN - 000045,Freeborn,000045,Albert Lea W-5 P-1,3073,2026,143,29,182,0,362,775,2306,1642,81,25,123,0,213,474,71.21,3.51,1.08,5.33,0.00,9.24,20.56
FREEBORN - 000060,Freeborn,000060,Albert Lea Twp P-1,596,550,2,3,3,0,28,41,467,433,1,3,3,0,18,31,92.72,0.21,0.64,0.64,0.00,3.85,6.64
FREEBORN - 000065,Freeborn,000065,Alden,583,546,0,0,0,0,25,33,478,450,0,0,0,0,19,25,94.14,0.00,0.00,0.00,0.00,3.97,5.23
FREEBORN - 000070,Freeborn,000070,Alden Twp,283,274,0,0,0,0,4,8,217,210,0,0,0,0,3,6,96.77,0.00,0.00,0.00,0.00,1.38,2.76
FREEBORN - 000075,Freeborn,000075,Bancroft Twp,792,750,1,1,3,0,29,34,635,607,1,1,3,0,16,20,95.59,0.16,0.16,0.47,0.00,2.52,3.15
FREEBORN - 000080,Freeborn,000080,Bath Twp,401,387,2,0,0,0,7,9,317,311,0,0,0,0,5,2,98.11,0.00,0.00,0.00,0.00,1.58,0.63
FREEBORN - 000085,Freeborn,000085,Carlston Twp,302,292,2,0,0,0,8,7,223,221,1,0,0,0,1,0,99.10,0.45,0.00,0.00,0.00,0.45,0.00
FREEBORN - 000090,Freeborn,000090,Clarks Grove,694,538,0,2,115,0,24,25,514,431,0,1,66,0,9,10,83.85,0.00,0.19,12.84,0.00,1.75,1.95
FREEBORN - 000100,Freeborn,000100,Emmons,367,319,2,0,0,0,26,48,294,265,0,0,0,0,15,26,90.14,0.00,0.00,0.00,0.00,5.10,8.84
FREEBORN - 000105,Freeborn,000105,Freeborn,264,254,1,2,2,0,4,5,197,190,0,0,2,0,4,3,96.45,0.00,0.00,1.02,0.00,2.03,1.52
FREEBORN - 000110,Freeborn,000110,Freeborn Twp,233,231,0,0,0,0,0,0,191,189,0,0,0,0,0,0,98.95,0.00,0.00,0.00,0.00,0.00,0.00
FREEBORN - 000115,Freeborn,000115,Freeman Twp,441,423,0,1,0,0,15,14,366,353,0,1,0,0,11,12,96.45,0.00,0.27,0.00,0.00,3.01,3.28
FREEBORN - 000095,Freeborn,000095,Conger,153,140,0,0,0,0,10,8,117,110,0,0,0,0,7,4,94.02,0.00,0.00,0.00,0.00,5.98,3.42
FREEBORN - 000120,Freeborn,000120,Geneva,508,474,6,0,0,0,20,8,386,368,0,0,0,0,13,7,95.34,0.00,0.00,0.00,0.00,3.37,1.81
FREEBORN - 000125,Freeborn,000125,Geneva Twp,437,396,2,2,2,0,26,10,324,299,1,1,2,0,15,6,92.28,0.31,0.31,0.62,0.00,4.63,1.85
FREEBORN - 000130,Freeborn,000130,Glenville,568,531,1,0,5,0,30,16,468,444,1,0,5,0,17,8,94.87,0.21,0.00,1.07,0.00,3.63,1.71
FREEBORN - 000135,Freeborn,000135,Hartland,321,287,0,4,2,0,24,10,249,226,0,4,2,0,13,7,90.76,0.00,1.61,0.80,0.00,5.22,2.81
FREEBORN - 000140,Freeborn,000140,Hartland Twp,253,234,2,2,0,0,12,7,191,182,0,1,0,0,8,5,95.29,0.00,0.52,0.00,0.00,4.19,2.62
FREEBORN - 000145,Freeborn,000145,Hayward,252,230,2,0,9,1,4,17,212,194,0,0,8,1,3,11,91.51,0.00,0.00,3.77,0.47,1.42,5.19
FREEBORN - 000150,Freeborn,000150,Hayward Twp,339,321,2,1,1,0,14,9,275,261,1,1,0,0,12,3,94.91,0.36,0.36,0.00,0.00,4.36,1.09
FREEBORN - 000155,Freeborn,000155,Hollandale,308,272,4,2,3,0,25,18,230,216,1,0,3,0,10,9,93.91,0.43,0.00,1.30,0.00,4.35,3.91
FREEBORN - 000160,Freeborn,000160,London Twp,291,279,0,1,1,0,8,8,230,221,0,1,1,0,6,4,96.09,0.00,0.43,0.43,0.00,2.61,1.74
FREEBORN - 000170,Freeborn,000170,Manchester Twp,423,383,8,1,0,0,26,21,320,302,0,1,0,0,12,7,94.38,0.00,0.31,0.00,0.00,3.75,2.19
FREEBORN - 000175,Freeborn,000175,Mansfield Twp,225,207,2,0,4,0,12,4,181,168,2,0,2,0,9,2,92.82,1.10,0.00,1.10,0.00,4.97,1.10
FREEBORN - 000180,Freeborn,000180,Moscow Twp,538,507,1,0,0,0,14,19,430,405,1,0,0,0,11,15,94.19,0.23,0.00,0.00,0.00,2.56,3.49
FREEBORN - 000190,Freeborn,000190,Newry Twp,466,430,3,0,0,0,9,30,340,313,1,0,0,0,7,24,92.06,0.29,0.00,0.00,0.00,2.06,7.06
FREEBORN - 000195,Freeborn,000195,Nunda Twp,309,285,0,0,1,0,22,12,235,222,0,0,1,0,11,8,94.47,0.00,0.00,0.43,0.00,4.68,3.40
FREEBORN - 000200,Freeborn,000200,Oakland Twp,357,337,2,2,0,0,10,13,281,271,2,1,0,0,2,9,96.44,0.71,0.36,0.00,0.00,0.71,3.20
FREEBORN - 000205,Freeborn,000205,Pickerel Lake Twp,643,612,10,0,3,0,15,7,501,483,2,0,2,0,14,3,96.41,0.40,0.00,0.40,0.00,2.79,0.60
FREEBORN - 000210,Freeborn,000210,Riceland Twp,428,399,1,1,0,0,15,8,333,317,1,0,0,0,11,4,95.20,0.30,0.00,0.00,0.00,3.30,1.20
FREEBORN - 000215,Freeborn,000215,Shell Rock Twp,389,370,0,0,7,1,8,11,311,297,0,0,5,1,5,10,95.50,0.00,0.00,1.61,0.32,1.61,3.22
FREEBORN - 000220,Freeborn,000220,Twin Lakes,134,126,0,0,0,0,7,2,117,111,0,0,0,0,5,1,94.87,0.00,0.00,0.00,0.00,4.27,0.85
FREEBORN - 000061,Freeborn,000061,Albert Lea Twp P-2,6,5,0,0,0,0,1,1,5,4,0,0,0,0,1,1,80.00,0.00,0.00,0.00,0.00,20.00,20.00
FREEBORN - 000165,Freeborn,000165,Manchester,52,48,0,0,0,0,4,1,39,36,0,0,0,0,3,0,92.31,0.00,0.00,0.00,0.00,7.69,0.00
FREEBORN - 000185,Freeborn,000185,Myrtle,47,47,0,0,0,0,0,0,43,43,0,0,0,0,0,0,100.00,0.00,0.00,0.00,0.00,0.00,0.00
OTTER TAIL - 000005,Otter Tail,000005,Aastad Twp,191,177,0,0,0,0,13,2,149,138,0,0,0,0,10,1,92.62,0.00,0.00,0.00,0.00,6.71,0.67
OTTER TAIL - 000010,Otter Tail,000010,Amor Twp,481,460,1,0,1,0,17,5,395,378,1,0,1,0,13,3,95.70,0.25,0.00,0.25,0.00,3.29,0.76
OTTER TAIL - 000015,Otter Tail,000015,Aurdal Twp,1540,1470,13,0,3,0,51,4,1156,1115,5,0,3,0,30,2,96.45,0.43,0.00,0.26,0.00,2.60,0.17
OTTER TAIL - 000020,Otter Tail,000020,Battle Lake,857,817,6,0,2,0,29,11,712,683,6,0,2,0,18,7,95.93,0.84,0.00,0.28,0.00,2.53,0.98
OTTER TAIL - 000025,Otter Tail,000025,Blowers Twp,360,354,1,0,1,0,4,5,252,247,1,0,1,0,3,3,98.02,0.40,0.00,0.40,0.00,1.19,1.19
OTTER TAIL - 000030,Otter Tail,000030,Bluffton,210,204,0,3,0,0,3,5,151,145,0,3,0,0,3,4,96.03,0.00,1.99,0.00,0.00,1.99,2.65
OTTER TAIL - 000035,Otter Tail,000035,Bluffton Twp,460,446,0,1,0,0,13,3,319,311,0,1,0,0,7,1,97.49,0.00,0.31,0.00,0.00,2.19,0.31
OTTER TAIL - 000040,Otter Tail,000040,Buse Twp,474,432,3,1,6,1,25,14,362,338,0,0,5,1,14,5,93.37,0.00,0.00,1.38,0.28,3.87,1.38
OTTER TAIL - 000205,Otter Tail,000205,Fergus Falls W-4 P-2,1650,1518,25,14,18,0,59,38,1260,1179,17,9,16,0,32,17,93.57,1.35,0.71,1.27,0.00,2.54,1.35
OTTER TAIL - 000045,Otter Tail,000045,Butler Twp,256,251,0,0,0,0,5,0,199,198,0,0,0,0,1,0,99.50,0.00,0.00,0.00,0.00,0.50,0.00
OTTER TAIL - 000050,Otter Tail,000050,Candor Twp,621,591,0,5,1,0,20,7,502,484,0,5,0,0,10,2,96.41,0.00,1.00,0.00,0.00,1.99,0.40
OTTER TAIL - 000055,Otter Tail,000055,Carlisle Twp,178,171,1,0,2,0,4,2,133,127,1,0,2,0,3,1,95.49,0.75,0.00,1.50,0.00,2.26,0.75
OTTER TAIL - 000060,Otter Tail,000060,Clitherall,62,62,0,0,0,0,0,0,57,57,0,0,0,0,0,0,100.00,0.00,0.00,0.00,0.00,0.00,0.00
OTTER TAIL - 000065,Otter Tail,000065,Clitherall Twp,495,475,1,0,2,0,14,8,425,411,1,0,2,0,8,8,96.71,0.24,0.00,0.47,0.00,1.88,1.88
OTTER TAIL - 000070,Otter Tail,000070,Compton Twp,798,770,3,3,1,0,20,13,579,563,3,3,0,0,9,5,97.24,0.52,0.52,0.00,0.00,1.55,0.86
OTTER TAIL - 000075,Otter Tail,000075,Corliss Twp,625,594,2,0,1,0,26,18,452,432,0,0,0,0,20,7,95.58,0.00,0.00,0.00,0.00,4.42,1.55
OTTER TAIL - 000080,Otter Tail,000080,Dalton,215,199,1,3,0,0,11,1,181,172,1,2,0,0,5,1,95.03,0.55,1.10,0.00,0.00,2.76,0.55
OTTER TAIL - 000085,Otter Tail,000085,Dane Prairie Twp,883,827,5,0,9,0,39,8,715,678,0,0,9,0,25,4,94.83,0.00,0.00,1.26,0.00,3.50,0.56
OTTER TAIL - 000090,Otter Tail,000090,Dead Lake Twp,535,512,1,2,1,0,18,3,435,421,1,2,0,0,10,3,96.78,0.23,0.46,0.00,0.00,2.30,0.69
OTTER TAIL - 000095,Otter Tail,000095,Deer Creek,330,310,0,1,1,0,17,2,238,229,0,1,1,0,6,1,96.22,0.00,0.42,0.42,0.00,2.52,0.42
OTTER TAIL - 000100,Otter Tail,000100,Deer Creek Twp,400,372,2,0,1,0,24,2,267,258,0,0,0,0,8,2,96.63,0.00,0.00,0.00,0.00,3.00,0.75
OTTER TAIL - 000105,Otter Tail,000105,Dent,173,156,1,3,1,0,12,1,133,123,0,3,1,0,6,0,92.48,0.00,2.26,0.75,0.00,4.51,0.00
OTTER TAIL - 000110,Otter Tail,000110,Dora Twp,697,658,1,1,2,0,29,12,633,603,1,1,2,0,23,9,95.26,0.16,0.16,0.32,0.00,3.63,1.42
OTTER TAIL - 000120,Otter Tail,000120,Eagle Lake Twp,397,391,0,1,0,0,4,7,321,315,0,1,0,0,4,2,98.13,0.00,0.31,0.00,0.00,1.25,0.62
OTTER TAIL - 000125,Otter Tail,000125,Eastern Twp,254,243,0,3,0,0,6,4,201,192,0,3,0,0,4,4,95.52,0.00,1.49,0.00,0.00,1.99,1.99
OTTER TAIL - 000130,Otter Tail,000130,Edna Twp,905,876,5,1,0,0,22,17,741,714,4,1,0,0,21,10,96.36,0.54,0.13,0.00,0.00,2.83,1.35
OTTER TAIL - 000140,Otter Tail,000140,Elizabeth,168,154,0,0,0,0,12,7,123,117,0,0,0,0,4,3,95.12,0.00,0.00,0.00,0.00,3.25,2.44
OTTER TAIL - 000145,Otter Tail,000145,Elizabeth Twp,843,802,3,1,0,0,33,15,660,633,2,1,0,0,20,6,95.91,0.30,0.15,0.00,0.00,3.03,0.91
OTTER TAIL - 000115,Otter Tail,000115,Dunn Twp,929,886,2,4,2,0,31,12,824,794,2,4,2,0,19,9,96.36,0.24,0.49,0.24,0.00,2.31,1.09
NICOLLET - 000005,Nicollet,000005,Belgrade Twp,1052,997,1,1,4,1,39,24,816,778,1,1,4,1,25,17,95.34,0.12,0.12,0.49,0.12,3.06,2.08
NICOLLET - 000010,Nicollet,000010,Bernadotte Twp,261,237,0,0,1,0,20,14,193,180,0,0,1,0,9,6,93.26,0.00,0.00,0.52,0.00,4.66,3.11
NICOLLET - 000015,Nicollet,000015,Brighton Twp,129,128,0,0,0,0,1,1,96,96,0,0,0,0,0,0,100.00,0.00,0.00,0.00,0.00,0.00,0.00
NICOLLET - 000020,Nicollet,000020,Courtland,734,715,0,0,0,0,19,8,536,526,0,0,0,0,10,0,98.13,0.00,0.00,0.00,0.00,1.87,0.00
NICOLLET - 000025,Nicollet,000025,Courtland Twp,572,557,0,1,2,0,12,4,469,460,0,1,2,0,6,4,98.08,0.00,0.21,0.43,0.00,1.28,0.85
NICOLLET - 000030,Nicollet,000030,Granby Twp,220,215,0,0,2,0,3,1,180,175,0,0,2,0,3,1,97.22,0.00,0.00,1.11,0.00,1.67,0.56
NICOLLET - 000035,Nicollet,000035,Lafayette,492,467,4,1,3,0,8,5,382,368,3,0,0,0,6,0,96.34,0.79,0.00,0.00,0.00,1.57,0.00
NICOLLET - 000040,Nicollet,000040,Lafayette Twp,700,686,0,0,0,0,14,2,524,519,0,0,0,0,5,0,99.05,0.00,0.00,0.00,0.00,0.95,0.00
NICOLLET - 000045,Nicollet,000045,Lake Prairie Twp,630,607,1,2,1,0,19,6,478,464,1,2,0,0,11,1,97.07,0.21,0.42,0.00,0.00,2.30,0.21
NICOLLET - 000050,Nicollet,000050,Mankato W-2 P-30,0,0,0,0,0,0,0,0,0,0,0,0,0,0,0,0,0.00,0.00,0.00,0.00,0.00,0.00,0.00
NICOLLET - 000055,Nicollet,000055,New Sweden Twp,279,266,1,0,1,0,8,7,210,202,1,0,1,0,4,3,96.19,0.48,0.00,0.48,0.00,1.90,1.43
NICOLLET - 000060,Nicollet,000060,Nicollet,1143,1057,15,1,0,0,55,54,857,803,9,0,0,0,34,34,93.70,1.05,0.00,0.00,0.00,3.97,3.97
NICOLLET - 000065,Nicollet,000065,Nicollet Twp,483,468,4,2,0,0,8,2,379,371,3,1,0,0,3,1,97.89,0.79,0.26,0.00,0.00,0.79,0.26
NICOLLET - 000090,Nicollet,000090,North Mankato P-5,2597,2317,44,4,74,2,101,105,1882,1720,23,3,59,1,38,65,91.39,1.22,0.16,3.13,0.05,2.02,3.45
NICOLLET - 000100,Nicollet,000100,North Mankato P-7,822,722,26,0,24,0,44,19,554,498,8,0,18,0,26,15,89.89,1.44,0.00,3.25,0.00,4.69,2.71
NICOLLET - 000095,Nicollet,000095,North Mankato P-6,2370,2072,42,14,64,0,130,97,1736,1561,17,12,46,0,70,57,89.92,0.98,0.69,2.65,0.00,4.03,3.28
NICOLLET - 000070,Nicollet,000070,North Mankato P-1,2134,1799,168,11,18,0,112,99,1666,1475,76,7,10,0,77,73,88.54,4.56,0.42,0.60,0.00,4.62,4.38
NICOLLET - 000080,Nicollet,000080,North Mankato P-3,2229,1702,360,5,20,0,117,114,1692,1366,219,5,18,0,64,78,80.73,12.94,0.30,1.06,0.00,3.78,4.61
NICOLLET - 000075,Nicollet,000075,North Mankato P-2,1980,1780,54,8,8,0,105,91,1543,1422,37,1,8,0,57,50,92.16,2.40,0.06,0.52,0.00,3.69,3.24
NICOLLET - 000085,Nicollet,000085,North Mankato P-4,2135,1863,108,8,34,0,89,72,1673,1508,71,8,16,0,47,43,90.14,4.24,0.48,0.96,0.00,2.81,2.57
NICOLLET - 000110,Nicollet,000110,Oshawa Twp,594,555,4,6,9,0,11,19,445,421,3,5,7,0,8,9,94.61,0.67,1.12,1.57,0.00,1.80,2.02
NICOLLET - 000115,Nicollet,000115,Ridgely Twp,108,104,0,0,2,0,2,0,76,74,0,0,2,0,0,0,97.37,0.00,0.00,2.63,0.00,0.00,0.00
NICOLLET - 000120,Nicollet,000120,Saint Peter W-1 P-1,3245,2586,269,19,34,0,201,300,2396,2002,153,16,31,0,110,170,83.56,6.39,0.67,1.29,0.00,4.59,7.10
NICOLLET - 000125,Nicollet,000125,Saint Peter W-1 P-2,3506,2869,235,35,29,0,181,327,2644,2236,166,25,28,0,97,181,84.57,6.28,0.95,1.06,0.00,3.67,6.85
NICOLLET - 000130,Nicollet,000130,Saint Peter W-2 P-1,2705,2203,168,18,190,10,65,174,2513,2081,136,18,184,10,43,149,82.81,5.41,0.72,7.32,0.40,1.71,5.93
NICOLLET - 000135,Nicollet,000135,Saint Peter W-2 P-2,2610,2060,203,39,42,2,153,254,2067,1670,138,36,35,2,107,170,80.79,6.68,1.74,1.69,0.10,5.18,8.22
NICOLLET - 000140,Nicollet,000140,Traverse Twp,301,294,0,3,0,0,4,1,249,245,0,2,0,0,2,1,98.39,0.00,0.80,0.00,0.00,0.80,0.40
NICOLLET - 000145,Nicollet,000145,West Newton Twp,423,418,0,0,0,0,5,0,325,325,0,0,0,0,0,0,100.00,0.00,0.00,0.00,0.00,0.00,0.00
OTTER TAIL - 000135,Otter Tail,000135,Effington Twp,237,235,0,0,0,0,2,0,197,196,0,0,0,0,1,0,99.49,0.00,0.00,0.00,0.00,0.51,0.00
OTTER TAIL - 000330,Otter Tail,000330,Otto Twp,600,567,1,6,1,1,19,5,444,417,1,6,0,1,14,3,93.92,0.23,1.35,0.00,0.23,3.15,0.68
OTTER TAIL - 000335,Otter Tail,000335,Paddock Twp,327,317,0,0,0,0,10,2,225,218,0,0,0,0,7,1,96.89,0.00,0.00,0.00,0.00,3.11,0.44
OTTER TAIL - 000150,Otter Tail,000150,Elmo Twp,323,307,0,0,0,1,13,1,248,241,0,0,0,1,5,0,97.18,0.00,0.00,0.00,0.40,2.02,0.00
OTTER TAIL - 000155,Otter Tail,000155,Erhard,132,124,0,1,1,0,6,2,110,103,0,1,1,0,5,2,93.64,0.00,0.91,0.91,0.00,4.55,1.82
OTTER TAIL - 000160,Otter Tail,000160,Erhards Grove Twp,411,386,1,0,0,0,18,17,337,319,0,0,0,0,15,11,94.66,0.00,0.00,0.00,0.00,4.45,3.26
OTTER TAIL - 000165,Otter Tail,000165,Everts Twp,759,722,5,4,1,0,22,8,661,628,5,4,1,0,18,3,95.01,0.76,0.61,0.15,0.00,2.72,0.45
OTTER TAIL - 000200,Otter Tail,000200,Fergus Falls W-4 P-1,2056,1835,42,25,30,0,111,62,1600,1453,33,21,27,0,59,37,90.81,2.06,1.31,1.69,0.00,3.69,2.31
OTTER TAIL - 000170,Otter Tail,000170,Fergus Falls W-1 P-1,1779,1576,59,22,5,5,89,37,1409,1296,33,12,5,5,45,22,91.98,2.34,0.85,0.35,0.35,3.19,1.56
OTTER TAIL - 000175,Otter Tail,000175,Fergus Falls W-1 P-2,1636,1499,25,14,6,0,79,49,1320,1246,19,7,3,0,36,24,94.39,1.44,0.53,0.23,0.00,2.73,1.82
OTTER TAIL - 000190,Otter Tail,000190,Fergus Falls W-3 P-1,1752,1572,42,14,26,2,79,44,1329,1235,24,10,18,2,30,21,92.93,1.81,0.75,1.35,0.15,2.26,1.58
OTTER TAIL - 000180,Otter Tail,000180,Fergus Falls W-2 P-1,1655,1541,12,6,7,0,82,37,1270,1203,4,6,6,0,44,18,94.72,0.31,0.47,0.47,0.00,3.46,1.42
OTTER TAIL - 000185,Otter Tail,000185,Fergus Falls W-2 P-2,1570,1490,12,12,7,0,39,21,1234,1185,4,8,7,0,20,13,96.03,0.32,0.65,0.57,0.00,1.62,1.05
OTTER TAIL - 000340,Otter Tail,000340,Parkers Prairie,1020,945,4,2,0,0,65,22,792,746,4,2,0,0,38,14,94.19,0.51,0.25,0.00,0.00,4.80,1.77
OTTER TAIL - 000195,Otter Tail,000195,Fergus Falls W-3 P-2,1759,1593,25,14,13,1,96,59,1487,1372,19,14,10,1,62,38,92.27,1.28,0.94,0.67,0.07,4.17,2.56
OTTER TAIL - 000345,Otter Tail,000345,Parkers Prairie Twp,390,369,1,0,1,0,17,2,292,281,1,0,1,0,8,1,96.23,0.34,0.00,0.34,0.00,2.74,0.34
OTTER TAIL - 000210,Otter Tail,000210,Fergus Falls Twp,749,707,5,0,1,3,31,10,565,543,1,0,1,3,16,7,96.11,0.18,0.00,0.18,0.53,2.83,1.24
OTTER TAIL - 000215,Otter Tail,000215,Folden Twp,289,284,0,0,0,0,3,1,231,227,0,0,0,0,2,1,98.27,0.00,0.00,0.00,0.00,0.87,0.43
OTTER TAIL - 000220,Otter Tail,000220,Friberg Twp,800,768,4,0,2,0,22,4,653,631,2,0,2,0,14,4,96.63,0.31,0.00,0.31,0.00,2.14,0.61
OTTER TAIL - 000230,Otter Tail,000230,Gorman Twp,511,490,1,5,1,0,9,10,386,378,1,3,0,0,4,2,97.93,0.26,0.78,0.00,0.00,1.04,0.52
OTTER TAIL - 000235,Otter Tail,000235,Henning,854,822,2,0,2,0,25,15,642,624,2,0,2,0,11,5,97.20,0.31,0.00,0.31,0.00,1.71,0.78
OTTER TAIL - 000240,Otter Tail,000240,Henning Twp,389,379,0,0,2,0,8,2,304,297,0,0,1,0,6,2,97.70,0.00,0.00,0.33,0.00,1.97,0.66
OTTER TAIL - 000260,Otter Tail,000260,Leaf Lake Twp,637,612,1,0,5,0,18,2,481,465,1,0,5,0,9,1,96.67,0.21,0.00,1.04,0.00,1.87,0.21
OTTER TAIL - 000285,Otter Tail,000285,Newton Twp,815,776,4,1,0,0,27,13,598,578,2,1,0,0,10,6,96.66,0.33,0.17,0.00,0.00,1.67,1.00
OTTER TAIL - 000350,Otter Tail,000350,Pelican Twp,574,526,2,6,2,0,32,30,470,440,1,4,2,0,22,14,93.62,0.21,0.85,0.43,0.00,4.68,2.98
OTTER TAIL - 000375,Otter Tail,000375,Richville,77,75,0,0,0,0,2,0,60,60,0,0,0,0,0,0,100.00,0.00,0.00,0.00,0.00,0.00,0.00
OTTER TAIL - 000385,Otter Tail,000385,Rush Lake Twp,1035,995,3,10,1,0,23,13,856,823,3,9,0,0,18,11,96.14,0.35,1.05,0.00,0.00,2.10,1.29
OTTER TAIL - 000405,Otter Tail,000405,Sverdrup Twp,646,606,1,2,4,0,18,5,516,491,1,1,4,0,13,1,95.16,0.19,0.19,0.78,0.00,2.52,0.19
OTTER TAIL - 000415,Otter Tail,000415,Trondhjem Twp,177,169,1,0,2,0,0,6,124,117,0,0,2,0,0,5,94.35,0.00,0.00,1.61,0.00,0.00,4.03
OTTER TAIL - 000420,Otter Tail,000420,Tumuli Twp,407,387,1,1,0,0,9,3,338,322,1,0,0,0,9,3,95.27,0.30,0.00,0.00,0.00,2.66,0.89
OTTER TAIL - 000425,Otter Tail,000425,Underwood,356,344,1,0,0,0,2,11,273,267,1,0,0,0,0,5,97.80,0.37,0.00,0.00,0.00,0.00,1.83
OTTER TAIL - 000430,Otter Tail,000430,Urbank,52,50,0,0,0,0,1,0,43,42,0,0,0,0,0,0,97.67,0.00,0.00,0.00,0.00,0.00,0.00
OTTER TAIL - 000435,Otter Tail,000435,Vergas,348,333,1,0,0,0,10,5,289,282,0,0,0,0,5,1,97.58,0.00,0.00,0.00,0.00,1.73,0.35
OTTER TAIL - 000440,Otter Tail,000440,Vining,62,52,0,1,0,1,7,2,49,41,0,1,0,1,6,2,83.67,0.00,2.04,0.00,2.04,12.24,4.08
OTTER TAIL - 000445,Otter Tail,000445,Wadena P-4,107,102,0,0,0,0,5,1,97,92,0,0,0,0,5,1,94.85,0.00,0.00,0.00,0.00,5.15,1.03
OTTER TAIL - 000450,Otter Tail,000450,Western Twp,117,110,1,0,0,0,4,3,90,85,1,0,0,0,2,1,94.44,1.11,0.00,0.00,0.00,2.22,1.11
OTTER TAIL - 000455,Otter Tail,000455,Woodside Twp,252,241,0,0,0,0,9,3,189,183,0,0,0,0,5,0,96.83,0.00,0.00,0.00,0.00,2.65,0.00
OTTER TAIL - 000225,Otter Tail,000225,Girard Twp,715,676,5,0,0,0,29,12,623,597,4,0,0,0,17,9,95.83,0.64,0.00,0.00,0.00,2.73,1.44
OTTER TAIL - 000245,Otter Tail,000245,Hobart Twp,798,763,5,2,2,0,25,6,628,612,0,1,0,0,14,5,97.45,0.00,0.16,0.00,0.00,2.23,0.80
OTTER TAIL - 000250,Otter Tail,000250,Homestead Twp,399,379,1,2,0,0,10,11,275,268,0,2,0,0,2,7,97.45,0.00,0.73,0.00,0.00,0.73,2.55
OTTER TAIL - 000255,Otter Tail,000255,Inman Twp,293,271,1,0,0,0,20,8,214,201,1,0,0,0,11,1,93.93,0.47,0.00,0.00,0.00,5.14,0.47
OTTER TAIL - 000265,Otter Tail,000265,Leaf Mountain Twp,322,320,1,0,0,0,1,1,250,248,1,0,0,0,1,1,99.20,0.40,0.00,0.00,0.00,0.40,0.40
OTTER TAIL - 000270,Otter Tail,000270,Lida Twp,780,743,0,1,8,0,19,12,677,648,0,1,5,0,14,11,95.72,0.00,0.15,0.74,0.00,2.07,1.62
OTTER TAIL - 000275,Otter Tail,000275,Maine Twp,665,614,6,1,1,0,40,8,547,511,4,1,1,0,27,6,93.42,0.73,0.18,0.18,0.00,4.94,1.10
OTTER TAIL - 000280,Otter Tail,000280,Maplewood Twp,294,281,4,1,0,0,8,3,238,235,1,1,0,0,1,1,98.74,0.42,0.42,0.00,0.00,0.42,0.42
OTTER TAIL - 000290,Otter Tail,000290,New York Mills,1294,1189,0,15,2,0,78,37,952,892,0,10,0,0,43,24,93.70,0.00,1.05,0.00,0.00,4.52,2.52
OTTER TAIL - 000295,Otter Tail,000295,Nidaros Twp,356,331,0,1,0,0,17,10,307,292,0,1,0,0,11,6,95.11,0.00,0.33,0.00,0.00,3.58,1.95
OTTER TAIL - 000300,Otter Tail,000300,Norwegian Grove Twp,340,317,4,3,5,0,7,9,254,244,1,2,4,0,3,2,96.06,0.39,0.79,1.57,0.00,1.18,0.79
OTTER TAIL - 000305,Otter Tail,000305,Oak Valley Twp,363,356,0,0,0,0,7,2,269,263,0,0,0,0,6,1,97.77,0.00,0.00,0.00,0.00,2.23,0.37
OTTER TAIL - 000310,Otter Tail,000310,Orwell Twp,144,142,0,0,0,0,2,1,114,113,0,0,0,0,1,0,99.12,0.00,0.00,0.00,0.00,0.88,0.00
OTTER TAIL - 000315,Otter Tail,000315,Oscar Twp,208,192,4,0,0,0,9,10,153,142,3,0,0,0,5,5,92.81,1.96,0.00,0.00,0.00,3.27,3.27
OTTER TAIL - 000320,Otter Tail,000320,Ottertail,629,585,2,2,0,1,28,32,529,503,2,0,0,1,16,21,95.09,0.38,0.00,0.00,0.19,3.02,3.97
OTTER TAIL - 000325,Otter Tail,000325,Otter Tail Twp,602,564,1,2,2,0,30,9,535,516,1,0,2,0,13,2,96.45,0.19,0.00,0.37,0.00,2.43,0.37
OTTER TAIL - 000355,Otter Tail,000355,Pelican Rapids,2577,1240,415,28,94,0,245,851,1794,975,228,24,72,0,136,536,54.35,12.71,1.34,4.01,0.00,7.58,29.88
OTTER TAIL - 000360,Otter Tail,000360,Perham,3512,2912,63,46,33,1,284,402,2687,2324,36,33,24,1,146,252,86.49,1.34,1.23,0.89,0.04,5.43,9.38
OTTER TAIL - 000365,Otter Tail,000365,Perham Twp,977,920,2,18,3,0,30,20,718,696,1,5,1,0,13,9,96.94,0.14,0.70,0.14,0.00,1.81,1.25
OTTER TAIL - 000370,Otter Tail,000370,Pine Lake Twp,773,743,2,1,3,0,22,9,580,564,1,1,2,0,11,8,97.24,0.17,0.17,0.34,0.00,1.90,1.38
OTTER TAIL - 000390,Otter Tail,000390,Saint Olaf Twp,395,369,0,7,3,0,13,8,311,290,0,5,3,0,11,3,93.25,0.00,1.61,0.96,0.00,3.54,0.96
OTTER TAIL - 000395,Otter Tail,000395,Scambler Twp,568,552,0,0,0,0,13,2,476,463,0,0,0,0,11,1,97.27,0.00,0.00,0.00,0.00,2.31,0.21
OTTER TAIL - 000400,Otter Tail,000400,Star Lake Twp,446,425,1,0,1,0,19,2,372,359,0,0,1,0,12,1,96.51,0.00,0.00,0.27,0.00,3.23,0.27
OTTER TAIL - 000410,Otter Tail,000410,Tordenskjold Twp,527,505,2,0,2,0,16,5,423,408,1,0,2,0,10,0,96.45,0.24,0.00,0.47,0.00,2.36,0.00
OTTER TAIL - 000186,Otter Tail,000186,Fergus Falls W-2 P-3,260,253,3,0,0,0,3,1,184,181,2,0,0,0,0,1,98.37,1.09,0.00,0.00,0.00,0.00,0.54
OTTER TAIL - 000380,Otter Tail,000380,Rothsay,197,184,0,0,0,0,12,12,142,133,0,0,0,0,9,6,93.66,0.00,0.00,0.00,0.00,6.34,4.23
LAKE OF THE WOODS - 000070,Lake of the Woods,000070,5-C Northwest Angle,149,142,0,0,0,0,7,1,124,120,0,0,0,0,4,0,96.77,0.00,0.00,0.00,0.00,3.23,0.00
LAKE OF THE WOODS - 000010,Lake of the Woods,000010,1-B Baudette City,515,482,3,7,2,0,21,10,433,411,3,7,2,0,10,6,94.92,0.69,1.62,0.46,0.00,2.31,1.39
LAKE OF THE WOODS - 000020,Lake of the Woods,000020,2-B Baudette City,377,332,5,5,5,0,29,6,299,269,4,5,5,0,15,3,89.97,1.34,1.67,1.67,0.00,5.02,1.00
LAKE OF THE WOODS - 000080,Lake of the Woods,000080,3-E Baudette City,74,69,1,0,0,0,4,0,58,55,1,0,0,0,2,0,94.83,1.72,0.00,0.00,0.00,3.45,0.00
LAKE OF THE WOODS - 000005,Lake of the Woods,000005,1-A Baudette Unorg,181,165,0,2,4,0,10,3,171,156,0,2,4,0,9,2,91.23,0.00,1.17,2.34,0.00,5.26,1.17
LAKE OF THE WOODS - 000044,Lake of the Woods,000044,4-B Wabanica Unorg,390,362,1,1,1,0,23,8,325,314,0,0,0,0,9,4,96.62,0.00,0.00,0.00,0.00,2.77,1.23
LAKE OF THE WOODS - 000065,Lake of the Woods,000065,2-C Unorg,143,127,0,1,1,0,12,2,115,105,0,1,1,0,6,2,91.30,0.00,0.87,0.87,0.00,5.22,1.74
LAKE OF THE WOODS - 000050,Lake of the Woods,000050,5-A Unorg,536,505,2,1,1,0,23,7,428,408,2,1,0,0,13,3,95.33,0.47,0.23,0.00,0.00,3.04,0.70
LAKE OF THE WOODS - 000035,Lake of the Woods,000035,3-D Forest Unorg,85,82,0,0,0,0,3,1,69,66,0,0,0,0,3,1,95.65,0.00,0.00,0.00,0.00,4.35,1.45
LAKE OF THE WOODS - 000015,Lake of the Woods,000015,2-A Gudrid Unorg,184,181,0,0,0,0,3,3,157,155,0,0,0,0,2,2,98.73,0.00,0.00,0.00,0.00,1.27,1.27
LAKE OF THE WOODS - 000046,Lake of the Woods,000046,4-C N McDougald Unorg,117,116,0,0,0,0,1,0,89,89,0,0,0,0,0,0,100.00,0.00,0.00,0.00,0.00,0.00,0.00
LAKE OF THE WOODS - 000031,Lake of the Woods,000031,3-C S McDougald Unorg,90,78,0,0,1,0,8,1,72,67,0,0,1,0,4,1,93.06,0.00,0.00,1.39,0.00,5.56,1.39
LAKE OF THE WOODS - 000030,Lake of the Woods,000030,3-A Unorg,353,325,1,1,2,0,22,5,262,249,1,1,2,0,7,2,95.04,0.38,0.38,0.76,0.00,2.67,0.76
LAKE OF THE WOODS - 000040,Lake of the Woods,000040,4-A Wheeler Unorg,306,302,0,0,1,0,3,5,264,262,0,0,1,0,1,3,99.24,0.00,0.00,0.38,0.00,0.38,1.14
LAKE OF THE WOODS - 000055,Lake of the Woods,000055,3-B Williams City,157,145,0,0,0,0,12,2,118,109,0,0,0,0,9,2,92.37,0.00,0.00,0.00,0.00,7.63,1.69
LAKE OF THE WOODS - 000045,Lake of the Woods,000045,5-B Zippel Unorg,105,99,0,1,0,0,5,2,82,79,0,0,0,0,3,0,96.34,0.00,0.00,0.00,0.00,3.66,0.00
LAKE OF THE WOODS - 000075,Lake of the Woods,000075,5-D Roosevelt,1,0,0,0,0,0,1,0,0,0,0,0,0,0,0,0,0.00,0.00,0.00,0.00,0.00,0.00,0.00
DODGE - 000005,Dodge,000005,Ashland Twp,308,279,1,1,5,0,14,11,246,227,0,1,5,0,9,4,92.28,0.00,0.41,2.03,0.00,3.66,1.63
DODGE - 000010,Dodge,000010,Canisteo Twp,602,564,3,1,1,0,30,10,467,444,1,1,1,0,18,8,95.07,0.21,0.21,0.21,0.00,3.85,1.71
DODGE - 000015,Dodge,000015,Claremont,513,424,3,0,2,0,43,88,392,331,2,0,2,0,33,51,84.44,0.51,0.00,0.51,0.00,8.42,13.01
DODGE - 000020,Dodge,000020,Claremont Twp,423,403,1,2,2,0,13,4,318,310,0,2,1,0,3,0,97.48,0.00,0.63,0.31,0.00,0.94,0.00
DODGE - 000025,Dodge,000025,Concord Twp,561,536,1,1,2,0,14,8,421,405,0,1,2,0,9,3,96.20,0.00,0.24,0.48,0.00,2.14,0.71
DODGE - 000030,Dodge,000030,Dodge Center P-1,2182,1806,24,18,28,1,171,279,1556,1330,13,15,21,1,91,175,85.48,0.84,0.96,1.35,0.06,5.85,11.25
DODGE - 000032,Dodge,000032,Dodge Center P-2,662,580,7,9,4,0,24,83,488,429,7,4,1,0,20,53,87.91,1.43,0.82,0.20,0.00,4.10,10.86
DODGE - 000075,Dodge,000075,Vernon Twp,665,642,1,0,2,0,19,3,490,476,0,0,0,0,13,2,97.14,0.00,0.00,0.00,0.00,2.65,0.41
DODGE - 000035,Dodge,000035,Ellington Twp,211,205,0,0,0,0,4,4,171,169,0,0,0,0,2,1,98.83,0.00,0.00,0.00,0.00,1.17,0.58
DODGE - 000040,Dodge,000040,Hayfield,1364,1272,9,6,3,0,54,43,1027,973,9,3,3,0,25,29,94.74,0.88,0.29,0.29,0.00,2.43,2.82
DODGE - 000045,Dodge,000045,Hayfield Twp,483,444,3,2,5,0,22,13,364,331,1,1,5,0,19,10,90.93,0.27,0.27,1.37,0.00,5.22,2.75
DODGE - 000052,Dodge,000052,Kasson P-3,1623,1376,34,6,10,0,136,169,1180,1037,20,4,7,0,78,97,87.88,1.69,0.34,0.59,0.00,6.61,8.22
DODGE - 000051,Dodge,000051,Kasson P-2,4721,4428,15,6,24,0,204,138,3347,3205,5,4,16,0,89,78,95.76,0.15,0.12,0.48,0.00,2.66,2.33
DODGE - 000050,Dodge,000050,Kasson P-1,507,484,1,0,1,0,20,0,354,340,1,0,1,0,12,0,96.05,0.28,0.00,0.28,0.00,3.39,0.00
DODGE - 000055,Dodge,000055,Mantorville,1111,1026,11,4,2,0,56,43,877,818,10,4,2,0,36,23,93.27,1.14,0.46,0.23,0.00,4.10,2.62
DODGE - 000060,Dodge,000060,Mantorville Twp,1874,1782,3,0,6,0,60,42,1371,1313,1,0,4,0,37,22,95.77,0.07,0.00,0.29,0.00,2.70,1.60
DODGE - 000070,Dodge,000070,Ripley Twp,179,175,0,0,0,0,2,4,131,130,0,0,0,0,1,0,99.24,0.00,0.00,0.00,0.00,0.76,0.00
DODGE - 000080,Dodge,000080,Wasioja Twp,850,800,2,6,3,0,28,24,642,616,0,1,3,0,16,15,95.95,0.00,0.16,0.47,0.00,2.49,2.34
DODGE - 000065,Dodge,000065,Milton Twp,743,686,5,1,7,0,23,24,571,529,5,1,7,0,20,14,92.64,0.88,0.18,1.23,0.00,3.50,2.45
DODGE - 000085,Dodge,000085,West Concord,861,765,9,3,3,0,35,62,622,565,3,3,3,0,13,34,90.84,0.48,0.48,0.48,0.00,2.09,5.47
DODGE - 000090,Dodge,000090,Westfield Twp,424,411,1,1,0,0,7,5,304,297,0,0,0,0,3,2,97.70,0.00,0.00,0.00,0.00,0.99,0.66
DODGE - 000007,Dodge,000007,Byron P-2,0,0,0,0,0,0,0,0,0,0,0,0,0,0,0,0,0.00,0.00,0.00,0.00,0.00,0.00,0.00
CROW WING - 000007,Crow Wing,000007,Baxter P-2 East,1770,1644,13,16,21,0,59,34,1392,1316,11,14,12,0,29,17,94.54,0.79,1.01,0.86,0.00,2.08,1.22
CROW WING - 000005,Crow Wing,000005,Baxter P-1 East,3460,3182,33,13,55,0,127,47,2657,2493,22,8,43,0,54,37,93.83,0.83,0.30,1.62,0.00,2.03,1.39
CROW WING - 000008,Crow Wing,000008,Baxter P-2 West,1572,1453,8,10,19,0,72,22,1116,1053,4,4,14,0,37,8,94.35,0.36,0.36,1.25,0.00,3.32,0.72
CROW WING - 000006,Crow Wing,000006,Baxter P-1 West,1810,1694,10,9,12,0,83,28,1343,1278,9,7,9,0,40,12,95.16,0.67,0.52,0.67,0.00,2.98,0.89
CROW WING - 000010,Crow Wing,000010,Bay Lake Twp,921,890,3,1,3,0,19,6,826,801,3,0,3,0,14,4,96.97,0.36,0.00,0.36,0.00,1.69,0.48
CROW WING - 000055,Crow Wing,000055,Breezy Point City,2574,2465,5,13,7,0,73,18,1985,1909,4,10,6,0,47,14,96.17,0.20,0.50,0.30,0.00,2.37,0.71
CROW WING - 000290,Crow Wing,000290,Wolford Twp,348,328,2,5,2,0,10,2,290,280,1,3,2,0,3,0,96.55,0.34,1.03,0.69,0.00,1.03,0.00
CROW WING - 000060,Crow Wing,000060,Center Twp,990,945,5,1,5,0,28,11,797,766,1,1,4,0,19,4,96.11,0.13,0.13,0.50,0.00,2.38,0.50
CROW WING - 000050,Crow Wing,000050,Brainerd W-4 P-2,1610,1439,39,23,5,0,97,37,1231,1126,28,20,5,0,45,24,91.47,2.27,1.62,0.41,0.00,3.66,1.95
CROW WING - 000020,Crow Wing,000020,Brainerd W-2 P-1,2304,2012,47,51,22,0,145,84,1747,1574,23,33,20,0,77,49,90.10,1.32,1.89,1.14,0.00,4.41,2.80
CROW WING - 000045,Crow Wing,000045,Brainerd W-4 P-1,2180,1884,37,55,16,0,176,62,1588,1422,22,27,10,0,98,35,89.55,1.39,1.70,0.63,0.00,6.17,2.20
CROW WING - 000016,Crow Wing,000016,Brainerd W-1 P-2,1810,1682,14,35,10,0,62,26,1474,1394,10,28,8,0,32,20,94.57,0.68,1.90,0.54,0.00,2.17,1.36
CROW WING - 000285,Crow Wing,000285,Trommald City,99,94,0,2,0,0,3,0,83,82,0,0,0,0,1,0,98.80,0.00,0.00,0.00,0.00,1.20,0.00
CROW WING - 000040,Crow Wing,000040,Brainerd W-3 P-2,1793,1601,22,35,9,0,113,36,1326,1229,12,23,6,0,49,23,92.68,0.90,1.73,0.45,0.00,3.70,1.73
CROW WING - 000065,Crow Wing,000065,Crosby City,2360,2219,8,30,9,1,87,28,1875,1792,5,23,7,1,45,7,95.57,0.27,1.23,0.37,0.05,2.40,0.37
CROW WING - 000035,Crow Wing,000035,Brainerd W-3 P-1,1683,1483,14,25,12,3,133,43,1268,1137,10,18,12,3,80,24,89.67,0.79,1.42,0.95,0.24,6.31,1.89
CROW WING - 000042,Crow Wing,000042,Brainerd W-3 P-3,11,7,0,0,0,0,4,0,8,7,0,0,0,0,1,0,87.50,0.00,0.00,0.00,0.00,12.50,0.00
CROW WING - 000075,Crow Wing,000075,Crosslake City,2394,2314,7,9,0,1,53,12,2064,2022,4,3,0,0,29,8,97.97,0.19,0.15,0.00,0.00,1.41,0.39
CROW WING - 000025,Crow Wing,000025,Brainerd W-2 P-2,1352,1230,13,17,6,0,64,30,1000,917,13,15,6,0,41,15,91.70,1.30,1.50,0.60,0.00,4.10,1.50
CROW WING - 000015,Crow Wing,000015,Brainerd W-1 P-1,1649,1414,45,79,15,0,83,45,1339,1157,38,57,15,0,60,31,86.41,2.84,4.26,1.12,0.00,4.48,2.32
CROW WING - 000080,Crow Wing,000080,Crow Wing Twp P-1,2140,2004,8,7,9,1,105,31,1561,1471,2,4,8,0,71,20,94.23,0.13,0.26,0.51,0.00,4.55,1.28
CROW WING - 000085,Crow Wing,000085,Cuyuna City,296,286,0,0,0,0,5,7,243,235,0,0,0,0,4,3,96.71,0.00,0.00,0.00,0.00,1.65,1.23
CROW WING - 000105,Crow Wing,000105,Deerwood City,526,478,3,15,2,0,24,8,396,363,0,10,1,0,19,4,91.67,0.00,2.53,0.25,0.00,4.80,1.01
CROW WING - 000090,Crow Wing,000090,Daggett Brook Twp,551,526,2,0,3,1,19,6,411,396,0,0,3,0,12,5,96.35,0.00,0.00,0.73,0.00,2.92,1.22
CROW WING - 000110,Crow Wing,000110,Deerwood Twp,1309,1257,3,4,4,0,34,8,1070,1031,2,3,4,0,24,3,96.36,0.19,0.28,0.37,0.00,2.24,0.28
CROW WING - 000115,Crow Wing,000115,Emily City,843,816,0,3,3,0,15,5,734,712,0,2,3,0,12,3,97.00,0.00,0.27,0.41,0.00,1.63,0.41
CROW WING - 000120,Crow Wing,000120,Fairfield Twp,317,309,0,0,0,0,8,3,268,261,0,0,0,0,7,3,97.39,0.00,0.00,0.00,0.00,2.61,1.12
CROW WING - 000125,Crow Wing,000125,Fifty Lakes City,443,428,0,2,0,0,13,1,418,406,0,1,0,0,11,1,97.13,0.00,0.24,0.00,0.00,2.63,0.24
CROW WING - 000295,Crow Wing,000295,Red Precinct,1767,1655,6,9,9,1,79,30,1405,1350,1,5,6,1,35,18,96.09,0.07,0.36,0.43,0.07,2.49,1.28
CROW WING - 000095,Crow Wing,000095,White Precinct,1600,1503,2,12,6,0,66,10,1288,1230,1,8,6,0,37,6,95.50,0.08,0.62,0.47,0.00,2.87,0.47
CROW WING - 000185,Crow Wing,000185,Blue Precinct,2282,2177,3,11,4,0,74,23,1740,1669,1,6,4,0,50,16,95.92,0.06,0.34,0.23,0.00,2.87,0.92
CROW WING - 000140,Crow Wing,000140,Gail Lake Twp,97,91,0,0,0,0,6,2,82,79,0,0,0,0,3,1,96.34,0.00,0.00,0.00,0.00,3.66,1.22
CROW WING - 000145,Crow Wing,000145,Garrison City,194,176,0,4,1,0,13,0,170,158,0,3,1,0,8,0,92.94,0.00,1.76,0.59,0.00,4.71,0.00
CROW WING - 000150,Crow Wing,000150,Garrison Twp,837,750,5,33,1,0,47,7,694,650,3,15,1,0,25,3,93.66,0.43,2.16,0.14,0.00,3.60,0.43
CROW WING - 000230,Crow Wing,000230,Oak Lawn Twp,1767,1641,16,13,8,0,78,29,1367,1286,11,5,4,0,51,22,94.07,0.80,0.37,0.29,0.00,3.73,1.61
CROW WING - 000225,Crow Wing,000225,Nokay Lake Twp,898,864,5,4,0,0,25,3,696,679,5,1,0,0,11,0,97.56,0.72,0.14,0.00,0.00,1.58,0.00
CROW WING - 000160,Crow Wing,000160,Irondale Twp,1262,1185,5,7,0,1,57,14,963,911,5,3,0,1,37,5,94.60,0.52,0.31,0.00,0.10,3.84,0.52
CROW WING - 000130,Crow Wing,000130,Fort Ripley City,84,79,0,0,0,0,5,2,66,62,0,0,0,0,4,2,93.94,0.00,0.00,0.00,0.00,6.06,3.03
CROW WING - 000135,Crow Wing,000135,Fort Ripley Twp,1009,956,3,9,2,0,35,2,765,724,1,6,1,0,29,1,94.64,0.13,0.78,0.13,0.00,3.79,0.13
CROW WING - 000155,Crow Wing,000155,Ideal Twp,1210,1174,0,1,4,0,21,4,1029,1002,0,1,2,0,18,4,97.38,0.00,0.10,0.19,0.00,1.75,0.39
CROW WING - 000170,Crow Wing,000170,Ironton City,576,541,2,10,3,0,15,10,425,407,2,7,3,0,6,3,95.76,0.47,1.65,0.71,0.00,1.41,0.71
CROW WING - 000175,Crow Wing,000175,Jenkins City,490,461,0,6,1,2,15,7,345,328,0,1,0,2,12,5,95.07,0.00,0.29,0.00,0.58,3.48,1.45
CROW WING - 000180,Crow Wing,000180,Jenkins Twp,397,382,0,1,0,0,14,2,344,333,0,1,0,0,10,0,96.80,0.00,0.29,0.00,0.00,2.91,0.00
CROW WING - 000190,Crow Wing,000190,Lake Edward Twp,2108,2022,3,4,5,1,58,24,1746,1684,2,2,2,1,43,14,96.45,0.11,0.11,0.11,0.06,2.46,0.80
CROW WING - 000195,Crow Wing,000195,Little Pine Twp,87,77,0,0,0,0,9,0,79,72,0,0,0,0,6,0,91.14,0.00,0.00,0.00,0.00,7.59,0.00
CROW WING - 000200,Crow Wing,000200,Long Lake Twp,1111,1064,3,16,5,0,21,12,863,835,0,8,3,0,15,8,96.76,0.00,0.93,0.35,0.00,1.74,0.93
CROW WING - 000205,Crow Wing,000205,Manhattan Beach City,61,52,0,1,0,1,2,4,46,43,0,0,0,1,1,0,93.48,0.00,0.00,0.00,2.17,2.17,0.00
CROW WING - 000210,Crow Wing,000210,Maple Grove Twp,713,658,3,6,4,0,40,6,599,562,0,5,3,0,27,4,93.82,0.00,0.83,0.50,0.00,4.51,0.67
CROW WING - 000215,Crow Wing,000215,Mission Twp,796,759,2,0,1,0,33,4,679,659,2,0,0,0,17,2,97.05,0.29,0.00,0.00,0.00,2.50,0.29
CROW WING - 000220,Crow Wing,000220,Nisswa City,1967,1879,6,3,8,1,61,20,1625,1549,4,3,7,1,52,17,95.32,0.25,0.18,0.43,0.06,3.20,1.05
CROW WING - 000235,Crow Wing,000235,Pelican Twp,501,485,1,1,1,0,13,3,417,403,1,1,1,0,11,3,96.64,0.24,0.24,0.24,0.00,2.64,0.72
CROW WING - 000240,Crow Wing,000240,Pequot Lakes City,2395,2257,7,15,12,4,93,27,1835,1745,4,9,12,3,55,23,95.10,0.22,0.49,0.65,0.16,3.00,1.25
CROW WING - 000245,Crow Wing,000245,Perry Lake Twp,286,268,2,0,0,0,15,3,243,229,2,0,0,0,11,3,94.24,0.82,0.00,0.00,0.00,4.53,1.23
CROW WING - 000250,Crow Wing,000250,Platte Lake Twp,419,406,0,2,0,0,11,0,303,295,0,2,0,0,6,0,97.36,0.00,0.66,0.00,0.00,1.98,0.00
CROW WING - 000255,Crow Wing,000255,Rabbit Lake Twp,327,308,0,2,2,0,11,5,268,255,0,0,1,0,9,3,95.15,0.00,0.00,0.37,0.00,3.36,1.12
CROW WING - 000260,Crow Wing,000260,Roosevelt Twp,582,510,2,25,0,0,41,6,479,430,0,17,0,0,30,4,89.77,0.00,3.55,0.00,0.00,6.26,0.84
CROW WING - 000265,Crow Wing,000265,Ross Lake Twp,163,162,0,0,0,0,0,1,154,154,0,0,0,0,0,0,100.00,0.00,0.00,0.00,0.00,0.00,0.00
CROW WING - 000165,Crow Wing,000165,Riverton City,118,105,0,3,0,0,10,4,94,86,0,1,0,0,7,2,91.49,0.00,1.06,0.00,0.00,7.45,2.13
CROW WING - 000275,Crow Wing,000275,Saint Mathias Twp,606,570,2,2,4,0,25,7,437,417,0,2,3,0,12,7,95.42,0.00,0.46,0.69,0.00,2.75,1.60
CROW WING - 000100,Crow Wing,000100,Dean Lake Prec,120,119,0,0,1,0,0,0,93,92,0,0,1,0,0,0,98.92,0.00,0.00,1.08,0.00,0.00,0.00
CROW WING - 000280,Crow Wing,000280,Timothy Twp,169,158,0,3,1,0,5,1,145,136,0,2,1,0,4,0,93.79,0.00,1.38,0.69,0.00,2.76,0.00
CROW WING - 000082,Crow Wing,000082,Crow Wing Twp P-2,9,8,0,0,0,1,0,0,9,8,0,0,0,1,0,0,88.89,0.00,0.00,0.00,11.11,0.00,0.00
KANDIYOHI - 000005,Kandiyohi,000005,Arctander Twp,369,356,1,0,0,0,12,3,291,283,1,0,0,0,7,3,97.25,0.34,0.00,0.00,0.00,2.41,1.03
KANDIYOHI - 000010,Kandiyohi,000010,Atwater,1124,1006,2,9,3,0,74,65,826,752,0,8,1,0,46,35,91.04,0.00,0.97,0.12,0.00,5.57,4.24
KANDIYOHI - 000020,Kandiyohi,000020,Burbank Twp,571,533,2,6,3,0,22,9,427,399,2,6,2,0,17,2,93.44,0.47,1.41,0.47,0.00,3.98,0.47
KANDIYOHI - 000025,Kandiyohi,000025,Colfax Twp,612,594,0,0,0,1,13,5,470,460,0,0,0,0,8,4,97.87,0.00,0.00,0.00,0.00,1.70,0.85
KANDIYOHI - 000015,Kandiyohi,000015,Blomkest,145,138,0,0,0,0,4,9,119,117,0,0,0,0,0,2,98.32,0.00,0.00,0.00,0.00,0.00,1.68
KANDIYOHI - 000235,Kandiyohi,000235,Willmar Twp,478,407,12,5,0,1,44,33,347,312,2,1,0,0,27,22,89.91,0.58,0.29,0.00,0.00,7.78,6.34
KANDIYOHI - 000030,Kandiyohi,000030,Dovre Twp,2163,1996,23,3,20,0,91,75,1677,1579,17,2,12,0,48,43,94.16,1.01,0.12,0.72,0.00,2.86,2.56
KANDIYOHI - 000035,Kandiyohi,000035,East Lake Lillian Twp,170,165,1,0,2,0,1,1,138,135,0,0,1,0,1,0,97.83,0.00,0.00,0.72,0.00,0.72,0.00
KANDIYOHI - 000040,Kandiyohi,000040,Edwards Twp,245,229,0,4,0,0,9,12,181,168,0,3,0,0,8,7,92.82,0.00,1.66,0.00,0.00,4.42,3.87
KANDIYOHI - 000045,Kandiyohi,000045,Fahlun Twp,332,325,0,0,1,0,4,3,277,275,0,0,0,0,1,1,99.28,0.00,0.00,0.00,0.00,0.36,0.36
KANDIYOHI - 000050,Kandiyohi,000050,Gennessee Twp,423,391,0,4,2,1,23,10,318,301,0,3,0,1,13,2,94.65,0.00,0.94,0.00,0.31,4.09,0.63
KANDIYOHI - 000055,Kandiyohi,000055,Green Lake Twp,1637,1556,7,5,1,1,61,32,1276,1230,5,5,1,0,31,10,96.39,0.39,0.39,0.08,0.00,2.43,0.78
KANDIYOHI - 000060,Kandiyohi,000060,Harrison Twp,554,537,0,0,1,0,13,6,449,436,0,0,1,0,11,3,97.10,0.00,0.00,0.22,0.00,2.45,0.67
KANDIYOHI - 000065,Kandiyohi,000065,Holland Twp,359,345,0,0,1,0,9,8,244,234,0,0,0,0,8,6,95.90,0.00,0.00,0.00,0.00,3.28,2.46
KANDIYOHI - 000070,Kandiyohi,000070,Irving Twp,965,929,4,1,6,2,19,8,771,744,3,1,5,1,13,4,96.50,0.39,0.13,0.65,0.13,1.69,0.52
KANDIYOHI - 000075,Kandiyohi,000075,Kandiyohi,569,506,1,1,0,0,27,55,415,376,1,1,0,0,14,35,90.60,0.24,0.24,0.00,0.00,3.37,8.43
KANDIYOHI - 000080,Kandiyohi,000080,Kandiyohi Twp,572,526,3,3,4,0,25,27,448,427,1,3,2,0,8,13,95.31,0.22,0.67,0.45,0.00,1.79,2.90
KANDIYOHI - 000085,Kandiyohi,000085,Lake Andrew Twp,978,951,2,3,2,0,15,11,809,793,2,1,2,0,10,8,98.02,0.25,0.12,0.25,0.00,1.24,0.99
KANDIYOHI - 000090,Kandiyohi,000090,Lake Elizabeth Twp,190,177,0,0,1,0,11,5,150,147,0,0,0,0,3,0,98.00,0.00,0.00,0.00,0.00,2.00,0.00
KANDIYOHI - 000095,Kandiyohi,000095,Lake Lillian,246,231,2,0,1,0,12,14,185,181,0,0,1,0,3,6,97.84,0.00,0.00,0.54,0.00,1.62,3.24
KANDIYOHI - 000100,Kandiyohi,000100,Lake Lillian Twp,181,171,1,1,1,0,5,8,144,139,0,0,1,0,2,5,96.53,0.00,0.00,0.69,0.00,1.39,3.47
KANDIYOHI - 000105,Kandiyohi,000105,Mamre Twp,399,362,1,1,3,0,23,13,272,258,1,0,0,0,9,5,94.85,0.37,0.00,0.00,0.00,3.31,1.84
KANDIYOHI - 000110,Kandiyohi,000110,New London,1252,1176,6,6,6,0,53,39,980,928,5,5,6,0,33,22,94.69,0.51,0.51,0.61,0.00,3.37,2.24
KANDIYOHI - 000115,Kandiyohi,000115,New London Twp,2952,2813,8,2,5,0,95,69,2314,2222,4,1,5,0,63,34,96.02,0.17,0.04,0.22,0.00,2.72,1.47
KANDIYOHI - 000120,Kandiyohi,000120,Norway Lake Twp,281,274,1,0,0,0,2,5,225,222,1,0,0,0,2,1,98.67,0.44,0.00,0.00,0.00,0.89,0.44
KANDIYOHI - 000125,Kandiyohi,000125,Pennock,479,391,8,2,1,0,34,96,349,299,5,2,1,0,21,56,85.67,1.43,0.57,0.29,0.00,6.02,16.05
KANDIYOHI - 000130,Kandiyohi,000130,Prinsburg,520,489,10,0,0,0,16,17,379,363,3,0,0,0,8,15,95.78,0.79,0.00,0.00,0.00,2.11,3.96
KANDIYOHI - 000135,Kandiyohi,000135,Raymond,782,686,3,2,0,0,56,78,573,513,1,2,0,0,35,49,89.53,0.17,0.35,0.00,0.00,6.11,8.55
KANDIYOHI - 000140,Kandiyohi,000140,Regal,43,40,1,0,0,0,2,0,34,32,1,0,0,0,1,0,94.12,2.94,0.00,0.00,0.00,2.94,0.00
KANDIYOHI - 000145,Kandiyohi,000145,Roseland Twp,353,318,1,0,3,0,29,21,260,240,0,0,1,0,18,13,92.31,0.00,0.00,0.38,0.00,6.92,5.00
KANDIYOHI - 000150,Kandiyohi,000150,Roseville Twp,637,592,2,3,0,0,28,38,485,462,0,3,0,0,10,20,95.26,0.00,0.62,0.00,0.00,2.06,4.12
KANDIYOHI - 000155,Kandiyohi,000155,Saint Johns Twp,418,324,4,6,18,0,29,60,310,255,1,2,11,0,13,33,82.26,0.32,0.65,3.55,0.00,4.19,10.65
KANDIYOHI - 000160,Kandiyohi,000160,Spicer,1112,1036,2,6,1,0,54,53,938,890,1,6,1,0,29,36,94.88,0.11,0.64,0.11,0.00,3.09,3.84
KANDIYOHI - 000165,Kandiyohi,000165,Sunburg,94,92,1,0,1,0,0,1,77,75,1,0,1,0,0,1,97.40,1.30,0.00,1.30,0.00,0.00,1.30
KANDIYOHI - 000170,Kandiyohi,000170,Whitefield Twp,512,477,3,0,2,0,23,36,369,344,3,0,2,0,14,19,93.22,0.81,0.00,0.54,0.00,3.79,5.15
KANDIYOHI - 000230,Kandiyohi,000230,Willmar W-4 P-3,1986,1170,532,15,14,0,138,291,1450,968,318,8,6,0,75,166,66.76,21.93,0.55,0.41,0.00,5.17,11.45
KANDIYOHI - 000195,Kandiyohi,000195,Willmar W-2 P-2,1763,1465,57,7,17,0,145,243,1308,1140,26,7,13,0,84,137,87.16,1.99,0.54,0.99,0.00,6.42,10.47
KANDIYOHI - 000202,Kandiyohi,000202,Willmar W-2 P-4,0,0,0,0,0,0,0,0,0,0,0,0,0,0,0,0,0.00,0.00,0.00,0.00,0.00,0.00,0.00
KANDIYOHI - 000190,Kandiyohi,000190,Willmar W-2 P-1,1684,1192,78,7,77,1,201,393,1230,949,33,2,51,1,103,236,77.15,2.68,0.16,4.15,0.08,8.37,19.19
KANDIYOHI - 000185,Kandiyohi,000185,Willmar W-1 P-3,1823,1027,323,8,111,4,182,493,1249,783,166,5,68,0,114,290,62.69,13.29,0.40,5.44,0.00,9.13,23.22
KANDIYOHI - 000215,Kandiyohi,000215,Willmar W-3 P-3,1867,1096,167,23,79,19,267,586,1336,851,122,21,42,12,153,342,63.70,9.13,1.57,3.14,0.90,11.45,25.60
KANDIYOHI - 000200,Kandiyohi,000200,Willmar W-2 P-3,1728,1380,68,10,49,0,118,259,1357,1137,37,10,33,0,65,159,83.79,2.73,0.74,2.43,0.00,4.79,11.72
KANDIYOHI - 000175,Kandiyohi,000175,Willmar W-1 P-1,1780,1369,80,16,26,4,133,441,1314,1044,52,15,20,0,78,273,79.45,3.96,1.14,1.52,0.00,5.94,20.78
KANDIYOHI - 000180,Kandiyohi,000180,Willmar W-1 P-2,1371,865,123,6,27,0,173,454,995,691,56,1,19,0,112,281,69.45,5.63,0.10,1.91,0.00,11.26,28.24
KANDIYOHI - 000210,Kandiyohi,000210,Willmar W-3 P-2,1715,918,218,19,26,2,266,638,1188,719,102,9,20,2,150,393,60.52,8.59,0.76,1.68,0.17,12.63,33.08
KANDIYOHI - 000220,Kandiyohi,000220,Willmar W-4 P-1,1731,1157,330,16,24,0,94,331,1261,973,140,6,22,0,40,190,77.16,11.10,0.48,1.74,0.00,3.17,15.07
KANDIYOHI - 000205,Kandiyohi,000205,Willmar W-3 P-1,2112,1336,428,8,21,0,180,367,1593,1118,257,4,17,0,102,226,70.18,16.13,0.25,1.07,0.00,6.40,14.19
KANDIYOHI - 000225,Kandiyohi,000225,Willmar W-4 P-2,1455,890,133,10,30,1,166,495,1051,698,61,9,22,0,108,321,66.41,5.80,0.86,2.09,0.00,10.28,30.54
ST. LOUIS - ZZZZZZ,St. Louis,ZZZZZZ,Voting Districts Not Defined,0,0,0,0,0,0,0,0,0,0,0,0,0,0,0,0,0.00,0.00,0.00,0.00,0.00,0.00,0.00
ST. LOUIS - 000005,St. Louis,000005,Alango Twp,272,247,0,6,4,0,15,0,216,195,0,4,4,0,13,0,90.28,0.00,1.85,1.85,0.00,6.02,0.00
ST. LOUIS - 000010,St. Louis,000010,Alborn Twp,425,378,0,20,0,0,27,0,335,301,0,17,0,0,17,0,89.85,0.00,5.07,0.00,0.00,5.07,0.00
ST. LOUIS - 000015,St. Louis,000015,Alden Twp,196,179,3,0,0,0,14,4,147,140,0,0,0,0,7,4,95.24,0.00,0.00,0.00,0.00,4.76,2.72
ST. LOUIS - 000020,St. Louis,000020,Angora Twp,223,211,0,3,2,0,7,1,188,180,0,3,2,0,3,1,95.74,0.00,1.60,1.06,0.00,1.60,0.53
ST. LOUIS - 000030,St. Louis,000030,Ault Twp,128,119,0,2,0,0,7,1,123,116,0,2,0,0,5,1,94.31,0.00,1.63,0.00,0.00,4.07,0.81
ST. LOUIS - 000040,St. Louis,000040,Balkan Twp,808,786,0,1,2,0,18,4,642,629,0,1,2,0,10,2,97.98,0.00,0.16,0.31,0.00,1.56,0.31
ST. LOUIS - 000050,St. Louis,000050,Beatty Twp,418,406,0,0,1,0,9,4,361,353,0,0,1,0,5,0,97.78,0.00,0.00,0.28,0.00,1.39,0.00
ST. LOUIS - 000976,St. Louis,000976,Unorg Prct 20,7,7,0,0,0,0,0,0,7,7,0,0,0,0,0,0,100.00,0.00,0.00,0.00,0.00,0.00,0.00
ST. LOUIS - 000060,St. Louis,000060,Biwabik Twp,901,846,1,7,6,0,37,7,761,726,1,4,6,0,21,7,95.40,0.13,0.53,0.79,0.00,2.76,0.92
ST. LOUIS - 000070,St. Louis,000070,Brevator Twp,1214,869,4,255,3,0,80,16,915,680,4,165,3,0,61,12,74.32,0.44,18.03,0.33,0.00,6.67,1.31
ST. LOUIS - 000080,St. Louis,000080,Buhl,952,889,6,11,3,0,41,15,767,729,5,9,1,0,21,5,95.05,0.65,1.17,0.13,0.00,2.74,0.65
ST. LOUIS - 000085,St. Louis,000085,Canosia Twp,2206,2081,3,10,3,0,99,31,1729,1638,0,7,1,0,73,22,94.74,0.00,0.40,0.06,0.00,4.22,1.27
ST. LOUIS - 000095,St. Louis,000095,Cherry Twp,839,785,3,1,0,0,50,10,636,610,3,1,0,0,22,1,95.91,0.47,0.16,0.00,0.00,3.46,0.16
ST. LOUIS - 000100,St. Louis,000100,Chisholm,4775,4335,63,58,13,0,261,111,3733,3446,45,37,13,0,162,64,92.31,1.21,0.99,0.35,0.00,4.34,1.71
ST. LOUIS - 000120,St. Louis,000120,Colvin Twp,289,282,0,3,1,0,3,0,245,240,0,1,1,0,3,0,97.96,0.00,0.41,0.41,0.00,1.22,0.00
ST. LOUIS - 000130,St. Louis,000130,Cotton Twp,460,438,2,3,0,0,15,7,378,360,2,3,0,0,11,6,95.24,0.53,0.79,0.00,0.00,2.91,1.59
ST. LOUIS - 000135,St. Louis,000135,Culver Twp,303,263,1,21,0,0,17,2,235,211,1,15,0,0,8,2,89.79,0.43,6.38,0.00,0.00,3.40,0.85
ST. LOUIS - 000245,St. Louis,000245,Duluth P-19,2483,1580,210,371,48,1,238,105,2142,1479,162,276,39,1,161,57,69.05,7.56,12.89,1.82,0.05,7.52,2.66
ST. LOUIS - 000315,St. Louis,000315,Duluth P-32,3126,2745,65,78,15,5,209,69,2502,2264,35,60,9,1,124,44,90.49,1.40,2.40,0.36,0.04,4.96,1.76
ST. LOUIS - 000275,St. Louis,000275,Duluth P-25,2316,2109,21,30,35,0,115,26,1858,1717,19,16,30,0,70,13,92.41,1.02,0.86,1.61,0.00,3.77,0.70
ST. LOUIS - 000195,St. Louis,000195,Duluth P-11,4636,4059,100,29,170,2,250,104,4018,3575,83,26,141,2,169,82,88.97,2.07,0.65,3.51,0.05,4.21,2.04
ST. LOUIS - 000230,St. Louis,000230,Duluth P-17,2706,1956,259,180,53,3,231,95,2352,1830,179,139,52,3,131,58,77.81,7.61,5.91,2.21,0.13,5.57,2.47
ST. LOUIS - 000210,St. Louis,000210,Duluth P-14,3246,2518,213,127,81,0,271,95,2830,2289,159,93,75,0,182,64,80.88,5.62,3.29,2.65,0.00,6.43,2.26
ST. LOUIS - 000170,St. Louis,000170,Duluth P-7,2476,2140,44,18,103,2,130,66,2101,1836,35,13,95,2,88,46,87.39,1.67,0.62,4.52,0.10,4.19,2.19
ST. LOUIS - 000190,St. Louis,000190,Duluth P-10,2529,1681,604,34,32,4,71,202,2480,1653,602,32,29,4,59,196,66.65,24.27,1.29,1.17,0.16,2.38,7.90
ST. LOUIS - 000160,St. Louis,000160,Duluth P-5,2198,1994,2,15,50,0,124,29,1669,1536,1,10,40,0,69,17,92.03,0.06,0.60,2.40,0.00,4.13,1.02
ST. LOUIS - 000325,St. Louis,000325,Duluth P-34,2959,2646,18,96,12,2,173,50,2380,2185,12,70,9,1,98,29,91.81,0.50,2.94,0.38,0.04,4.12,1.22
ST. LOUIS - 000140,St. Louis,000140,Duluth P-1,2236,2054,23,20,35,1,95,45,1807,1676,13,15,34,1,61,38,92.75,0.72,0.83,1.88,0.06,3.38,2.10
ST. LOUIS - 000285,St. Louis,000285,Duluth P-27,2296,1838,99,81,20,3,232,62,1789,1504,65,59,15,2,130,37,84.07,3.63,3.30,0.84,0.11,7.27,2.07
ST. LOUIS - 000145,St. Louis,000145,Duluth P-2,2062,1897,13,17,10,1,109,16,1614,1497,8,17,8,1,74,11,92.75,0.50,1.05,0.50,0.06,4.58,0.68
ST. LOUIS - 000260,St. Louis,000260,Duluth P-22,2689,2368,36,43,28,1,191,68,2230,2027,29,29,27,1,105,40,90.90,1.30,1.30,1.21,0.04,4.71,1.79
ST. LOUIS - 000255,St. Louis,000255,Duluth P-21,2052,1602,119,72,36,1,196,62,1714,1393,88,61,29,1,124,35,81.27,5.13,3.56,1.69,0.06,7.23,2.04
ST. LOUIS - 000175,St. Louis,000175,Duluth P-8,2734,2462,18,10,86,0,146,49,2044,1877,16,3,57,0,82,30,91.83,0.78,0.15,2.79,0.00,4.01,1.47
ST. LOUIS - 000205,St. Louis,000205,Duluth P-13,2912,2453,96,80,76,3,174,107,2586,2235,73,60,64,0,124,93,86.43,2.82,2.32,2.47,0.00,4.80,3.60
ST. LOUIS - 000270,St. Louis,000270,Duluth P-24,2529,2251,20,35,27,1,180,49,2083,1900,14,27,24,1,104,30,91.21,0.67,1.30,1.15,0.05,4.99,1.44
ST. LOUIS - 000280,St. Louis,000280,Duluth P-26,2794,2087,193,168,28,2,287,82,2105,1676,119,120,25,2,141,57,79.62,5.65,5.70,1.19,0.10,6.70,2.71
ST. LOUIS - 000180,St. Louis,000180,Duluth P-9,1739,1519,44,22,25,0,115,43,1392,1231,35,14,19,0,84,31,88.43,2.51,1.01,1.36,0.00,6.03,2.23
ST. LOUIS - 000295,St. Louis,000295,Duluth P-29,2490,2215,41,40,18,0,169,30,2023,1845,31,27,16,0,98,25,91.20,1.53,1.33,0.79,0.00,4.84,1.24
ST. LOUIS - 000290,St. Louis,000290,Duluth P-28,1616,1321,85,62,15,0,126,30,1292,1116,55,41,10,0,66,16,86.38,4.26,3.17,0.77,0.00,5.11,1.24
ST. LOUIS - 000250,St. Louis,000250,Duluth P-20,1579,1245,84,70,22,2,136,46,1328,1091,64,50,15,0,89,24,82.15,4.82,3.77,1.13,0.00,6.70,1.81
ST. LOUIS - 000155,St. Louis,000155,Duluth P-4,2492,2342,8,10,16,1,105,39,1836,1734,6,10,16,1,60,24,94.44,0.33,0.54,0.87,0.05,3.27,1.31
ST. LOUIS - 000300,St. Louis,000300,Duluth P-30,2789,2390,77,92,17,1,206,86,2184,1941,39,59,11,1,129,56,88.87,1.79,2.70,0.50,0.05,5.91,2.56
ST. LOUIS - 000150,St. Louis,000150,Duluth P-3,2598,2404,13,16,36,1,113,43,2032,1900,10,13,30,1,71,27,93.50,0.49,0.64,1.48,0.05,3.49,1.33
ST. LOUIS - 000437,St. Louis,000437,Eagles Nest Twp,226,214,0,2,0,2,7,3,214,205,0,2,0,0,6,3,95.79,0.00,0.93,0.00,0.00,2.80,1.40
ST. LOUIS - 000440,St. Louis,000440,Ellsburg Twp,188,187,0,0,0,0,1,0,164,163,0,0,0,0,1,0,99.39,0.00,0.00,0.00,0.00,0.61,0.00
ST. LOUIS - 000445,St. Louis,000445,Elmer Twp,132,127,0,2,0,0,3,1,105,102,0,2,0,0,1,0,97.14,0.00,1.90,0.00,0.00,0.95,0.00
ST. LOUIS - 000450,St. Louis,000450,Ely,3268,2928,131,30,18,1,135,65,2764,2490,124,22,18,1,87,40,90.09,4.49,0.80,0.65,0.04,3.15,1.45
ST. LOUIS - 000470,St. Louis,000470,Embarrass Twp,601,553,2,4,3,0,38,3,499,463,2,4,3,0,27,3,92.79,0.40,0.80,0.60,0.00,5.41,0.60
ST. LOUIS - 000475,St. Louis,000475,Eveleth P-1,2954,2671,42,44,6,0,173,47,2372,2206,25,36,3,0,89,25,93.00,1.05,1.52,0.13,0.00,3.75,1.05
ST. LOUIS - 000480,St. Louis,000480,Eveleth P-2,539,503,3,14,3,0,14,6,405,391,1,8,0,0,4,6,96.54,0.25,1.98,0.00,0.00,0.99,1.48
ST. LOUIS - 000510,St. Louis,000510,Fayal Twp,1809,1725,4,10,10,0,55,17,1505,1444,4,9,10,0,36,12,95.95,0.27,0.60,0.66,0.00,2.39,0.80
ST. LOUIS - 000520,St. Louis,000520,Fine Lakes Twp,114,104,0,0,2,0,6,1,102,93,0,0,2,0,6,0,91.18,0.00,0.00,1.96,0.00,5.88,0.00
ST. LOUIS - 000530,St. Louis,000530,Floodwood Twp P-2,247,237,0,1,0,0,8,2,210,201,0,1,0,0,7,2,95.71,0.00,0.48,0.00,0.00,3.33,0.95
ST. LOUIS - 000545,St. Louis,000545,French Twp,552,538,0,0,1,0,11,6,496,489,0,0,1,0,4,4,98.59,0.00,0.00,0.20,0.00,0.81,0.81
ST. LOUIS - 000550,St. Louis,000550,Gilbert,1687,1591,2,17,7,0,62,28,1326,1260,1,13,5,0,39,15,95.02,0.08,0.98,0.38,0.00,2.94,1.13
ST. LOUIS - 000570,St. Louis,000570,Grand Lake Twp,2720,2540,13,51,5,1,104,22,2205,2065,10,46,5,1,73,22,93.65,0.45,2.09,0.23,0.05,3.31,1.00
ST. LOUIS - 000585,St. Louis,000585,Greenwood Twp,1041,659,1,320,2,0,58,15,864,617,0,214,1,0,31,4,71.41,0.00,24.77,0.12,0.00,3.59,0.46
ST. LOUIS - 000881,St. Louis,000881,Unorg Prct 18,97,94,0,2,0,0,0,0,77,76,0,1,0,0,0,0,98.70,0.00,1.30,0.00,0.00,0.00,0.00
ST. LOUIS - 000605,St. Louis,000605,Hermantown P-3,3378,3097,24,27,46,0,170,37,2561,2371,18,21,34,0,104,25,92.58,0.70,0.82,1.33,0.00,4.06,0.98
ST. LOUIS - 000635,St. Louis,000635,Hibbing W-3 P-B,1368,1278,7,2,5,0,64,12,1061,1010,2,1,3,0,39,6,95.19,0.19,0.09,0.28,0.00,3.68,0.57
ST. LOUIS - 000640,St. Louis,000640,Hibbing W-4 P-A,2911,2660,39,29,8,2,162,43,2245,2090,26,27,6,1,90,29,93.10,1.16,1.20,0.27,0.04,4.01,1.29
ST. LOUIS - 000735,St. Louis,000735,Hoyt Lakes,2020,1898,0,10,2,0,103,30,1570,1509,0,8,2,0,44,9,96.11,0.00,0.51,0.13,0.00,2.80,0.57
ST. LOUIS - 000945,St. Louis,000945,Unorg Prct 4,294,279,0,1,0,0,14,5,234,224,0,1,0,0,9,4,95.73,0.00,0.43,0.00,0.00,3.85,1.71
ST. LOUIS - 000760,St. Louis,000760,Kelsey Twp,152,141,0,2,1,0,8,4,125,116,0,2,1,0,6,4,92.80,0.00,1.60,0.80,0.00,4.80,3.20
ST. LOUIS - 000765,St. Louis,000765,Kugler Twp,145,136,0,4,0,0,3,2,125,119,0,3,0,0,3,0,95.20,0.00,2.40,0.00,0.00,2.40,0.00
ST. LOUIS - 000775,St. Louis,000775,Lavell Twp,285,267,1,0,1,0,14,1,234,220,0,0,1,0,11,0,94.02,0.00,0.00,0.43,0.00,4.70,0.00
ST. LOUIS - 000785,St. Louis,000785,Leonidas,50,46,2,0,0,0,1,0,35,33,0,0,0,0,1,0,94.29,0.00,0.00,0.00,0.00,2.86,0.00
ST. LOUIS - 000965,St. Louis,000965,Unorg Prct 7,208,199,0,3,0,0,6,0,189,182,0,2,0,0,5,0,96.30,0.00,1.06,0.00,0.00,2.65,0.00
ST. LOUIS - 000797,St. Louis,000797,McKinley,103,92,2,0,0,0,8,1,81,73,2,0,0,0,6,0,90.12,2.47,0.00,0.00,0.00,7.41,0.00
ST. LOUIS - 000950,St. Louis,000950,Unorg Prct 5,319,301,0,4,3,0,11,3,259,248,0,4,3,0,4,0,95.75,0.00,1.54,1.16,0.00,1.54,0.00
ST. LOUIS - 000799,St. Louis,000799,Meadowlands,134,125,2,1,0,0,6,1,109,103,1,1,0,0,4,1,94.50,0.92,0.92,0.00,0.00,3.67,0.92
ST. LOUIS - 000805,St. Louis,000805,Midway Twp,1431,1324,6,17,6,0,74,11,1148,1060,5,17,6,0,56,8,92.33,0.44,1.48,0.52,0.00,4.88,0.70
ST. LOUIS - 000815,St. Louis,000815,Morse Twp,1188,1150,1,1,0,0,25,10,1019,986,1,0,0,0,21,6,96.76,0.10,0.00,0.00,0.00,2.06,0.59
ST. LOUIS - 000825,St. Louis,000825,Mountain Iron P-2,1438,1316,14,34,9,0,63,8,1159,1086,9,21,9,0,32,2,93.70,0.78,1.81,0.78,0.00,2.76,0.17
ST. LOUIS - 001001,St. Louis,001001,Unorg Prct 19,264,16,0,239,0,0,9,5,177,9,0,162,0,0,6,3,5.08,0.00,91.53,0.00,0.00,3.39,1.69
ST. LOUIS - 000850,St. Louis,000850,Normanna Twp,769,725,0,8,5,1,26,7,594,565,0,8,3,1,16,3,95.12,0.00,1.35,0.51,0.17,2.69,0.51
ST. LOUIS - 001000,St. Louis,001000,Unorg Prct 13,210,197,0,1,2,0,10,0,182,171,0,1,1,0,9,0,93.96,0.00,0.55,0.55,0.00,4.95,0.00
ST. LOUIS - 000066,St. Louis,000066,Unorg Prct 22,6,6,0,0,0,0,0,0,5,5,0,0,0,0,0,0,100.00,0.00,0.00,0.00,0.00,0.00,0.00
ST. LOUIS - 000852,St. Louis,000852,North Star Twp,206,192,1,0,4,0,6,2,181,170,1,0,2,0,5,0,93.92,0.55,0.00,1.10,0.00,2.76,0.00
ST. LOUIS - 000860,St. Louis,000860,Orr,211,182,0,18,2,0,9,4,188,166,0,15,2,0,5,2,88.30,0.00,7.98,1.06,0.00,2.66,1.06
ST. LOUIS - 000865,St. Louis,000865,Owens Twp,253,232,3,1,1,1,10,2,209,202,0,1,1,1,4,1,96.65,0.00,0.48,0.48,0.48,1.91,0.48
ST. LOUIS - 000045,St. Louis,000045,Bassett Twp,32,29,0,2,0,0,1,0,27,25,0,2,0,0,0,0,92.59,0.00,7.41,0.00,0.00,0.00,0.00
ST. LOUIS - 000975,St. Louis,000975,Unorg Prct 9,474,455,0,2,1,0,16,3,416,397,0,2,1,0,16,3,95.43,0.00,0.48,0.24,0.00,3.85,0.72
ST. LOUIS - 000055,St. Louis,000055,Biwabik,961,887,0,13,1,0,55,9,778,728,0,12,1,0,32,6,93.57,0.00,1.54,0.13,0.00,4.11,0.77
ST. LOUIS - 000065,St. Louis,000065,Breitung Twp,530,496,0,10,4,0,19,6,459,438,0,7,4,0,10,2,95.42,0.00,1.53,0.87,0.00,2.18,0.44
ST. LOUIS - 000075,St. Louis,000075,Brookston,118,78,2,28,0,0,10,3,106,76,1,20,0,0,9,3,71.70,0.94,18.87,0.00,0.00,8.49,2.83
ST. LOUIS - 001011,St. Louis,001011,Camp 5 Twp,22,17,0,0,0,0,4,1,18,16,0,0,0,0,2,1,88.89,0.00,0.00,0.00,0.00,11.11,5.56
ST. LOUIS - 000090,St. Louis,000090,Cedar Valley Twp,187,171,1,0,3,0,11,3,151,142,0,0,3,0,5,2,94.04,0.00,0.00,1.99,0.00,3.31,1.32
ST. LOUIS - 000115,St. Louis,000115,Clinton Twp,977,918,3,3,3,0,50,9,749,718,3,3,3,0,22,1,95.86,0.40,0.40,0.40,0.00,2.94,0.13
ST. LOUIS - 000125,St. Louis,000125,Cook,534,481,0,14,0,0,36,2,443,413,0,8,0,0,21,2,93.23,0.00,1.81,0.00,0.00,4.74,0.45
ST. LOUIS - 000133,St. Louis,000133,Crane Lake Twp,98,91,1,1,0,0,5,2,90,85,0,1,0,0,4,1,94.44,0.00,1.11,0.00,0.00,4.44,1.11
ST. LOUIS - 000305,St. Louis,000305,Duluth P-31,1808,1675,4,36,14,0,73,16,1490,1400,4,20,14,0,52,8,93.96,0.27,1.34,0.94,0.00,3.49,0.54
ST. LOUIS - 000265,St. Louis,000265,Duluth P-23,2403,2155,53,46,42,0,97,38,2011,1826,41,31,39,0,65,27,90.80,2.04,1.54,1.94,0.00,3.23,1.34
ST. LOUIS - 000320,St. Louis,000320,Duluth P-33,2044,1694,52,80,19,0,188,37,1582,1358,37,67,12,0,97,26,85.84,2.34,4.24,0.76,0.00,6.13,1.64
ST. LOUIS - 000220,St. Louis,000220,Duluth P-16,4191,3448,282,99,78,1,264,89,3554,3069,159,61,77,0,176,60,86.35,4.47,1.72,2.17,0.00,4.95,1.69
ST. LOUIS - 000215,St. Louis,000215,Duluth P-15,2732,2302,102,55,43,0,210,49,2258,1955,73,40,40,0,139,37,86.58,3.23,1.77,1.77,0.00,6.16,1.64
ST. LOUIS - 000200,St. Louis,000200,Duluth P-12,2172,1893,42,34,43,1,137,47,1842,1636,31,25,41,1,94,38,88.82,1.68,1.36,2.23,0.05,5.10,2.06
ST. LOUIS - 000165,St. Louis,000165,Duluth P-6,3899,3589,22,37,36,1,190,67,2972,2773,13,24,31,0,120,34,93.30,0.44,0.81,1.04,0.00,4.04,1.14
ST. LOUIS - 000505,St. Louis,000505,Fairbanks Twp,70,69,0,0,0,0,1,0,69,68,0,0,0,0,1,0,98.55,0.00,0.00,0.00,0.00,1.45,0.00
ST. LOUIS - 000515,St. Louis,000515,Field Twp,351,317,2,14,2,0,15,10,295,271,2,9,2,0,10,5,91.86,0.68,3.05,0.68,0.00,3.39,1.69
ST. LOUIS - 000525,St. Louis,000525,Floodwood P-1,517,479,7,3,0,0,28,9,398,374,4,1,0,0,19,5,93.97,1.01,0.25,0.00,0.00,4.77,1.26
ST. LOUIS - 000540,St. Louis,000540,Fredenberg Twp,1431,1348,4,6,1,0,63,12,1149,1099,4,6,0,0,35,9,95.65,0.35,0.52,0.00,0.00,3.05,0.78
ST. LOUIS - 000990,St. Louis,000990,Unorg Prct 12,23,18,0,2,0,1,2,2,19,15,0,2,0,0,2,1,78.95,0.00,10.53,0.00,0.00,10.53,5.26
ST. LOUIS - 000565,St. Louis,000565,Gnesen Twp,1931,1807,5,13,12,1,78,27,1572,1476,4,12,9,1,56,16,93.89,0.25,0.76,0.57,0.06,3.56,1.02
ST. LOUIS - 000575,St. Louis,000575,Great Scott Twp P-1,426,393,2,0,2,0,21,11,347,320,2,0,1,0,17,6,92.22,0.58,0.00,0.29,0.00,4.90,1.73
ST. LOUIS - 000590,St. Louis,000590,Halden Twp,110,109,0,0,0,0,0,1,88,88,0,0,0,0,0,0,100.00,0.00,0.00,0.00,0.00,0.00,0.00
ST. LOUIS - 000600,St. Louis,000600,Hermantown P-2,2578,2370,13,20,27,1,127,45,1906,1776,9,18,16,1,72,28,93.18,0.47,0.94,0.84,0.05,3.78,1.47
ST. LOUIS - 000595,St. Louis,000595,Hermantown P-1,4265,3752,154,47,83,1,197,108,3446,3062,131,36,67,1,124,85,88.86,3.80,1.04,1.94,0.03,3.60,2.47
ST. LOUIS - 000615,St. Louis,000615,Hibbing W-1 P-A,4042,3642,66,36,24,4,242,89,3213,2923,61,25,24,4,153,53,90.97,1.90,0.78,0.75,0.12,4.76,1.65
ST. LOUIS - 000620,St. Louis,000620,Hibbing W-2 P-A,3393,3060,57,50,14,4,197,71,2664,2457,38,37,14,4,106,36,92.23,1.43,1.39,0.53,0.15,3.98,1.35
ST. LOUIS - 000625,St. Louis,000625,Hibbing W-2 P-B,628,579,4,2,3,0,39,3,525,485,4,2,1,0,32,2,92.38,0.76,0.38,0.19,0.00,6.10,0.38
ST. LOUIS - 000645,St. Louis,000645,Hibbing W-4 P-B,1179,1107,7,7,10,0,47,12,939,890,7,7,5,0,29,10,94.78,0.75,0.75,0.53,0.00,3.09,1.06
ST. LOUIS - 000750,St. Louis,000750,Industrial Twp,812,753,6,18,1,2,22,15,621,586,5,9,1,1,13,8,94.36,0.81,1.45,0.16,0.16,2.09,1.29
ST. LOUIS - 001160,St. Louis,001160,Kabetogama Twp,140,133,1,1,0,0,4,1,123,121,1,1,0,0,0,1,98.37,0.81,0.81,0.00,0.00,0.00,0.81
ST. LOUIS - 000580,St. Louis,000580,Kinney/Great Scott Twp P-2,152,135,1,5,0,0,11,4,115,103,1,5,0,0,6,2,89.57,0.87,4.35,0.00,0.00,5.22,1.74
ST. LOUIS - 000770,St. Louis,000770,Lakewood Twp,2276,2166,9,7,10,0,81,14,1721,1634,6,5,9,0,64,10,94.94,0.35,0.29,0.52,0.00,3.72,0.58
ST. LOUIS - 000780,St. Louis,000780,Leiding Twp,399,309,0,75,0,0,14,7,334,263,0,61,0,0,10,4,78.74,0.00,18.26,0.00,0.00,2.99,1.20
ST. LOUIS - 000790,St. Louis,000790,Linden Grove Twp,113,90,0,1,1,0,20,1,103,86,0,1,1,0,14,0,83.50,0.00,0.97,0.97,0.00,13.59,0.00
ST. LOUIS - 000795,St. Louis,000795,McDavitt Twp,434,413,1,1,1,0,15,3,353,343,0,1,1,0,5,1,97.17,0.00,0.28,0.28,0.00,1.42,0.28
ST. LOUIS - 000960,St. Louis,000960,Unorg Prct 14,739,710,1,1,1,0,22,2,615,598,1,1,1,0,10,2,97.24,0.16,0.16,0.16,0.00,1.63,0.33
ST. LOUIS - 001155,St. Louis,001155,Unorg Prct 17,284,270,0,1,1,0,12,1,239,227,0,1,1,0,10,1,94.98,0.00,0.42,0.42,0.00,4.18,0.42
ST. LOUIS - 000880,St. Louis,000880,Pike Twp,386,376,0,6,0,0,4,2,320,313,0,4,0,0,3,0,97.81,0.00,1.25,0.00,0.00,0.94,0.00
ST. LOUIS - 000591,St. Louis,000591,Unorg Prct 1,65,51,2,1,0,0,11,1,51,42,1,0,0,0,8,1,82.35,1.96,0.00,0.00,0.00,15.69,1.96
ST. LOUIS - 000925,St. Louis,000925,Stoney Brook Twp,323,196,0,102,0,0,25,6,250,171,0,67,0,0,12,5,68.40,0.00,26.80,0.00,0.00,4.80,2.00
ST. LOUIS - 000935,St. Louis,000935,Toivola Twp,179,175,0,1,0,0,2,2,147,143,0,1,0,0,2,2,97.28,0.00,0.68,0.00,0.00,1.36,1.36
ST. LOUIS - 000942,St. Louis,000942,Tower P-2,0,0,0,0,0,0,0,0,0,0,0,0,0,0,0,0,0.00,0.00,0.00,0.00,0.00,0.00,0.00
ST. LOUIS - 001035,St. Louis,001035,Vermilion Lake Twp,265,255,0,4,2,0,4,0,238,230,0,3,2,0,3,0,96.64,0.00,1.26,0.84,0.00,1.26,0.00
ST. LOUIS - 001040,St. Louis,001040,Virginia P-1,1818,1653,5,41,15,1,99,30,1483,1376,5,32,12,0,55,20,92.78,0.34,2.16,0.81,0.00,3.71,1.35
ST. LOUIS - 001050,St. Louis,001050,Virginia P-3,1475,1218,40,95,6,0,110,30,1246,1077,36,74,5,0,50,14,86.44,2.89,5.94,0.40,0.00,4.01,1.12
ST. LOUIS - 001125,St. Louis,001125,Waasa Twp,225,217,1,1,0,0,6,1,199,192,1,1,0,0,5,1,96.48,0.50,0.50,0.00,0.00,2.51,0.50
ST. LOUIS - 001136,St. Louis,001136,White Twp P-3,639,597,3,2,1,0,32,4,536,511,2,2,1,0,19,3,95.34,0.37,0.37,0.19,0.00,3.54,0.56
ST. LOUIS - 000031,St. Louis,000031,Unorg Prct 3,92,90,0,0,0,0,2,1,87,86,0,0,0,0,1,0,98.85,0.00,0.00,0.00,0.00,1.15,0.00
ST. LOUIS - 001005,St. Louis,001005,Unorg Prct 23,58,54,0,0,0,0,4,2,46,43,0,0,0,0,3,1,93.48,0.00,0.00,0.00,0.00,6.52,2.17
ST. LOUIS - 001145,St. Louis,001145,Winton,169,157,1,0,0,0,11,0,145,138,1,0,0,0,6,0,95.17,0.69,0.00,0.00,0.00,4.14,0.00
ST. LOUIS - 001150,St. Louis,001150,Wuori Twp,564,541,0,7,0,0,15,3,459,443,0,7,0,0,9,2,96.51,0.00,1.53,0.00,0.00,1.96,0.44
ST. LOUIS - 000895,St. Louis,000895,Proctor,3120,2867,15,33,29,0,158,49,2430,2268,8,26,22,0,97,20,93.33,0.33,1.07,0.91,0.00,3.99,0.82
ST. LOUIS - 000973,St. Louis,000973,Unorg Prct 8,59,57,0,0,0,0,2,3,48,46,0,0,0,0,2,1,95.83,0.00,0.00,0.00,0.00,4.17,2.08
ST. LOUIS - 000970,St. Louis,000970,Unorg Prct 15,940,912,1,3,1,0,20,5,737,721,0,1,1,0,11,3,97.83,0.00,0.14,0.14,0.00,1.49,0.41
ST. LOUIS - 000240,St. Louis,000240,Duluth P-18,1166,1040,27,8,21,0,65,17,1090,986,16,8,21,0,54,13,90.46,1.47,0.73,1.93,0.00,4.95,1.19
ST. LOUIS - 000025,St. Louis,000025,Arrowhead Twp,298,230,27,27,0,0,13,5,255,200,23,23,0,0,9,2,78.43,9.02,9.02,0.00,0.00,3.53,0.78
ST. LOUIS - 000035,St. Louis,000035,Babbitt,1397,1317,8,11,4,0,50,11,1179,1122,6,11,4,0,31,6,95.17,0.51,0.93,0.34,0.00,2.63,0.51
ST. LOUIS - 000800,St. Louis,000800,Meadowlands Twp,306,290,3,0,0,0,13,4,247,240,1,0,0,0,6,2,97.17,0.40,0.00,0.00,0.00,2.43,0.81
ST. LOUIS - 000810,St. Louis,000810,Morcom Twp,75,71,1,0,0,0,1,0,61,58,0,0,0,0,1,0,95.08,0.00,0.00,0.00,0.00,1.64,0.00
ST. LOUIS - 000820,St. Louis,000820,Mountain Iron P-1,1445,1358,3,6,5,0,71,9,1117,1069,2,6,5,0,33,4,95.70,0.18,0.54,0.45,0.00,2.95,0.36
ST. LOUIS - 000840,St. Louis,000840,Ness Twp,68,68,0,0,0,0,0,0,53,53,0,0,0,0,0,0,100.00,0.00,0.00,0.00,0.00,0.00,0.00
ST. LOUIS - 000845,St. Louis,000845,New Independence Twp,347,318,0,4,0,0,23,9,264,248,0,3,0,0,13,5,93.94,0.00,1.14,0.00,0.00,4.92,1.89
ST. LOUIS - 000821,St. Louis,000821,Unorg Prct 24,80,75,0,2,0,0,3,1,67,64,0,1,0,0,2,0,95.52,0.00,1.49,0.00,0.00,2.99,0.00
ST. LOUIS - 000979,St. Louis,000979,Unorg Prct 10,9,8,0,1,0,0,0,0,6,5,0,1,0,0,0,0,83.33,0.00,16.67,0.00,0.00,0.00,0.00
ST. LOUIS - 000855,St. Louis,000855,Northland Twp,155,148,0,3,1,0,3,2,133,126,0,3,1,0,3,0,94.74,0.00,2.26,0.75,0.00,2.26,0.00
ST. LOUIS - 001002,St. Louis,001002,Unorg Prct 21,182,175,1,2,0,0,4,1,155,152,1,0,0,0,2,0,98.06,0.65,0.00,0.00,0.00,1.29,0.00
ST. LOUIS - 000999,St. Louis,000999,Unorg Prct 11,89,88,0,1,0,0,0,1,80,79,0,1,0,0,0,0,98.75,0.00,1.25,0.00,0.00,0.00,0.00
ST. LOUIS - 000875,St. Louis,000875,Pequaywan Twp,139,130,0,0,2,0,6,3,136,128,0,0,2,0,5,2,94.12,0.00,0.00,1.47,0.00,3.68,1.47
ST. LOUIS - 000885,St. Louis,000885,Portage Twp,164,149,0,7,0,0,8,2,143,132,0,5,0,0,6,0,92.31,0.00,3.50,0.00,0.00,4.20,0.00
ST. LOUIS - 000915,St. Louis,000915,Sandy Twp,338,316,0,6,0,0,15,4,277,259,0,5,0,0,12,3,93.50,0.00,1.81,0.00,0.00,4.33,1.08
ST. LOUIS - 000930,St. Louis,000930,Sturgeon Twp,144,137,2,0,2,0,2,0,117,113,0,0,2,0,1,0,96.58,0.00,0.00,1.71,0.00,0.85,0.00
ST. LOUIS - 000940,St. Louis,000940,Tower P-1,430,379,0,28,0,0,19,9,356,323,0,20,0,0,13,1,90.73,0.00,5.62,0.00,0.00,3.65,0.28
ST. LOUIS - 001030,St. Louis,001030,Van Buren Twp,164,154,0,0,2,0,8,4,140,132,0,0,2,0,6,2,94.29,0.00,0.00,1.43,0.00,4.29,1.43
ST. LOUIS - 001060,St. Louis,001060,Virginia P-5,1860,1686,19,40,8,0,98,28,1418,1314,13,24,8,0,51,12,92.67,0.92,1.69,0.56,0.00,3.60,0.85
ST. LOUIS - 001045,St. Louis,001045,Virginia P-2,1865,1571,110,74,9,3,89,47,1460,1260,92,49,8,2,41,34,86.30,6.30,3.36,0.55,0.14,2.81,2.33
ST. LOUIS - 001055,St. Louis,001055,Virginia P-4,1403,1232,24,31,5,0,98,29,1130,1012,20,26,5,0,55,19,89.56,1.77,2.30,0.44,0.00,4.87,1.68
ST. LOUIS - 001135,St. Louis,001135,White Twp P-2,751,713,2,0,3,0,30,4,592,565,1,0,3,0,20,4,95.44,0.17,0.00,0.51,0.00,3.38,0.68
ST. LOUIS - 001130,St. Louis,001130,Aurora/White Twp P-1,1678,1577,9,13,3,0,72,17,1375,1312,9,13,3,0,34,12,95.42,0.65,0.95,0.22,0.00,2.47,0.87
ST. LOUIS - 000857,St. Louis,000857,Unorg Prct 2,352,342,0,1,0,0,9,2,307,300,0,1,0,0,6,1,97.72,0.00,0.33,0.00,0.00,1.95,0.33
ST. LOUIS - 000962,St. Louis,000962,Unorg Prct 6,0,0,0,0,0,0,0,0,0,0,0,0,0,0,0,0,0.00,0.00,0.00,0.00,0.00,0.00,0.00
ST. LOUIS - 001140,St. Louis,001140,Willow Valley Twp,112,97,0,12,0,0,3,2,98,85,0,10,0,0,3,2,86.73,0.00,10.20,0.00,0.00,3.06,2.04
ST. LOUIS - 000890,St. Louis,000890,Prairie Lake Twp,45,44,0,0,0,0,1,1,44,43,0,0,0,0,1,1,97.73,0.00,0.00,0.00,0.00,2.27,2.27
ST. LOUIS - 000910,St. Louis,000910,Rice Lake,4112,3810,20,20,14,0,227,44,3302,3109,20,16,8,0,136,20,94.16,0.61,0.48,0.24,0.00,4.12,0.61
ST. LOUIS - 000971,St. Louis,000971,Unorg Prct 16,131,127,1,0,0,0,3,3,119,116,1,0,0,0,2,0,97.48,0.84,0.00,0.00,0.00,1.68,0.00
ST. LOUIS - 000920,St. Louis,000920,Solway Twp,2016,1884,2,22,0,0,90,18,1604,1530,0,13,0,0,53,10,95.39,0.00,0.81,0.00,0.00,3.30,0.62
ST. LOUIS - 000755,St. Louis,000755,Iron Junction,110,101,0,0,1,0,8,1,80,75,0,0,1,0,4,0,93.75,0.00,0.00,1.25,0.00,5.00,0.00
LAKE - ZZZZZZ,Lake,ZZZZZZ,Voting Districts Not Defined,0,0,0,0,0,0,0,0,0,0,0,0,0,0,0,0,0.00,0.00,0.00,0.00,0.00,0.00,0.00
LAKE - 000005,Lake,000005,Beaver Bay,120,106,0,3,0,0,11,0,87,77,0,3,0,0,7,0,88.51,0.00,3.45,0.00,0.00,8.05,0.00
LAKE - 000020,Lake,000020,Beaver Bay Twp P-4,217,214,0,0,0,0,3,1,189,186,0,0,0,0,3,0,98.41,0.00,0.00,0.00,0.00,1.59,0.00
LAKE - 000010,Lake,000010,Beaver Bay Twp P-1,300,275,1,1,6,0,14,8,258,239,1,1,5,0,9,7,92.64,0.39,0.39,1.94,0.00,3.49,2.71
LAKE - 000025,Lake,000025,Crystal Bay Twp,435,410,0,2,0,0,17,4,385,366,0,2,0,0,15,4,95.06,0.00,0.52,0.00,0.00,3.90,1.04
LAKE - 000090,Lake,000090,Two Harbors W-3,964,905,2,6,4,0,40,12,737,695,2,2,4,0,29,9,94.30,0.27,0.27,0.54,0.00,3.93,1.22
LAKE - 000070,Lake,000070,Two Harbors W-1,821,775,0,6,7,0,32,5,676,639,0,5,7,0,24,4,94.53,0.00,0.74,1.04,0.00,3.55,0.59
LAKE - 000110,Lake,000110,Unorg Terr No 1,142,140,0,0,0,0,1,0,126,124,0,0,0,0,1,0,98.41,0.00,0.00,0.00,0.00,0.79,0.00
LAKE - 000080,Lake,000080,Two Harbors W-2,855,772,2,7,6,0,66,12,630,577,2,7,6,0,37,7,91.59,0.32,1.11,0.95,0.00,5.87,1.11
LAKE - 000035,Lake,000035,Fall Lake Twp,630,594,0,7,0,0,21,5,563,533,0,3,0,0,19,5,94.67,0.00,0.53,0.00,0.00,3.37,0.89
LAKE - 000120,Lake,000120,Unorg Terr No 2 Prec 2,644,615,0,0,2,0,27,9,526,507,0,0,2,0,17,4,96.39,0.00,0.00,0.38,0.00,3.23,0.76
LAKE - 000135,Lake,000135,Unorg Terr No 2 Prec 5,139,138,0,0,0,0,0,1,127,126,0,0,0,0,0,0,99.21,0.00,0.00,0.00,0.00,0.00,0.00
LAKE - 000125,Lake,000125,Unorg Terr No 2 Prec 3,707,671,0,3,0,0,31,2,566,545,0,1,0,0,18,1,96.29,0.00,0.18,0.00,0.00,3.18,0.18
LAKE - 000115,Lake,000115,Unorg Terr No 2 Prec 1,302,293,0,1,2,0,6,1,247,243,0,0,2,0,2,0,98.38,0.00,0.00,0.81,0.00,0.81,0.00
LAKE - 000130,Lake,000130,Unorg Terr No 2 Prec 4,415,390,0,1,9,0,14,3,326,306,0,0,8,0,11,2,93.87,0.00,0.00,2.45,0.00,3.37,0.61
LAKE - 000105,Lake,000105,Two Harbors W-4,993,957,3,5,1,0,26,14,766,743,3,3,1,0,16,7,97.00,0.39,0.39,0.13,0.00,2.09,0.91
LAKE - 000040,Lake,000040,Silver Bay P-1,672,638,0,2,3,0,28,6,549,520,0,2,1,0,25,5,94.72,0.00,0.36,0.18,0.00,4.55,0.91
LAKE - 000050,Lake,000050,Silver Bay P-2,1185,1131,3,2,10,0,34,12,946,908,3,2,9,0,19,9,95.98,0.32,0.21,0.95,0.00,2.01,0.95
LAKE - 000060,Lake,000060,Silver Creek Twp,1192,1139,0,3,4,0,41,18,983,949,0,2,1,0,26,9,96.54,0.00,0.20,0.10,0.00,2.64,0.92
LAKE - 000065,Lake,000065,Stony River Twp,172,163,0,2,1,0,5,0,157,149,0,2,1,0,4,0,94.90,0.00,1.27,0.64,0.00,2.55,0.00
STEARNS - 000005,Stearns,000005,Albany,2780,2623,10,0,16,0,81,96,2010,1926,0,0,10,0,45,53,95.82,0.00,0.00,0.50,0.00,2.24,2.64
STEARNS - 000010,Stearns,000010,Albany Twp,983,948,5,0,1,0,24,14,720,704,5,0,0,0,10,3,97.78,0.69,0.00,0.00,0.00,1.39,0.42
STEARNS - 000015,Stearns,000015,Ashley Twp,258,240,0,1,0,0,15,14,182,168,0,1,0,0,12,12,92.31,0.00,0.55,0.00,0.00,6.59,6.59
STEARNS - 000020,Stearns,000020,Avon,1616,1559,3,1,2,0,43,33,1190,1150,3,1,2,0,26,17,96.64,0.25,0.08,0.17,0.00,2.18,1.43
STEARNS - 000418,Stearns,000418,Sartell P-3,2194,2005,38,11,22,0,113,38,1572,1465,25,9,19,0,51,19,93.19,1.59,0.57,1.21,0.00,3.24,1.21
STEARNS - 000414,Stearns,000414,Sartell P-7,3142,2909,21,2,46,0,146,74,1965,1843,8,1,37,0,66,42,93.79,0.41,0.05,1.88,0.00,3.36,2.14
STEARNS - 000416,Stearns,000416,Sartell P-1,4479,3768,141,31,182,0,250,183,3316,2896,79,13,128,0,132,108,87.33,2.38,0.39,3.86,0.00,3.98,3.26
STEARNS - 000419,Stearns,000419,Sartell P-4,3410,3000,86,8,119,1,167,74,2427,2171,59,8,91,0,81,44,89.45,2.43,0.33,3.75,0.00,3.34,1.81
STEARNS - 000415,Stearns,000415,Sartell P-5,1998,1768,41,12,51,0,104,62,1496,1371,31,6,28,0,48,35,91.64,2.07,0.40,1.87,0.00,3.21,2.34
STEARNS - 000417,Stearns,000417,Sartell P-6,1997,1856,21,2,25,0,69,37,1301,1226,8,2,15,0,32,26,94.24,0.61,0.15,1.15,0.00,2.46,2.00
STEARNS - 000025,Stearns,000025,Avon Twp P-1,1077,1050,0,3,0,0,24,9,845,831,0,2,0,0,12,3,98.34,0.00,0.24,0.00,0.00,1.42,0.36
STEARNS - 000027,Stearns,000027,Avon Twp P-2,991,959,0,3,2,0,25,7,763,743,0,2,2,0,15,1,97.38,0.00,0.26,0.26,0.00,1.97,0.13
STEARNS - 000030,Stearns,000030,Belgrade,738,709,1,0,1,0,17,26,589,571,1,0,0,0,11,13,96.94,0.17,0.00,0.00,0.00,1.87,2.21
STEARNS - 000035,Stearns,000035,Brockway Twp,2895,2789,12,2,18,1,61,24,2181,2115,12,2,14,1,30,14,96.97,0.55,0.09,0.64,0.05,1.38,0.64
STEARNS - 000145,Stearns,000145,Le Sauk Twp,1502,1400,7,5,26,1,61,33,1166,1108,5,3,21,1,27,18,95.03,0.43,0.26,1.80,0.09,2.32,1.54
STEARNS - 000040,Stearns,000040,Brooten,626,589,9,0,4,0,20,37,493,472,5,0,4,0,9,16,95.74,1.01,0.00,0.81,0.00,1.83,3.25
STEARNS - 000060,Stearns,000060,Crow Lake Twp,350,326,0,0,1,0,15,13,259,245,0,0,0,0,8,7,94.59,0.00,0.00,0.00,0.00,3.09,2.70
STEARNS - 000045,Stearns,000045,Cold Spring,4164,3780,15,14,11,0,170,297,3127,2917,3,7,6,0,92,161,93.28,0.10,0.22,0.19,0.00,2.94,5.15
STEARNS - 000200,Stearns,000200,North Fork Twp,273,265,0,0,1,0,4,9,189,183,0,0,1,0,3,6,96.83,0.00,0.00,0.53,0.00,1.59,3.17
STEARNS - 000042,Stearns,000042,Clearwater,4,3,0,0,0,0,1,0,3,2,0,0,0,0,1,0,66.67,0.00,0.00,0.00,0.00,33.33,0.00
STEARNS - 000050,Stearns,000050,Collegeville Twp P-1,1759,1712,2,0,9,0,29,10,1409,1378,1,0,8,0,16,4,97.80,0.07,0.00,0.57,0.00,1.14,0.28
STEARNS - 000055,Stearns,000055,Collegeville Twp P-2,1585,1261,83,5,91,0,92,110,1518,1218,81,4,86,0,78,101,80.24,5.34,0.26,5.67,0.00,5.14,6.65
STEARNS - 000065,Stearns,000065,Crow River Twp,320,309,0,0,0,0,11,5,234,226,0,0,0,0,8,4,96.58,0.00,0.00,0.00,0.00,3.42,1.71
STEARNS - 000070,Stearns,000070,Eden Lake Twp,1584,1527,3,2,2,0,41,25,1206,1175,0,1,2,0,27,10,97.43,0.00,0.08,0.17,0.00,2.24,0.83
STEARNS - 000075,Stearns,000075,Eden Valley,478,426,6,2,2,0,14,37,342,312,2,0,2,0,12,22,91.23,0.58,0.00,0.58,0.00,3.51,6.43
STEARNS - 000080,Stearns,000080,Elrosa,213,208,0,0,0,0,5,6,156,153,0,0,0,0,3,3,98.08,0.00,0.00,0.00,0.00,1.92,1.92
STEARNS - 000085,Stearns,000085,Fair Haven Twp,1517,1464,6,2,3,0,35,10,1182,1140,4,2,1,0,28,8,96.45,0.34,0.17,0.08,0.00,2.37,0.68
STEARNS - 000405,Stearns,000405,Saint Stephen,797,779,0,0,3,1,10,7,618,607,0,0,0,1,7,6,98.22,0.00,0.00,0.00,0.16,1.13,0.97
STEARNS - 000410,Stearns,000410,Saint Wendel Twp,2115,2058,5,0,5,0,45,24,1694,1661,3,0,3,0,27,12,98.05,0.18,0.00,0.18,0.00,1.59,0.71
STEARNS - 000445,Stearns,000445,Wakefield Twp,2746,2642,4,5,3,0,70,38,2142,2082,0,3,2,0,41,18,97.20,0.00,0.14,0.09,0.00,1.91,0.84
STEARNS - 000090,Stearns,000090,Farming Twp,982,962,0,0,2,0,16,14,718,708,0,0,1,0,7,6,98.61,0.00,0.00,0.14,0.00,0.97,0.84
STEARNS - 000095,Stearns,000095,Freeport,675,626,1,0,0,0,18,51,514,480,0,0,0,0,10,35,93.39,0.00,0.00,0.00,0.00,1.95,6.81
ANOKA - 003105,Anoka,003105,Spring Lake Park P-1A,1795,1258,194,28,139,2,105,127,1392,1055,115,22,87,2,70,78,75.79,8.26,1.58,6.25,0.14,5.03,5.60
ANOKA - 001405,Anoka,001405,Coon Rapids W-5 P-1,2828,2214,182,28,130,0,215,137,2203,1841,109,22,78,0,109,74,83.57,4.95,1.00,3.54,0.00,4.95,3.36
ANOKA - 001310,Anoka,001310,Coon Rapids W-4 P-2,3255,2389,404,22,187,5,218,89,2507,1995,234,15,119,5,122,48,79.58,9.33,0.60,4.75,0.20,4.87,1.91
ANOKA - 001115,Anoka,001115,Coon Rapids W-2 P-3,3106,2310,295,8,232,4,213,126,2351,1843,183,8,164,4,115,81,78.39,7.78,0.34,6.98,0.17,4.89,3.45
ANOKA - 001120,Anoka,001120,Coon Rapids W-2 P-4,2154,1725,134,9,68,0,170,95,1671,1409,87,8,47,0,82,62,84.32,5.21,0.48,2.81,0.00,4.91,3.71
ANOKA - 001515,Anoka,001515,East Bethel P-3,3588,3227,27,18,112,0,169,82,2793,2579,13,17,74,0,92,42,92.34,0.47,0.61,2.65,0.00,3.29,1.50
ANOKA - 001615,Anoka,001615,Fridley W-1 P-3,3266,1667,929,19,243,2,248,305,2444,1426,578,11,180,2,144,183,58.35,23.65,0.45,7.36,0.08,5.89,7.49
ANOKA - 001705,Anoka,001705,Fridley W-2 P-1,2884,1276,368,73,233,2,411,898,2037,1044,221,38,148,2,253,538,51.25,10.85,1.87,7.27,0.10,12.42,26.41
ANOKA - 001815,Anoka,001815,Fridley W-3 P-3,2126,996,667,23,172,2,172,170,1649,866,460,19,143,2,89,111,52.52,27.90,1.15,8.67,0.12,5.40,6.73
ANOKA - 001605,Anoka,001605,Fridley W-1 P-1,2336,1495,298,16,149,1,197,295,1758,1251,175,9,98,1,115,186,71.16,9.95,0.51,5.57,0.06,6.54,10.58
ANOKA - 001710,Anoka,001710,Fridley W-2 P-2,2218,1188,658,24,105,0,165,153,1614,996,380,13,77,0,96,90,61.71,23.54,0.81,4.77,0.00,5.95,5.58
ANOKA - 001715,Anoka,001715,Fridley W-2 P-3,2569,1807,257,23,221,0,162,173,2032,1529,154,16,171,0,100,95,75.25,7.58,0.79,8.42,0.00,4.92,4.68
ANOKA - 001910,Anoka,001910,Ham Lake P-2,2929,2591,18,10,130,1,148,74,2389,2154,10,8,90,0,104,55,90.16,0.42,0.33,3.77,0.00,4.35,2.30
ANOKA - 001920,Anoka,001920,Ham Lake P-4A,3071,2698,21,13,134,0,160,93,2274,2050,20,13,85,0,70,66,90.15,0.88,0.57,3.74,0.00,3.08,2.90
ANOKA - 001925,Anoka,001925,Ham Lake P-5,2135,1956,14,3,45,0,100,28,1583,1473,9,3,36,0,48,18,93.05,0.57,0.19,2.27,0.00,3.03,1.14
ANOKA - 002005,Anoka,002005,Hilltop P-1,958,331,148,28,48,0,145,424,687,271,110,17,35,0,96,259,39.45,16.01,2.47,5.09,0.00,13.97,37.70
ANOKA - 002105,Anoka,002105,Lexington P-1,2248,1726,188,19,88,1,175,138,1712,1397,103,19,64,1,89,91,81.60,6.02,1.11,3.74,0.06,5.20,5.32
ANOKA - 002220,Anoka,002220,Lino Lakes P-4,3877,3246,224,11,144,0,229,102,2889,2520,119,7,106,0,122,62,87.23,4.12,0.24,3.67,0.00,4.22,2.15
ANOKA - 002210,Anoka,002210,Lino Lakes P-2,4619,3616,491,128,142,0,191,157,3707,2889,436,117,98,0,127,126,77.93,11.76,3.16,2.64,0.00,3.43,3.40
ANOKA - 002225,Anoka,002225,Lino Lakes P-5,1791,1631,20,7,40,1,71,55,1418,1325,9,6,28,1,36,30,93.44,0.63,0.42,1.97,0.07,2.54,2.12
ANOKA - 002305,Anoka,002305,Linwood Twp P-1,3401,3127,15,18,43,6,176,77,2648,2468,9,16,21,6,116,51,93.20,0.34,0.60,0.79,0.23,4.38,1.93
ANOKA - 002410,Anoka,002410,Nowthen P-2A,1644,1496,15,6,35,0,86,45,1246,1160,2,6,20,0,54,31,93.10,0.16,0.48,1.61,0.00,4.33,2.49
ANOKA - 002515,Anoka,002515,Oak Grove P-3,2466,2171,13,7,149,0,105,47,1858,1684,7,7,85,0,57,28,90.64,0.38,0.38,4.57,0.00,3.07,1.51
ANOKA - 002520,Anoka,002520,Oak Grove P-4,1471,1323,4,12,14,0,110,25,1197,1099,3,7,7,0,75,20,91.81,0.25,0.58,0.58,0.00,6.27,1.67
ANOKA - 002705,Anoka,002705,Ramsey W-2 P-1,2252,2091,9,3,39,0,97,38,1731,1626,9,3,33,0,47,26,93.93,0.52,0.17,1.91,0.00,2.72,1.50
ANOKA - 002605,Anoka,002605,Ramsey W-1 P-1,4786,4047,196,22,178,0,295,168,3558,3111,122,16,118,0,157,101,87.44,3.43,0.45,3.32,0.00,4.41,2.84
ANOKA - 002905,Anoka,002905,Ramsey W-4 P-1,3303,2749,213,14,119,2,173,93,2390,2041,123,10,84,1,109,54,85.40,5.15,0.42,3.51,0.04,4.56,2.26
ANOKA - 002610,Anoka,002610,Ramsey W-1 P-2,1489,1311,50,2,23,0,94,41,1047,944,33,2,13,0,53,16,90.16,3.15,0.19,1.24,0.00,5.06,1.53
ANOKA - 002805,Anoka,002805,Ramsey W-3 P-1,5529,4088,802,26,174,4,342,206,4049,3205,463,20,118,4,171,110,79.16,11.43,0.49,2.91,0.10,4.22,2.72
ANOKA - 003005,Anoka,003005,Saint Francis P-1,4402,3915,46,21,63,0,295,119,3206,2917,28,15,45,0,167,54,90.99,0.87,0.47,1.40,0.00,5.21,1.68
ANOKA - 003115,Anoka,003115,Spring Lake Park P-3,3095,2185,426,19,149,0,161,225,2480,1854,304,15,103,0,94,154,74.76,12.26,0.60,4.15,0.00,3.79,6.21
ANOKA - 000050,Anoka,000050,Andover P-10,3625,2999,184,9,179,0,192,115,2800,2376,112,8,133,0,123,71,84.86,4.00,0.29,4.75,0.00,4.39,2.54
ANOKA - 000030,Anoka,000030,Andover P-6,3070,2749,54,1,99,0,137,65,2219,2025,25,0,67,0,74,45,91.26,1.13,0.00,3.02,0.00,3.33,2.03
ANOKA - 000005,Anoka,000005,Andover P-1,3221,2885,37,9,62,0,196,78,2481,2269,20,9,43,0,118,37,91.46,0.81,0.36,1.73,0.00,4.76,1.49
ANOKA - 000025,Anoka,000025,Andover P-5,3833,3458,58,13,59,1,210,83,2804,2591,35,7,38,1,104,41,92.40,1.25,0.25,1.36,0.04,3.71,1.46
ANOKA - 000040,Anoka,000040,Andover P-8,3056,2615,108,11,102,0,192,99,2238,1950,70,2,74,0,117,58,87.13,3.13,0.09,3.31,0.00,5.23,2.59
ANOKA - 000015,Anoka,000015,Andover P-3,3585,3059,164,15,137,0,182,100,2756,2436,90,14,93,0,103,66,88.39,3.27,0.51,3.37,0.00,3.74,2.39
ANOKA - 000045,Anoka,000045,Andover P-9,3146,2809,66,7,95,1,143,87,2239,2037,33,7,70,1,72,51,90.98,1.47,0.31,3.13,0.04,3.22,2.28
ANOKA - 000010,Anoka,000010,Andover P-2,2946,2602,59,8,84,0,170,72,2302,2094,40,5,50,0,97,28,90.96,1.74,0.22,2.17,0.00,4.21,1.22
ANOKA - 000020,Anoka,000020,Andover P-4,3094,2588,147,20,104,0,209,124,2330,2020,90,20,66,0,112,73,86.70,3.86,0.86,2.83,0.00,4.81,3.13
ANOKA - 000035,Anoka,000035,Andover P-7,3025,2661,112,9,74,0,148,70,2017,1800,73,8,48,0,71,42,89.24,3.62,0.40,2.38,0.00,3.52,2.08
ANOKA - 000115,Anoka,000115,Anoka P-3,2482,1846,246,27,123,2,194,107,1894,1517,142,21,85,2,98,72,80.10,7.50,1.11,4.49,0.11,5.17,3.80
ANOKA - 000110,Anoka,000110,Anoka P-2,2353,1903,223,10,64,0,120,80,1924,1628,134,7,48,0,84,56,84.62,6.96,0.36,2.49,0.00,4.37,2.91
ANOKA - 000130,Anoka,000130,Anoka P-6,3094,2500,226,34,95,2,166,161,2495,2065,183,30,56,2,105,108,82.77,7.33,1.20,2.24,0.08,4.21,4.33
ANOKA - 000135,Anoka,000135,Anoka P-7,2411,1683,322,28,97,1,213,158,1759,1350,180,14,65,1,109,104,76.75,10.23,0.80,3.70,0.06,6.20,5.91
ANOKA - 000125,Anoka,000125,Anoka P-5,1967,1648,83,28,47,0,133,84,1560,1356,50,26,35,0,78,56,86.92,3.21,1.67,2.24,0.00,5.00,3.59
ANOKA - 000120,Anoka,000120,Anoka P-4,1997,1607,127,8,42,0,132,127,1645,1394,84,8,27,0,84,79,84.74,5.11,0.49,1.64,0.00,5.11,4.80
ANOKA - 000140,Anoka,000140,Anoka P-8,1855,1573,92,10,42,0,108,71,1447,1269,59,5,33,0,65,38,87.70,4.08,0.35,2.28,0.00,4.49,2.63
ANOKA - 000105,Anoka,000105,Anoka P-1,1762,1441,96,21,33,0,145,61,1421,1236,65,16,28,0,60,38,86.98,4.57,1.13,1.97,0.00,4.22,2.67
ANOKA - 000205,Anoka,000205,Bethel P-1,476,428,0,2,12,0,34,9,367,344,0,0,6,0,17,4,93.73,0.00,0.00,1.63,0.00,4.63,1.09
ANOKA - 000325,Anoka,000325,Blaine W-1 P-5,4230,2803,225,49,527,3,343,469,3034,2119,125,35,376,3,181,309,69.84,4.12,1.15,12.39,0.10,5.97,10.18
ANOKA - 000515,Anoka,000515,Blaine W-3 P-3,3156,2060,419,18,432,1,188,128,2230,1594,239,14,278,1,78,76,71.48,10.72,0.63,12.47,0.04,3.50,3.41
ANOKA - 000420,Anoka,000420,Blaine W-2 P-3,2509,1764,239,6,262,1,173,130,1904,1432,145,4,187,1,88,83,75.21,7.62,0.21,9.82,0.05,4.62,4.36
ANOKA - 000415,Anoka,000415,Blaine W-2 P-2B,2702,1915,241,15,191,1,210,258,2056,1568,150,13,125,1,117,157,76.26,7.30,0.63,6.08,0.05,5.69,7.64
ANOKA - 000525,Anoka,000525,Blaine W-3 P-5,3075,2262,388,27,180,3,162,103,2192,1734,205,15,130,2,73,48,79.11,9.35,0.68,5.93,0.09,3.33,2.19
ANOKA - 000430,Anoka,000430,Blaine W-2 P-4B,2214,1665,103,2,302,0,122,64,1714,1338,62,2,236,0,58,33,78.06,3.62,0.12,13.77,0.00,3.38,1.93
ANOKA - 000335,Anoka,000335,Blaine W-1 P-7,2042,1533,75,18,223,0,118,138,1577,1252,49,13,156,0,66,76,79.39,3.11,0.82,9.89,0.00,4.19,4.82
ANOKA - 000340,Anoka,000340,Blaine W-1 P-8,2160,1788,69,9,127,0,150,60,1640,1409,44,7,81,0,86,30,85.91,2.68,0.43,4.94,0.00,5.24,1.83
ANOKA - 000315,Anoka,000315,Blaine W-1 P-3,2127,1657,112,10,113,0,169,116,1694,1400,71,9,82,0,86,71,82.64,4.19,0.53,4.84,0.00,5.08,4.19
ANOKA - 000535,Anoka,000535,Blaine W-3 P-7,4867,3657,401,11,417,2,320,127,3670,2939,235,11,290,2,148,78,80.08,6.40,0.30,7.90,0.05,4.03,2.13
ANOKA - 000440,Anoka,000440,Blaine W-2 P-6,4617,3674,146,13,490,2,253,143,3081,2492,94,11,350,0,111,81,80.88,3.05,0.36,11.36,0.00,3.60,2.63
ANOKA - 000310,Anoka,000310,Blaine W-1 P-2,3228,2222,262,20,283,1,254,383,2512,1863,158,19,208,1,148,232,74.16,6.29,0.76,8.28,0.04,5.89,9.24
ANOKA - 000505,Anoka,000505,Blaine W-3 P-1,3417,2273,199,41,282,0,342,512,2500,1801,119,25,200,0,191,289,72.04,4.76,1.00,8.00,0.00,7.64,11.56
ANOKA - 000425,Anoka,000425,Blaine W-2 P-4A,2959,2050,255,9,399,0,213,114,2191,1580,170,5,282,0,124,71,72.11,7.76,0.23,12.87,0.00,5.66,3.24
ANOKA - 000330,Anoka,000330,Blaine W-1 P-6,1951,1536,107,9,161,0,125,53,1482,1207,59,5,133,0,69,31,81.44,3.98,0.34,8.97,0.00,4.66,2.09
ANOKA - 000320,Anoka,000320,Blaine W-1 P-4,1681,1334,86,17,65,0,125,122,1279,1084,51,9,40,0,60,70,84.75,3.99,0.70,3.13,0.00,4.69,5.47
ANOKA - 000530,Anoka,000530,Blaine W-3 P-6,6021,4665,440,15,526,2,313,156,3950,3144,253,12,361,0,139,84,79.59,6.41,0.30,9.14,0.00,3.52,2.13
ANOKA - 000305,Anoka,000305,Blaine W-1 P-1,2375,1705,260,32,156,1,159,191,1918,1482,169,30,114,1,78,115,77.27,8.81,1.56,5.94,0.05,4.07,6.00
ANOKA - 000435,Anoka,000435,Blaine W-2 P-5,1961,1585,114,9,126,0,100,56,1465,1221,67,9,90,0,65,36,83.34,4.57,0.61,6.14,0.00,4.44,2.46
ANOKA - 000510,Anoka,000510,Blaine W-3 P-2,2760,2230,161,13,136,1,178,141,2179,1844,94,13,100,1,100,87,84.63,4.31,0.60,4.59,0.05,4.59,3.99
ANOKA - 000410,Anoka,000410,Blaine W-2 P-2A,2159,1476,174,5,298,3,136,129,1620,1159,107,5,208,3,87,75,71.54,6.60,0.31,12.84,0.19,5.37,4.63
ANOKA - 000520,Anoka,000520,Blaine W-3 P-4,3034,2331,196,23,228,0,212,122,2244,1803,127,12,162,0,103,69,80.35,5.66,0.53,7.22,0.00,4.59,3.07
ANOKA - 000405,Anoka,000405,Blaine W-2 P-1,2319,1790,144,26,118,0,177,164,1820,1482,99,17,83,0,100,99,81.43,5.44,0.93,4.56,0.00,5.49,5.44
ANOKA - 000540,Anoka,000540,Blaine W-3 P-8,2658,1983,197,6,272,0,172,67,1608,1266,96,6,162,0,59,32,78.73,5.97,0.37,10.07,0.00,3.67,1.99
ANOKA - 000605,Anoka,000605,Centerville P-1,3896,3454,20,24,117,0,224,124,2929,2662,9,17,80,0,115,75,90.88,0.31,0.58,2.73,0.00,3.93,2.56
ANOKA - 000705,Anoka,000705,Circle Pines P-1,1957,1713,53,9,58,0,103,67,1508,1366,31,9,39,0,53,32,90.58,2.06,0.60,2.59,0.00,3.51,2.12
ANOKA - 000710,Anoka,000710,Circle Pines P-2,3068,2536,163,15,147,0,178,103,2409,2081,90,9,110,0,98,60,86.38,3.74,0.37,4.57,0.00,4.07,2.49
ANOKA - 000825,Anoka,000825,Columbia Heights P-5,2518,1685,272,47,121,2,207,305,2098,1525,189,33,96,1,127,214,72.69,9.01,1.57,4.58,0.05,6.05,10.20
ANOKA - 000835,Anoka,000835,Columbia Heights P-7,2553,1341,346,48,212,0,267,531,1967,1157,220,42,169,0,154,348,58.82,11.18,2.14,8.59,0.00,7.83,17.69
ANOKA - 000810,Anoka,000810,Columbia Heights P-2,2850,1527,663,52,111,2,269,432,2139,1305,410,38,86,2,150,279,61.01,19.17,1.78,4.02,0.09,7.01,13.04
ANOKA - 000820,Anoka,000820,Columbia Heights P-4,3519,1451,1201,35,227,2,244,503,2520,1248,687,30,185,0,130,326,49.52,27.26,1.19,7.34,0.00,5.16,12.94
ANOKA - 000815,Anoka,000815,Columbia Heights P-3,2604,1447,601,60,128,3,163,327,2033,1289,339,43,103,3,110,234,63.40,16.67,2.12,5.07,0.15,5.41,11.51
ANOKA - 000830,Anoka,000830,Columbia Heights P-6,1751,1235,133,20,111,0,141,181,1343,1012,76,16,87,0,87,90,75.35,5.66,1.19,6.48,0.00,6.48,6.70
ANOKA - 000805,Anoka,000805,Columbia Heights P-1,3750,1765,1153,52,172,3,315,513,2879,1534,738,43,141,3,223,340,53.28,25.63,1.49,4.90,0.10,7.75,11.81
ANOKA - 000840,Anoka,000840,Columbia Heights P-8,2428,1369,386,62,101,3,219,454,1903,1209,247,48,77,3,133,299,63.53,12.98,2.52,4.05,0.16,6.99,15.71
ANOKA - 000905,Anoka,000905,Columbus P-1,4159,3703,20,29,220,0,166,49,3344,3061,10,18,139,0,98,28,91.54,0.30,0.54,4.16,0.00,2.93,0.84
ANOKA - 001220,Anoka,001220,Coon Rapids W-3 P-4,3418,2179,568,38,199,1,258,304,2562,1818,326,24,133,1,143,198,70.96,12.72,0.94,5.19,0.04,5.58,7.73
ANOKA - 001020,Anoka,001020,Coon Rapids W-1 P-4,2505,1766,314,20,156,0,189,146,1841,1382,199,18,113,0,89,87,75.07,10.81,0.98,6.14,0.00,4.83,4.73
ANOKA - 001425,Anoka,001425,Coon Rapids W-5 P-5,2213,1707,153,9,136,0,148,117,1812,1495,98,7,93,0,88,74,82.51,5.41,0.39,5.13,0.00,4.86,4.08
ANOKA - 001015,Anoka,001015,Coon Rapids W-1 P-3,2928,2354,138,23,149,0,216,139,2209,1842,94,18,102,0,114,89,83.39,4.26,0.81,4.62,0.00,5.16,4.03
ANOKA - 001005,Anoka,001005,Coon Rapids W-1 P-1,3912,3098,285,25,211,2,232,172,3172,2613,185,16,152,2,158,125,82.38,5.83,0.50,4.79,0.06,4.98,3.94
ANOKA - 001420,Anoka,001420,Coon Rapids W-5 P-4,1913,1097,524,7,108,0,110,116,1384,919,285,6,75,0,54,74,66.40,20.59,0.43,5.42,0.00,3.90,5.35
ANOKA - 001415,Anoka,001415,Coon Rapids W-5 P-3,2227,1434,342,31,162,0,197,110,1615,1159,200,23,96,0,95,56,71.76,12.38,1.42,5.94,0.00,5.88,3.47
ANOKA - 001010,Anoka,001010,Coon Rapids W-1 P-2,3369,2537,262,20,269,2,201,148,2635,2126,151,17,174,1,120,82,80.68,5.73,0.65,6.60,0.04,4.55,3.11
ANOKA - 001105,Anoka,001105,Coon Rapids W-2 P-1,2943,2132,362,4,243,0,148,86,2186,1685,226,4,163,0,72,61,77.08,10.34,0.18,7.46,0.00,3.29,2.79
ANOKA - 001410,Anoka,001410,Coon Rapids W-5 P-2,3207,2455,271,38,159,0,209,148,2506,2005,168,25,114,0,129,105,80.01,6.70,1.00,4.55,0.00,5.15,4.19
ANOKA - 001315,Anoka,001315,Coon Rapids W-4 P-3,2834,2207,227,23,191,1,148,80,2275,1873,161,19,131,1,71,38,82.33,7.08,0.84,5.76,0.04,3.12,1.67
ANOKA - 001215,Anoka,001215,Coon Rapids W-3 P-3,3165,2258,390,21,151,5,274,140,2434,1889,240,20,103,2,142,86,77.61,9.86,0.82,4.23,0.08,5.83,3.53
ANOKA - 001320,Anoka,001320,Coon Rapids W-4 P-4,3663,2806,217,31,258,0,295,153,2800,2265,123,25,170,0,172,92,80.89,4.39,0.89,6.07,0.00,6.14,3.29
ANOKA - 001125,Anoka,001125,Coon Rapids W-2 P-5,3048,2196,456,31,127,0,205,123,2446,1895,293,17,93,0,120,75,77.47,11.98,0.70,3.80,0.00,4.91,3.07
ANOKA - 001210,Anoka,001210,Coon Rapids W-3 P-2,3015,2088,369,12,240,1,227,180,2340,1738,245,8,160,1,139,105,74.27,10.47,0.34,6.84,0.04,5.94,4.49
ANOKA - 001205,Anoka,001205,Coon Rapids W-3 P-1,3000,2206,292,27,136,0,265,172,2296,1815,175,14,97,0,137,100,79.05,7.62,0.61,4.22,0.00,5.97,4.36
ANOKA - 001305,Anoka,001305,Coon Rapids W-4 P-1,2873,2134,271,21,229,0,136,139,2227,1753,168,13,161,0,77,90,78.72,7.54,0.58,7.23,0.00,3.46,4.04
ANOKA - 001110,Anoka,001110,Coon Rapids W-2 P-2,2023,1555,141,13,147,0,137,74,1531,1248,89,13,91,0,66,56,81.52,5.81,0.85,5.94,0.00,4.31,3.66
ANOKA - 001505,Anoka,001505,East Bethel P-1,4326,3858,19,21,107,6,273,100,3296,2994,7,16,67,6,175,63,90.84,0.21,0.49,2.03,0.18,5.31,1.91
ANOKA - 001510,Anoka,001510,East Bethel P-2,3872,3486,23,13,92,0,218,108,3077,2827,16,10,60,0,139,63,91.88,0.52,0.32,1.95,0.00,4.52,2.05
ANOKA - 001805,Anoka,001805,Fridley W-3 P-1,2547,1515,554,14,167,0,184,192,1939,1281,359,14,119,0,94,117,66.06,18.51,0.72,6.14,0.00,4.85,6.03
ANOKA - 001810,Anoka,001810,Fridley W-3 P-2,2707,1813,326,15,181,0,276,221,2170,1563,240,9,135,0,148,151,72.03,11.06,0.41,6.22,0.00,6.82,6.96
ANOKA - 001820,Anoka,001820,Fridley W-3 P-4,2212,1240,374,33,147,0,230,294,1764,1088,271,26,112,0,135,195,61.68,15.36,1.47,6.35,0.00,7.65,11.05
ANOKA - 001720,Anoka,001720,Fridley W-2 P-4,2225,1603,259,10,155,0,148,99,1887,1440,181,9,118,0,103,72,76.31,9.59,0.48,6.25,0.00,5.46,3.82
ANOKA - 001620,Anoka,001620,Fridley W-1 P-4,2444,1298,518,37,145,0,255,310,1819,1123,315,24,100,0,126,195,61.74,17.32,1.32,5.50,0.00,6.93,10.72
ANOKA - 001610,Anoka,001610,Fridley W-1 P-2,2056,1489,188,22,151,4,111,172,1613,1262,118,16,95,4,62,95,78.24,7.32,0.99,5.89,0.25,3.84,5.89
ANOKA - 001915,Anoka,001915,Ham Lake P-3A,3099,2809,15,9,89,0,150,65,2351,2171,8,9,58,0,80,43,92.34,0.34,0.38,2.47,0.00,3.40,1.83
ANOKA - 001905,Anoka,001905,Ham Lake P-1,2484,2166,13,14,107,0,151,106,1871,1688,6,8,67,0,81,53,90.22,0.32,0.43,3.58,0.00,4.33,2.83
ANOKA - 001930,Anoka,001930,Ham Lake P-6A,2746,2315,35,4,161,0,188,77,1988,1737,20,2,106,0,93,46,87.37,1.01,0.10,5.33,0.00,4.68,2.31
ANOKA - 002230,Anoka,002230,Lino Lakes P-6,3641,3278,20,7,172,0,142,79,2584,2360,15,3,125,0,69,36,91.33,0.58,0.12,4.84,0.00,2.67,1.39
ANOKA - 002205,Anoka,002205,Lino Lakes P-1,1958,1704,8,7,87,0,132,41,1555,1401,2,4,56,0,76,25,90.10,0.13,0.26,3.60,0.00,4.89,1.61
ANOKA - 002215,Anoka,002215,Lino Lakes P-3,2323,2075,38,10,52,0,136,49,1808,1657,25,4,34,0,78,26,91.65,1.38,0.22,1.88,0.00,4.31,1.44
ANOKA - 002235,Anoka,002235,Lino Lakes P-7,3190,2915,26,6,93,0,128,63,2413,2239,9,4,79,0,73,34,92.79,0.37,0.17,3.27,0.00,3.03,1.41
ANOKA - 002310,Anoka,002310,Linwood Twp P-2,1933,1778,9,10,23,0,104,31,1536,1419,6,9,19,0,78,15,92.38,0.39,0.59,1.24,0.00,5.08,0.98
ANOKA - 002405,Anoka,002405,Nowthen P-1A,2892,2694,17,10,37,6,121,47,2182,2066,8,10,24,4,66,26,94.68,0.37,0.46,1.10,0.18,3.02,1.19
ANOKA - 002510,Anoka,002510,Oak Grove P-2,2271,2022,18,8,78,0,135,47,1758,1611,17,4,54,0,66,22,91.64,0.97,0.23,3.07,0.00,3.75,1.25
ANOKA - 002505,Anoka,002505,Oak Grove P-1,2721,2472,18,12,71,0,131,51,2050,1887,12,12,42,0,81,37,92.05,0.59,0.59,2.05,0.00,3.95,1.80
ANOKA - 002710,Anoka,002710,Ramsey W-2 P-2,4755,4136,153,10,147,0,243,98,3464,3080,87,8,98,0,140,59,88.91,2.51,0.23,2.83,0.00,4.04,1.70
ANOKA - 002810,Anoka,002810,Ramsey W-3 P-2,2373,1842,148,13,90,1,134,228,1766,1421,85,8,65,0,86,154,80.46,4.81,0.45,3.68,0.00,4.87,8.72
ANOKA - 002910,Anoka,002910,Ramsey W-4 P-2,3159,2612,228,10,111,0,186,94,2421,2079,137,10,72,0,111,60,85.87,5.66,0.41,2.97,0.00,4.58,2.48
ANOKA - 003010,Anoka,003010,Saint Francis P-2,3740,3311,56,27,57,0,231,135,2652,2408,38,14,38,0,118,71,90.80,1.43,0.53,1.43,0.00,4.45,2.68
ANOKA - 003110,Anoka,003110,Spring Lake Park P-2,2093,1443,258,29,129,0,135,161,1669,1214,182,27,94,0,80,113,72.74,10.90,1.62,5.63,0.00,4.79,6.77
STEELE - 000005,Steele,000005,Aurora Twp,528,511,0,0,1,0,12,6,413,399,0,0,1,0,9,6,96.61,0.00,0.00,0.24,0.00,2.18,1.45
STEELE - 000010,Steele,000010,Berlin Twp,506,490,0,0,0,1,13,7,397,386,0,0,0,1,8,6,97.23,0.00,0.00,0.00,0.25,2.02,1.51
STEELE - 000015,Steele,000015,Blooming Prairie,1974,1780,8,6,6,0,125,136,1464,1349,4,5,5,0,64,80,92.14,0.27,0.34,0.34,0.00,4.37,5.46
STEELE - 000020,Steele,000020,Blooming Prairie Twp,397,390,0,0,0,0,5,4,297,293,0,0,0,0,3,2,98.65,0.00,0.00,0.00,0.00,1.01,0.67
STEELE - 000025,Steele,000025,Clinton Falls Twp,386,359,0,1,3,0,22,19,315,301,0,0,1,0,12,13,95.56,0.00,0.00,0.32,0.00,3.81,4.13
STEELE - 000030,Steele,000030,Deerfield Twp,542,498,1,0,4,0,34,20,405,382,0,0,2,0,19,11,94.32,0.00,0.00,0.49,0.00,4.69,2.72
STEELE - 000035,Steele,000035,Ellendale,676,605,12,3,5,0,43,27,520,477,5,3,3,0,24,14,91.73,0.96,0.58,0.58,0.00,4.62,2.69
STEELE - 000040,Steele,000040,Havana Twp,556,525,3,1,12,0,15,15,426,410,2,1,7,0,6,6,96.24,0.47,0.23,1.64,0.00,1.41,1.41
STEELE - 000045,Steele,000045,Lemond Twp,503,470,1,0,5,0,17,15,390,374,0,0,5,0,6,10,95.90,0.00,0.00,1.28,0.00,1.54,2.56
STEELE - 000050,Steele,000050,Medford,1315,1222,11,3,6,0,42,66,938,888,4,3,5,0,21,37,94.67,0.43,0.32,0.53,0.00,2.24,3.94
STEELE - 000055,Steele,000055,Medford Twp,843,613,7,8,2,0,36,241,590,459,2,4,2,0,22,128,77.80,0.34,0.68,0.34,0.00,3.73,21.69
STEELE - 000060,Steele,000060,Meriden Twp,620,599,1,3,1,0,14,4,460,448,0,3,1,0,7,3,97.39,0.00,0.65,0.22,0.00,1.52,0.65
STEELE - 000065,Steele,000065,Merton Twp,361,344,1,2,1,0,10,6,269,258,1,1,1,0,7,3,95.91,0.37,0.37,0.37,0.00,2.60,1.12
STEELE - 000090,Steele,000090,Owatonna W-2 P-2,2928,2700,20,1,21,0,138,131,2130,2012,15,1,13,0,56,57,94.46,0.70,0.05,0.61,0.00,2.63,2.68
STEELE - 000105,Steele,000105,Owatonna W-3 P-2,2760,1952,314,8,45,5,191,460,2128,1637,186,8,27,4,109,283,76.93,8.74,0.38,1.27,0.19,5.12,13.30
STEELE - 000070,Steele,000070,Owatonna W-1 P-1,2553,2249,48,12,13,0,148,253,1903,1724,26,12,9,0,78,142,90.59,1.37,0.63,0.47,0.00,4.10,7.46
STEELE - 000130,Steele,000130,Owatonna W-5 P-1,2654,2077,242,16,50,1,157,234,1844,1522,109,11,44,1,85,138,82.54,5.91,0.60,2.39,0.05,4.61,7.48
STEELE - 000100,Steele,000100,Owatonna W-3 P-1,2373,1658,182,9,61,9,185,510,1807,1330,107,8,46,7,120,333,73.60,5.92,0.44,2.55,0.39,6.64,18.43
STEELE - 000115,Steele,000115,Owatonna W-4 P-1,2594,2271,50,11,6,3,149,219,1980,1793,28,7,6,0,80,130,90.56,1.41,0.35,0.30,0.00,4.04,6.57
STEELE - 000120,Steele,000120,Owatonna W-4 P-2,2898,2647,45,3,26,1,123,144,2307,2164,21,2,24,1,62,81,93.80,0.91,0.09,1.04,0.04,2.69,3.51
STEELE - 000085,Steele,000085,Owatonna W-2 P-1,2568,2185,80,4,34,1,156,229,1966,1707,57,4,17,0,95,140,86.83,2.90,0.20,0.86,0.00,4.83,7.12
STEELE - 000135,Steele,000135,Owatonna W-5 P-2,2436,1877,302,13,21,0,154,239,1780,1455,170,4,20,0,90,134,81.74,9.55,0.22,1.12,0.00,5.06,7.53
STEELE - 000075,Steele,000075,Owatonna W-1 P-2,2656,2432,39,15,15,0,137,120,1924,1788,20,12,11,0,82,57,92.93,1.04,0.62,0.57,0.00,4.26,2.96
STEELE - 000145,Steele,000145,Owatonna Twp,613,580,3,0,0,0,22,11,483,459,2,0,0,0,14,9,95.03,0.41,0.00,0.00,0.00,2.90,1.86
STEELE - 000150,Steele,000150,Somerset Twp,733,699,1,0,3,0,28,12,585,573,0,0,2,0,9,5,97.95,0.00,0.00,0.34,0.00,1.54,0.85
STEELE - 000155,Steele,000155,Summit Twp,433,418,2,1,1,1,9,12,345,337,0,1,1,1,5,11,97.68,0.00,0.29,0.29,0.29,1.45,3.19
TRAVERSE - 000005,Traverse,000005,Arthur Twp,59,57,0,0,0,0,2,1,46,44,0,0,0,0,2,1,95.65,0.00,0.00,0.00,0.00,4.35,2.17
TRAVERSE - 000010,Traverse,000010,Browns Valley,558,347,1,170,0,0,35,36,399,291,0,83,0,0,20,16,72.93,0.00,20.80,0.00,0.00,5.01,4.01
TRAVERSE - 000015,Traverse,000015,Clifton Twp,59,57,0,1,0,0,1,2,46,45,0,0,0,0,1,1,97.83,0.00,0.00,0.00,0.00,2.17,2.17
TRAVERSE - 000020,Traverse,000020,Croke Twp,73,72,0,1,0,0,0,0,56,56,0,0,0,0,0,0,100.00,0.00,0.00,0.00,0.00,0.00,0.00
TRAVERSE - 000025,Traverse,000025,Dollymount Twp,80,47,0,0,0,0,3,30,75,44,0,0,0,0,3,28,58.67,0.00,0.00,0.00,0.00,4.00,37.33
TRAVERSE - 000030,Traverse,000030,Folsom Twp,111,107,0,3,0,0,1,0,94,93,0,1,0,0,0,0,98.94,0.00,1.06,0.00,0.00,0.00,0.00
TRAVERSE - 000035,Traverse,000035,Lake Valley Twp,198,192,0,1,0,0,5,2,169,166,0,0,0,0,3,1,98.22,0.00,0.00,0.00,0.00,1.78,0.59
TRAVERSE - 000040,Traverse,000040,Leonardsville Twp,111,108,0,2,0,0,1,2,81,81,0,0,0,0,0,0,100.00,0.00,0.00,0.00,0.00,0.00,0.00
TRAVERSE - 000027,Traverse,000027,Dumont,75,69,0,1,0,0,5,0,58,55,0,0,0,0,3,0,94.83,0.00,0.00,0.00,0.00,5.17,0.00
TRAVERSE - 000045,Traverse,000045,Monson Twp,110,100,3,0,0,0,4,4,92,85,1,0,0,0,3,4,92.39,1.09,0.00,0.00,0.00,3.26,4.35
TRAVERSE - 000050,Traverse,000050,Parnell Twp,64,59,0,0,0,0,5,1,43,41,0,0,0,0,2,0,95.35,0.00,0.00,0.00,0.00,4.65,0.00
TRAVERSE - 000055,Traverse,000055,Redpath Twp,32,32,0,0,0,0,0,0,27,27,0,0,0,0,0,0,100.00,0.00,0.00,0.00,0.00,0.00,0.00
TRAVERSE - 000060,Traverse,000060,Tara Twp,72,70,0,2,0,0,0,0,64,64,0,0,0,0,0,0,100.00,0.00,0.00,0.00,0.00,0.00,0.00
TRAVERSE - 000065,Traverse,000065,Taylor Twp,84,78,0,0,0,0,6,7,72,66,0,0,0,0,6,7,91.67,0.00,0.00,0.00,0.00,8.33,9.72
TRAVERSE - 000075,Traverse,000075,Tintah Twp,33,32,0,0,0,0,1,3,22,22,0,0,0,0,0,0,100.00,0.00,0.00,0.00,0.00,0.00,0.00
TRAVERSE - 000070,Traverse,000070,Tintah,67,62,0,1,0,0,1,3,43,40,0,0,0,0,0,3,93.02,0.00,0.00,0.00,0.00,0.00,6.98
TRAVERSE - 000080,Traverse,000080,Walls Twp,42,41,1,0,0,0,0,1,34,33,1,0,0,0,0,1,97.06,2.94,0.00,0.00,0.00,0.00,2.94
TRAVERSE - 000085,Traverse,000085,Wheaton P-1,664,582,13,9,0,0,54,44,525,475,8,9,0,0,27,27,90.48,1.52,1.71,0.00,0.00,5.14,5.14
TRAVERSE - 000090,Traverse,000090,Wheaton P-2,796,687,9,25,0,0,40,61,623,557,7,10,0,0,27,46,89.41,1.12,1.61,0.00,0.00,4.33,7.38
TRAVERSE - 000095,Traverse,000095,Windsor Twp,72,71,0,1,0,0,0,0,60,60,0,0,0,0,0,0,100.00,0.00,0.00,0.00,0.00,0.00,0.00
HUBBARD - 000005,Hubbard,000005,Akeley,404,334,1,23,1,0,40,10,302,264,1,14,0,0,21,6,87.42,0.33,4.64,0.00,0.00,6.95,1.99
HUBBARD - 000010,Hubbard,000010,Akeley Twp,559,534,0,1,3,0,19,6,467,451,0,0,2,0,13,2,96.57,0.00,0.00,0.43,0.00,2.78,0.43
HUBBARD - 000015,Hubbard,000015,Arago Twp,606,588,0,0,0,1,17,2,500,490,0,0,0,0,10,2,98.00,0.00,0.00,0.00,0.00,2.00,0.40
HUBBARD - 000020,Hubbard,000020,Badoura Twp,152,127,0,4,0,0,20,2,121,110,0,2,0,0,8,2,90.91,0.00,1.65,0.00,0.00,6.61,1.65
HUBBARD - 000022,Hubbard,000022,Clay Twp,76,74,0,0,0,0,2,0,71,70,0,0,0,0,1,0,98.59,0.00,0.00,0.00,0.00,1.41,0.00
HUBBARD - 000025,Hubbard,000025,Clover Twp,125,119,0,3,0,0,1,1,111,107,0,1,0,0,1,1,96.40,0.00,0.90,0.00,0.00,0.90,0.90
HUBBARD - 000030,Hubbard,000030,Crow Wing Lake Twp,358,346,0,2,0,0,10,2,282,279,0,0,0,0,3,0,98.94,0.00,0.00,0.00,0.00,1.06,0.00
HUBBARD - 000035,Hubbard,000035,Farden Twp P-1,1038,747,6,169,3,3,105,19,774,610,2,112,3,0,45,6,78.81,0.26,14.47,0.39,0.00,5.81,0.78
HUBBARD - 000037,Hubbard,000037,Farden Twp P-2,107,83,0,16,0,0,8,2,75,59,0,13,0,0,3,1,78.67,0.00,17.33,0.00,0.00,4.00,1.33
HUBBARD - 000040,Hubbard,000040,Fern Twp,285,263,0,6,2,0,13,1,221,208,0,3,2,0,7,1,94.12,0.00,1.36,0.90,0.00,3.17,0.45
HUBBARD - 000045,Hubbard,000045,Guthrie Twp,603,556,1,10,3,0,27,6,425,391,0,6,2,0,20,3,92.00,0.00,1.41,0.47,0.00,4.71,0.71
HUBBARD - 000050,Hubbard,000050,Hart Lake Twp P-1,397,352,4,14,3,2,13,5,302,276,3,9,2,0,5,0,91.39,0.99,2.98,0.66,0.00,1.66,0.00
HUBBARD - 000052,Hubbard,000052,Hart Lake Twp P-2,146,76,0,62,0,0,8,2,106,60,0,40,0,0,6,1,56.60,0.00,37.74,0.00,0.00,5.66,0.94
HUBBARD - 000055,Hubbard,000055,Helga Twp,1648,1513,8,37,3,0,84,16,1164,1087,3,19,3,0,49,3,93.38,0.26,1.63,0.26,0.00,4.21,0.26
HUBBARD - 000060,Hubbard,000060,Hendrickson Twp,307,292,0,2,0,1,8,4,229,223,0,1,0,0,4,2,97.38,0.00,0.44,0.00,0.00,1.75,0.87
HUBBARD - 000065,Hubbard,000065,Henrietta Twp,1514,1380,12,26,0,0,86,22,1193,1099,7,21,0,0,56,18,92.12,0.59,1.76,0.00,0.00,4.69,1.51
HUBBARD - 000070,Hubbard,000070,Hubbard Twp,770,729,2,4,4,0,28,8,600,572,2,3,4,0,18,4,95.33,0.33,0.50,0.67,0.00,3.00,0.67
HUBBARD - 000075,Hubbard,000075,Lake Alice Twp,114,110,0,0,0,0,2,1,82,79,0,0,0,0,1,1,96.34,0.00,0.00,0.00,0.00,1.22,1.22
HUBBARD - 000080,Hubbard,000080,Lake Emma Twp,965,902,0,6,4,0,49,22,815,775,0,2,3,0,31,14,95.09,0.00,0.25,0.37,0.00,3.80,1.72
HUBBARD - 000085,Hubbard,000085,Lake George Twp,389,337,3,8,2,0,35,17,322,291,2,5,2,0,19,12,90.37,0.62,1.55,0.62,0.00,5.90,3.73
HUBBARD - 000090,Hubbard,000090,Lake Hattie Twp,180,145,2,5,0,0,16,16,139,115,1,4,0,0,9,10,82.73,0.72,2.88,0.00,0.00,6.47,7.19
HUBBARD - 000095,Hubbard,000095,Lakeport Twp P-1,775,715,2,25,2,0,30,2,621,581,2,15,2,0,20,1,93.56,0.32,2.42,0.32,0.00,3.22,0.16
HUBBARD - 000100,Hubbard,000100,Laporte,134,120,0,8,0,2,4,2,102,94,0,6,0,0,2,1,92.16,0.00,5.88,0.00,0.00,1.96,0.98
HUBBARD - 000105,Hubbard,000105,Mantrap Twp,522,510,1,0,1,0,10,7,432,426,1,0,1,0,4,1,98.61,0.23,0.00,0.23,0.00,0.93,0.23
HUBBARD - 000110,Hubbard,000110,Nevis,377,338,2,13,1,1,19,9,276,254,1,2,1,1,14,4,92.03,0.36,0.72,0.36,0.36,5.07,1.45
HUBBARD - 000115,Hubbard,000115,Nevis Twp,1143,1054,7,10,3,0,57,20,921,859,2,9,3,0,38,13,93.27,0.22,0.98,0.33,0.00,4.13,1.41
HUBBARD - 000122,Hubbard,000122,Park Rapids P-2,2259,2005,14,39,19,0,117,110,1749,1589,9,30,19,0,65,60,90.85,0.51,1.72,1.09,0.00,3.72,3.43
HUBBARD - 000120,Hubbard,000120,Park Rapids P-1,1883,1597,17,68,7,0,137,135,1424,1253,11,49,7,0,70,75,87.99,0.77,3.44,0.49,0.00,4.92,5.27
HUBBARD - 000125,Hubbard,000125,Rockwood Twp,390,363,0,6,1,0,18,3,323,302,0,6,0,0,13,1,93.50,0.00,1.86,0.00,0.00,4.02,0.31
HUBBARD - 000130,Hubbard,000130,Schoolcraft Twp,136,126,0,3,0,0,7,0,102,95,0,2,0,0,5,0,93.14,0.00,1.96,0.00,0.00,4.90,0.00
HUBBARD - 000135,Hubbard,000135,Steamboat River Twp P-1,136,133,0,0,0,0,2,0,122,120,0,0,0,0,2,0,98.36,0.00,0.00,0.00,0.00,1.64,0.00
HUBBARD - 000137,Hubbard,000137,Steamboat River Twp P-2,4,0,0,1,0,0,3,2,3,0,0,1,0,0,2,2,0.00,0.00,33.33,0.00,0.00,66.67,66.67
HUBBARD - 000140,Hubbard,000140,Straight River Twp,788,745,1,3,1,2,31,13,567,543,0,1,1,2,18,4,95.77,0.00,0.18,0.18,0.35,3.17,0.71
HUBBARD - 000145,Hubbard,000145,Thorpe Twp,39,35,0,0,0,0,4,1,32,31,0,0,0,0,1,0,96.88,0.00,0.00,0.00,0.00,3.12,0.00
HUBBARD - 000150,Hubbard,000150,Todd Twp P-1,1313,1237,9,3,2,1,55,16,1015,976,7,1,2,1,25,10,96.16,0.69,0.10,0.20,0.10,2.46,0.99
HUBBARD - 000152,Hubbard,000152,Todd Twp P-2,151,143,0,0,0,0,7,1,126,120,0,0,0,0,5,1,95.24,0.00,0.00,0.00,0.00,3.97,0.79
HUBBARD - 000155,Hubbard,000155,White Oak Twp,486,477,1,1,1,0,6,2,382,376,0,1,0,0,5,2,98.43,0.00,0.26,0.00,0.00,1.31,0.52
HUBBARD - 000097,Hubbard,000097,Lakeport Twp P-2,65,60,0,3,0,0,2,2,56,54,0,0,0,0,2,2,96.43,0.00,0.00,0.00,0.00,3.57,3.57
KOOCHICHING - 000005,Koochiching,000005,Big Falls,175,169,0,0,0,0,4,3,154,151,0,0,0,0,2,1,98.05,0.00,0.00,0.00,0.00,1.30,0.65
KOOCHICHING - 000180,Koochiching,000180,Central Koochiching,568,518,0,2,1,0,44,15,488,447,0,1,1,0,36,12,91.60,0.00,0.20,0.20,0.00,7.38,2.46
KOOCHICHING - 000170,Koochiching,000170,Meadowbrook Precinct,87,76,0,1,1,1,8,5,77,69,0,1,1,1,5,4,89.61,0.00,1.30,1.30,1.30,6.49,5.19
KOOCHICHING - 000070,Koochiching,000070,Jameson Precinct,189,173,0,3,1,0,12,3,144,131,0,2,1,0,10,3,90.97,0.00,1.39,0.69,0.00,6.94,2.08
KOOCHICHING - 000055,Koochiching,000055,International Falls Center Ward,1900,1646,8,67,9,1,157,37,1481,1314,8,45,8,0,99,21,88.72,0.54,3.04,0.54,0.00,6.68,1.42
KOOCHICHING - 000050,Koochiching,000050,International Falls East Ward,1891,1722,7,52,5,1,95,26,1508,1396,7,39,4,0,59,8,92.57,0.46,2.59,0.27,0.00,3.91,0.53
KOOCHICHING - 000060,Koochiching,000060,International Falls West Ward,2011,1830,23,34,0,1,112,30,1632,1496,22,28,0,1,75,27,91.67,1.35,1.72,0.00,0.06,4.60,1.65
KOOCHICHING - 000080,Koochiching,000080,Koochiching Poll 2,478,454,0,1,2,1,19,4,415,403,0,0,2,0,9,2,97.11,0.00,0.00,0.48,0.00,2.17,0.48
KOOCHICHING - 000100,Koochiching,000100,Mizpah,58,49,0,4,0,0,4,1,47,40,0,4,0,0,2,0,85.11,0.00,8.51,0.00,0.00,4.26,0.00
KOOCHICHING - 000195,Koochiching,000195,Southwest Koochiching,482,451,0,9,0,0,21,2,382,359,0,9,0,0,13,1,93.98,0.00,2.36,0.00,0.00,3.40,0.26
KOOCHICHING - 000075,Koochiching,000075,Koochiching Poll 1,883,846,0,7,4,0,26,8,762,732,0,7,4,0,19,4,96.06,0.00,0.92,0.52,0.00,2.49,0.52
KOOCHICHING - 000175,Koochiching,000175,West Koochiching,27,24,0,0,0,0,3,1,13,12,0,0,0,0,1,0,92.31,0.00,0.00,0.00,0.00,7.69,0.00
KOOCHICHING - 000185,Koochiching,000185,Northwest Koochiching,599,573,0,3,3,1,15,5,502,482,0,1,3,1,11,2,96.02,0.00,0.20,0.60,0.20,2.19,0.40
KOOCHICHING - 000090,Koochiching,000090,Littlefork,553,522,0,8,1,0,22,4,452,432,0,6,0,0,14,2,95.58,0.00,1.33,0.00,0.00,3.10,0.44
KOOCHICHING - 000083,Koochiching,000083,Koochiching Poll 5,608,579,0,6,4,0,19,3,515,489,0,5,4,0,17,2,94.95,0.00,0.97,0.78,0.00,3.30,0.39
KOOCHICHING - 000140,Koochiching,000140,Scarlett Precinct,145,121,0,3,2,1,16,0,116,104,0,3,2,0,5,0,89.66,0.00,2.59,1.72,0.00,4.31,0.00
KOOCHICHING - 000082,Koochiching,000082,Koochiching Poll 4,500,467,4,5,0,2,18,8,403,381,2,3,0,2,11,7,94.54,0.50,0.74,0.00,0.50,2.73,1.74
KOOCHICHING - 000023,Koochiching,000023,Dinner Creek Unorg,64,56,0,0,0,0,8,0,58,54,0,0,0,0,4,0,93.10,0.00,0.00,0.00,0.00,6.90,0.00
KOOCHICHING - 000190,Koochiching,000190,Southeast Koochiching,120,42,0,72,0,0,6,3,83,39,0,42,0,0,2,2,46.99,0.00,50.60,0.00,0.00,2.41,2.41
KOOCHICHING - 000115,Koochiching,000115,Northome,155,140,0,2,0,3,7,3,127,117,0,2,0,1,5,2,92.13,0.00,1.57,0.00,0.79,3.94,1.57
KOOCHICHING - 000121,Koochiching,000121,Ranier West Precinct,376,339,2,3,3,0,28,3,306,282,2,2,3,0,16,3,92.16,0.65,0.65,0.98,0.00,5.23,0.98
KOOCHICHING - 000120,Koochiching,000120,Ranier East Precinct,193,178,0,2,3,0,10,3,166,158,0,1,1,0,6,1,95.18,0.00,0.60,0.60,0.00,3.61,0.60
LYON - 000005,Lyon,000005,Amiret Twp,205,194,0,0,3,0,6,5,161,155,0,0,3,0,2,1,96.27,0.00,0.00,1.86,0.00,1.24,0.62
LYON - 000010,Lyon,000010,Balaton,595,576,0,2,1,0,15,10,467,457,0,1,1,0,7,8,97.86,0.00,0.21,0.21,0.00,1.50,1.71
LYON - 000015,Lyon,000015,Clifton Twp,263,236,1,0,12,0,10,6,199,181,0,0,11,0,4,6,90.95,0.00,0.00,5.53,0.00,2.01,3.02
LYON - 000020,Lyon,000020,Coon Creek Twp,248,236,1,0,1,0,8,1,176,170,1,0,0,0,4,0,96.59,0.57,0.00,0.00,0.00,2.27,0.00
LYON - 000025,Lyon,000025,Cottonwood,1149,1072,13,8,3,0,30,39,870,827,9,4,3,0,18,21,95.06,1.03,0.46,0.34,0.00,2.07,2.41
LYON - 000075,Lyon,000075,Lucas Twp,210,199,3,1,0,0,6,3,153,146,1,1,0,0,4,3,95.42,0.65,0.65,0.00,0.00,2.61,1.96
LYON - 000030,Lyon,000030,Custer Twp,175,169,0,0,0,0,5,2,143,138,0,0,0,0,4,1,96.50,0.00,0.00,0.00,0.00,2.80,0.70
LYON - 000035,Lyon,000035,Eidsvold Twp,202,198,0,0,0,0,2,3,137,135,0,0,0,0,0,2,98.54,0.00,0.00,0.00,0.00,0.00,1.46
LYON - 000040,Lyon,000040,Fairview Twp,374,344,1,0,4,0,10,14,286,267,0,0,2,0,5,9,93.36,0.00,0.00,0.70,0.00,1.75,3.15
LYON - 000125,Lyon,000125,Minneota,1366,1258,11,8,3,0,68,89,1039,966,4,8,3,0,44,52,92.97,0.38,0.77,0.29,0.00,4.23,5.00
LYON - 000050,Lyon,000050,Garvin,124,105,2,0,0,0,16,1,99,82,2,0,0,0,14,0,82.83,2.02,0.00,0.00,0.00,14.14,0.00
LYON - 000055,Lyon,000055,Ghent,376,350,2,0,3,0,9,20,270,256,2,0,3,0,1,10,94.81,0.74,0.00,1.11,0.00,0.37,3.70
LYON - 000060,Lyon,000060,Grandview Twp,261,253,1,0,0,0,4,4,194,189,1,0,0,0,1,4,97.42,0.52,0.00,0.00,0.00,0.52,2.06
LYON - 000115,Lyon,000115,Marshall W-3,4784,3472,246,57,355,0,347,677,3370,2611,131,30,228,0,183,366,77.48,3.89,0.89,6.77,0.00,5.43,10.86
LYON - 000065,Lyon,000065,Island Lake Twp,172,170,0,0,0,0,0,0,136,134,0,0,0,0,0,0,98.53,0.00,0.00,0.00,0.00,0.00,0.00
LYON - 000070,Lyon,000070,Lake Marshall Twp,564,527,15,0,3,0,18,19,404,383,7,0,3,0,11,14,94.80,1.73,0.00,0.74,0.00,2.72,3.47
LYON - 000185,Lyon,000185,Westerheim Twp,226,220,1,1,0,0,3,4,181,178,1,1,0,0,0,4,98.34,0.55,0.55,0.00,0.00,0.00,2.21
LYON - 000045,Lyon,000045,Florence,28,24,0,0,0,0,3,2,24,22,0,0,0,0,1,1,91.67,0.00,0.00,0.00,0.00,4.17,4.17
LYON - 000080,Lyon,000080,Lynd,436,349,4,0,2,0,50,78,312,260,2,0,2,0,31,43,83.33,0.64,0.00,0.64,0.00,9.94,13.78
LYON - 000085,Lyon,000085,Lynd Twp,414,389,4,0,2,0,12,13,316,296,3,0,2,0,9,9,93.67,0.95,0.00,0.63,0.00,2.85,2.85
LYON - 000090,Lyon,000090,Lyons Twp,192,187,0,0,2,0,3,0,149,147,0,0,0,0,2,0,98.66,0.00,0.00,0.00,0.00,1.34,0.00
LYON - 000095,Lyon,000095,Marshall W-1,4116,3170,379,18,243,2,196,233,3269,2616,279,12,162,2,116,158,80.02,8.53,0.37,4.96,0.06,3.55,4.83
LYON - 000130,Lyon,000130,Monroe Twp,181,172,0,0,0,0,7,3,143,141,0,0,0,0,1,2,98.60,0.00,0.00,0.00,0.00,0.70,1.40
LYON - 000105,Lyon,000105,Marshall W-2,4728,3673,234,21,368,1,239,380,3482,2844,147,16,234,1,116,223,81.68,4.22,0.46,6.72,0.03,3.33,6.40
LYON - 000135,Lyon,000135,Nordland Twp,185,184,0,1,0,0,0,1,138,137,0,1,0,0,0,1,99.28,0.00,0.72,0.00,0.00,0.00,0.72
LYON - 000140,Lyon,000140,Rock Lake Twp,272,265,0,0,0,0,5,5,206,203,0,0,0,0,1,2,98.54,0.00,0.00,0.00,0.00,0.49,0.97
LYON - 000145,Lyon,000145,Russell,348,330,0,1,11,0,6,2,257,245,0,1,8,0,3,1,95.33,0.00,0.39,3.11,0.00,1.17,0.39
LYON - 000150,Lyon,000150,Shelburne Twp,189,186,0,0,0,0,3,4,130,130,0,0,0,0,0,1,100.00,0.00,0.00,0.00,0.00,0.00,0.77
LYON - 000155,Lyon,000155,Sodus Twp,262,260,0,0,0,0,2,2,200,198,0,0,0,0,2,1,99.00,0.00,0.00,0.00,0.00,1.00,0.50
LYON - 000160,Lyon,000160,Stanley Twp,194,192,0,0,0,0,2,0,145,145,0,0,0,0,0,0,100.00,0.00,0.00,0.00,0.00,0.00,0.00
LYON - 000165,Lyon,000165,Taunton,136,132,0,1,0,0,2,3,111,107,0,1,0,0,2,3,96.40,0.00,0.90,0.00,0.00,1.80,2.70
LYON - 000170,Lyon,000170,Tracy,2076,1642,3,12,252,0,110,120,1534,1273,3,12,146,0,67,60,82.99,0.20,0.78,9.52,0.00,4.37,3.91
LYON - 000180,Lyon,000180,Vallers Twp,218,212,1,2,0,0,3,1,160,155,1,2,0,0,2,1,96.88,0.62,1.25,0.00,0.00,1.25,0.62
RICE - 000145,Rice,000145,Wells Twp,1545,1421,3,2,10,0,67,73,1265,1190,1,0,10,0,39,36,94.07,0.08,0.00,0.79,0.00,3.08,2.85
RICE - 000150,Rice,000150,Wheatland Twp,1261,1210,1,4,5,0,32,20,978,941,1,4,4,0,20,13,96.22,0.10,0.41,0.41,0.00,2.04,1.33
RICE - 000155,Rice,000155,Wheeling Twp,525,496,2,0,1,0,22,12,410,396,1,0,1,0,11,5,96.59,0.24,0.00,0.24,0.00,2.68,1.22
WRIGHT - 000050,Wright,000050,Clearwater Twp,1372,1296,2,2,4,0,49,10,1062,1015,2,2,4,0,26,2,95.57,0.19,0.19,0.38,0.00,2.45,0.19
WRIGHT - 000055,Wright,000055,Cokato,2799,2525,25,14,13,0,163,134,2027,1883,15,9,12,0,62,71,92.90,0.74,0.44,0.59,0.00,3.06,3.50
WRIGHT - 000060,Wright,000060,Cokato Twp,1369,1314,9,2,1,0,38,12,864,838,6,0,1,0,15,6,96.99,0.69,0.00,0.12,0.00,1.74,0.69
WRIGHT - 000065,Wright,000065,Corinna Twp,2540,2432,6,5,14,0,66,29,1986,1928,5,5,10,0,31,14,97.08,0.25,0.25,0.50,0.00,1.56,0.70
WRIGHT - 000075,Wright,000075,Delano,6484,5933,20,24,56,2,399,200,4542,4208,9,13,47,0,227,138,92.65,0.20,0.29,1.03,0.00,5.00,3.04
WRIGHT - 000085,Wright,000085,Franklin Twp,2885,2736,4,3,14,0,89,40,2168,2063,2,1,11,0,62,24,95.16,0.09,0.05,0.51,0.00,2.86,1.11
WRIGHT - 000070,Wright,000070,Dayton,50,39,1,1,0,0,8,4,37,31,1,1,0,0,3,3,83.78,2.70,2.70,0.00,0.00,8.11,8.11
WRIGHT - 000090,Wright,000090,French Lake Twp,1213,1171,1,3,7,0,21,6,854,830,0,3,5,0,11,4,97.19,0.00,0.35,0.59,0.00,1.29,0.47
WRIGHT - 000095,Wright,000095,Hanover P-2,2864,2597,22,9,74,1,129,68,1874,1728,15,8,48,1,55,40,92.21,0.80,0.43,2.56,0.05,2.93,2.13
WRIGHT - 000100,Wright,000100,Howard Lake,2071,1927,20,10,9,0,72,71,1587,1500,14,7,7,0,36,42,94.52,0.88,0.44,0.44,0.00,2.27,2.65
WRIGHT - 000105,Wright,000105,Maple Lake,2159,2037,11,1,8,0,89,46,1605,1536,7,1,6,0,48,21,95.70,0.44,0.06,0.37,0.00,2.99,1.31
WRIGHT - 000111,Wright,000111,Maple Lake Twp P-1B,191,182,0,0,0,0,9,4,146,141,0,0,0,0,5,0,96.58,0.00,0.00,0.00,0.00,3.42,0.00
WRIGHT - 000031,Wright,000031,Buffalo P-4,176,165,0,1,0,0,10,2,86,83,0,1,0,0,2,0,96.51,0.00,1.16,0.00,0.00,2.33,0.00
WRIGHT - 000115,Wright,000115,Marysville Twp,2020,1859,6,12,7,0,72,104,1517,1400,6,9,4,0,52,70,92.29,0.40,0.59,0.26,0.00,3.43,4.61
WRIGHT - 000120,Wright,000120,Middleville Twp,1009,949,3,5,1,0,35,16,774,745,0,3,0,0,20,6,96.25,0.00,0.39,0.00,0.00,2.58,0.78
WRIGHT - 000125,Wright,000125,Monticello P-1,6374,5459,165,30,81,1,398,444,4924,4336,110,27,67,1,222,279,88.06,2.23,0.55,1.36,0.02,4.51,5.67
WRIGHT - 000130,Wright,000130,Monticello Twp,3309,3124,14,4,26,0,115,55,2505,2400,6,3,22,0,57,27,95.81,0.24,0.12,0.88,0.00,2.28,1.08
WRIGHT - 000135,Wright,000135,Montrose,3775,3374,87,11,55,3,177,142,2587,2351,55,10,34,3,90,87,90.88,2.13,0.39,1.31,0.12,3.48,3.36
WRIGHT - 000150,Wright,000150,Rockford Twp,3377,3207,26,6,17,0,114,47,2539,2428,13,6,15,0,71,33,95.63,0.51,0.24,0.59,0.00,2.80,1.30
RICE - 000055,Rice,000055,Forest Twp,1330,1254,2,0,11,0,43,31,1072,1021,1,0,9,0,29,20,95.24,0.09,0.00,0.84,0.00,2.71,1.87
RICE - 000060,Rice,000060,Lonsdale,4686,4186,63,12,61,3,291,189,3150,2878,37,7,43,0,138,97,91.37,1.17,0.22,1.37,0.00,4.38,3.08
RICE - 000065,Rice,000065,Morristown,949,849,9,0,12,0,37,69,704,647,8,0,9,0,22,25,91.90,1.14,0.00,1.28,0.00,3.12,3.55
RICE - 000070,Rice,000070,Morristown Twp,647,616,1,2,3,0,18,18,507,486,0,2,2,0,12,7,95.86,0.00,0.39,0.39,0.00,2.37,1.38
RICE - 000075,Rice,000075,Nerstrand,273,252,0,0,2,0,16,4,211,196,0,0,2,0,11,4,92.89,0.00,0.00,0.95,0.00,5.21,1.90
RICE - 000085,Rice,000085,Northfield W-1 P-2,3102,2826,35,2,69,0,151,103,2430,2242,20,1,57,0,100,73,92.26,0.82,0.04,2.35,0.00,4.12,3.00
RICE - 000105,Rice,000105,Northfield W-3 P-1,3678,2490,88,41,53,3,430,1029,2850,2058,69,28,40,3,264,670,72.21,2.42,0.98,1.40,0.11,9.26,23.51
RICE - 000015,Rice,000015,Dundas,1712,1474,18,6,33,0,119,110,1178,1031,12,1,26,0,68,66,87.52,1.02,0.08,2.21,0.00,5.77,5.60
RICE - 000020,Rice,000020,Erin Twp,836,779,3,5,6,0,36,20,668,630,2,1,3,0,26,11,94.31,0.30,0.15,0.45,0.00,3.89,1.65
RICE - 000035,Rice,000035,Faribault P-3,8121,5677,1419,171,66,0,538,753,6580,4705,1121,165,48,0,365,517,71.50,17.04,2.51,0.73,0.00,5.55,7.86
RICE - 000040,Rice,000040,Faribault P-4,6581,4111,1250,57,110,0,568,1047,4685,3301,626,37,80,0,319,630,70.46,13.36,0.79,1.71,0.00,6.81,13.45
RICE - 000030,Rice,000030,Faribault P-2,4989,3679,499,35,84,0,337,653,3732,2924,287,26,69,0,182,378,78.35,7.69,0.70,1.85,0.00,4.88,10.13
RICE - 000025,Rice,000025,Faribault P-1,4762,3199,462,34,130,0,425,962,3487,2579,238,19,94,0,225,571,73.96,6.83,0.54,2.70,0.00,6.45,16.38
RICE - 000080,Rice,000080,Northfield W-1 P-1,2114,1369,106,0,308,0,47,182,2036,1319,97,0,308,0,35,171,64.78,4.76,0.00,15.13,0.00,1.72,8.40
RICE - 000113,Rice,000113,Northfield W-4 P-1,2481,2013,60,6,53,0,277,233,2049,1705,43,6,46,0,200,170,83.21,2.10,0.29,2.24,0.00,9.76,8.30
RICE - 000095,Rice,000095,Northfield W-2 P-2,2780,2362,64,14,33,0,201,228,2140,1879,47,9,30,0,105,141,87.80,2.20,0.42,1.40,0.00,4.91,6.59
RICE - 000090,Rice,000090,Northfield W-2 P-1,2618,2290,62,13,36,1,138,182,1862,1698,34,4,27,1,51,83,91.19,1.83,0.21,1.45,0.05,2.74,4.46
RICE - 000114,Rice,000114,Northfield W-4 P-2,2749,1284,214,39,439,3,31,657,2737,1283,211,39,439,3,25,654,46.88,7.71,1.42,16.04,0.11,0.91,23.89
WRIGHT - 000030,Wright,000030,Buffalo P-3,3738,3423,28,15,45,5,176,113,2769,2592,19,7,30,5,90,53,93.61,0.69,0.25,1.08,0.18,3.25,1.91
WRIGHT - 000110,Wright,000110,Maple Lake Twp P-1A,1953,1848,6,1,4,0,84,24,1505,1441,2,0,3,0,49,10,95.75,0.13,0.00,0.20,0.00,3.26,0.66
WRIGHT - 000035,Wright,000035,Buffalo Twp,1883,1811,1,0,6,0,61,26,1373,1331,0,0,6,0,33,9,96.94,0.00,0.00,0.44,0.00,2.40,0.66
WRIGHT - 000040,Wright,000040,Chatham Twp,1362,1327,0,2,5,0,22,6,1013,980,0,2,5,0,20,5,96.74,0.00,0.20,0.49,0.00,1.97,0.49
WRIGHT - 000190,Wright,000190,Woodland Twp,1154,1105,5,2,4,0,37,13,848,818,0,2,0,0,27,6,96.46,0.00,0.24,0.00,0.00,3.18,0.71
WRIGHT - 000045,Wright,000045,Clearwater,1918,1785,22,2,9,0,80,42,1413,1324,14,2,9,0,50,28,93.70,0.99,0.14,0.64,0.00,3.54,1.98
RICE - 000115,Rice,000115,Northfield Twp,864,823,5,2,5,0,23,14,653,626,2,2,4,0,14,9,95.87,0.31,0.31,0.61,0.00,2.14,1.38
RICE - 000120,Rice,000120,Richland Twp,376,360,1,0,0,0,12,7,323,310,1,0,0,0,9,6,95.98,0.31,0.00,0.00,0.00,2.79,1.86
RICE - 000125,Rice,000125,Shieldsville Twp,1056,1003,2,1,5,0,35,11,894,851,2,1,5,0,25,6,95.19,0.22,0.11,0.56,0.00,2.80,0.67
RICE - 000130,Rice,000130,Walcott Twp,929,891,2,2,2,0,27,22,767,746,0,2,2,0,12,10,97.26,0.00,0.26,0.26,0.00,1.56,1.30
RICE - 000135,Rice,000135,Warsaw Twp,1276,1215,0,0,4,0,41,17,1030,988,0,0,4,0,26,11,95.92,0.00,0.00,0.39,0.00,2.52,1.07
RICE - 000142,Rice,000142,Webster Twp P-2,958,905,1,0,3,0,40,18,753,719,1,0,1,0,28,8,95.48,0.13,0.00,0.13,0.00,3.72,1.06
RICE - 000140,Rice,000140,Webster Twp P-1,819,730,3,2,8,0,57,25,662,595,2,2,5,0,43,19,89.88,0.30,0.30,0.76,0.00,6.50,2.87
RICE - 000005,Rice,000005,Bridgewater Twp,1840,1694,6,5,12,0,100,63,1429,1345,1,3,11,0,50,38,94.12,0.07,0.21,0.77,0.00,3.50,2.66
RICE - 000010,Rice,000010,Cannon City Twp,1226,1169,5,1,0,0,40,30,952,914,5,0,0,0,22,20,96.01,0.53,0.00,0.00,0.00,2.31,2.10
RICE - 000012,Rice,000012,Dennison,14,10,0,0,0,0,2,1,12,9,0,0,0,0,2,0,75.00,0.00,0.00,0.00,0.00,16.67,0.00
STEARNS - 000100,Stearns,000100,Getty Twp,347,333,1,0,1,0,7,11,251,241,1,0,1,0,6,6,96.02,0.40,0.00,0.40,0.00,2.39,2.39
STEARNS - 000110,Stearns,000110,Grove Twp,480,451,0,1,0,0,7,29,344,323,0,1,0,0,5,19,93.90,0.00,0.29,0.00,0.00,1.45,5.52
STEARNS - 000105,Stearns,000105,Greenwald,197,195,0,0,0,0,2,0,138,137,0,0,0,0,1,0,99.28,0.00,0.00,0.00,0.00,0.72,0.00
STEARNS - 000170,Stearns,000170,Melrose,3602,2506,18,19,9,0,236,1093,2637,1984,11,10,7,0,144,628,75.24,0.42,0.38,0.27,0.00,5.46,23.81
STEARNS - 000115,Stearns,000115,Holding Twp,1182,1162,0,0,0,0,17,3,870,863,0,0,0,0,7,0,99.20,0.00,0.00,0.00,0.00,0.80,0.00
STEARNS - 000120,Stearns,000120,Holdingford,743,717,5,0,0,1,14,7,541,530,0,0,0,0,10,3,97.97,0.00,0.00,0.00,0.00,1.85,0.55
STEARNS - 000125,Stearns,000125,Kimball,799,742,6,1,1,3,43,14,597,574,4,1,1,0,16,4,96.15,0.67,0.17,0.17,0.00,2.68,0.67
STEARNS - 000130,Stearns,000130,Krain Twp,984,974,0,0,0,0,7,7,702,699,0,0,0,0,3,1,99.57,0.00,0.00,0.00,0.00,0.43,0.14
MCLEOD - 000005,McLeod,000005,Acoma Twp,1130,1089,1,5,3,1,23,23,886,855,1,4,0,1,18,15,96.50,0.11,0.45,0.00,0.11,2.03,1.69
MCLEOD - 000010,McLeod,000010,Bergen Twp,910,877,1,0,2,0,26,40,710,692,0,0,2,0,12,23,97.46,0.00,0.00,0.28,0.00,1.69,3.24
MCLEOD - 000015,McLeod,000015,Biscay,113,104,0,0,0,0,3,7,86,80,0,0,0,0,0,7,93.02,0.00,0.00,0.00,0.00,0.00,8.14
MCLEOD - 000020,McLeod,000020,Brownton,731,682,3,2,3,0,38,38,560,533,3,0,3,0,18,24,95.18,0.54,0.00,0.54,0.00,3.21,4.29
MCLEOD - 000025,McLeod,000025,Collins Twp,436,422,0,2,0,1,9,15,358,348,0,1,0,1,6,10,97.21,0.00,0.28,0.00,0.28,1.68,2.79
MCLEOD - 000035,McLeod,000035,Glencoe P-2,1418,1166,6,5,16,0,139,266,1063,908,2,5,15,0,83,161,85.42,0.19,0.47,1.41,0.00,7.81,15.15
MCLEOD - 000045,McLeod,000045,Glencoe P-4,1371,1073,5,7,11,1,188,269,1030,848,3,5,11,1,107,153,82.33,0.29,0.49,1.07,0.10,10.39,14.85
MCLEOD - 000040,McLeod,000040,Glencoe P-3,1478,1286,10,4,9,0,95,192,1151,1029,10,2,9,0,43,125,89.40,0.87,0.17,0.78,0.00,3.74,10.86
MCLEOD - 000030,McLeod,000030,Glencoe P-1,1477,1218,9,6,9,0,145,256,1108,943,7,6,3,0,93,160,85.11,0.63,0.54,0.27,0.00,8.39,14.44
MCLEOD - 000050,McLeod,000050,Glencoe Twp,514,479,0,2,3,1,27,19,397,374,0,2,3,1,17,11,94.21,0.00,0.50,0.76,0.25,4.28,2.77
MCLEOD - 000055,McLeod,000055,Hale Twp,917,879,12,2,0,0,15,13,724,696,6,2,0,0,12,11,96.13,0.83,0.28,0.00,0.00,1.66,1.52
MCLEOD - 000060,McLeod,000060,Hassan Valley Twp,643,608,0,2,1,0,19,16,517,495,0,1,0,0,8,14,95.74,0.00,0.19,0.00,0.00,1.55,2.71
MCLEOD - 000065,McLeod,000065,Helen Twp,833,802,3,1,5,0,15,19,645,626,3,1,5,0,7,15,97.05,0.47,0.16,0.78,0.00,1.09,2.33
MCLEOD - 000070,McLeod,000070,Hutchinson P-1,4976,4490,53,35,67,3,252,263,3992,3672,45,23,48,3,144,156,91.98,1.13,0.58,1.20,0.08,3.61,3.91
MCLEOD - 000080,McLeod,000080,Hutchinson P-3,4889,4391,45,18,37,16,291,251,3779,3458,28,17,31,9,176,145,91.51,0.74,0.45,0.82,0.24,4.66,3.84
MCLEOD - 000075,McLeod,000075,Hutchinson P-2,4734,4206,52,26,43,1,239,377,3590,3290,31,16,34,1,114,201,91.64,0.86,0.45,0.95,0.03,3.18,5.60
MCLEOD - 000095,McLeod,000095,Hutchinson Twp,1215,1166,2,0,2,1,37,10,952,918,1,0,2,1,24,4,96.43,0.11,0.00,0.21,0.11,2.52,0.42
MCLEOD - 000100,McLeod,000100,Lester Prairie,1894,1593,9,8,9,1,173,265,1354,1188,6,7,9,1,93,138,87.74,0.44,0.52,0.66,0.07,6.87,10.19
MCLEOD - 000105,McLeod,000105,Lynn Twp,519,493,1,2,2,0,18,7,420,400,1,1,2,0,13,3,95.24,0.24,0.24,0.48,0.00,3.10,0.71
MCLEOD - 000110,McLeod,000110,Penn Twp,322,311,0,0,0,1,10,3,252,243,0,0,0,1,8,3,96.43,0.00,0.00,0.00,0.40,3.17,1.19
MCLEOD - 000115,McLeod,000115,Plato,329,311,0,6,0,0,5,7,252,241,0,4,0,0,1,4,95.63,0.00,1.59,0.00,0.00,0.40,1.59
MCLEOD - 000120,McLeod,000120,Rich Valley Twp,669,642,2,1,2,0,20,13,535,516,2,1,2,0,12,8,96.45,0.37,0.19,0.37,0.00,2.24,1.50
MCLEOD - 000125,McLeod,000125,Round Grove Twp,236,231,0,1,0,0,2,7,187,185,0,0,0,0,1,4,98.93,0.00,0.00,0.00,0.00,0.53,2.14
MCLEOD - 000130,McLeod,000130,Silver Lake,866,815,4,0,4,2,29,23,683,654,4,0,2,2,14,9,95.75,0.59,0.00,0.29,0.29,2.05,1.32
MCLEOD - 000135,McLeod,000135,Stewart,489,448,1,0,0,0,26,35,388,354,1,0,0,0,23,25,91.24,0.26,0.00,0.00,0.00,5.93,6.44
MCLEOD - 000140,McLeod,000140,Sumter Twp,486,472,0,1,1,0,11,7,381,370,0,1,1,0,8,2,97.11,0.00,0.26,0.26,0.00,2.10,0.52
MCLEOD - 000145,McLeod,000145,Winsted,2240,2060,16,20,6,1,108,88,1749,1640,10,9,3,0,71,43,93.77,0.57,0.51,0.17,0.00,4.06,2.46
MCLEOD - 000150,McLeod,000150,Winsted Twp,936,902,0,3,3,0,16,26,745,717,0,3,2,0,14,14,96.24,0.00,0.40,0.27,0.00,1.88,1.88
POLK - 000190,Polk,000190,Farley Twp,59,53,0,0,0,0,5,2,38,36,0,0,0,0,1,2,94.74,0.00,0.00,0.00,0.00,2.63,5.26
POLK - 000195,Polk,000195,Fertile,804,747,4,7,6,0,38,20,646,604,3,7,4,0,26,14,93.50,0.46,1.08,0.62,0.00,4.02,2.17
POLK - 000200,Polk,000200,Fisher,422,384,1,3,0,0,24,19,299,277,0,3,0,0,9,16,92.64,0.00,1.00,0.00,0.00,3.01,5.35
POLK - 000205,Polk,000205,Fisher Twp,189,182,1,0,0,0,5,7,137,135,1,0,0,0,0,2,98.54,0.73,0.00,0.00,0.00,0.00,1.46
POLK - 000210,Polk,000210,Fosston,1434,1326,4,42,6,0,54,27,1115,1051,2,29,6,0,26,7,94.26,0.18,2.60,0.54,0.00,2.33,0.63
POLK - 000390,Polk,000390,Rosebud Twp,310,296,0,6,1,0,6,4,239,229,0,6,1,0,2,1,95.82,0.00,2.51,0.42,0.00,0.84,0.42
POLK - 000220,Polk,000220,Garden Twp,220,213,0,3,1,0,2,1,161,156,0,2,0,0,2,1,96.89,0.00,1.24,0.00,0.00,1.24,0.62
POLK - 000225,Polk,000225,Garfield Twp,519,498,2,6,1,0,12,2,372,356,2,5,1,0,8,1,95.70,0.54,1.34,0.27,0.00,2.15,0.27
POLK - 000230,Polk,000230,Gentilly Twp,260,244,0,1,0,0,10,11,203,192,0,1,0,0,6,7,94.58,0.00,0.49,0.00,0.00,2.96,3.45
POLK - 000235,Polk,000235,Godfrey Twp,294,286,0,3,0,0,4,0,238,234,0,3,0,0,0,0,98.32,0.00,1.26,0.00,0.00,0.00,0.00
POLK - 000240,Polk,000240,Grand Forks Twp,195,167,8,0,0,0,15,16,152,132,4,0,0,0,11,10,86.84,2.63,0.00,0.00,0.00,7.24,6.58
POLK - 000245,Polk,000245,Grove Park-Tilden Twp,257,244,0,4,0,0,8,3,211,205,0,2,0,0,3,3,97.16,0.00,0.95,0.00,0.00,1.42,1.42
POLK - 000250,Polk,000250,Gully,59,56,0,0,0,0,3,1,48,45,0,0,0,0,3,1,93.75,0.00,0.00,0.00,0.00,6.25,2.08
POLK - 000255,Polk,000255,Gully Twp,136,123,4,0,0,0,8,2,107,96,3,0,0,0,7,1,89.72,2.80,0.00,0.00,0.00,6.54,0.93
POLK - 000260,Polk,000260,Hammond Twp,45,43,0,0,0,0,2,1,35,35,0,0,0,0,0,0,100.00,0.00,0.00,0.00,0.00,0.00,0.00
POLK - 000265,Polk,000265,Helgeland Twp,41,37,0,0,0,0,4,3,35,31,0,0,0,0,4,3,88.57,0.00,0.00,0.00,0.00,11.43,8.57
POLK - 000270,Polk,000270,Higdem Twp,83,83,0,0,0,0,0,5,54,54,0,0,0,0,0,0,100.00,0.00,0.00,0.00,0.00,0.00,0.00
POLK - 000275,Polk,000275,Hill River Twp,197,186,0,7,2,0,2,2,136,132,0,1,2,0,1,1,97.06,0.00,0.74,1.47,0.00,0.74,0.74
POLK - 000280,Polk,000280,Hubbard Twp,58,53,0,0,0,0,5,4,49,46,0,0,0,0,3,1,93.88,0.00,0.00,0.00,0.00,6.12,2.04
POLK - 000285,Polk,000285,Huntsville Twp,442,416,1,3,1,0,17,12,351,332,1,3,1,0,10,7,94.59,0.28,0.85,0.28,0.00,2.85,1.99
POLK - 000290,Polk,000290,Johnson Twp,41,37,1,0,1,0,2,1,32,31,0,0,0,0,1,0,96.88,0.00,0.00,0.00,0.00,3.12,0.00
POLK - 000295,Polk,000295,Kertsonville Twp,90,86,1,1,0,0,2,2,70,68,1,1,0,0,0,1,97.14,1.43,1.43,0.00,0.00,0.00,1.43
POLK - 000300,Polk,000300,Keystone Twp,70,66,0,0,0,0,3,1,60,56,0,0,0,0,3,1,93.33,0.00,0.00,0.00,0.00,5.00,1.67
POLK - 000305,Polk,000305,King Twp,225,211,0,2,0,0,12,1,153,147,0,1,0,0,5,0,96.08,0.00,0.65,0.00,0.00,3.27,0.00
WASHINGTON - 000020,Washington,000020,Afton W-4 P-1,738,656,4,3,44,0,25,23,572,517,0,2,32,0,16,16,90.38,0.00,0.35,5.59,0.00,2.80,2.80
WASHINGTON - 000015,Washington,000015,Afton W-3 P-1,725,632,10,5,21,2,45,31,571,516,6,5,13,1,24,17,90.37,1.05,0.88,2.28,0.18,4.20,2.98
WASHINGTON - 000010,Washington,000010,Afton W-2 P-1,807,695,7,1,54,0,38,22,647,565,3,1,43,0,27,14,87.33,0.46,0.15,6.65,0.00,4.17,2.16
WASHINGTON - 000005,Washington,000005,Afton W-1 P-1,685,625,2,1,17,0,32,12,567,525,2,1,12,0,20,6,92.59,0.35,0.18,2.12,0.00,3.53,1.06
WASHINGTON - 000025,Washington,000025,Bayport,4024,2834,779,161,38,0,190,141,3384,2294,766,159,28,0,122,111,67.79,22.64,4.70,0.83,0.00,3.61,3.28
WASHINGTON - 000030,Washington,000030,Baytown Twp,2088,1898,9,16,51,2,93,56,1533,1412,9,7,40,0,54,31,92.11,0.59,0.46,2.61,0.00,3.52,2.02
WASHINGTON - 000035,Washington,000035,Birchwood Village,863,801,11,0,9,0,37,22,703,657,8,0,9,0,24,11,93.46,1.14,0.00,1.28,0.00,3.41,1.56
WASHINGTON - 000040,Washington,000040,Cottage Grove P-1,5521,4042,338,27,705,1,331,230,3773,2854,223,19,468,1,153,137,75.64,5.91,0.50,12.40,0.03,4.06,3.63
WASHINGTON - 000060,Washington,000060,Cottage Grove P-5,3747,2987,235,3,174,2,287,178,2730,2294,141,2,116,2,140,91,84.03,5.16,0.07,4.25,0.07,5.13,3.33
WASHINGTON - 000070,Washington,000070,Cottage Grove P-7,7794,6083,414,52,475,2,547,568,5875,4807,280,39,311,2,293,343,81.82,4.77,0.66,5.29,0.03,4.99,5.84
WASHINGTON - 000055,Washington,000055,Cottage Grove P-4,3792,2946,170,14,208,2,331,346,2811,2295,98,14,142,2,180,217,81.64,3.49,0.50,5.05,0.07,6.40,7.72
WASHINGTON - 000045,Washington,000045,Cottage Grove P-2,8313,6136,697,40,544,4,637,655,6156,4806,430,32,378,4,331,406,78.07,6.99,0.52,6.14,0.06,5.38,6.60
WASHINGTON - 000095,Washington,000095,Dellwood,1171,1059,10,0,37,0,49,28,856,794,4,0,30,0,19,13,92.76,0.47,0.00,3.50,0.00,2.22,1.52
WASHINGTON - 000100,Washington,000100,Denmark Twp,1801,1675,5,3,18,0,63,59,1434,1342,4,3,17,0,41,37,93.58,0.28,0.21,1.19,0.00,2.86,2.58
WASHINGTON - 000115,Washington,000115,Forest Lake P-3,3526,3286,16,17,47,2,146,91,2814,2673,5,11,38,2,78,46,94.99,0.18,0.39,1.35,0.07,2.77,1.63
WASHINGTON - 000120,Washington,000120,Forest Lake P-4,2726,2458,9,2,53,1,166,91,2144,1983,6,1,32,1,94,61,92.49,0.28,0.05,1.49,0.05,4.38,2.85
WASHINGTON - 000125,Washington,000125,Forest Lake P-5,6006,5282,126,22,242,0,283,187,4248,3832,76,15,130,0,163,114,90.21,1.79,0.35,3.06,0.00,3.84,2.68
WASHINGTON - 000105,Washington,000105,Forest Lake P-1,5258,4397,167,34,169,0,402,300,3941,3418,101,21,116,0,226,194,86.73,2.56,0.53,2.94,0.00,5.73,4.92
WASHINGTON - 000130,Washington,000130,Grant,3966,3659,10,4,65,0,184,99,3170,2966,5,4,50,0,112,63,93.56,0.16,0.13,1.58,0.00,3.53,1.99
WASHINGTON - 000135,Washington,000135,Grey Cloud Island Twp,301,259,7,5,5,2,23,12,239,202,7,3,5,2,20,9,84.52,2.93,1.26,2.09,0.84,8.37,3.77
WASHINGTON - 000145,Washington,000145,Hugo W-1 P-1,5427,4925,75,19,152,0,220,141,4075,3778,43,11,106,0,109,67,92.71,1.06,0.27,2.60,0.00,2.67,1.64
WASHINGTON - 000150,Washington,000150,Hugo W-2 P-2A,654,504,7,6,54,0,68,48,502,423,7,6,32,0,29,17,84.26,1.39,1.20,6.37,0.00,5.78,3.39
WASHINGTON - 000170,Washington,000170,Lake Elmo P-1,6245,4769,171,47,461,1,412,611,4680,3797,102,32,294,0,233,343,81.13,2.18,0.68,6.28,0.00,4.98,7.33
WASHINGTON - 000180,Washington,000180,Lakeland,1710,1585,1,4,21,0,73,49,1402,1318,1,2,15,0,51,26,94.01,0.07,0.14,1.07,0.00,3.64,1.85
WASHINGTON - 000190,Washington,000190,Lake Saint Croix Beach,1043,969,2,5,5,0,56,27,861,812,2,4,4,0,35,15,94.31,0.23,0.46,0.46,0.00,4.07,1.74
WASHINGTON - 000200,Washington,000200,Mahtomedi P-1,3733,3369,49,10,59,0,210,102,2846,2626,45,6,37,0,111,57,92.27,1.58,0.21,1.30,0.00,3.90,2.00
WASHINGTON - 000215,Washington,000215,May Twp,2670,2517,8,4,26,2,102,33,2188,2079,4,3,23,0,75,15,95.02,0.18,0.14,1.05,0.00,3.43,0.69
WASHINGTON - 000220,Washington,000220,Newport,3797,2635,370,62,285,0,317,300,2859,2146,221,45,185,0,156,204,75.06,7.73,1.57,6.47,0.00,5.46,7.14
WASHINGTON - 000235,Washington,000235,Oakdale P-3,4736,3206,486,16,577,5,316,316,3728,2780,298,12,383,5,164,189,74.57,7.99,0.32,10.27,0.13,4.40,5.07
WASHINGTON - 000255,Washington,000255,Oakdale P-7,4977,3547,278,23,753,5,266,266,3923,3027,182,15,478,4,149,158,77.16,4.64,0.38,12.18,0.10,3.80,4.03
WASHINGTON - 000230,Washington,000230,Oakdale P-2,3082,1897,444,20,419,1,237,153,2384,1650,273,19,272,0,125,97,69.21,11.45,0.80,11.41,0.00,5.24,4.07
WASHINGTON - 000225,Washington,000225,Oakdale P-1,3007,2039,228,32,374,2,223,239,2354,1714,148,31,245,2,134,168,72.81,6.29,1.32,10.41,0.08,5.69,7.14
WASHINGTON - 000275,Washington,000275,Pine Springs,377,342,0,0,6,0,29,10,293,266,0,0,6,0,21,7,90.78,0.00,0.00,2.05,0.00,7.17,2.39
WASHINGTON - 000290,Washington,000290,Saint Paul Park P-2,374,240,21,5,37,0,47,46,252,168,18,5,23,0,23,30,66.67,7.14,1.98,9.13,0.00,9.13,11.90
WASHINGTON - 000295,Washington,000295,Saint Paul Park P-3,1916,1505,67,15,121,0,151,168,1451,1198,47,10,80,0,73,97,82.56,3.24,0.69,5.51,0.00,5.03,6.69
WASHINGTON - 000330,Washington,000330,Stillwater W-3 P-5,4942,4623,37,7,69,0,189,124,3583,3387,21,7,51,0,107,64,94.53,0.59,0.20,1.42,0.00,2.99,1.79
SWIFT - 000005,Swift,000005,Appleton,1392,1131,12,7,11,133,77,62,1059,907,7,4,9,72,42,34,85.65,0.66,0.38,0.85,6.80,3.97,3.21
SWIFT - 000010,Swift,000010,Appleton Twp,193,187,0,1,1,0,3,0,154,152,0,0,0,0,1,0,98.70,0.00,0.00,0.00,0.00,0.65,0.00
SWIFT - 000145,Swift,000145,Torning Twp,409,379,1,0,0,0,28,12,323,302,0,0,0,0,21,8,93.50,0.00,0.00,0.00,0.00,6.50,2.48
SWIFT - 000015,Swift,000015,Benson P-1,1723,1512,46,14,28,0,73,146,1285,1193,24,4,14,0,27,51,92.84,1.87,0.31,1.09,0.00,2.10,3.97
SWIFT - 000020,Swift,000020,Benson P-2,1757,1632,13,1,12,0,68,99,1416,1347,2,0,8,0,41,51,95.13,0.14,0.00,0.56,0.00,2.90,3.60
SWIFT - 000130,Swift,000130,Six Mile Grove Twp,152,149,0,0,2,0,1,2,116,115,0,0,0,0,1,0,99.14,0.00,0.00,0.00,0.00,0.86,0.00
SWIFT - 000025,Swift,000025,Benson Twp,306,288,1,1,7,0,1,10,235,222,1,1,3,0,1,9,94.47,0.43,0.43,1.28,0.00,0.43,3.83
SWIFT - 000030,Swift,000030,Camp Lake Twp,162,153,0,2,4,0,2,1,123,119,0,2,1,0,1,0,96.75,0.00,1.63,0.81,0.00,0.81,0.00
SWIFT - 000035,Swift,000035,Cashel Twp,147,125,2,0,0,0,3,18,115,95,2,0,0,0,1,18,82.61,1.74,0.00,0.00,0.00,0.87,15.65
SWIFT - 000040,Swift,000040,Clontarf,128,123,1,0,0,0,4,3,101,100,0,0,0,0,1,1,99.01,0.00,0.00,0.00,0.00,0.99,0.99
SWIFT - 000045,Swift,000045,Clontarf Twp,85,84,0,0,0,0,1,0,67,67,0,0,0,0,0,0,100.00,0.00,0.00,0.00,0.00,0.00,0.00
SWIFT - 000050,Swift,000050,Danvers,103,99,0,0,0,0,4,1,69,68,0,0,0,0,1,0,98.55,0.00,0.00,0.00,0.00,1.45,0.00
SWIFT - 000055,Swift,000055,DeGraff,110,108,0,0,0,0,2,1,87,86,0,0,0,0,1,0,98.85,0.00,0.00,0.00,0.00,1.15,0.00
SWIFT - 000100,Swift,000100,Kildare Twp,134,129,0,1,0,0,4,1,108,107,0,1,0,0,0,0,99.07,0.00,0.93,0.00,0.00,0.00,0.00
SWIFT - 000060,Swift,000060,Dublin Twp,192,139,0,2,0,0,23,46,147,109,0,1,0,0,11,43,74.15,0.00,0.68,0.00,0.00,7.48,29.25
SWIFT - 000115,Swift,000115,Murdock,306,228,2,4,4,0,35,69,223,177,2,2,1,0,24,36,79.37,0.90,0.90,0.45,0.00,10.76,16.14
SWIFT - 000065,Swift,000065,Edison Twp,98,96,0,1,0,0,0,1,81,80,0,0,0,0,0,0,98.77,0.00,0.00,0.00,0.00,0.00,0.00
SWIFT - 000070,Swift,000070,Fairfield Twp,114,113,0,0,0,0,0,1,94,93,0,0,0,0,0,1,98.94,0.00,0.00,0.00,0.00,0.00,1.06
SWIFT - 000075,Swift,000075,Hayes Twp,223,223,0,0,0,0,0,0,161,161,0,0,0,0,0,0,100.00,0.00,0.00,0.00,0.00,0.00,0.00
SWIFT - 000080,Swift,000080,Hegbert Twp,79,78,1,0,0,0,0,1,63,63,0,0,0,0,0,0,100.00,0.00,0.00,0.00,0.00,0.00,0.00
SWIFT - 000085,Swift,000085,Holloway,87,84,0,2,0,0,0,2,76,75,0,1,0,0,0,0,98.68,0.00,1.32,0.00,0.00,0.00,0.00
SWIFT - 000110,Swift,000110,Moyer Twp,94,90,0,0,2,0,2,0,67,65,0,0,2,0,0,0,97.01,0.00,0.00,2.99,0.00,0.00,0.00
SWIFT - 000090,Swift,000090,Kerkhoven,805,693,5,6,3,0,50,125,571,498,2,3,3,0,28,78,87.22,0.35,0.53,0.53,0.00,4.90,13.66
SWIFT - 000120,Swift,000120,Pillsbury Twp,287,253,0,3,3,0,7,37,219,192,0,2,1,0,3,35,87.67,0.00,0.91,0.46,0.00,1.37,15.98
SWIFT - 000095,Swift,000095,Kerkhoven Twp,227,224,0,1,0,0,2,0,186,185,0,1,0,0,0,0,99.46,0.00,0.54,0.00,0.00,0.00,0.00
SWIFT - 000105,Swift,000105,Marysland Twp,96,90,0,0,0,0,6,4,67,64,0,0,0,0,3,1,95.52,0.00,0.00,0.00,0.00,4.48,1.49
SWIFT - 000125,Swift,000125,Shible Twp,101,97,0,0,1,0,3,1,73,70,0,0,1,0,2,0,95.89,0.00,0.00,1.37,0.00,2.74,0.00
SWIFT - 000135,Swift,000135,Swenoda Twp,104,99,0,0,0,0,5,1,83,80,0,0,0,0,3,0,96.39,0.00,0.00,0.00,0.00,3.61,0.00
SWIFT - 000140,Swift,000140,Tara Twp,86,80,0,1,0,0,2,6,65,61,0,1,0,0,0,4,93.85,0.00,1.54,0.00,0.00,0.00,6.15
SWIFT - 000150,Swift,000150,West Bank Twp,138,121,4,2,0,0,6,12,107,98,0,2,0,0,4,6,91.59,0.00,1.87,0.00,0.00,3.74,5.61
POLK - 000310,Polk,000310,Knute Twp,563,535,0,2,0,0,21,8,448,432,0,2,0,0,11,4,96.43,0.00,0.45,0.00,0.00,2.46,0.89
POLK - 000315,Polk,000315,Lengby,92,81,0,9,1,0,1,2,68,62,0,5,1,0,0,0,91.18,0.00,7.35,1.47,0.00,0.00,0.00
POLK - 000320,Polk,000320,Lessor Twp,139,132,0,0,1,0,6,2,114,111,0,0,1,0,2,0,97.37,0.00,0.00,0.88,0.00,1.75,0.00
POLK - 000325,Polk,000325,Liberty Twp,113,102,0,0,0,0,11,1,84,78,0,0,0,0,6,1,92.86,0.00,0.00,0.00,0.00,7.14,1.19
POLK - 000330,Polk,000330,Lowell Twp,287,251,9,6,6,0,6,29,241,210,9,5,6,0,2,25,87.14,3.73,2.07,2.49,0.00,0.83,10.37
POLK - 000335,Polk,000335,McIntosh,606,564,7,6,3,0,24,15,472,450,6,4,1,0,9,12,95.34,1.27,0.85,0.21,0.00,1.91,2.54
POLK - 000340,Polk,000340,Mentor,104,100,0,3,0,0,1,0,92,88,0,3,0,0,1,0,95.65,0.00,3.26,0.00,0.00,1.09,0.00
POLK - 000345,Polk,000345,Nesbit Twp,111,105,0,1,2,0,3,1,83,79,0,1,2,0,1,0,95.18,0.00,1.20,2.41,0.00,1.20,0.00
POLK - 000350,Polk,000350,Nielsville,78,60,0,1,0,0,9,22,59,51,0,0,0,0,3,13,86.44,0.00,0.00,0.00,0.00,5.08,22.03
POLK - 000355,Polk,000355,Northland Twp,151,150,0,0,0,0,1,1,115,114,0,0,0,0,1,1,99.13,0.00,0.00,0.00,0.00,0.87,0.87
POLK - 000360,Polk,000360,Onstad Twp,61,58,0,0,0,0,3,0,47,47,0,0,0,0,0,0,100.00,0.00,0.00,0.00,0.00,0.00,0.00
POLK - 000365,Polk,000365,Parnell Twp,61,57,0,0,0,0,4,2,45,41,0,0,0,0,4,1,91.11,0.00,0.00,0.00,0.00,8.89,2.22
POLK - 000370,Polk,000370,Queen Twp,219,217,0,1,0,0,1,1,165,164,0,1,0,0,0,0,99.39,0.00,0.61,0.00,0.00,0.00,0.00
POLK - 000375,Polk,000375,Reis Twp,82,74,0,0,0,0,6,3,58,55,0,0,0,0,1,3,94.83,0.00,0.00,0.00,0.00,1.72,5.17
POLK - 000380,Polk,000380,Rhinehart Twp,139,133,0,2,0,0,2,2,88,84,0,2,0,0,1,1,95.45,0.00,2.27,0.00,0.00,1.14,1.14
POLK - 000385,Polk,000385,Roome Twp,167,160,0,1,2,0,3,9,120,116,0,0,2,0,2,4,96.67,0.00,0.00,1.67,0.00,1.67,3.33
POLK - 000395,Polk,000395,Russia Twp,29,26,0,0,0,0,2,1,25,23,0,0,0,0,1,0,92.00,0.00,0.00,0.00,0.00,4.00,0.00
POLK - 000400,Polk,000400,Sandsville Twp,47,44,0,0,0,0,3,0,33,31,0,0,0,0,2,0,93.94,0.00,0.00,0.00,0.00,6.06,0.00
POLK - 000405,Polk,000405,Scandia Twp,64,63,0,1,0,0,0,3,45,44,0,1,0,0,0,1,97.78,0.00,2.22,0.00,0.00,0.00,2.22
POLK - 000410,Polk,000410,Sletten Twp,200,190,0,1,0,0,9,8,122,118,0,1,0,0,3,2,96.72,0.00,0.82,0.00,0.00,2.46,1.64
POLK - 000415,Polk,000415,Sullivan Twp,164,157,0,1,0,0,6,1,129,124,0,1,0,0,4,1,96.12,0.00,0.78,0.00,0.00,3.10,0.78
POLK - 000420,Polk,000420,Tabor Twp,115,114,0,0,1,0,0,2,86,85,0,0,1,0,0,2,98.84,0.00,0.00,1.16,0.00,0.00,2.33
POLK - 000430,Polk,000430,Trail,40,37,2,0,0,0,1,2,36,35,0,0,0,0,1,0,97.22,0.00,0.00,0.00,0.00,2.78,0.00
POLK - 000435,Polk,000435,Tynsid Twp,77,74,0,0,0,0,3,2,52,52,0,0,0,0,0,0,100.00,0.00,0.00,0.00,0.00,0.00,0.00
POLK - 000440,Polk,000440,Vineland Twp,89,89,0,0,0,0,0,0,72,72,0,0,0,0,0,0,100.00,0.00,0.00,0.00,0.00,0.00,0.00
POLK - 000445,Polk,000445,Winger,174,156,0,3,0,0,15,2,130,118,0,3,0,0,9,2,90.77,0.00,2.31,0.00,0.00,6.92,1.54
POLK - 000450,Polk,000450,Winger Twp,195,158,1,4,2,0,25,3,133,113,1,2,0,0,13,2,84.96,0.75,1.50,0.00,0.00,9.77,1.50
POLK - 000455,Polk,000455,Woodside Twp,512,487,0,6,0,0,13,4,443,427,0,6,0,0,6,2,96.39,0.00,1.35,0.00,0.00,1.35,0.45
WASHINGTON - 000325,Washington,000325,Stillwater W-2 P-4,2929,2651,27,10,29,4,177,86,2380,2214,19,4,18,4,102,42,93.03,0.80,0.17,0.76,0.17,4.29,1.76
WASHINGTON - 000340,Washington,000340,Stillwater W-4 P-7,2733,2439,23,5,59,2,180,104,2146,1992,11,3,42,2,87,54,92.82,0.51,0.14,1.96,0.09,4.05,2.52
WASHINGTON - 000350,Washington,000350,Stillwater Twp P-1,1866,1751,6,1,28,0,67,22,1534,1455,0,0,22,0,47,13,94.85,0.00,0.00,1.43,0.00,3.06,0.85
WASHINGTON - 000365,Washington,000365,White Bear Lake W-4 P-2,397,373,2,1,6,0,12,12,335,314,1,0,6,0,11,9,93.73,0.30,0.00,1.79,0.00,3.28,2.69
WASHINGTON - 000435,Washington,000435,Woodbury P-13A,4574,3269,180,11,664,0,376,250,2997,2217,104,8,420,0,191,161,73.97,3.47,0.27,14.01,0.00,6.37,5.37
WASHINGTON - 000415,Washington,000415,Woodbury P-9A,7849,5456,949,36,781,1,535,313,5663,4195,559,30,558,0,263,184,74.08,9.87,0.53,9.85,0.00,4.64,3.25
WASHINGTON - 000445,Washington,000445,Woodbury P-15,6075,4402,243,15,936,0,421,245,4059,3047,161,10,612,0,192,153,75.07,3.97,0.25,15.08,0.00,4.73,3.77
WASHINGTON - 000385,Washington,000385,Woodbury P-3,3010,1957,253,13,507,0,212,170,2302,1629,167,6,348,0,107,101,70.76,7.25,0.26,15.12,0.00,4.65,4.39
WASHINGTON - 000450,Washington,000450,Woodbury P-16,6519,4803,326,18,811,3,499,287,4187,3181,194,8,528,3,233,148,75.97,4.63,0.19,12.61,0.07,5.56,3.53
WASHINGTON - 000425,Washington,000425,Woodbury P-11,4470,3517,250,15,340,0,298,182,3272,2667,151,5,253,0,168,115,81.51,4.61,0.15,7.73,0.00,5.13,3.51
WASHINGTON - 000410,Washington,000410,Woodbury P-8,4458,3541,160,6,389,0,312,182,3319,2730,116,2,290,0,142,106,82.25,3.50,0.06,8.74,0.00,4.28,3.19
WASHINGTON - 000395,Washington,000395,Woodbury P-5,4318,3096,480,23,275,0,364,275,3373,2601,316,16,210,0,175,159,77.11,9.37,0.47,6.23,0.00,5.19,4.71
WASHINGTON - 000110,Washington,000110,Forest Lake P-2,3095,2773,32,16,36,1,187,113,2453,2262,22,10,32,0,99,61,92.21,0.90,0.41,1.30,0.00,4.04,2.49
WASHINGTON - 000165,Washington,000165,Hugo W-3 P-3B,1219,1081,6,7,21,2,75,41,936,847,4,2,15,2,52,25,90.49,0.43,0.21,1.60,0.21,5.56,2.67
WASHINGTON - 000140,Washington,000140,Hastings W-1 P-1,2,0,0,0,1,0,1,0,0,0,0,0,0,0,0,0,0.00,0.00,0.00,0.00,0.00,0.00,0.00
WASHINGTON - 000320,Washington,000320,Stillwater W-2 P-3,2083,1843,28,15,27,1,136,101,1645,1494,23,13,18,1,74,54,90.82,1.40,0.79,1.09,0.06,4.50,3.28
WASHINGTON - 000315,Washington,000315,Stillwater W-1 P-2,2714,2425,59,16,32,2,158,76,2133,1923,46,16,26,0,108,50,90.15,2.16,0.75,1.22,0.00,5.06,2.34
WASHINGTON - 000360,Washington,000360,West Lakeland Twp,3976,3528,29,11,201,1,182,95,3048,2764,21,7,123,0,117,48,90.68,0.69,0.23,4.04,0.00,3.84,1.57
WASHINGTON - 000160,Washington,000160,Hugo W-3 P-3A,3791,3228,111,19,142,0,217,147,2752,2406,55,12,108,0,118,101,87.43,2.00,0.44,3.92,0.00,4.29,3.67
WASHINGTON - 000155,Washington,000155,Hugo W-2 P-2B,4675,4099,108,16,158,0,250,161,3391,3047,63,11,116,0,118,93,89.86,1.86,0.32,3.42,0.00,3.48,2.74
WASHINGTON - 000175,Washington,000175,Lake Elmo P-2,5090,4560,30,12,171,0,268,150,3762,3416,26,9,119,0,144,84,90.80,0.69,0.24,3.16,0.00,3.83,2.23
WASHINGTON - 000185,Washington,000185,Lakeland Shores,339,317,0,1,8,0,13,5,250,233,0,1,4,0,12,2,93.20,0.00,0.40,1.60,0.00,4.80,0.80
WASHINGTON - 000195,Washington,000195,Landfall,843,366,13,13,45,0,77,427,594,303,6,11,37,0,35,250,51.01,1.01,1.85,6.23,0.00,5.89,42.09
WASHINGTON - 000205,Washington,000205,Mahtomedi P-2,4405,3825,197,4,117,0,233,97,3313,2983,102,2,84,0,121,63,90.04,3.08,0.06,2.54,0.00,3.65,1.90
WASHINGTON - 000210,Washington,000210,Marine on Saint Croix,664,616,1,5,5,5,22,8,555,517,0,3,4,3,18,5,93.15,0.00,0.54,0.72,0.54,3.24,0.90
WASHINGTON - 000240,Washington,000240,Oakdale P-4,3433,2297,404,3,412,0,227,212,2697,1985,253,0,271,0,118,143,73.60,9.38,0.00,10.05,0.00,4.38,5.30
WASHINGTON - 000245,Washington,000245,Oakdale P-5,4354,2723,624,37,437,0,334,363,3396,2330,416,31,290,0,196,217,68.61,12.25,0.91,8.54,0.00,5.77,6.39
WASHINGTON - 000250,Washington,000250,Oakdale P-6,3423,2340,391,6,426,0,178,177,2646,1948,238,2,296,0,115,112,73.62,8.99,0.08,11.19,0.00,4.35,4.23
WASHINGTON - 000260,Washington,000260,Oakdale P-8,1291,1077,48,7,96,0,57,27,1103,946,36,7,72,0,36,16,85.77,3.26,0.63,6.53,0.00,3.26,1.45
WASHINGTON - 000270,Washington,000270,Oak Park Heights,4849,4112,232,54,154,1,238,149,4155,3607,212,50,107,0,136,109,86.81,5.10,1.20,2.58,0.00,3.27,2.62
WASHINGTON - 000280,Washington,000280,Saint Mary's Point,353,330,0,0,1,0,13,8,299,284,0,0,1,0,11,2,94.98,0.00,0.00,0.33,0.00,3.68,0.67
WASHINGTON - 000285,Washington,000285,Saint Paul Park P-1,1494,1080,101,14,105,0,137,126,1135,876,61,12,69,0,77,86,77.18,5.37,1.06,6.08,0.00,6.78,7.58
WASHINGTON - 000300,Washington,000300,Saint Paul Park P-4,1742,1382,39,13,144,0,125,111,1335,1130,30,10,86,0,55,64,84.64,2.25,0.75,6.44,0.00,4.12,4.79
WASHINGTON - 000305,Washington,000305,Scandia,3984,3725,10,6,23,0,186,80,3212,3030,0,1,17,0,130,62,94.33,0.00,0.03,0.53,0.00,4.05,1.93
WASHINGTON - 000345,Washington,000345,Stillwater W-4 P-8,2020,1820,15,5,28,0,140,48,1443,1340,8,5,21,0,61,29,92.86,0.55,0.35,1.46,0.00,4.23,2.01
WASHINGTON - 000310,Washington,000310,Stillwater W-1 P-1,1973,1641,132,9,50,0,111,84,1477,1300,75,9,31,0,46,41,88.02,5.08,0.61,2.10,0.00,3.11,2.78
WASHINGTON - 000370,Washington,000370,Willernie,515,422,9,6,8,0,57,26,404,351,9,3,7,0,24,12,86.88,2.23,0.74,1.73,0.00,5.94,2.97
WASHINGTON - 000440,Washington,000440,Woodbury P-14,3912,3066,123,9,419,3,250,169,3119,2568,94,9,299,3,123,92,82.33,3.01,0.29,9.59,0.10,3.94,2.95
WASHINGTON - 000430,Washington,000430,Woodbury P-12,5093,3399,450,11,770,0,378,247,3665,2595,279,7,545,0,178,160,70.80,7.61,0.19,14.87,0.00,4.86,4.37
WASHINGTON - 000380,Washington,000380,Woodbury P-2,5053,3463,562,16,634,3,275,248,3918,2874,350,8,448,3,170,168,73.35,8.93,0.20,11.43,0.08,4.34,4.29
WASHINGTON - 000390,Washington,000390,Woodbury P-4,4100,3148,295,14,283,0,309,220,3168,2582,201,4,190,0,158,125,81.50,6.34,0.13,6.00,0.00,4.99,3.95
WASHINGTON - 000400,Washington,000400,Woodbury P-6,3015,2283,204,6,329,0,152,114,2208,1753,114,6,228,0,77,69,79.39,5.16,0.27,10.33,0.00,3.49,3.12
WASHINGTON - 000375,Washington,000375,Woodbury P-1,4005,2735,429,20,375,4,322,318,3058,2246,278,17,245,3,186,212,73.45,9.09,0.56,8.01,0.10,6.08,6.93
WASHINGTON - 000405,Washington,000405,Woodbury P-7,3654,2610,294,16,435,0,259,158,2842,2141,199,13,301,0,156,95,75.33,7.00,0.46,10.59,0.00,5.49,3.34
WASHINGTON - 000420,Washington,000420,Woodbury P-10,4997,3574,380,17,628,5,330,225,3749,2805,266,11,428,1,187,156,74.82,7.10,0.29,11.42,0.03,4.99,4.16
POLK - 000005,Polk,000005,Andover Twp,109,107,0,0,1,0,0,0,86,85,0,0,1,0,0,0,98.84,0.00,0.00,1.16,0.00,0.00,0.00
POLK - 000010,Polk,000010,Angus Twp,82,81,0,1,0,0,0,1,60,59,0,1,0,0,0,0,98.33,0.00,1.67,0.00,0.00,0.00,0.00
POLK - 000015,Polk,000015,Badger Twp,118,108,0,0,0,0,7,2,84,76,0,0,0,0,5,2,90.48,0.00,0.00,0.00,0.00,5.95,2.38
POLK - 000020,Polk,000020,Belgium Twp,63,59,0,0,0,0,4,1,55,53,0,0,0,0,2,0,96.36,0.00,0.00,0.00,0.00,3.64,0.00
POLK - 000025,Polk,000025,Beltrami,88,81,0,5,0,0,2,5,66,59,0,5,0,0,2,5,89.39,0.00,7.58,0.00,0.00,3.03,7.58
POLK - 000030,Polk,000030,Brandsvold Twp,253,240,0,0,0,0,13,0,189,183,0,0,0,0,6,0,96.83,0.00,0.00,0.00,0.00,3.17,0.00
POLK - 000035,Polk,000035,Brandt Twp,45,42,0,0,0,0,1,2,38,35,0,0,0,0,1,2,92.11,0.00,0.00,0.00,0.00,2.63,5.26
POLK - 000040,Polk,000040,Brislet Twp,46,43,0,0,0,0,2,2,29,27,0,0,0,0,1,1,93.10,0.00,0.00,0.00,0.00,3.45,3.45
POLK - 000045,Polk,000045,Bygland Twp,258,248,1,2,0,0,4,2,195,187,1,2,0,0,2,1,95.90,0.51,1.03,0.00,0.00,1.03,0.51
POLK - 000050,Polk,000050,Chester Twp,96,96,0,0,0,0,0,0,68,68,0,0,0,0,0,0,100.00,0.00,0.00,0.00,0.00,0.00,0.00
POLK - 000055,Polk,000055,Climax,243,222,0,5,1,0,10,7,168,156,0,1,1,0,5,6,92.86,0.00,0.60,0.60,0.00,2.98,3.57
POLK - 000060,Polk,000060,Columbia Twp,438,416,0,8,3,0,11,1,339,323,0,2,3,0,11,1,95.28,0.00,0.59,0.88,0.00,3.24,0.29
POLK - 000065,Polk,000065,Crookston W-1,1197,956,16,30,6,1,142,201,924,773,11,20,6,0,86,117,83.66,1.19,2.16,0.65,0.00,9.31,12.66
POLK - 000070,Polk,000070,Crookston W-2,1303,1143,17,20,19,0,64,158,1000,903,7,6,17,0,36,85,90.30,0.70,0.60,1.70,0.00,3.60,8.50
POLK - 000090,Polk,000090,Crookston W-6,1255,946,156,16,12,0,84,144,1023,775,148,9,9,0,58,102,75.76,14.47,0.88,0.88,0.00,5.67,9.97
POLK - 000075,Polk,000075,Crookston W-3,1420,1205,21,23,12,0,91,191,1086,957,14,9,10,0,52,103,88.12,1.29,0.83,0.92,0.00,4.79,9.48
POLK - 000080,Polk,000080,Crookston W-4,1155,876,21,19,7,0,148,238,841,700,14,12,5,0,58,126,83.23,1.66,1.43,0.59,0.00,6.90,14.98
POLK - 000085,Polk,000085,Crookston W-5,1152,929,13,34,2,2,129,156,875,724,13,23,2,0,85,96,82.74,1.49,2.63,0.23,0.00,9.71,10.97
POLK - 000105,Polk,000105,Crookston Twp,441,405,3,2,2,0,18,19,357,336,2,2,2,0,9,14,94.12,0.56,0.56,0.56,0.00,2.52,3.92
POLK - 000120,Polk,000120,East Grand Forks W-2,1910,1642,85,27,13,1,112,107,1434,1274,42,22,11,0,65,57,88.84,2.93,1.53,0.77,0.00,4.53,3.97
POLK - 000130,Polk,000130,East Grand Forks W-3,1694,1073,387,49,18,0,108,147,1148,793,201,42,15,0,57,85,69.08,17.51,3.66,1.31,0.00,4.97,7.40
POLK - 000150,Polk,000150,East Grand Forks W-5,1732,1446,80,31,17,0,113,111,1334,1160,50,19,12,0,58,75,86.96,3.75,1.42,0.90,0.00,4.35,5.62
POLK - 000140,Polk,000140,East Grand Forks W-4,1788,1471,117,14,4,0,144,143,1345,1147,66,13,2,0,90,96,85.28,4.91,0.97,0.15,0.00,6.69,7.14
POLK - 000110,Polk,000110,East Grand Forks W-1,2052,1921,12,19,1,0,93,60,1352,1283,6,18,1,0,44,24,94.90,0.44,1.33,0.07,0.00,3.25,1.78
POLK - 000160,Polk,000160,Eden Twp,191,180,0,8,2,0,1,3,145,141,0,2,2,0,0,3,97.24,0.00,1.38,1.38,0.00,0.00,2.07
POLK - 000165,Polk,000165,Erskine,403,375,1,4,0,0,17,14,319,296,1,4,0,0,12,8,92.79,0.31,1.25,0.00,0.00,3.76,2.51
POLK - 000170,Polk,000170,Esther Twp,148,145,0,0,0,0,3,5,111,109,0,0,0,0,2,0,98.20,0.00,0.00,0.00,0.00,1.80,0.00
POLK - 000175,Polk,000175,Euclid Twp,134,130,0,0,0,0,4,0,105,102,0,0,0,0,3,0,97.14,0.00,0.00,0.00,0.00,2.86,0.00
POLK - 000180,Polk,000180,Fairfax Twp,160,149,1,1,0,0,3,4,123,117,1,0,0,0,2,0,95.12,0.81,0.00,0.00,0.00,1.63,0.00
POLK - 000185,Polk,000185,Fanny Twp,89,83,0,2,0,0,4,2,70,68,0,2,0,0,0,0,97.14,0.00,2.86,0.00,0.00,0.00,0.00
WRIGHT - 000156,Wright,000156,Saint Michael P-1B,10176,9029,230,39,238,8,528,286,7174,6492,149,32,173,6,248,160,90.49,2.08,0.45,2.41,0.08,3.46,2.23
WRIGHT - 000165,Wright,000165,South Haven,185,172,0,2,0,0,6,4,139,132,0,2,0,0,3,4,94.96,0.00,1.44,0.00,0.00,2.16,2.88
WRIGHT - 000175,Wright,000175,Stockholm Twp,986,913,8,4,0,0,46,33,662,624,1,4,0,0,24,14,94.26,0.15,0.60,0.00,0.00,3.63,2.11
WRIGHT - 000185,Wright,000185,Waverly,1900,1706,23,14,12,0,121,64,1357,1240,17,10,10,0,66,32,91.38,1.25,0.74,0.74,0.00,4.86,2.36
WRIGHT - 000141,Wright,000141,Otsego P-2A,7600,6761,168,32,159,3,357,255,5477,5011,108,25,104,1,153,136,91.49,1.97,0.46,1.90,0.02,2.79,2.48
WRIGHT - 000142,Wright,000142,Otsego P-3,1154,980,22,1,23,0,71,82,892,777,16,0,18,0,46,51,87.11,1.79,0.00,2.02,0.00,5.16,5.72
WRIGHT - 000096,Wright,000096,Hanover P-3,12,12,0,0,0,0,0,0,5,5,0,0,0,0,0,0,100.00,0.00,0.00,0.00,0.00,0.00,0.00
WRIGHT - 000145,Wright,000145,Rockford,4045,3586,73,17,59,0,249,169,3003,2725,47,12,44,0,132,82,90.74,1.57,0.40,1.47,0.00,4.40,2.73
WRIGHT - 000155,Wright,000155,Saint Michael P-1A,8059,6948,403,18,154,2,421,277,5448,4814,238,8,109,2,208,148,88.36,4.37,0.15,2.00,0.04,3.82,2.72
WRIGHT - 000160,Wright,000160,Silver Creek Twp,2559,2399,8,12,8,0,103,38,1942,1844,8,12,7,0,52,21,94.95,0.41,0.62,0.36,0.00,2.68,1.08
WRIGHT - 000170,Wright,000170,Southside Twp,1526,1465,0,3,4,0,46,18,1202,1164,0,3,2,0,26,12,96.84,0.00,0.25,0.17,0.00,2.16,1.00
WRIGHT - 000180,Wright,000180,Victor Twp,1053,1006,0,1,3,0,36,11,822,792,0,0,3,0,22,9,96.35,0.00,0.00,0.36,0.00,2.68,1.09
WRIGHT - 000140,Wright,000140,Otsego P-1A,11212,9643,514,27,251,4,638,279,7265,6383,307,13,175,2,300,142,87.86,4.23,0.18,2.41,0.03,4.13,1.95
WRIGHT - 000005,Wright,000005,Albertville P-1,5088,4225,269,15,159,3,324,184,3430,2945,146,14,126,3,141,101,85.86,4.26,0.41,3.67,0.09,4.11,2.94
WRIGHT - 000010,Wright,000010,Albion Twp,1264,1196,0,1,5,0,52,16,955,912,0,1,5,0,27,11,95.50,0.00,0.10,0.52,0.00,2.83,1.15
WRIGHT - 000015,Wright,000015,Annandale,3330,3081,17,9,18,1,147,104,2533,2377,17,7,9,1,85,70,93.84,0.67,0.28,0.36,0.04,3.36,2.76
WRIGHT - 000020,Wright,000020,Buffalo P-1,7703,6830,153,34,102,0,430,291,5642,5095,99,20,81,0,227,177,90.30,1.75,0.35,1.44,0.00,4.02,3.14
WRIGHT - 000025,Wright,000025,Buffalo P-2,4551,4264,23,17,30,3,184,102,3418,3221,14,9,26,2,127,55,94.24,0.41,0.26,0.76,0.06,3.72,1.61
REDWOOD - 000165,Redwood,000165,Swedes Forest Twp,103,101,0,0,0,0,2,1,83,81,0,0,0,0,2,1,97.59,0.00,0.00,0.00,0.00,2.41,1.20
REDWOOD - 000170,Redwood,000170,Three Lakes Twp,203,197,0,1,0,0,5,0,142,138,0,1,0,0,3,0,97.18,0.00,0.70,0.00,0.00,2.11,0.00
REDWOOD - 000175,Redwood,000175,Underwood Twp,161,156,3,0,0,0,2,2,123,121,2,0,0,0,0,0,98.37,1.63,0.00,0.00,0.00,0.00,0.00
REDWOOD - 000180,Redwood,000180,Vail Twp,218,216,0,0,0,0,2,0,174,173,0,0,0,0,1,0,99.43,0.00,0.00,0.00,0.00,0.57,0.00
REDWOOD - 000185,Redwood,000185,Vesta,276,255,4,0,1,0,12,8,189,178,1,0,0,0,9,3,94.18,0.53,0.00,0.00,0.00,4.76,1.59
REDWOOD - 000190,Redwood,000190,Vesta Twp,179,179,0,0,0,0,0,0,134,134,0,0,0,0,0,0,100.00,0.00,0.00,0.00,0.00,0.00,0.00
REDWOOD - 000195,Redwood,000195,Wabasso,739,696,2,4,5,0,27,19,545,519,2,2,5,0,14,10,95.23,0.37,0.37,0.92,0.00,2.57,1.83
REDWOOD - 000105,Redwood,000105,Paxton Twp,591,260,1,270,0,0,56,43,408,215,1,164,0,0,25,18,52.70,0.25,40.20,0.00,0.00,6.13,4.41
REDWOOD - 000115,Redwood,000115,Redwood Falls W-2,1725,1432,9,123,19,0,128,75,1285,1101,9,80,12,0,73,48,85.68,0.70,6.23,0.93,0.00,5.68,3.74
REDWOOD - 000120,Redwood,000120,Redwood Falls W-3,1650,1394,16,106,17,0,95,67,1291,1147,7,70,12,0,39,26,88.85,0.54,5.42,0.93,0.00,3.02,2.01
REDWOOD - 000200,Redwood,000200,Walnut Grove,751,442,1,1,292,0,13,11,507,349,1,1,151,0,3,4,68.84,0.20,0.20,29.78,0.00,0.59,0.79
REDWOOD - 000005,Redwood,000005,Belview,291,275,0,1,4,0,11,4,251,237,0,1,4,0,9,4,94.42,0.00,0.40,1.59,0.00,3.59,1.59
REDWOOD - 000010,Redwood,000010,Brookville Twp,210,205,0,1,1,0,3,3,155,153,0,1,0,0,1,1,98.71,0.00,0.65,0.00,0.00,0.65,0.65
REDWOOD - 000015,Redwood,000015,Charlestown Twp,178,176,0,0,0,0,2,1,124,124,0,0,0,0,0,0,100.00,0.00,0.00,0.00,0.00,0.00,0.00
REDWOOD - 000020,Redwood,000020,Clements,155,120,0,5,0,0,26,25,112,95,0,1,0,0,13,9,84.82,0.00,0.89,0.00,0.00,11.61,8.04
REDWOOD - 000025,Redwood,000025,Delhi,46,45,0,0,0,0,1,0,46,45,0,0,0,0,1,0,97.83,0.00,0.00,0.00,0.00,2.17,0.00
REDWOOD - 000030,Redwood,000030,Delhi Twp,292,277,0,6,1,0,7,2,235,229,0,0,1,0,4,1,97.45,0.00,0.00,0.43,0.00,1.70,0.43
REDWOOD - 000110,Redwood,000110,Redwood Falls W-1,1727,1437,31,103,11,1,120,103,1295,1128,21,67,7,1,53,52,87.10,1.62,5.17,0.54,0.08,4.09,4.02
REDWOOD - 000205,Redwood,000205,Wanda,72,71,0,0,0,0,1,0,58,57,0,0,0,0,1,0,98.28,0.00,0.00,0.00,0.00,1.72,0.00
STEVENS - 000005,Stevens,000005,Alberta,94,91,0,1,0,0,2,0,74,73,0,0,0,0,1,0,98.65,0.00,0.00,0.00,0.00,1.35,0.00
STEVENS - 000010,Stevens,000010,Baker Twp,103,100,0,0,0,0,1,2,79,78,0,0,0,0,1,0,98.73,0.00,0.00,0.00,0.00,1.27,0.00
STEVENS - 000015,Stevens,000015,Chokio,405,394,0,0,0,0,10,6,322,317,0,0,0,0,5,1,98.45,0.00,0.00,0.00,0.00,1.55,0.31
STEVENS - 000020,Stevens,000020,Darnen Twp,350,269,0,7,1,0,14,70,240,179,0,6,1,0,7,54,74.58,0.00,2.50,0.42,0.00,2.92,22.50
STEVENS - 000025,Stevens,000025,Donnelly,221,213,0,1,0,0,7,2,180,174,0,0,0,0,6,2,96.67,0.00,0.00,0.00,0.00,3.33,1.11
STEVENS - 000030,Stevens,000030,Donnelly Twp,89,87,0,0,0,0,2,1,74,73,0,0,0,0,1,1,98.65,0.00,0.00,0.00,0.00,1.35,1.35
STEVENS - 000035,Stevens,000035,Eldorado Twp,85,78,0,1,0,0,4,3,65,61,0,0,0,0,2,2,93.85,0.00,0.00,0.00,0.00,3.08,3.08
STEVENS - 000085,Stevens,000085,Morris Twp,393,364,0,1,1,0,16,21,275,261,0,1,0,0,8,10,94.91,0.00,0.36,0.00,0.00,2.91,3.64
STEVENS - 000095,Stevens,000095,Rendsville Twp,120,117,0,0,0,0,0,2,94,92,0,0,0,0,0,2,97.87,0.00,0.00,0.00,0.00,0.00,2.13
STEVENS - 000040,Stevens,000040,Everglade Twp,104,103,0,0,0,0,1,1,79,79,0,0,0,0,0,0,100.00,0.00,0.00,0.00,0.00,0.00,0.00
STEVENS - 000045,Stevens,000045,Framnas Twp,346,325,0,1,1,0,15,6,259,248,0,1,1,0,6,6,95.75,0.00,0.39,0.39,0.00,2.32,2.32
STEVENS - 000050,Stevens,000050,Hancock,863,690,5,8,6,0,61,154,619,494,3,5,5,0,41,110,79.81,0.48,0.81,0.81,0.00,6.62,17.77
STEVENS - 000055,Stevens,000055,Hodges Twp,300,276,0,2,1,0,8,26,216,204,0,2,1,0,3,13,94.44,0.00,0.93,0.46,0.00,1.39,6.02
STEVENS - 000060,Stevens,000060,Horton Twp,189,180,0,1,2,0,4,4,116,112,0,0,2,0,1,1,96.55,0.00,0.00,1.72,0.00,0.86,0.86
STEVENS - 000065,Stevens,000065,Moore Twp,286,273,2,1,0,0,3,6,164,155,2,0,0,0,2,5,94.51,1.22,0.00,0.00,0.00,1.22,3.05
STEVENS - 000081,Stevens,000081,Morris P-3B,761,688,0,7,6,0,37,53,581,529,0,7,5,0,25,32,91.05,0.00,1.20,0.86,0.00,4.30,5.51
STEVENS - 000072,Stevens,000072,Morris P-1A,808,661,12,24,5,0,46,125,619,529,9,9,5,0,23,79,85.46,1.45,1.45,0.81,0.00,3.72,12.76
STEVENS - 000075,Stevens,000075,Morris P-2A,996,707,10,46,19,0,96,190,759,570,8,37,17,0,55,116,75.10,1.05,4.87,2.24,0.00,7.25,15.28
STEVENS - 000073,Stevens,000073,Morris P-1B,934,799,3,24,15,0,53,90,738,649,3,18,13,0,35,61,87.94,0.41,2.44,1.76,0.00,4.74,8.27
STEVENS - 000076,Stevens,000076,Morris P-2B,598,524,47,3,1,0,7,28,587,521,47,2,1,0,5,20,88.76,8.01,0.34,0.17,0.00,0.85,3.41
REDWOOD - 000035,Redwood,000035,Gales Twp,159,151,0,0,5,0,3,0,103,100,0,0,3,0,0,0,97.09,0.00,0.00,2.91,0.00,0.00,0.00
REDWOOD - 000040,Redwood,000040,Granite Rock Twp,203,193,0,0,0,0,7,3,154,150,0,0,0,0,3,1,97.40,0.00,0.00,0.00,0.00,1.95,0.65
REDWOOD - 000045,Redwood,000045,Honner Twp,134,122,0,4,0,0,5,3,105,98,0,2,0,0,2,3,93.33,0.00,1.90,0.00,0.00,1.90,2.86
REDWOOD - 000050,Redwood,000050,Johnsonville Twp,126,124,0,0,0,0,1,2,89,88,0,0,0,0,0,1,98.88,0.00,0.00,0.00,0.00,0.00,1.12
REDWOOD - 000055,Redwood,000055,Kintire Twp,190,183,0,0,2,0,0,7,137,131,0,0,2,0,0,6,95.62,0.00,0.00,1.46,0.00,0.00,4.38
REDWOOD - 000060,Redwood,000060,Lamberton,792,747,0,2,16,0,26,17,611,587,0,0,10,0,13,6,96.07,0.00,0.00,1.64,0.00,2.13,0.98
REDWOOD - 000210,Redwood,000210,Waterbury Twp,171,158,0,0,2,0,11,8,138,131,0,0,2,0,5,5,94.93,0.00,0.00,1.45,0.00,3.62,3.62
REDWOOD - 000215,Redwood,000215,Westline Twp,153,148,1,0,4,0,0,0,113,111,1,0,1,0,0,0,98.23,0.88,0.00,0.88,0.00,0.00,0.00
REDWOOD - 000220,Redwood,000220,Willow Lake Twp,208,200,0,0,1,0,5,2,154,151,0,0,1,0,2,0,98.05,0.00,0.00,0.65,0.00,1.30,0.00
STEVENS - 000080,Stevens,000080,Morris P-3A,1008,784,5,40,12,1,90,121,793,637,2,26,11,1,66,73,80.33,0.25,3.28,1.39,0.13,8.32,9.21
STEVENS - 000090,Stevens,000090,Pepperton Twp,109,102,0,2,0,0,5,3,84,81,0,2,0,0,1,3,96.43,0.00,2.38,0.00,0.00,1.19,3.57
STEVENS - 000100,Stevens,000100,Scott Twp,117,113,0,0,0,0,2,4,92,88,0,0,0,0,2,4,95.65,0.00,0.00,0.00,0.00,2.17,4.35
STEVENS - 000105,Stevens,000105,Stevens Twp,67,62,0,0,0,0,4,4,50,45,0,0,0,0,4,4,90.00,0.00,0.00,0.00,0.00,8.00,8.00
STEVENS - 000110,Stevens,000110,Swan Lake Twp,189,184,0,0,0,0,2,0,156,153,0,0,0,0,0,0,98.08,0.00,0.00,0.00,0.00,0.00,0.00
STEVENS - 000115,Stevens,000115,Synnes Twp,136,70,0,0,0,0,5,64,114,48,0,0,0,0,5,64,42.11,0.00,0.00,0.00,0.00,4.39,56.14
PENNINGTON - 000005,Pennington,000005,Black River Twp,67,65,0,0,0,0,2,2,58,57,0,0,0,0,1,1,98.28,0.00,0.00,0.00,0.00,1.72,1.72
PENNINGTON - 000010,Pennington,000010,Bray Twp,53,51,0,0,0,0,2,4,43,42,0,0,0,0,1,0,97.67,0.00,0.00,0.00,0.00,2.33,0.00
PENNINGTON - 000015,Pennington,000015,Cloverleaf Twp,90,86,0,0,1,0,3,1,71,69,0,0,0,0,2,1,97.18,0.00,0.00,0.00,0.00,2.82,1.41
PENNINGTON - 000020,Pennington,000020,Deer Park Twp,128,127,0,0,0,0,1,0,92,91,0,0,0,0,1,0,98.91,0.00,0.00,0.00,0.00,1.09,0.00
PENNINGTON - 000025,Pennington,000025,Goodridge,112,98,1,4,1,1,7,5,87,79,1,2,1,0,4,0,90.80,1.15,2.30,1.15,0.00,4.60,0.00
PENNINGTON - 000030,Pennington,000030,Goodridge Twp,79,78,0,1,0,0,0,0,55,54,0,1,0,0,0,0,98.18,0.00,1.82,0.00,0.00,0.00,0.00
PENNINGTON - 000035,Pennington,000035,Hickory Twp,69,68,0,0,0,0,1,1,53,52,0,0,0,0,1,1,98.11,0.00,0.00,0.00,0.00,1.89,1.89
PENNINGTON - 000040,Pennington,000040,Highlanding Twp,202,191,0,2,1,0,4,3,141,133,0,0,1,0,3,1,94.33,0.00,0.00,0.71,0.00,2.13,0.71
PENNINGTON - 000045,Pennington,000045,Kratka Twp,145,133,0,1,2,0,7,4,102,94,0,1,2,0,3,0,92.16,0.00,0.98,1.96,0.00,2.94,0.00
PENNINGTON - 000050,Pennington,000050,Mayfield Twp,49,42,2,0,0,0,5,0,40,37,0,0,0,0,3,0,92.50,0.00,0.00,0.00,0.00,7.50,0.00
PENNINGTON - 000055,Pennington,000055,Norden Twp,369,356,1,1,1,0,8,6,296,284,1,1,0,0,8,2,95.95,0.34,0.34,0.00,0.00,2.70,0.68
PENNINGTON - 000060,Pennington,000060,North Twp,761,644,42,11,8,0,46,32,614,522,41,4,8,0,29,22,85.02,6.68,0.65,1.30,0.00,4.72,3.58
PENNINGTON - 000065,Pennington,000065,Numedal Twp,97,88,0,0,2,0,4,1,67,64,0,0,0,0,3,0,95.52,0.00,0.00,0.00,0.00,4.48,0.00
REDWOOD - 000065,Redwood,000065,Lamberton Twp,200,195,0,0,0,0,4,3,154,151,0,0,0,0,2,2,98.05,0.00,0.00,0.00,0.00,1.30,1.30
REDWOOD - 000070,Redwood,000070,Lucan,214,207,3,0,2,0,2,3,152,149,1,0,1,0,1,1,98.03,0.66,0.00,0.66,0.00,0.66,0.66
REDWOOD - 000075,Redwood,000075,Milroy,259,244,2,1,1,0,4,8,192,184,0,1,1,0,1,4,95.83,0.00,0.52,0.52,0.00,0.52,2.08
REDWOOD - 000080,Redwood,000080,Morgan,888,799,1,33,1,0,50,41,634,594,1,22,0,0,16,10,93.69,0.16,3.47,0.00,0.00,2.52,1.58
REDWOOD - 000085,Redwood,000085,Morgan Twp,245,237,0,3,0,0,5,0,183,178,0,0,0,0,5,0,97.27,0.00,0.00,0.00,0.00,2.73,0.00
REDWOOD - 000090,Redwood,000090,New Avon Twp,190,188,0,2,0,0,0,2,141,141,0,0,0,0,0,1,100.00,0.00,0.00,0.00,0.00,0.00,0.71
PENNINGTON - 000070,Pennington,000070,Polk Centre Twp,66,64,0,0,0,0,1,0,56,54,0,0,0,0,1,0,96.43,0.00,0.00,0.00,0.00,1.79,0.00
PENNINGTON - 000075,Pennington,000075,Reiner Twp,92,87,0,0,1,0,3,3,71,69,0,0,1,0,0,1,97.18,0.00,0.00,1.41,0.00,0.00,1.41
PENNINGTON - 000080,Pennington,000080,River Falls Twp,191,187,0,0,0,0,4,2,135,135,0,0,0,0,0,0,100.00,0.00,0.00,0.00,0.00,0.00,0.00
PENNINGTON - 000085,Pennington,000085,Rocksbury Twp East,615,533,0,7,3,0,53,47,486,432,0,6,3,0,31,27,88.89,0.00,1.23,0.62,0.00,6.38,5.56
PENNINGTON - 000090,Pennington,000090,Rocksbury Twp West,492,457,1,6,0,2,24,15,365,341,1,6,0,2,14,8,93.42,0.27,1.64,0.00,0.55,3.84,2.19
PENNINGTON - 000095,Pennington,000095,Saint Hilaire,273,239,0,7,0,0,22,9,208,190,0,4,0,0,9,7,91.35,0.00,1.92,0.00,0.00,4.33,3.37
PENNINGTON - 000100,Pennington,000100,Sanders Twp,298,296,0,0,0,0,0,0,222,222,0,0,0,0,0,0,100.00,0.00,0.00,0.00,0.00,0.00,0.00
PENNINGTON - 000105,Pennington,000105,Silverton Twp,187,180,2,0,1,0,3,1,136,130,2,0,1,0,2,1,95.59,1.47,0.00,0.74,0.00,1.47,0.74
PENNINGTON - 000110,Pennington,000110,Smiley Twp,620,582,2,16,6,0,13,9,443,424,2,9,1,0,6,6,95.71,0.45,2.03,0.23,0.00,1.35,1.35
PENNINGTON - 000115,Pennington,000115,Star Twp,101,94,0,0,1,0,6,2,80,77,0,0,1,0,2,1,96.25,0.00,0.00,1.25,0.00,2.50,1.25
PENNINGTON - 000125,Pennington,000125,Thief River Falls P-1B,1020,833,9,29,12,0,99,96,776,662,4,15,7,0,61,53,85.31,0.52,1.93,0.90,0.00,7.86,6.83
PENNINGTON - 000135,Pennington,000135,Thief River Falls P-2,1601,1366,15,45,27,1,111,109,1279,1133,9,21,23,0,65,73,88.58,0.70,1.64,1.80,0.00,5.08,5.71
PENNINGTON - 000165,Pennington,000165,Thief River Falls P-4,1654,1407,19,16,16,0,127,120,1293,1117,12,13,11,0,80,97,86.39,0.93,1.01,0.85,0.00,6.19,7.50
PENNINGTON - 000180,Pennington,000180,Thief River Falls P-5,1952,1736,27,25,25,2,123,71,1525,1404,17,17,24,0,51,35,92.07,1.11,1.11,1.57,0.00,3.34,2.30
PENNINGTON - 000150,Pennington,000150,Thief River Falls P-3A,982,888,12,17,7,0,40,46,810,748,11,15,7,0,21,20,92.35,1.36,1.85,0.86,0.00,2.59,2.47
PENNINGTON - 000155,Pennington,000155,Thief River Falls P-3B,885,815,3,9,5,0,41,47,679,630,3,8,4,0,25,24,92.78,0.44,1.18,0.59,0.00,3.68,3.53
PENNINGTON - 000120,Pennington,000120,Thief River Falls P-1A,650,555,45,6,3,0,22,34,489,421,29,6,1,0,19,26,86.09,5.93,1.23,0.20,0.00,3.89,5.32
PENNINGTON - 000195,Pennington,000195,Wyandotte Twp,92,88,0,0,0,0,2,1,82,79,0,0,0,0,1,0,96.34,0.00,0.00,0.00,0.00,1.22,0.00
REDWOOD - 000125,Redwood,000125,Redwood Falls Twp,178,170,0,0,0,0,8,2,137,134,0,0,0,0,3,0,97.81,0.00,0.00,0.00,0.00,2.19,0.00
REDWOOD - 000130,Redwood,000130,Revere,89,81,0,0,1,0,3,3,70,63,0,0,1,0,2,3,90.00,0.00,0.00,1.43,0.00,2.86,4.29
REDWOOD - 000135,Redwood,000135,Sanborn,323,307,1,0,0,0,15,4,267,259,1,0,0,0,7,0,97.00,0.37,0.00,0.00,0.00,2.62,0.00
REDWOOD - 000140,Redwood,000140,Seaforth,82,67,1,0,0,0,14,0,57,50,1,0,0,0,6,0,87.72,1.75,0.00,0.00,0.00,10.53,0.00
REDWOOD - 000145,Redwood,000145,Sheridan Twp,187,181,0,0,0,0,6,1,139,135,0,0,0,0,4,1,97.12,0.00,0.00,0.00,0.00,2.88,0.72
REDWOOD - 000150,Redwood,000150,Sherman Twp,350,141,0,180,0,0,26,16,233,114,0,103,0,0,14,10,48.93,0.00,44.21,0.00,0.00,6.01,4.29
REDWOOD - 000155,Redwood,000155,Springdale Twp,191,180,1,0,4,0,4,4,150,147,1,0,0,0,0,2,98.00,0.67,0.00,0.00,0.00,0.00,1.33
REDWOOD - 000160,Redwood,000160,Sundown Twp,172,169,0,0,1,0,1,1,132,132,0,0,0,0,0,0,100.00,0.00,0.00,0.00,0.00,0.00,0.00
REDWOOD - 000095,Redwood,000095,North Hero Twp,154,124,3,0,23,0,4,2,119,104,2,0,10,0,3,1,87.39,1.68,0.00,8.40,0.00,2.52,0.84
MOWER - 000005,Mower,000005,Adams,683,650,1,0,3,0,24,27,562,543,0,0,2,0,12,12,96.62,0.00,0.00,0.36,0.00,2.14,2.14
MOWER - 000010,Mower,000010,Adams Twp,443,424,2,3,1,0,9,13,341,330,1,3,1,0,3,9,96.77,0.29,0.88,0.29,0.00,0.88,2.64
MOWER - 000055,Mower,000055,Austin W-3 P-2,4186,3042,173,31,248,8,337,747,3032,2370,90,21,152,6,175,414,78.17,2.97,0.69,5.01,0.20,5.77,13.65
MOWER - 000030,Mower,000030,Austin W-2 P-1,3906,2885,115,18,270,45,285,630,2914,2294,74,15,162,33,156,371,78.72,2.54,0.51,5.56,1.13,5.35,12.73
MOWER - 000015,Mower,000015,Austin W-1 P-1,4508,2917,485,10,377,63,284,688,3543,2508,328,5,239,33,192,423,70.79,9.26,0.14,6.75,0.93,5.42,11.94
MOWER - 000220,Mower,000220,Windom Twp,520,479,3,0,1,0,17,28,407,388,1,0,1,0,4,12,95.33,0.25,0.00,0.25,0.00,0.98,2.95
MOWER - 000020,Mower,000020,Austin W-1 P-2,4456,2860,164,40,343,49,424,1026,3220,2301,100,24,214,28,223,577,71.46,3.11,0.75,6.65,0.87,6.93,17.92
MOWER - 000050,Mower,000050,Austin W-3 P-1,4220,2518,221,51,433,72,430,1036,3009,1973,118,33,294,50,243,582,65.57,3.92,1.10,9.77,1.66,8.08,19.34
MOWER - 000035,Mower,000035,Austin W-2 P-2,4774,3482,421,8,329,16,260,479,3472,2725,225,3,206,7,147,297,78.49,6.48,0.09,5.93,0.20,4.23,8.55
MOWER - 000070,Mower,000070,Austin Twp,888,806,8,3,4,0,46,56,689,647,1,3,3,0,20,31,93.90,0.15,0.44,0.44,0.00,2.90,4.50
MOWER - 000075,Mower,000075,Bennington Twp,149,142,1,1,0,0,4,3,116,115,0,0,0,0,0,1,99.14,0.00,0.00,0.00,0.00,0.00,0.86
MOWER - 000080,Mower,000080,Brownsdale,638,591,1,6,0,0,31,51,502,471,0,6,0,0,20,26,93.82,0.00,1.20,0.00,0.00,3.98,5.18
MOWER - 000085,Mower,000085,Clayton Twp,169,162,0,1,1,0,2,5,115,113,0,0,1,0,0,1,98.26,0.00,0.00,0.87,0.00,0.00,0.87
MOWER - 000090,Mower,000090,Dexter,324,311,4,0,1,0,6,2,259,252,1,0,1,0,4,1,97.30,0.39,0.00,0.39,0.00,1.54,0.39
MOWER - 000095,Mower,000095,Dexter Twp,252,233,2,0,5,0,12,2,210,198,2,0,5,0,5,1,94.29,0.95,0.00,2.38,0.00,2.38,0.48
MOWER - 000100,Mower,000100,Elkton,130,118,1,0,0,0,6,2,105,95,0,0,0,0,5,2,90.48,0.00,0.00,0.00,0.00,4.76,1.90
MOWER - 000105,Mower,000105,Frankford Twp,385,376,1,3,0,0,5,6,277,273,0,0,0,0,4,2,98.56,0.00,0.00,0.00,0.00,1.44,0.72
MOWER - 000110,Mower,000110,Grand Meadow,1127,1053,3,3,6,0,57,30,820,780,0,2,6,0,29,16,95.12,0.00,0.24,0.73,0.00,3.54,1.95
MOWER - 000115,Mower,000115,Grand Meadow Twp,337,316,0,0,4,0,17,3,238,229,0,0,4,0,5,1,96.22,0.00,0.00,1.68,0.00,2.10,0.42
MOWER - 000120,Mower,000120,Lansing Twp,906,804,9,1,32,0,35,38,696,637,6,1,16,0,17,21,91.52,0.86,0.14,2.30,0.00,2.44,3.02
MOWER - 000125,Mower,000125,Le Roy,957,898,2,4,2,0,36,40,741,704,1,4,2,0,20,24,95.01,0.13,0.54,0.27,0.00,2.70,3.24
MOWER - 000130,Mower,000130,Le Roy Twp,342,331,2,0,1,0,5,5,256,251,0,0,1,0,2,0,98.05,0.00,0.00,0.39,0.00,0.78,0.00
MOWER - 000135,Mower,000135,Lodi Twp,235,224,0,0,0,0,9,8,167,161,0,0,0,0,6,4,96.41,0.00,0.00,0.00,0.00,3.59,2.40
MOWER - 000140,Mower,000140,Lyle,522,471,6,3,1,0,28,30,400,373,5,3,0,0,11,17,93.25,1.25,0.75,0.00,0.00,2.75,4.25
MOWER - 000145,Mower,000145,Lyle Twp,369,353,0,0,1,0,13,8,269,259,0,0,1,0,7,6,96.28,0.00,0.00,0.37,0.00,2.60,2.23
MOWER - 000150,Mower,000150,Mapleview,144,122,3,0,1,0,7,22,120,108,3,0,1,0,4,10,90.00,2.50,0.00,0.83,0.00,3.33,8.33
MOWER - 000155,Mower,000155,Marshall Twp,315,305,0,0,2,0,6,4,226,217,0,0,2,0,5,4,96.02,0.00,0.00,0.88,0.00,2.21,1.77
MOWER - 000160,Mower,000160,Nevada Twp,342,329,0,0,1,0,11,1,267,257,0,0,1,0,8,0,96.25,0.00,0.00,0.37,0.00,3.00,0.00
MOWER - 000165,Mower,000165,Pleasant Valley Twp,288,277,1,0,0,0,7,2,226,219,0,0,0,0,4,0,96.90,0.00,0.00,0.00,0.00,1.77,0.00
MOWER - 000175,Mower,000175,Racine Twp,472,454,0,0,1,0,16,6,347,336,0,0,1,0,10,4,96.83,0.00,0.00,0.29,0.00,2.88,1.15
MOWER - 000180,Mower,000180,Red Rock Twp,718,674,2,1,0,2,35,19,557,537,1,1,0,0,16,3,96.41,0.18,0.18,0.00,0.00,2.87,0.54
MOWER - 000170,Mower,000170,Racine,458,431,2,1,1,0,20,8,329,314,0,1,0,0,12,4,95.44,0.00,0.30,0.00,0.00,3.65,1.22
MOWER - 000185,Mower,000185,Rose Creek,397,371,2,0,0,0,19,14,288,274,0,0,0,0,10,10,95.14,0.00,0.00,0.00,0.00,3.47,3.47
MOWER - 000195,Mower,000195,Sargeant Twp,291,284,0,0,2,0,4,3,218,212,0,0,2,0,4,2,97.25,0.00,0.00,0.92,0.00,1.83,0.92
MOWER - 000205,Mower,000205,Udolpho Twp,415,400,0,0,1,0,8,10,314,304,0,0,1,0,5,7,96.82,0.00,0.00,0.32,0.00,1.59,2.23
MOWER - 000215,Mower,000215,Waltham Twp,358,343,1,0,0,0,7,9,278,270,0,0,0,0,5,4,97.12,0.00,0.00,0.00,0.00,1.80,1.44
MOWER - 000210,Mower,000210,Waltham,164,148,1,1,0,0,11,6,106,98,0,1,0,0,7,3,92.45,0.00,0.94,0.00,0.00,6.60,2.83
MOWER - 000200,Mower,000200,Taopi,61,56,1,0,0,0,3,1,51,48,0,0,0,0,2,1,94.12,0.00,0.00,0.00,0.00,3.92,1.96
MOWER - 000190,Mower,000190,Sargeant,63,63,0,0,0,0,0,0,52,52,0,0,0,0,0,0,100.00,0.00,0.00,0.00,0.00,0.00,0.00
MOWER - 000025,Mower,000025,Austin W-1 P-3,117,101,0,0,0,0,11,13,78,71,0,0,0,0,4,5,91.03,0.00,0.00,0.00,0.00,5.13,6.41
RENVILLE - 000005,Renville,000005,Bandon Twp,132,125,1,0,1,0,3,4,109,105,1,0,1,0,2,1,96.33,0.92,0.00,0.92,0.00,1.83,0.92
RENVILLE - 000010,Renville,000010,Beaver Falls Twp,206,182,0,9,0,0,15,10,153,137,0,5,0,0,11,6,89.54,0.00,3.27,0.00,0.00,7.19,3.92
RENVILLE - 000020,Renville,000020,Bird Island,1005,930,12,3,4,0,33,78,784,736,11,3,4,0,16,48,93.88,1.40,0.38,0.51,0.00,2.04,6.12
RENVILLE - 000015,Renville,000015,Birch Cooley Twp,229,201,1,11,0,1,12,5,180,159,1,9,0,1,7,4,88.33,0.56,5.00,0.00,0.56,3.89,2.22
RENVILLE - 000025,Renville,000025,Bird Island Twp,201,190,0,2,0,0,9,2,163,155,0,2,0,0,6,1,95.09,0.00,1.23,0.00,0.00,3.68,0.61
RENVILLE - 000185,Renville,000185,Winfield Twp,230,219,2,5,0,0,3,1,164,155,0,5,0,0,3,0,94.51,0.00,3.05,0.00,0.00,1.83,0.00
RENVILLE - 000030,Renville,000030,Boon Lake Twp,355,334,0,0,0,0,16,4,279,272,0,0,0,0,5,1,97.49,0.00,0.00,0.00,0.00,1.79,0.36
RENVILLE - 000035,Renville,000035,Brookfield Twp,143,136,1,0,0,0,5,4,113,107,0,0,0,0,5,3,94.69,0.00,0.00,0.00,0.00,4.42,2.65
RENVILLE - 000040,Renville,000040,Buffalo Lake,660,544,6,1,2,1,81,84,517,452,3,1,2,1,39,53,87.43,0.58,0.19,0.39,0.19,7.54,10.25
RENVILLE - 000045,Renville,000045,Cairo Twp,196,187,0,2,1,0,4,4,159,152,0,1,1,0,3,4,95.60,0.00,0.63,0.63,0.00,1.89,2.52
RENVILLE - 000050,Renville,000050,Camp Twp,161,152,0,1,0,0,3,11,134,127,0,1,0,0,2,6,94.78,0.00,0.75,0.00,0.00,1.49,4.48
RENVILLE - 000055,Renville,000055,Crooks Twp,175,168,3,0,1,0,1,3,128,128,0,0,0,0,0,1,100.00,0.00,0.00,0.00,0.00,0.00,0.78
RENVILLE - 000060,Renville,000060,Danube,458,402,2,0,1,0,35,60,337,302,2,0,1,0,22,34,89.61,0.59,0.00,0.30,0.00,6.53,10.09
RENVILLE - 000065,Renville,000065,Emmet Twp,178,167,1,3,1,0,2,7,142,134,1,2,1,0,2,4,94.37,0.70,1.41,0.70,0.00,1.41,2.82
RENVILLE - 000070,Renville,000070,Ericson Twp,224,211,0,0,6,0,5,2,167,159,0,0,2,0,4,1,95.21,0.00,0.00,1.20,0.00,2.40,0.60
RENVILLE - 000150,Renville,000150,Preston Lake Twp,248,235,0,0,0,0,10,9,192,186,0,0,0,0,4,6,96.88,0.00,0.00,0.00,0.00,2.08,3.12
RENVILLE - 000075,Renville,000075,Fairfax,1250,1036,2,12,3,1,64,192,945,796,2,9,3,1,46,118,84.23,0.21,0.95,0.32,0.11,4.87,12.49
RENVILLE - 000080,Renville,000080,Flora Twp,167,158,0,1,0,0,8,5,139,132,0,0,0,0,7,4,94.96,0.00,0.00,0.00,0.00,5.04,2.88
RENVILLE - 000085,Renville,000085,Franklin,493,425,0,12,12,0,30,29,384,334,0,7,11,0,20,17,86.98,0.00,1.82,2.86,0.00,5.21,4.43
RENVILLE - 000090,Renville,000090,Hawk Creek Twp,195,188,0,4,0,1,2,1,151,147,0,1,0,1,2,1,97.35,0.00,0.66,0.00,0.66,1.32,0.66
RENVILLE - 000095,Renville,000095,Hector,1012,898,3,0,2,0,79,71,781,707,2,0,2,0,54,44,90.52,0.26,0.00,0.26,0.00,6.91,5.63
RENVILLE - 000100,Renville,000100,Hector Twp,196,181,0,0,1,0,12,6,141,134,0,0,1,0,4,1,95.04,0.00,0.00,0.71,0.00,2.84,0.71
RENVILLE - 000105,Renville,000105,Henryville Twp,177,175,0,0,0,0,2,3,131,129,0,0,0,0,2,3,98.47,0.00,0.00,0.00,0.00,1.53,2.29
RENVILLE - 000110,Renville,000110,Kingman Twp,172,160,0,1,0,0,2,9,134,128,0,1,0,0,2,3,95.52,0.00,0.75,0.00,0.00,1.49,2.24
RENVILLE - 000115,Renville,000115,Martinsburg Twp,157,153,0,0,2,0,1,1,130,129,0,0,0,0,0,1,99.23,0.00,0.00,0.00,0.00,0.00,0.77
RENVILLE - 000120,Renville,000120,Melville Twp,194,187,2,0,0,0,5,1,144,140,2,0,0,0,2,0,97.22,1.39,0.00,0.00,0.00,1.39,0.00
RENVILLE - 000125,Renville,000125,Morton,410,340,3,33,9,0,20,13,318,265,3,24,9,0,14,8,83.33,0.94,7.55,2.83,0.00,4.40,2.52
RENVILLE - 000130,Renville,000130,Norfolk Twp,149,136,1,0,1,0,4,8,122,115,1,0,1,0,3,2,94.26,0.82,0.00,0.82,0.00,2.46,1.64
RENVILLE - 000135,Renville,000135,Olivia,2343,2128,25,3,5,0,121,229,1812,1675,21,3,5,0,67,125,92.44,1.16,0.17,0.28,0.00,3.70,6.90
RENVILLE - 000140,Renville,000140,Osceola Twp,129,121,0,0,0,0,4,7,115,111,0,0,0,0,1,4,96.52,0.00,0.00,0.00,0.00,0.87,3.48
RENVILLE - 000145,Renville,000145,Palmyra Twp,168,163,0,0,1,0,4,3,136,134,0,0,1,0,1,2,98.53,0.00,0.00,0.74,0.00,0.74,1.47
RENVILLE - 000155,Renville,000155,Renville,1301,1012,2,11,13,3,157,352,953,768,2,6,11,3,93,211,80.59,0.21,0.63,1.15,0.31,9.76,22.14
RENVILLE - 000160,Renville,000160,Sacred Heart,510,447,0,11,1,0,25,83,370,334,0,6,1,0,12,39,90.27,0.00,1.62,0.27,0.00,3.24,10.54
RENVILLE - 000165,Renville,000165,Sacred Heart Twp,243,232,0,0,1,0,9,4,197,189,0,0,0,0,8,3,95.94,0.00,0.00,0.00,0.00,4.06,1.52
RENVILLE - 000170,Renville,000170,Troy Twp,256,247,1,0,0,0,6,6,197,191,1,0,0,0,4,4,96.95,0.51,0.00,0.00,0.00,2.03,2.03
RENVILLE - 000175,Renville,000175,Wang Twp,246,237,0,0,1,0,6,3,190,182,0,0,0,0,6,3,95.79,0.00,0.00,0.00,0.00,3.16,1.58
RENVILLE - 000180,Renville,000180,Wellington Twp,154,151,1,1,0,0,0,5,137,134,1,1,0,0,0,3,97.81,0.73,0.73,0.00,0.00,0.00,2.19
SCOTT - 000005,Scott,000005,Belle Plaine,7388,6531,152,52,87,2,409,365,5258,4750,87,41,71,2,218,207,90.34,1.65,0.78,1.35,0.04,4.15,3.94
SCOTT - 000010,Scott,000010,Belle Plaine Twp,870,835,11,4,0,0,17,6,664,641,6,3,0,0,11,3,96.54,0.90,0.45,0.00,0.00,1.66,0.45
SCOTT - 000015,Scott,000015,Blakeley Twp,408,385,1,6,2,0,13,3,331,313,0,5,2,0,11,1,94.56,0.00,1.51,0.60,0.00,3.32,0.30
SCOTT - 000020,Scott,000020,Cedar Lake Twp,3050,2859,7,20,16,0,131,42,2283,2158,6,15,13,0,77,21,94.52,0.26,0.66,0.57,0.00,3.37,0.92
SCOTT - 000025,Scott,000025,Credit River Twp,5493,5079,36,14,71,4,227,112,4072,3808,34,11,46,2,135,60,93.52,0.83,0.27,1.13,0.05,3.32,1.47
SCOTT - 000037,Scott,000037,Elko New Market,4846,4291,74,6,113,2,287,196,3248,2917,46,4,74,2,148,126,89.81,1.42,0.12,2.28,0.06,4.56,3.88
SCOTT - 000070,Scott,000070,New Market Twp,3525,3268,8,5,54,0,174,39,2762,2595,1,5,34,0,116,29,93.95,0.04,0.18,1.23,0.00,4.20,1.05
SCOTT - 000040,Scott,000040,Helena Twp,1795,1706,4,3,10,0,70,35,1348,1302,3,0,4,0,37,20,96.59,0.22,0.00,0.30,0.00,2.74,1.48
SCOTT - 000045,Scott,000045,Jackson Twp,1616,864,10,28,23,0,272,757,1158,676,8,22,17,0,158,485,58.38,0.69,1.90,1.47,0.00,13.64,41.88
SCOTT - 000119,Scott,000119,Shakopee P-1,4196,3270,228,148,65,4,297,377,3507,2829,176,141,50,2,185,269,80.67,5.02,4.02,1.43,0.06,5.28,7.67
SCOTT - 000055,Scott,000055,Jordan P-2,2503,1882,56,42,31,2,214,474,1767,1424,34,24,22,2,102,267,80.59,1.92,1.36,1.25,0.11,5.77,15.11
SCOTT - 000050,Scott,000050,Jordan P-1,4153,3659,91,21,67,4,238,177,2768,2517,42,5,48,4,102,84,90.93,1.52,0.18,1.73,0.14,3.68,3.03
SCOTT - 000100,Scott,000100,Sand Creek Twp,1497,1386,6,6,11,2,54,36,1219,1142,0,3,9,2,34,27,93.68,0.00,0.25,0.74,0.16,2.79,2.21
SCOTT - 000060,Scott,000060,Louisville Twp,1342,1184,3,1,27,0,97,108,1021,913,1,1,22,0,60,81,89.42,0.10,0.10,2.15,0.00,5.88,7.93
SCOTT - 000075,Scott,000075,New Prague P-2,4706,4344,34,33,53,0,199,126,3442,3247,22,13,42,0,94,63,94.33,0.64,0.38,1.22,0.00,2.73,1.83
SCOTT - 000097,Scott,000097,Prior Lake P-7,4294,3334,222,227,213,5,242,160,3107,2536,117,157,144,4,109,103,81.62,3.77,5.05,4.63,0.13,3.51,3.32
SCOTT - 000092,Scott,000092,Prior Lake P-5,4111,3301,78,164,306,0,229,123,3071,2537,53,102,237,0,118,75,82.61,1.73,3.32,7.72,0.00,3.84,2.44
SCOTT - 000091,Scott,000091,Prior Lake P-4,4558,3959,111,48,159,0,246,136,3301,2946,58,27,123,0,116,74,89.25,1.76,0.82,3.73,0.00,3.51,2.24
SCOTT - 000090,Scott,000090,Prior Lake P-3,4670,3787,157,61,195,5,372,200,3445,2913,103,36,136,5,192,112,84.56,2.99,1.04,3.95,0.15,5.57,3.25
SCOTT - 000093,Scott,000093,Prior Lake P-6A,2636,2319,12,15,136,0,129,64,1920,1718,6,12,95,0,70,38,89.48,0.31,0.62,4.95,0.00,3.65,1.98
SCOTT - 000084,Scott,000084,Prior Lake P-2,2782,2268,109,39,111,1,216,136,2041,1711,76,25,93,0,112,74,83.83,3.72,1.22,4.56,0.00,5.49,3.63
SCOTT - 000080,Scott,000080,Prior Lake P-1,2370,2141,34,14,62,3,103,36,1858,1700,26,11,40,2,68,17,91.50,1.40,0.59,2.15,0.11,3.66,0.91
SCOTT - 000094,Scott,000094,Prior Lake P-6B,2196,1917,38,11,121,0,82,64,1696,1500,27,7,96,0,42,38,88.44,1.59,0.41,5.66,0.00,2.48,2.24
SCOTT - 000099,Scott,000099,Saint Lawrence Twp,492,451,0,7,0,3,29,7,390,373,0,2,0,3,11,4,95.64,0.00,0.51,0.00,0.77,2.82,1.03
SCOTT - 000110,Scott,000110,Savage P-2,3903,2104,1014,27,361,1,270,260,2680,1721,429,25,283,0,141,157,64.22,16.01,0.93,10.56,0.00,5.26,5.86
SCOTT - 000111,Scott,000111,Savage P-3,3723,2838,170,22,373,2,205,205,2906,2286,109,13,293,1,124,142,78.66,3.75,0.45,10.08,0.03,4.27,4.89
SCOTT - 000105,Scott,000105,Savage P-1,3672,2370,405,29,465,16,239,227,2787,1961,223,20,353,9,124,147,70.36,8.00,0.72,12.67,0.32,4.45,5.27
SCOTT - 000118,Scott,000118,Savage P-9,3983,3302,127,13,246,2,253,145,2687,2270,71,4,199,2,117,77,84.48,2.64,0.15,7.41,0.07,4.35,2.87
SCOTT - 000116,Scott,000116,Savage P-7,3405,2653,152,8,325,0,190,139,2454,1958,101,4,265,0,82,82,79.79,4.12,0.16,10.80,0.00,3.34,3.34
SCOTT - 000113,Scott,000113,Savage P-5,4159,3186,304,16,395,0,224,133,3080,2438,181,10,306,0,120,62,79.16,5.88,0.32,9.94,0.00,3.90,2.01
SCOTT - 000117,Scott,000117,Savage P-8,1796,1259,221,12,151,0,106,99,1461,1116,126,11,120,0,59,52,76.39,8.62,0.75,8.21,0.00,4.04,3.56
SCOTT - 000112,Scott,000112,Savage P-4,4007,3159,205,15,335,3,201,149,2944,2427,101,11,250,2,95,82,82.44,3.43,0.37,8.49,0.07,3.23,2.79
SCOTT - 000114,Scott,000114,Savage P-6,3817,2997,239,22,271,1,259,169,2638,2150,143,15,189,0,123,86,81.50,5.42,0.57,7.16,0.00,4.66,3.26
SCOTT - 000135,Scott,000135,Shakopee P-5,2340,1722,140,30,95,2,171,299,1803,1423,89,27,68,2,75,184,78.92,4.94,1.50,3.77,0.11,4.16,10.21
SCOTT - 000138,Scott,000138,Shakopee P-8,3124,1987,471,37,159,1,247,378,2303,1596,266,26,119,1,141,243,69.30,11.55,1.13,5.17,0.04,6.12,10.55
SCOTT - 000150,Scott,000150,Shakopee P-10,5112,3330,564,39,728,2,313,233,3509,2390,305,22,562,2,138,133,68.11,8.69,0.63,16.02,0.06,3.93,3.79
SCOTT - 000120,Scott,000120,Shakopee P-2,4093,2127,768,48,175,3,454,916,3004,1744,451,35,135,2,285,609,58.06,15.01,1.17,4.49,0.07,9.49,20.27
SCOTT - 000136,Scott,000136,Shakopee P-6,4570,2969,356,27,694,1,358,327,3297,2228,229,17,524,0,189,222,67.58,6.95,0.52,15.89,0.00,5.73,6.73
SCOTT - 000130,Scott,000130,Shakopee P-4,4705,2748,446,39,932,0,362,326,3285,1998,285,27,695,0,166,193,60.82,8.68,0.82,21.16,0.00,5.05,5.88
SCOTT - 000125,Scott,000125,Shakopee P-3,3069,1872,458,60,204,0,217,421,2388,1598,292,38,162,0,119,288,66.92,12.23,1.59,6.78,0.00,4.98,12.06
SCOTT - 000137,Scott,000137,Shakopee P-7,2658,1717,173,19,423,0,191,265,1966,1342,116,16,312,0,86,175,68.26,5.90,0.81,15.87,0.00,4.37,8.90
SCOTT - 000158,Scott,000158,Shakopee P-13,278,211,0,24,12,0,29,6,218,176,0,17,9,0,15,5,80.73,0.00,7.80,4.13,0.00,6.88,2.29
SCOTT - 000145,Scott,000145,Shakopee P-9,2335,1953,64,3,135,0,138,98,1565,1326,40,2,109,0,67,60,84.73,2.56,0.13,6.96,0.00,4.28,3.83
SCOTT - 000153,Scott,000153,Shakopee P-11,2896,1938,127,15,538,0,203,155,1870,1247,81,11,390,0,96,90,66.68,4.33,0.59,20.86,0.00,5.13,4.81
SCOTT - 000156,Scott,000156,Shakopee P-12A,4122,2469,321,30,1010,0,219,189,2661,1637,191,18,670,0,84,100,61.52,7.18,0.68,25.18,0.00,3.16,3.76
SCOTT - 000157,Scott,000157,Shakopee P-12B,200,41,1,132,3,1,17,20,130,40,1,72,3,1,12,11,30.77,0.77,55.38,2.31,0.77,9.23,8.46
SCOTT - 000160,Scott,000160,Spring Lake Twp,3464,3229,17,8,52,0,120,70,2759,2599,10,6,49,0,69,51,94.20,0.36,0.22,1.78,0.00,2.50,1.85
PIPESTONE - 000005,Pipestone,000005,Aetna Twp,195,189,0,0,0,0,6,4,145,144,0,0,0,0,1,2,99.31,0.00,0.00,0.00,0.00,0.69,1.38
PIPESTONE - 000010,Pipestone,000010,Altona Twp,126,122,0,1,0,0,3,1,105,103,0,1,0,0,1,1,98.10,0.00,0.95,0.00,0.00,0.95,0.95
PIPESTONE - 000015,Pipestone,000015,Burke Twp,211,206,1,0,0,0,4,1,155,153,0,0,0,0,2,1,98.71,0.00,0.00,0.00,0.00,1.29,0.65
PIPESTONE - 000020,Pipestone,000020,Eden Twp,232,220,0,1,0,0,7,8,173,166,0,1,0,0,2,7,95.95,0.00,0.58,0.00,0.00,1.16,4.05
PIPESTONE - 000025,Pipestone,000025,Edgerton,1258,1132,5,3,9,0,30,93,932,871,0,2,8,0,13,46,93.45,0.00,0.21,0.86,0.00,1.39,4.94
PIPESTONE - 000030,Pipestone,000030,Elmer Twp,230,216,1,0,2,0,4,8,166,162,0,0,0,0,2,1,97.59,0.00,0.00,0.00,0.00,1.20,0.60
PIPESTONE - 000035,Pipestone,000035,Fountain Prairie Twp,238,235,0,0,0,0,3,3,177,177,0,0,0,0,0,0,100.00,0.00,0.00,0.00,0.00,0.00,0.00
PIPESTONE - 000040,Pipestone,000040,Grange Twp,213,199,0,4,1,0,4,6,153,145,0,3,0,0,3,3,94.77,0.00,1.96,0.00,0.00,1.96,1.96
PIPESTONE - 000045,Pipestone,000045,Gray Twp,215,196,1,3,1,0,7,11,170,157,1,2,0,0,4,10,92.35,0.59,1.18,0.00,0.00,2.35,5.88
PIPESTONE - 000050,Pipestone,000050,Hatfield,53,48,0,0,0,0,4,2,37,34,0,0,0,0,2,1,91.89,0.00,0.00,0.00,0.00,5.41,2.70
PIPESTONE - 000055,Pipestone,000055,Holland,178,137,0,1,2,0,9,41,134,114,0,1,1,0,3,20,85.07,0.00,0.75,0.75,0.00,2.24,14.93
PIPESTONE - 000060,Pipestone,000060,Ihlen,61,54,0,0,3,0,4,4,52,48,0,0,3,0,1,1,92.31,0.00,0.00,5.77,0.00,1.92,1.92
PIPESTONE - 000065,Pipestone,000065,Jasper,550,463,3,10,2,0,42,57,399,361,0,6,1,0,14,24,90.48,0.00,1.50,0.25,0.00,3.51,6.02
PIPESTONE - 000070,Pipestone,000070,Osborne Twp,301,293,0,0,1,0,7,4,210,208,0,0,0,0,2,1,99.05,0.00,0.00,0.00,0.00,0.95,0.48
PIPESTONE - 000075,Pipestone,000075,Pipestone P-1,2095,1556,66,63,23,0,158,336,1578,1231,45,50,18,0,88,203,78.01,2.85,3.17,1.14,0.00,5.58,12.86
PIPESTONE - 000080,Pipestone,000080,Pipestone P-2,2120,1826,27,26,16,0,103,181,1615,1431,21,20,16,0,58,102,88.61,1.30,1.24,0.99,0.00,3.59,6.32
PIPESTONE - 000100,Pipestone,000100,Rock Twp,164,164,0,0,0,0,0,1,120,120,0,0,0,0,0,0,100.00,0.00,0.00,0.00,0.00,0.00,0.00
PIPESTONE - 000105,Pipestone,000105,Ruthton,226,189,0,5,0,0,14,24,181,157,0,1,0,0,12,17,86.74,0.00,0.55,0.00,0.00,6.63,9.39
PIPESTONE - 000110,Pipestone,000110,Sweet Twp,305,285,3,1,0,0,11,8,240,231,0,1,0,0,4,4,96.25,0.00,0.42,0.00,0.00,1.67,1.67
PIPESTONE - 000115,Pipestone,000115,Trosky,98,89,0,1,6,0,2,1,72,68,0,1,3,0,0,0,94.44,0.00,1.39,4.17,0.00,0.00,0.00
PIPESTONE - 000120,Pipestone,000120,Troy Twp,245,232,0,7,0,0,5,5,188,178,0,7,0,0,2,5,94.68,0.00,3.72,0.00,0.00,1.06,2.66
PIPESTONE - 000125,Pipestone,000125,Woodstock,110,108,0,0,0,0,2,5,78,78,0,0,0,0,0,4,100.00,0.00,0.00,0.00,0.00,0.00,5.13
NORMAN - 000005,Norman,000005,Ada W-1,849,781,2,14,0,0,39,60,648,599,2,12,0,0,27,36,92.44,0.31,1.85,0.00,0.00,4.17,5.56
NORMAN - 000010,Norman,000010,Ada W-2,891,819,3,11,2,0,33,37,686,641,3,7,2,0,18,22,93.44,0.44,1.02,0.29,0.00,2.62,3.21
NORMAN - 000015,Norman,000015,Anthony Twp,65,60,0,0,0,0,5,2,49,48,0,0,0,0,1,0,97.96,0.00,0.00,0.00,0.00,2.04,0.00
NORMAN - 000020,Norman,000020,Bear Park Twp,172,158,0,2,0,0,12,3,121,118,0,0,0,0,3,0,97.52,0.00,0.00,0.00,0.00,2.48,0.00
NORMAN - 000025,Norman,000025,Borup,96,72,0,2,0,0,18,15,73,54,0,2,0,0,13,10,73.97,0.00,2.74,0.00,0.00,17.81,13.70
NORMAN - 000030,Norman,000030,Flom Twp,186,162,0,16,3,0,3,4,148,131,0,12,3,0,0,2,88.51,0.00,8.11,2.03,0.00,0.00,1.35
NORMAN - 000165,Norman,000165,Winchester Twp,38,38,0,0,0,0,0,1,38,38,0,0,0,0,0,1,100.00,0.00,0.00,0.00,0.00,0.00,2.63
NORMAN - 000035,Norman,000035,Fossum Twp,135,118,0,5,0,0,7,2,112,98,0,3,0,0,7,1,87.50,0.00,2.68,0.00,0.00,6.25,0.89
NORMAN - 000040,Norman,000040,Gary,227,215,0,0,3,0,5,10,163,153,0,0,3,0,4,4,93.87,0.00,0.00,1.84,0.00,2.45,2.45
NORMAN - 000045,Norman,000045,Good Hope Twp,45,39,0,2,0,0,4,5,36,34,0,1,0,0,1,2,94.44,0.00,2.78,0.00,0.00,2.78,5.56
NORMAN - 000050,Norman,000050,Green Meadow Twp,85,76,0,3,1,0,5,2,67,61,0,2,1,0,3,1,91.04,0.00,2.99,1.49,0.00,4.48,1.49
NORMAN - 000055,Norman,000055,Halstad,564,477,4,8,0,0,69,56,440,382,4,7,0,0,42,37,86.82,0.91,1.59,0.00,0.00,9.55,8.41
NORMAN - 000060,Norman,000060,Halstad Twp,104,99,0,0,0,0,5,9,80,77,0,0,0,0,3,5,96.25,0.00,0.00,0.00,0.00,3.75,6.25
NORMAN - 000065,Norman,000065,Hegne Twp,46,44,0,0,0,0,2,1,37,35,0,0,0,0,2,1,94.59,0.00,0.00,0.00,0.00,5.41,2.70
NORMAN - 000070,Norman,000070,Hendrum,289,247,1,10,2,0,26,9,216,196,1,5,1,0,10,7,90.74,0.46,2.31,0.46,0.00,4.63,3.24
NORMAN - 000075,Norman,000075,Hendrum Twp,83,79,0,0,0,0,4,4,63,61,0,0,0,0,2,1,96.83,0.00,0.00,0.00,0.00,3.17,1.59
NORMAN - 000080,Norman,000080,Home Lake Twp,107,98,0,0,0,0,7,2,89,82,0,0,0,0,6,1,92.13,0.00,0.00,0.00,0.00,6.74,1.12
NORMAN - 000085,Norman,000085,Lake Ida Twp,137,114,0,2,0,0,10,11,108,98,0,0,0,0,6,4,90.74,0.00,0.00,0.00,0.00,5.56,3.70
NORMAN - 000090,Norman,000090,Lee Twp,118,111,0,1,4,0,2,1,91,90,0,1,0,0,0,1,98.90,0.00,1.10,0.00,0.00,0.00,1.10
NORMAN - 000095,Norman,000095,Lockhart Twp,48,47,0,0,0,0,1,0,41,40,0,0,0,0,1,0,97.56,0.00,0.00,0.00,0.00,2.44,0.00
NORMAN - 000100,Norman,000100,McDonaldsville Twp,165,153,3,0,0,0,4,8,137,129,1,0,0,0,4,5,94.16,0.73,0.00,0.00,0.00,2.92,3.65
NORMAN - 000105,Norman,000105,Mary Twp,61,60,0,0,0,0,1,0,48,48,0,0,0,0,0,0,100.00,0.00,0.00,0.00,0.00,0.00,0.00
NORMAN - 000110,Norman,000110,Perley,113,99,0,3,0,0,10,4,84,79,0,1,0,0,4,1,94.05,0.00,1.19,0.00,0.00,4.76,1.19
NORMAN - 000115,Norman,000115,Pleasant View Twp,111,94,0,2,0,0,14,3,79,69,0,1,0,0,8,1,87.34,0.00,1.27,0.00,0.00,10.13,1.27
NORMAN - 000120,Norman,000120,Rockwell Twp,53,43,0,1,0,0,7,3,41,36,0,0,0,0,3,2,87.80,0.00,0.00,0.00,0.00,7.32,4.88
NORMAN - 000125,Norman,000125,Shelly,179,165,2,3,0,0,6,6,144,136,2,3,0,0,2,2,94.44,1.39,2.08,0.00,0.00,1.39,1.39
NORMAN - 000130,Norman,000130,Shelly Twp,88,85,0,0,0,0,3,0,73,70,0,0,0,0,3,0,95.89,0.00,0.00,0.00,0.00,4.11,0.00
NORMAN - 000135,Norman,000135,Spring Creek Twp,67,61,1,0,0,0,4,3,55,51,1,0,0,0,3,1,92.73,1.82,0.00,0.00,0.00,5.45,1.82
NORMAN - 000140,Norman,000140,Strand Twp,80,79,0,1,0,0,0,4,70,70,0,0,0,0,0,4,100.00,0.00,0.00,0.00,0.00,0.00,5.71
NORMAN - 000145,Norman,000145,Sundal Twp,152,144,0,0,1,0,0,0,102,95,0,0,1,0,0,0,93.14,0.00,0.00,0.98,0.00,0.00,0.00
NORMAN - 000150,Norman,000150,Twin Valley,723,643,3,20,1,0,53,13,540,492,3,14,1,0,30,5,91.11,0.56,2.59,0.19,0.00,5.56,0.93
NORMAN - 000155,Norman,000155,Waukon Twp,91,87,0,0,1,0,3,0,77,74,0,0,1,0,2,0,96.10,0.00,0.00,1.30,0.00,2.60,0.00
NORMAN - 000160,Norman,000160,Wild Rice Twp,273,247,1,11,0,0,12,10,219,200,1,8,0,0,8,7,91.32,0.46,3.65,0.00,0.00,3.65,3.20
SHERBURNE - 000005,Sherburne,000005,Baldwin Twp P-2,3510,3278,15,8,24,0,165,65,2606,2477,1,6,13,0,95,34,95.05,0.04,0.23,0.50,0.00,3.65,1.30
SHERBURNE - 000125,Sherburne,000125,Baldwin Twp P-1,3594,3362,14,10,22,1,144,61,2695,2529,7,9,17,1,95,43,93.84,0.26,0.33,0.63,0.04,3.53,1.60
SHERBURNE - 000010,Sherburne,000010,Becker,4877,4526,37,13,36,0,243,131,3368,3165,26,9,27,0,126,52,93.97,0.77,0.27,0.80,0.00,3.74,1.54
SHERBURNE - 000015,Sherburne,000015,Becker Twp,5496,5216,10,14,25,1,195,61,3841,3693,8,9,13,1,95,27,96.15,0.21,0.23,0.34,0.03,2.47,0.70
SHERBURNE - 000110,Sherburne,000110,Zimmerman P-1,2772,2503,16,13,32,3,173,70,1989,1827,13,5,20,3,100,50,91.86,0.65,0.25,1.01,0.15,5.03,2.51
SHERBURNE - 000111,Sherburne,000111,Zimmerman P-2,3417,3086,34,5,33,2,221,113,2243,2074,18,5,26,0,93,61,92.47,0.80,0.22,1.16,0.00,4.15,2.72
SHERBURNE - 000022,Sherburne,000022,Big Lake P-2,3138,2466,158,33,68,0,270,242,2233,1819,95,29,46,0,141,149,81.46,4.25,1.30,2.06,0.00,6.31,6.67
SHERBURNE - 000024,Sherburne,000024,Big Lake P-3,5648,4926,146,19,110,0,343,232,3905,3488,92,18,80,0,155,143,89.32,2.36,0.46,2.05,0.00,3.97,3.66
SHERBURNE - 000020,Sherburne,000020,Big Lake P-1,2900,2473,108,11,54,0,188,122,2170,1899,70,10,42,0,105,66,87.51,3.23,0.46,1.94,0.00,4.84,3.04
SHERBURNE - 000121,Sherburne,000121,Big Lake Twp P-3,1370,1263,15,5,9,0,66,20,1031,971,2,5,7,0,37,13,94.18,0.19,0.48,0.68,0.00,3.59,1.26
SHERBURNE - 000120,Sherburne,000120,Big Lake Twp P-2,2348,2205,8,2,19,0,87,67,1722,1637,7,2,15,0,45,43,95.06,0.41,0.12,0.87,0.00,2.61,2.50
SHERBURNE - 000122,Sherburne,000122,Big Lake Twp P-4,1845,1735,8,3,10,1,67,45,1373,1306,7,2,9,0,34,14,95.12,0.51,0.15,0.66,0.00,2.48,1.02
SHERBURNE - 000030,Sherburne,000030,Blue Hill Twp,2507,2366,15,7,18,1,84,51,1750,1665,5,5,12,1,49,32,95.14,0.29,0.29,0.69,0.06,2.80,1.83
SHERBURNE - 000035,Sherburne,000035,Clear Lake,630,579,9,1,6,0,32,6,440,421,3,1,6,0,9,2,95.68,0.68,0.23,1.36,0.00,2.05,0.45
SHERBURNE - 000040,Sherburne,000040,Clear Lake Twp,1686,1606,4,2,13,1,53,17,1338,1305,2,2,8,0,16,11,97.53,0.15,0.15,0.60,0.00,1.20,0.82
SHERBURNE - 000050,Sherburne,000050,Elk River W-2 P-2A,3036,2787,27,5,50,1,152,63,2175,2022,12,5,42,1,81,32,92.97,0.55,0.23,1.93,0.05,3.72,1.47
SHERBURNE - 000145,Sherburne,000145,Elk River W-4 P-4B,3376,2882,169,3,107,0,183,93,2197,1915,103,2,78,0,76,54,87.16,4.69,0.09,3.55,0.00,3.46,2.46
SHERBURNE - 000045,Sherburne,000045,Elk River W-1 P-1A,3651,2645,394,68,82,4,318,350,2959,2105,359,64,69,2,236,313,71.14,12.13,2.16,2.33,0.07,7.98,10.58
SHERBURNE - 000130,Sherburne,000130,Elk River W-1 P-1B,3053,2818,28,5,39,1,137,56,2370,2224,17,5,23,0,83,35,93.84,0.72,0.21,0.97,0.00,3.50,1.48
SHERBURNE - 000060,Sherburne,000060,Elk River W-4 P-4A,3254,2773,148,22,59,0,215,129,2379,2112,81,17,40,0,108,67,88.78,3.40,0.71,1.68,0.00,4.54,2.82
SHERBURNE - 000140,Sherburne,000140,Elk River W-3 P-3B,3947,3430,143,23,49,0,238,133,3071,2720,98,15,39,0,156,84,88.57,3.19,0.49,1.27,0.00,5.08,2.74
SHERBURNE - 000135,Sherburne,000135,Elk River W-2 P-2B,3248,2924,65,9,38,0,165,78,2423,2224,40,4,35,0,93,37,91.79,1.65,0.17,1.44,0.00,3.84,1.53
SHERBURNE - 000065,Sherburne,000065,Haven Twp,2610,2182,247,57,25,1,93,65,2262,1878,245,57,22,0,58,50,83.02,10.83,2.52,0.97,0.00,2.56,2.21
SHERBURNE - 000150,Sherburne,000150,Livonia Twp P-2,3699,3429,22,10,34,0,183,57,2717,2545,12,9,22,0,120,42,93.67,0.44,0.33,0.81,0.00,4.42,1.55
SHERBURNE - 000070,Sherburne,000070,Livonia Twp P-1,2278,2100,16,4,21,0,112,62,1706,1614,6,2,14,0,66,22,94.61,0.35,0.12,0.82,0.00,3.87,1.29
SHERBURNE - 000155,Sherburne,000155,Livonia Twp P-3,197,175,7,0,1,0,11,6,145,129,4,0,1,0,9,4,88.97,2.76,0.00,0.69,0.00,6.21,2.76
SHERBURNE - 000075,Sherburne,000075,Orrock Twp,3544,3295,9,14,29,0,171,46,2643,2505,4,12,14,0,95,27,94.78,0.15,0.45,0.53,0.00,3.59,1.02
SHERBURNE - 000080,Sherburne,000080,Palmer Twp,2517,2392,9,12,22,0,74,21,1985,1897,4,9,20,0,49,11,95.57,0.20,0.45,1.01,0.00,2.47,0.55
SHERBURNE - 000085,Sherburne,000085,Princeton P-2,53,52,0,0,1,0,0,0,51,50,0,0,1,0,0,0,98.04,0.00,0.00,1.96,0.00,0.00,0.00
SHERBURNE - 000100,Sherburne,000100,Saint Cloud W-2 P-7,3233,1882,1012,14,127,1,156,108,2443,1686,509,12,114,1,90,75,69.01,20.84,0.49,4.67,0.04,3.68,3.07
SHERBURNE - 000095,Sherburne,000095,Saint Cloud W-2 P-6,1706,1123,416,18,18,2,112,46,1234,931,212,11,14,0,55,29,75.45,17.18,0.89,1.13,0.00,4.46,2.35
SHERBURNE - 000090,Sherburne,000090,Saint Cloud W-2 P-5,1566,1114,247,4,51,1,103,57,1249,955,158,3,43,0,62,40,76.46,12.65,0.24,3.44,0.00,4.96,3.20
SHERBURNE - 000105,Sherburne,000105,Santiago Twp,1846,1765,4,5,5,1,59,17,1323,1284,2,3,5,0,26,5,97.05,0.15,0.23,0.38,0.00,1.97,0.38
SHERBURNE - 000025,Sherburne,000025,Big Lake Twp P-1,2361,2207,17,10,19,0,90,41,1839,1741,14,9,10,0,50,28,94.67,0.76,0.49,0.54,0.00,2.72,1.52
SHERBURNE - 000055,Sherburne,000055,Elk River W-3 P-3A,2270,1939,89,15,39,0,160,89,1637,1428,58,12,24,0,100,50,87.23,3.54,0.73,1.47,0.00,6.11,3.05
WINONA - 000120,Winona,000120,Saratoga Twp,618,593,1,1,4,0,13,10,397,380,1,1,3,0,7,9,95.72,0.25,0.25,0.76,0.00,1.76,2.27
WINONA - 000125,Winona,000125,Stockton,809,745,15,0,6,0,35,25,580,548,6,0,3,0,18,9,94.48,1.03,0.00,0.52,0.00,3.10,1.55
WINONA - 000130,Winona,000130,Utica,266,246,0,0,2,0,11,11,203,186,0,0,2,0,8,10,91.63,0.00,0.00,0.99,0.00,3.94,4.93
WINONA - 000135,Winona,000135,Utica Twp,574,534,1,1,2,0,28,20,423,402,1,1,0,0,15,10,95.04,0.24,0.24,0.00,0.00,3.55,2.36
WINONA - 000140,Winona,000140,Warren Twp,586,529,4,0,15,0,22,21,449,416,2,0,10,0,13,12,92.65,0.45,0.00,2.23,0.00,2.90,2.67
WINONA - 000145,Winona,000145,Whitewater Twp,204,196,0,0,0,0,8,3,157,152,0,0,0,0,5,3,96.82,0.00,0.00,0.00,0.00,3.18,1.91
WINONA - 000150,Winona,000150,Wilson Twp,1148,1084,7,5,3,0,40,18,928,887,4,4,0,0,26,14,95.58,0.43,0.43,0.00,0.00,2.80,1.51
WINONA - 000165,Winona,000165,Winona W-1 P-3,1355,1104,110,4,43,0,81,47,1045,919,42,4,30,0,42,25,87.94,4.02,0.38,2.87,0.00,4.02,2.39
WINONA - 000185,Winona,000185,Winona W-2 P-3,1512,1326,54,2,35,0,76,57,1276,1150,36,2,32,0,42,43,90.13,2.82,0.16,2.51,0.00,3.29,3.37
WINONA - 000195,Winona,000195,Winona W-3 P-1,1881,1684,27,9,62,0,72,53,1796,1609,27,9,60,0,66,53,89.59,1.50,0.50,3.34,0.00,3.67,2.95
WINONA - 000210,Winona,000210,Winona W-3 P-4,1548,1369,59,1,18,0,87,37,1421,1289,43,1,18,0,60,31,90.71,3.03,0.07,1.27,0.00,4.22,2.18
WINONA - 000200,Winona,000200,Winona W-3 P-2,1539,1375,48,5,36,0,55,54,1387,1241,45,5,32,0,47,47,89.47,3.24,0.36,2.31,0.00,3.39,3.39
WINONA - 000175,Winona,000175,Winona W-2 P-1,1738,1540,32,6,58,0,78,62,1552,1382,31,6,49,0,63,52,89.05,2.00,0.39,3.16,0.00,4.06,3.35
WINONA - 000180,Winona,000180,Winona W-2 P-2,1599,1434,44,8,11,0,75,67,1268,1174,26,8,9,0,31,38,92.59,2.05,0.63,0.71,0.00,2.44,3.00
WINONA - 000190,Winona,000190,Winona W-2 P-4,1331,1192,19,1,33,0,74,53,1184,1067,17,1,31,0,60,46,90.12,1.44,0.08,2.62,0.00,5.07,3.89
WINONA - 000160,Winona,000160,Winona W-1 P-2,2141,1929,49,7,62,0,51,115,1923,1733,45,7,62,0,38,102,90.12,2.34,0.36,3.22,0.00,1.98,5.30
WINONA - 000205,Winona,000205,Winona W-3 P-3,1766,1568,40,3,39,0,82,61,1532,1377,31,3,37,0,55,40,89.88,2.02,0.20,2.42,0.00,3.59,2.61
WINONA - 000215,Winona,000215,Winona W-4 P-1,1573,1406,61,5,17,0,74,41,1279,1188,36,4,16,0,29,32,92.89,2.81,0.31,1.25,0.00,2.27,2.50
WINONA - 000225,Winona,000225,Winona W-4 P-3,1635,1496,52,2,28,0,49,19,1402,1307,32,1,21,0,35,16,93.22,2.28,0.07,1.50,0.00,2.50,1.14
WINONA - 000230,Winona,000230,Winona W-4 P-4,1784,1694,13,2,39,0,30,13,1410,1342,7,2,33,0,20,10,95.18,0.50,0.14,2.34,0.00,1.42,0.71
WINONA - 000155,Winona,000155,Winona W-1 P-1,1354,1147,50,7,53,0,72,47,1087,966,40,7,36,0,27,23,88.87,3.68,0.64,3.31,0.00,2.48,2.12
WINONA - 000170,Winona,000170,Winona W-1 P-4,1565,1479,14,2,19,0,40,49,1229,1163,13,2,19,0,23,31,94.63,1.06,0.16,1.55,0.00,1.87,2.52
WINONA - 000220,Winona,000220,Winona W-4 P-2,1627,1428,46,5,20,0,96,54,1353,1222,28,2,17,0,61,31,90.32,2.07,0.15,1.26,0.00,4.51,2.29
WINONA - 000240,Winona,000240,Wiscoy Twp,347,314,0,0,6,0,18,17,283,256,0,0,6,0,12,14,90.46,0.00,0.00,2.12,0.00,4.24,4.95
WINONA - 000058,Winona,000058,La Crescent,51,46,0,1,2,0,2,1,37,33,0,0,2,0,2,1,89.19,0.00,0.00,5.41,0.00,5.41,2.70
WABASHA - 000010,Wabasha,000010,Chester Twp,415,399,0,0,2,0,9,6,313,304,0,0,2,0,3,5,97.12,0.00,0.00,0.64,0.00,0.96,1.60
WABASHA - 000020,Wabasha,000020,Elgin Twp,676,653,3,0,5,0,15,8,538,521,1,0,5,0,11,8,96.84,0.19,0.00,0.93,0.00,2.04,1.49
WABASHA - 000015,Wabasha,000015,Elgin,1115,1060,6,2,2,0,42,40,793,759,5,2,2,0,24,16,95.71,0.63,0.25,0.25,0.00,3.03,2.02
WABASHA - 000040,Wabasha,000040,Hammond,130,120,3,3,1,0,3,4,102,94,3,3,1,0,1,1,92.16,2.94,2.94,0.98,0.00,0.98,0.98
WABASHA - 000045,Wabasha,000045,Highland Twp,446,440,0,2,1,0,3,7,345,341,0,2,1,0,1,2,98.84,0.00,0.58,0.29,0.00,0.29,0.58
WABASHA - 000170,Wabasha,000170,Zumbro Falls,155,154,0,0,1,0,0,0,126,125,0,0,1,0,0,0,99.21,0.00,0.00,0.79,0.00,0.00,0.00
WABASHA - 000065,Wabasha,000065,Lake City P-1,1403,1296,15,3,12,0,60,48,1105,1040,7,2,8,0,36,30,94.12,0.63,0.18,0.72,0.00,3.26,2.71
WABASHA - 000075,Wabasha,000075,Lake City P-3,1758,1634,14,2,5,0,59,89,1357,1277,3,1,5,0,37,51,94.10,0.22,0.07,0.37,0.00,2.73,3.76
WABASHA - 000070,Wabasha,000070,Lake City P-2,1199,1082,3,1,9,1,49,75,990,907,3,1,8,0,36,46,91.62,0.30,0.10,0.81,0.00,3.64,4.65
WABASHA - 000025,Wabasha,000025,Gillford Twp,507,472,2,0,0,0,18,16,371,351,2,0,0,0,12,8,94.61,0.54,0.00,0.00,0.00,3.23,2.16
WABASHA - 000060,Wabasha,000060,Lake Twp,431,388,2,3,1,0,24,25,348,322,0,3,1,0,13,14,92.53,0.00,0.86,0.29,0.00,3.74,4.02
WABASHA - 000030,Wabasha,000030,Glasgow Twp,266,259,1,0,3,0,3,0,213,210,1,0,1,0,1,0,98.59,0.47,0.00,0.47,0.00,0.47,0.00
WABASHA - 000035,Wabasha,000035,Greenfield Twp,1308,1254,4,6,6,0,36,6,1099,1057,3,6,6,0,26,5,96.18,0.27,0.55,0.55,0.00,2.37,0.45
WABASHA - 000050,Wabasha,000050,Hyde Park Twp,259,253,0,0,0,0,6,4,198,193,0,0,0,0,5,3,97.47,0.00,0.00,0.00,0.00,2.53,1.52
WABASHA - 000055,Wabasha,000055,Kellogg,415,401,1,0,2,0,11,2,342,336,1,0,0,0,5,0,98.25,0.29,0.00,0.00,0.00,1.46,0.00
WABASHA - 000080,Wabasha,000080,Mazeppa,874,828,3,6,2,0,28,14,643,612,3,5,2,0,17,9,95.18,0.47,0.78,0.31,0.00,2.64,1.40
WABASHA - 000165,Wabasha,000165,Zumbro Twp,642,618,0,0,2,0,17,10,521,511,0,0,2,0,8,5,98.08,0.00,0.00,0.38,0.00,1.54,0.96
WABASHA - 000090,Wabasha,000090,Millville,151,140,2,1,2,0,5,4,135,127,1,1,1,0,5,3,94.07,0.74,0.74,0.74,0.00,3.70,2.22
WABASHA - 000095,Wabasha,000095,Minneiska,51,47,3,0,0,0,0,0,42,41,0,0,0,0,0,0,97.62,0.00,0.00,0.00,0.00,0.00,0.00
WABASHA - 000085,Wabasha,000085,Mazeppa Twp,646,626,0,0,2,0,13,6,530,522,0,0,2,0,5,1,98.49,0.00,0.00,0.38,0.00,0.94,0.19
WABASHA - 000120,Wabasha,000120,Plainview P-1,1992,1757,20,15,14,0,151,173,1419,1275,12,14,9,0,79,101,89.85,0.85,0.99,0.63,0.00,5.57,7.12
WABASHA - 000125,Wabasha,000125,Plainview P-2,1491,1408,2,1,5,0,53,71,1075,1023,2,1,2,0,32,40,95.16,0.19,0.09,0.19,0.00,2.98,3.72
WABASHA - 000130,Wabasha,000130,Plainview Twp,456,439,0,0,5,1,7,10,337,327,0,0,4,0,2,5,97.03,0.00,0.00,1.19,0.00,0.59,1.48
WABASHA - 000100,Wabasha,000100,Minneiska Twp,182,171,0,0,0,0,11,3,153,143,0,0,0,0,10,3,93.46,0.00,0.00,0.00,0.00,6.54,1.96
WABASHA - 000105,Wabasha,000105,Mount Pleasant Twp,447,435,0,1,3,0,1,8,328,316,0,1,3,0,1,7,96.34,0.00,0.30,0.91,0.00,0.30,2.13
WABASHA - 000110,Wabasha,000110,Oakwood Twp,382,373,0,0,1,0,7,5,298,290,0,0,1,0,6,1,97.32,0.00,0.00,0.34,0.00,2.01,0.34
WABASHA - 000115,Wabasha,000115,Pepin Twp,366,354,2,0,0,0,8,3,317,309,1,0,0,0,5,2,97.48,0.32,0.00,0.00,0.00,1.58,0.63
WABASHA - 000145,Wabasha,000145,Wabasha W-2,824,786,6,3,0,0,28,8,712,684,5,3,0,0,20,4,96.07,0.70,0.42,0.00,0.00,2.81,0.56
WABASHA - 000140,Wabasha,000140,Wabasha W-1,995,903,20,4,9,4,44,39,821,772,8,0,7,2,26,22,94.03,0.97,0.00,0.85,0.24,3.17,2.68
WABASHA - 000150,Wabasha,000150,Wabasha W-3,740,691,10,0,1,0,34,19,639,607,4,0,1,0,23,11,94.99,0.63,0.00,0.16,0.00,3.60,1.72
WABASHA - 000155,Wabasha,000155,Watopa Twp,246,242,0,0,0,0,4,0,201,198,0,0,0,0,3,0,98.51,0.00,0.00,0.00,0.00,1.49,0.00
WABASHA - 000160,Wabasha,000160,West Albany Twp,381,370,0,0,1,0,8,5,301,295,0,0,0,0,5,2,98.01,0.00,0.00,0.00,0.00,1.66,0.66
WABASHA - 000005,Wabasha,000005,Bellechester,38,38,0,0,0,0,0,0,31,31,0,0,0,0,0,0,100.00,0.00,0.00,0.00,0.00,0.00,0.00
RED LAKE - 000005,Red Lake,000005,Brooks,117,100,3,2,0,0,7,5,97,82,3,2,0,0,6,4,84.54,3.09,2.06,0.00,0.00,6.19,4.12
RED LAKE - 000010,Red Lake,000010,Browns Creek Twp,41,41,0,0,0,0,0,0,32,32,0,0,0,0,0,0,100.00,0.00,0.00,0.00,0.00,0.00,0.00
RED LAKE - 000015,Red Lake,000015,Emardville Twp,209,198,0,0,0,1,4,7,159,152,0,0,0,0,3,4,95.60,0.00,0.00,0.00,0.00,1.89,2.52
RED LAKE - 000020,Red Lake,000020,Equality Twp,144,141,0,1,1,0,1,3,102,101,0,0,1,0,0,2,99.02,0.00,0.00,0.98,0.00,0.00,1.96
RED LAKE - 000045,Red Lake,000045,Louisville Twp,171,157,1,5,0,0,7,4,135,130,1,1,0,0,2,1,96.30,0.74,0.74,0.00,0.00,1.48,0.74
RED LAKE - 000050,Red Lake,000050,Oklee,413,381,0,14,0,0,16,14,308,286,0,8,0,0,12,6,92.86,0.00,2.60,0.00,0.00,3.90,1.95
RED LAKE - 000055,Red Lake,000055,Plummer,276,232,2,13,1,0,22,5,213,183,2,9,1,0,14,5,85.92,0.94,4.23,0.47,0.00,6.57,2.35
RED LAKE - 000065,Red Lake,000065,Red Lake Falls W-1,445,400,0,9,2,0,22,17,345,316,0,4,0,0,18,11,91.59,0.00,1.16,0.00,0.00,5.22,3.19
RED LAKE - 000070,Red Lake,000070,Red Lake Falls W-2,437,401,0,4,0,0,21,18,325,304,0,4,0,0,14,7,93.54,0.00,1.23,0.00,0.00,4.31,2.15
RED LAKE - 000075,Red Lake,000075,Red Lake Falls W-3,457,427,4,4,0,0,20,11,364,340,4,4,0,0,15,9,93.41,1.10,1.10,0.00,0.00,4.12,2.47
RED LAKE - 000080,Red Lake,000080,Red Lake Falls Twp P-N,122,122,0,0,0,0,0,0,90,90,0,0,0,0,0,0,100.00,0.00,0.00,0.00,0.00,0.00,0.00
RED LAKE - 000087,Red Lake,000087,Red Lake Falls Twp P-SW,26,21,0,0,1,1,3,0,20,17,0,0,1,0,2,0,85.00,0.00,0.00,5.00,0.00,10.00,0.00
RED LAKE - 000085,Red Lake,000085,Red Lake Falls Twp P-SE,44,42,0,0,0,0,1,3,38,37,0,0,0,0,0,3,97.37,0.00,0.00,0.00,0.00,0.00,7.89
RED LAKE - 000100,Red Lake,000100,Wylie Twp,58,58,0,0,0,0,0,0,44,44,0,0,0,0,0,0,100.00,0.00,0.00,0.00,0.00,0.00,0.00
RED LAKE - 000025,Red Lake,000025,Garnes Twp,178,168,2,0,0,0,6,1,125,119,2,0,0,0,2,0,95.20,1.60,0.00,0.00,0.00,1.60,0.00
RED LAKE - 000030,Red Lake,000030,Gervais Twp,235,220,0,3,1,2,6,7,170,164,0,2,1,0,2,3,96.47,0.00,1.18,0.59,0.00,1.18,1.76
RED LAKE - 000035,Red Lake,000035,Lake Pleasant Twp,104,99,0,2,0,1,2,2,78,77,0,0,0,0,1,0,98.72,0.00,0.00,0.00,0.00,1.28,0.00
RED LAKE - 000040,Red Lake,000040,Lambert Twp,136,130,1,0,0,0,5,1,100,96,1,0,0,0,3,0,96.00,1.00,0.00,0.00,0.00,3.00,0.00
RED LAKE - 000060,Red Lake,000060,Poplar River Twp,115,105,1,2,0,0,5,5,84,76,1,2,0,0,4,3,90.48,1.19,2.38,0.00,0.00,4.76,3.57
RED LAKE - 000090,Red Lake,000090,River Twp,62,60,1,1,0,0,0,0,48,46,1,1,0,0,0,0,95.83,2.08,2.08,0.00,0.00,0.00,0.00
RED LAKE - 000095,Red Lake,000095,Terrebonne Twp,145,144,0,0,0,0,1,0,110,109,0,0,0,0,1,0,99.09,0.00,0.00,0.00,0.00,0.91,0.00
WINONA - 000005,Winona,000005,Altura,471,393,1,1,0,0,20,78,351,301,1,1,0,0,9,53,85.75,0.28,0.28,0.00,0.00,2.56,15.10
WINONA - 000010,Winona,000010,Dakota,295,284,0,1,1,0,6,4,251,241,0,1,1,0,5,3,96.02,0.00,0.40,0.40,0.00,1.99,1.20
WINONA - 000015,Winona,000015,Dresbach Twp,410,384,0,2,2,0,21,5,346,328,0,1,2,0,14,4,94.80,0.00,0.29,0.58,0.00,4.05,1.16
WINONA - 000020,Winona,000020,Elba,129,125,0,1,0,0,3,4,112,108,0,1,0,0,3,4,96.43,0.00,0.89,0.00,0.00,2.68,3.57
WINONA - 000025,Winona,000025,Elba Twp,328,309,2,1,1,0,12,14,232,220,2,0,1,0,6,11,94.83,0.86,0.00,0.43,0.00,2.59,4.74
WINONA - 000030,Winona,000030,Fremont Twp,314,294,0,0,0,0,13,17,245,232,0,0,0,0,8,11,94.69,0.00,0.00,0.00,0.00,3.27,4.49
WINONA - 000035,Winona,000035,Goodview P-1,1869,1663,27,4,40,0,105,61,1526,1404,11,4,28,0,58,38,92.01,0.72,0.26,1.83,0.00,3.80,2.49
WINONA - 000040,Winona,000040,Goodview P-2A,2017,1735,42,7,78,0,104,93,1579,1392,35,7,48,0,61,58,88.16,2.22,0.44,3.04,0.00,3.86,3.67
WINONA - 000042,Winona,000042,Goodview P-2B,272,257,1,0,2,0,12,2,214,204,1,0,0,0,9,1,95.33,0.47,0.00,0.00,0.00,4.21,0.47
WINONA - 000045,Winona,000045,Hart Twp,300,277,1,2,1,0,16,7,226,211,1,2,1,0,8,5,93.36,0.44,0.88,0.44,0.00,3.54,2.21
WINONA - 000050,Winona,000050,Hillsdale Twp,779,683,6,4,23,0,53,29,617,547,4,4,19,0,35,16,88.65,0.65,0.65,3.08,0.00,5.67,2.59
WINONA - 000055,Winona,000055,Homer Twp,1298,1231,8,2,5,0,52,8,1071,1026,2,2,1,0,40,7,95.80,0.19,0.19,0.09,0.00,3.73,0.65
WINONA - 000060,Winona,000060,Lewiston,1533,1365,28,1,14,0,67,108,1136,1034,19,1,5,0,41,65,91.02,1.67,0.09,0.44,0.00,3.61,5.72
WINONA - 000065,Winona,000065,Minneiska,46,40,0,0,0,0,6,0,40,38,0,0,0,0,2,0,95.00,0.00,0.00,0.00,0.00,5.00,0.00
WINONA - 000070,Winona,000070,Minnesota City,202,175,2,0,2,0,17,13,156,139,1,0,0,0,11,11,89.10,0.64,0.00,0.00,0.00,7.05,7.05
WINONA - 000075,Winona,000075,Mount Vernon Twp,276,224,0,5,2,0,11,40,220,180,0,4,2,0,5,34,81.82,0.00,1.82,0.91,0.00,2.27,15.45
WINONA - 000080,Winona,000080,New Hartford Twp,811,778,3,1,4,0,25,12,639,617,0,0,1,0,21,8,96.56,0.00,0.00,0.16,0.00,3.29,1.25
WINONA - 000085,Winona,000085,Norton Twp,523,463,0,0,20,0,16,25,404,355,0,0,17,0,16,17,87.87,0.00,0.00,4.21,0.00,3.96,4.21
WINONA - 000090,Winona,000090,Pleasant Hill Twp,533,509,0,0,2,0,18,7,391,370,0,0,2,0,15,5,94.63,0.00,0.00,0.51,0.00,3.84,1.28
WINONA - 000095,Winona,000095,Richmond Twp,636,604,3,1,4,0,19,10,525,504,1,1,4,0,10,5,96.00,0.19,0.19,0.76,0.00,1.90,0.95
WINONA - 000100,Winona,000100,Rollingstone,678,643,12,1,3,0,12,13,512,491,7,1,3,0,6,6,95.90,1.37,0.20,0.59,0.00,1.17,1.17
WINONA - 000105,Winona,000105,Rollingstone Twp,759,717,2,0,16,0,23,11,631,600,1,0,12,0,17,8,95.09,0.16,0.00,1.90,0.00,2.69,1.27
WINONA - 000110,Winona,000110,Saint Charles,3990,3396,31,7,97,0,237,365,2932,2570,22,6,81,0,108,208,87.65,0.75,0.20,2.76,0.00,3.68,7.09
WINONA - 000115,Winona,000115,Saint Charles Twp,651,631,2,0,3,0,14,8,425,412,1,0,3,0,9,6,96.94,0.24,0.00,0.71,0.00,2.12,1.41
NOBLES - 000005,Nobles,000005,Adrian,1194,1041,8,6,35,4,41,99,926,829,6,2,29,4,18,56,89.52,0.65,0.22,3.13,0.43,1.94,6.05
NOBLES - 000010,Nobles,000010,Bigelow,227,154,0,8,3,1,38,76,163,118,0,6,3,0,19,45,72.39,0.00,3.68,1.84,0.00,11.66,27.61
NOBLES - 000015,Nobles,000015,Bigelow Twp,370,336,0,1,1,0,19,42,269,253,0,1,0,0,8,15,94.05,0.00,0.37,0.00,0.00,2.97,5.58
NOBLES - 000020,Nobles,000020,Bloom Twp,140,135,1,0,4,0,0,2,113,111,0,0,2,0,0,0,98.23,0.00,0.00,1.77,0.00,0.00,0.00
NOBLES - 000190,Nobles,000190,Worthington Twp,314,247,3,4,11,0,20,38,234,191,2,4,6,0,9,25,81.62,0.85,1.71,2.56,0.00,3.85,10.68
NOBLES - 000030,Nobles,000030,Dewald Twp,228,215,2,0,0,0,8,18,188,181,2,0,0,0,3,8,96.28,1.06,0.00,0.00,0.00,1.60,4.26
NOBLES - 000025,Nobles,000025,Brewster,506,379,12,8,8,0,35,91,370,301,5,3,6,0,16,55,81.35,1.35,0.81,1.62,0.00,4.32,14.86
NOBLES - 000040,Nobles,000040,Elk Twp,216,203,1,3,0,0,5,11,168,157,0,3,0,0,4,10,93.45,0.00,1.79,0.00,0.00,2.38,5.95
NOBLES - 000045,Nobles,000045,Ellsworth,497,466,0,4,0,0,19,19,376,365,0,2,0,0,3,11,97.07,0.00,0.53,0.00,0.00,0.80,2.93
NOBLES - 000050,Nobles,000050,Graham Lakes Twp,176,165,1,0,0,0,2,9,149,144,1,0,0,0,1,4,96.64,0.67,0.00,0.00,0.00,0.67,2.68
NOBLES - 000035,Nobles,000035,Dundee,73,68,0,0,0,0,4,2,59,59,0,0,0,0,0,0,100.00,0.00,0.00,0.00,0.00,0.00,0.00
NOBLES - 000055,Nobles,000055,Grand Prairie Twp,206,202,0,0,0,0,4,5,155,152,0,0,0,0,3,5,98.06,0.00,0.00,0.00,0.00,1.94,3.23
NOBLES - 000060,Nobles,000060,Hersey Twp,191,172,0,4,5,0,10,5,141,132,0,4,3,0,2,3,93.62,0.00,2.84,2.13,0.00,1.42,2.13
NOBLES - 000065,Nobles,000065,Indian Lake Twp,216,203,0,1,0,0,11,6,174,166,0,0,0,0,7,3,95.40,0.00,0.00,0.00,0.00,4.02,1.72
NOBLES - 000070,Nobles,000070,Kinbrae,10,10,0,0,0,0,0,0,10,10,0,0,0,0,0,0,100.00,0.00,0.00,0.00,0.00,0.00,0.00
NOBLES - 000075,Nobles,000075,Larkin Twp,182,168,0,1,0,0,10,4,141,132,0,0,0,0,6,3,93.62,0.00,0.00,0.00,0.00,4.26,2.13
NOBLES - 000080,Nobles,000080,Leota Twp,384,373,1,1,0,1,3,5,296,292,0,0,0,1,1,0,98.65,0.00,0.00,0.00,0.34,0.34,0.00
NOBLES - 000085,Nobles,000085,Lismore,202,177,0,0,1,0,16,23,159,141,0,0,1,0,13,14,88.68,0.00,0.00,0.63,0.00,8.18,8.81
NOBLES - 000090,Nobles,000090,Lismore Twp,180,170,2,0,3,0,2,5,133,127,1,0,3,0,0,3,95.49,0.75,0.00,2.26,0.00,0.00,2.26
NOBLES - 000095,Nobles,000095,Little Rock Twp,206,196,0,0,0,1,7,8,145,141,0,0,0,0,3,5,97.24,0.00,0.00,0.00,0.00,2.07,3.45
NOBLES - 000100,Nobles,000100,Lorain Twp,301,241,0,3,6,0,18,51,224,189,0,3,2,0,6,32,84.38,0.00,1.34,0.89,0.00,2.68,14.29
NOBLES - 000105,Nobles,000105,Olney Twp,160,147,0,0,0,0,1,18,118,113,0,0,0,0,1,9,95.76,0.00,0.00,0.00,0.00,0.85,7.63
NOBLES - 000110,Nobles,000110,Ransom Twp,203,187,0,1,2,0,4,22,154,146,0,1,1,0,3,6,94.81,0.00,0.65,0.65,0.00,1.95,3.90
NOBLES - 000115,Nobles,000115,Round Lake,377,334,2,3,2,1,14,30,303,273,2,2,1,0,9,22,90.10,0.66,0.66,0.33,0.00,2.97,7.26
NOBLES - 000120,Nobles,000120,Rushmore,365,325,0,2,2,0,11,57,268,246,0,2,2,0,3,28,91.79,0.00,0.75,0.75,0.00,1.12,10.45
NOBLES - 000125,Nobles,000125,Seward Twp,205,187,0,2,2,0,7,11,156,144,0,2,2,0,2,7,92.31,0.00,1.28,1.28,0.00,1.28,4.49
NOBLES - 000130,Nobles,000130,Summit Lake Twp,290,278,0,1,1,0,10,13,230,223,0,1,0,0,6,10,96.96,0.00,0.43,0.00,0.00,2.61,4.35
NOBLES - 000135,Nobles,000135,Westside Twp,207,200,1,1,0,0,3,12,154,150,1,0,0,0,1,7,97.40,0.65,0.00,0.00,0.00,0.65,4.55
NOBLES - 000140,Nobles,000140,Wilmont,332,300,2,3,1,2,11,17,252,230,2,3,1,1,7,11,91.27,0.79,1.19,0.40,0.40,2.78,4.37
NOBLES - 000145,Nobles,000145,Wilmont Twp,185,177,0,0,0,0,2,13,133,130,0,0,0,0,0,10,97.74,0.00,0.00,0.00,0.00,0.00,7.52
NOBLES - 000166,Nobles,000166,Worthington W-1 P-5,1732,441,353,21,242,3,220,762,1090,345,196,14,157,3,126,429,31.65,17.98,1.28,14.40,0.28,11.56,39.36
NOBLES - 000155,Nobles,000155,Worthington W-1 P-2,1338,489,114,45,157,4,169,651,931,411,63,31,107,3,96,395,44.15,6.77,3.33,11.49,0.32,10.31,42.43
NOBLES - 000185,Nobles,000185,Worthington W-2 P-4,1369,495,47,58,102,0,154,812,918,381,22,37,77,0,82,482,41.50,2.40,4.03,8.39,0.00,8.93,52.51
NOBLES - 000165,Nobles,000165,Worthington W-1 P-4,895,211,29,34,124,2,147,556,615,186,20,20,74,1,85,351,30.24,3.25,3.25,12.03,0.16,13.82,57.07
NOBLES - 000175,Nobles,000175,Worthington W-2 P-2,996,400,19,49,96,0,101,515,686,319,15,31,49,0,64,312,46.50,2.19,4.52,7.14,0.00,9.33,45.48
NOBLES - 000186,Nobles,000186,Worthington W-2 P-5,1475,833,102,35,107,4,127,466,1109,731,56,20,87,4,53,263,65.92,5.05,1.80,7.84,0.36,4.78,23.72
NOBLES - 000160,Nobles,000160,Worthington W-1 P-3,1465,332,29,75,113,4,244,1020,943,280,13,48,79,1,123,594,29.69,1.38,5.09,8.38,0.11,13.04,62.99
NOBLES - 000180,Nobles,000180,Worthington W-2 P-3,1368,500,83,36,143,1,132,743,975,410,77,28,100,1,79,445,42.05,7.90,2.87,10.26,0.10,8.10,45.64
NOBLES - 000170,Nobles,000170,Worthington W-2 P-1,1983,1284,74,30,125,10,146,506,1504,1062,53,22,95,10,65,286,70.61,3.52,1.46,6.32,0.66,4.32,19.02
NOBLES - 000150,Nobles,000150,Worthington W-1 P-1,1326,668,97,19,66,3,193,528,924,533,60,8,43,3,112,300,57.68,6.49,0.87,4.65,0.32,12.12,32.47
POPE - 000005,Pope,000005,Bangor Twp,164,164,0,0,0,0,0,0,128,128,0,0,0,0,0,0,100.00,0.00,0.00,0.00,0.00,0.00,0.00
POPE - 000010,Pope,000010,Barsness Twp,137,133,0,1,1,0,1,1,106,103,0,1,1,0,0,1,97.17,0.00,0.94,0.94,0.00,0.00,0.94
POPE - 000015,Pope,000015,Ben Wade Twp,262,255,2,2,0,0,3,1,189,184,2,2,0,0,1,1,97.35,1.06,1.06,0.00,0.00,0.53,0.53
POPE - 000020,Pope,000020,Blue Mounds Twp,177,171,0,0,0,0,5,0,142,139,0,0,0,0,2,0,97.89,0.00,0.00,0.00,0.00,1.41,0.00
POPE - 000022,Pope,000022,Brooten,0,0,0,0,0,0,0,0,0,0,0,0,0,0,0,0,0.00,0.00,0.00,0.00,0.00,0.00,0.00
POPE - 000025,Pope,000025,Chippewa Falls Twp,218,212,2,0,0,0,4,0,185,180,2,0,0,0,3,0,97.30,1.08,0.00,0.00,0.00,1.62,0.00
POPE - 000030,Pope,000030,Cyrus,305,287,0,3,0,0,12,11,236,225,0,3,0,0,5,4,95.34,0.00,1.27,0.00,0.00,2.12,1.69
POPE - 000035,Pope,000035,Farwell,56,51,0,2,0,0,3,0,45,41,0,2,0,0,2,0,91.11,0.00,4.44,0.00,0.00,4.44,0.00
POPE - 000040,Pope,000040,Gilchrist Twp,213,197,2,4,2,0,7,2,181,172,2,4,2,0,1,0,95.03,1.10,2.21,1.10,0.00,0.55,0.00
POPE - 000045,Pope,000045,Glenwood P-1,2284,2128,11,12,11,0,104,67,1787,1715,8,6,5,0,43,36,95.97,0.45,0.34,0.28,0.00,2.41,2.01
POPE - 000055,Pope,000055,Glenwood Twp,1169,1144,1,0,0,0,18,6,889,877,1,0,0,0,8,2,98.65,0.11,0.00,0.00,0.00,0.90,0.22
POPE - 000060,Pope,000060,Grove Lake Twp,271,262,0,0,3,0,5,2,211,208,0,0,0,0,3,1,98.58,0.00,0.00,0.00,0.00,1.42,0.47
POPE - 000065,Pope,000065,Hoff Twp,162,156,0,0,0,0,2,5,105,103,0,0,0,0,0,2,98.10,0.00,0.00,0.00,0.00,0.00,1.90
POPE - 000070,Pope,000070,Lake Johanna Twp,124,116,0,1,1,0,6,2,107,99,0,1,1,0,6,2,92.52,0.00,0.93,0.93,0.00,5.61,1.87
POPE - 000075,Pope,000075,Langhei Twp,171,166,1,0,1,0,3,0,133,128,1,0,1,0,3,0,96.24,0.75,0.00,0.75,0.00,2.26,0.00
POPE - 000080,Pope,000080,Leven Twp,536,523,2,0,0,0,10,6,428,423,0,0,0,0,4,5,98.83,0.00,0.00,0.00,0.00,0.93,1.17
POPE - 000085,Pope,000085,Long Beach,338,335,0,0,1,0,2,4,286,284,0,0,1,0,1,4,99.30,0.00,0.00,0.35,0.00,0.35,1.40
POPE - 000090,Pope,000090,Lowry,334,320,0,0,0,0,14,0,235,232,0,0,0,0,3,0,98.72,0.00,0.00,0.00,0.00,1.28,0.00
POPE - 000095,Pope,000095,Minnewaska Twp,513,497,3,0,2,0,9,6,399,388,2,0,2,0,6,5,97.24,0.50,0.00,0.50,0.00,1.50,1.25
POPE - 000100,Pope,000100,New Prairie Twp,181,180,0,0,0,0,1,2,155,155,0,0,0,0,0,0,100.00,0.00,0.00,0.00,0.00,0.00,0.00
POPE - 000105,Pope,000105,Nora Twp,203,194,0,1,2,0,6,3,145,144,0,0,1,0,0,0,99.31,0.00,0.00,0.69,0.00,0.00,0.00
POPE - 000110,Pope,000110,Reno Twp,431,418,0,0,0,0,10,2,356,345,0,0,0,0,8,0,96.91,0.00,0.00,0.00,0.00,2.25,0.00
POPE - 000115,Pope,000115,Rolling Forks Twp,118,106,0,1,7,0,4,2,96,87,0,1,4,0,4,0,90.62,0.00,1.04,4.17,0.00,4.17,0.00
POPE - 000120,Pope,000120,Sedan,43,43,0,0,0,0,0,0,38,38,0,0,0,0,0,0,100.00,0.00,0.00,0.00,0.00,0.00,0.00
POPE - 000125,Pope,000125,Starbuck,1365,1278,8,9,11,2,47,35,1048,982,6,8,11,2,32,18,93.70,0.57,0.76,1.05,0.19,3.05,1.72
POPE - 000130,Pope,000130,Villard,225,220,0,0,0,0,2,4,177,174,0,0,0,0,2,2,98.31,0.00,0.00,0.00,0.00,1.13,1.13
POPE - 000135,Pope,000135,Walden Twp,185,177,1,0,1,0,5,2,130,124,1,0,1,0,3,1,95.38,0.77,0.00,0.77,0.00,2.31,0.77
POPE - 000140,Pope,000140,Westport,44,37,0,0,0,0,4,5,38,32,0,0,0,0,3,4,84.21,0.00,0.00,0.00,0.00,7.89,10.53
POPE - 000145,Pope,000145,Westport Twp,237,230,4,0,0,0,0,5,171,167,4,0,0,0,0,2,97.66,2.34,0.00,0.00,0.00,0.00,1.17
POPE - 000150,Pope,000150,White Bear Lake Twp,469,458,0,0,0,0,9,9,379,375,0,0,0,0,3,2,98.94,0.00,0.00,0.00,0.00,0.79,0.53
POPE - 000050,Pope,000050,Glenwood P-2,373,344,2,0,7,0,17,9,283,269,1,0,5,0,6,3,95.05,0.35,0.00,1.77,0.00,2.12,1.06
RAMSEY - 000960,Ramsey,000960,Saint Paul W-3 P-13,2523,2193,63,8,65,2,159,120,2109,1874,41,7,55,2,99,83,88.86,1.94,0.33,2.61,0.09,4.69,3.94
RAMSEY - 000930,Ramsey,000930,Saint Paul W-3 P-10,2234,1737,202,6,75,3,165,101,1670,1342,144,6,49,3,94,58,80.36,8.62,0.36,2.93,0.18,5.63,3.47
RAMSEY - 001100,Ramsey,001100,Saint Paul W-4 P-11,3027,2593,89,14,74,2,222,146,2486,2198,65,13,51,2,130,96,88.42,2.61,0.52,2.05,0.08,5.23,3.86
RAMSEY - 000510,Ramsey,000510,Roseville P-9,3804,2885,303,20,253,5,272,165,3050,2410,208,14,187,2,177,108,79.02,6.82,0.46,6.13,0.07,5.80,3.54
RAMSEY - 000460,Ramsey,000460,Roseville P-4,4738,3653,284,18,421,0,286,209,3936,3165,209,13,318,0,173,139,80.41,5.31,0.33,8.08,0.00,4.40,3.53
RAMSEY - 000520,Ramsey,000520,Roseville P-10,3925,2338,322,28,858,6,251,244,3062,2009,229,20,572,5,154,135,65.61,7.48,0.65,18.68,0.16,5.03,4.41
RAMSEY - 000480,Ramsey,000480,Roseville P-6,2934,2205,151,25,294,4,197,147,2375,1879,97,21,211,3,119,102,79.12,4.08,0.88,8.88,0.13,5.01,4.29
RAMSEY - 000450,Ramsey,000450,Roseville P-3,4703,3524,510,21,302,1,273,196,3805,3011,305,21,252,0,164,135,79.13,8.02,0.55,6.62,0.00,4.31,3.55
RAMSEY - 000530,Ramsey,000530,Saint Anthony P-1,3645,2160,765,23,369,0,233,181,2996,1961,534,17,278,0,133,114,65.45,17.82,0.57,9.28,0.00,4.44,3.81
RAMSEY - 001080,Ramsey,001080,Saint Paul W-4 P-9,2920,2004,434,34,111,5,227,245,2533,1819,350,32,97,5,149,187,71.81,13.82,1.26,3.83,0.20,5.88,7.38
RAMSEY - 001630,Ramsey,001630,Shoreview P-5,5575,4485,125,17,592,0,293,159,4328,3621,83,17,419,0,151,101,83.66,1.92,0.39,9.68,0.00,3.49,2.33
RAMSEY - 001600,Ramsey,001600,Shoreview P-2,6040,4530,323,30,783,0,321,194,4801,3756,223,18,574,0,187,135,78.23,4.64,0.37,11.96,0.00,3.90,2.81
RAMSEY - 001700,Ramsey,001700,White Bear Twp P-1,4690,4108,73,15,185,1,264,180,3801,3409,47,12,130,0,168,110,89.69,1.24,0.32,3.42,0.00,4.42,2.89
RAMSEY - 001720,Ramsey,001720,White Bear Twp P-3,1248,1083,25,20,35,0,72,59,961,860,19,10,24,0,39,36,89.49,1.98,1.04,2.50,0.00,4.06,3.75
RAMSEY - 001770,Ramsey,001770,White Bear Lake W-4 P-1,4493,3624,271,24,223,2,281,218,3536,2988,159,17,161,0,156,150,84.50,4.50,0.48,4.55,0.00,4.41,4.24
RAMSEY - 001750,Ramsey,001750,White Bear Lake W-2 P-1,5103,4439,131,25,167,3,263,233,4177,3734,82,12,122,3,170,148,89.39,1.96,0.29,2.92,0.07,4.07,3.54
RAMSEY - 001000,Ramsey,001000,Saint Paul W-4 P-1,2588,1871,192,17,237,0,236,146,2086,1593,145,16,176,0,128,83,76.37,6.95,0.77,8.44,0.00,6.14,3.98
RAMSEY - 001160,Ramsey,001160,Saint Paul W-5 P-1,3033,2340,212,13,208,1,211,153,2406,1932,146,9,173,0,108,95,80.30,6.07,0.37,7.19,0.00,4.49,3.95
RAMSEY - 000680,Ramsey,000680,Saint Paul W-2 P-1,2211,1818,126,17,69,0,147,110,1812,1547,91,13,53,0,87,72,85.38,5.02,0.72,2.92,0.00,4.80,3.97
RAMSEY - 000690,Ramsey,000690,Saint Paul W-2 P-2,2387,2000,55,10,80,1,212,139,1957,1673,40,7,69,1,145,108,85.49,2.04,0.36,3.53,0.05,7.41,5.52
RAMSEY - 001380,Ramsey,001380,Saint Paul W-6 P-10,2197,903,206,15,740,0,205,246,1570,776,145,15,419,0,119,151,49.43,9.24,0.96,26.69,0.00,7.58,9.62
RAMSEY - 001360,Ramsey,001360,Saint Paul W-6 P-8,4261,821,1262,82,1328,0,353,737,2707,663,722,65,811,0,180,436,24.49,26.67,2.40,29.96,0.00,6.65,16.11
RAMSEY - 001640,Ramsey,001640,Shoreview P-6,4307,3217,151,17,559,9,279,195,3323,2658,104,11,371,3,127,105,79.99,3.13,0.33,11.16,0.09,3.82,3.16
RAMSEY - 001650,Ramsey,001650,Spring Lake Park P-1R,205,129,34,0,11,0,11,26,156,104,19,0,11,0,8,18,66.67,12.18,0.00,7.05,0.00,5.13,11.54
RAMSEY - 001670,Ramsey,001670,Vadnais Heights P-2,3443,2889,105,11,176,2,199,107,2792,2420,74,10,123,2,117,73,86.68,2.65,0.36,4.41,0.07,4.19,2.61
RAMSEY - 001680,Ramsey,001680,Vadnais Heights P-3,3035,2375,77,8,348,0,179,141,2398,1971,51,5,220,0,120,87,82.19,2.13,0.21,9.17,0.00,5.00,3.63
RAMSEY - 001760,Ramsey,001760,White Bear Lake W-3 P-1,4379,3603,172,20,230,4,266,239,3428,2916,108,13,169,2,155,135,85.06,3.15,0.38,4.93,0.06,4.52,3.94
RAMSEY - 001440,Ramsey,001440,Saint Paul W-7 P-2,3225,977,429,87,1170,1,315,503,2212,809,270,55,732,1,175,313,36.57,12.21,2.49,33.09,0.05,7.91,14.15
RAMSEY - 001480,Ramsey,001480,Saint Paul W-7 P-6,3065,965,269,60,1377,1,190,375,2140,795,182,47,854,1,115,243,37.15,8.50,2.20,39.91,0.05,5.37,11.36
RAMSEY - 001120,Ramsey,001120,Saint Paul W-4 P-13,2748,1895,372,39,169,0,227,155,2375,1691,313,33,147,0,151,121,71.20,13.18,1.39,6.19,0.00,6.36,5.09
RAMSEY - 000550,Ramsey,000550,Saint Paul W-1 P-2,3985,2293,1123,17,251,4,224,166,3312,2026,809,15,222,4,166,142,61.17,24.43,0.45,6.70,0.12,5.01,4.29
RAMSEY - 001140,Ramsey,001140,Saint Paul W-4 P-15,2447,1474,545,26,112,1,233,149,1875,1218,369,20,90,1,139,95,64.96,19.68,1.07,4.80,0.05,7.41,5.07
RAMSEY - 000710,Ramsey,000710,Saint Paul W-2 P-4,2175,1853,89,4,54,0,153,99,1931,1673,68,4,51,0,119,84,86.64,3.52,0.21,2.64,0.00,6.16,4.35
RAMSEY - 000970,Ramsey,000970,Saint Paul W-3 P-14,4933,4171,124,36,168,2,338,193,3983,3436,92,23,143,1,212,141,86.27,2.31,0.58,3.59,0.03,5.32,3.54
RAMSEY - 001490,Ramsey,001490,Saint Paul W-7 P-7,3183,837,585,31,1145,0,265,494,2284,732,396,27,747,0,169,343,32.05,17.34,1.18,32.71,0.00,7.40,15.02
RAMSEY - 001170,Ramsey,001170,Saint Paul W-5 P-2,3316,2696,205,11,118,1,246,147,2674,2245,176,9,75,0,138,90,83.96,6.58,0.34,2.80,0.00,5.16,3.37
RAMSEY - 000730,Ramsey,000730,Saint Paul W-2 P-6,902,580,182,14,51,1,58,42,801,548,148,11,45,0,40,23,68.41,18.48,1.37,5.62,0.00,4.99,2.87
RAMSEY - 000700,Ramsey,000700,Saint Paul W-2 P-3,4431,3431,325,36,177,3,337,336,3763,3035,236,31,136,3,220,237,80.65,6.27,0.82,3.61,0.08,5.85,6.30
RAMSEY - 001180,Ramsey,001180,Saint Paul W-5 P-3,3278,2139,497,25,215,0,300,244,2605,1830,347,25,162,0,168,166,70.25,13.32,0.96,6.22,0.00,6.45,6.37
RAMSEY - 000560,Ramsey,000560,Saint Paul W-1 P-3,3936,1134,1358,50,865,2,339,390,2793,996,884,29,565,1,183,250,35.66,31.65,1.04,20.23,0.04,6.55,8.95
RAMSEY - 000610,Ramsey,000610,Saint Paul W-1 P-8,3460,2109,968,20,121,2,201,138,2833,1959,592,12,105,0,130,93,69.15,20.90,0.42,3.71,0.00,4.59,3.28
RAMSEY - 001470,Ramsey,001470,Saint Paul W-7 P-5,3206,1377,245,27,1199,0,245,237,2245,1194,151,22,646,0,147,165,53.18,6.73,0.98,28.78,0.00,6.55,7.35
RAMSEY - 001500,Ramsey,001500,Saint Paul W-7 P-8,4089,1190,681,25,1467,2,371,630,2876,1011,482,23,864,2,228,443,35.15,16.76,0.80,30.04,0.07,7.93,15.40
RAMSEY - 000760,Ramsey,000760,Saint Paul W-2 P-9,3504,2154,736,54,247,3,230,258,3255,2105,612,47,241,0,186,220,64.67,18.80,1.44,7.40,0.00,5.71,6.76
RAMSEY - 000010,Ramsey,000010,Arden Hills P-1,3483,3030,67,5,117,0,244,111,2761,2459,51,4,109,0,121,58,89.06,1.85,0.14,3.95,0.00,4.38,2.10
RAMSEY - 000030,Ramsey,000030,Arden Hills P-3,3587,2530,96,13,398,1,232,473,2640,1967,63,13,281,1,119,267,74.51,2.39,0.49,10.64,0.04,4.51,10.11
RAMSEY - 000020,Ramsey,000020,Arden Hills P-2,2869,2476,60,6,115,3,169,105,2525,2202,46,1,110,3,127,86,87.21,1.82,0.04,4.36,0.12,5.03,3.41
RAMSEY - 000050,Ramsey,000050,Blaine W-1 P-9,0,0,0,0,0,0,0,0,0,0,0,0,0,0,0,0,0.00,0.00,0.00,0.00,0.00,0.00,0.00
RAMSEY - 000060,Ramsey,000060,Falcon Heights P-1,2826,1826,168,18,582,0,198,92,2447,1630,134,11,501,0,137,67,66.61,5.48,0.45,20.47,0.00,5.60,2.74
RAMSEY - 000070,Ramsey,000070,Falcon Heights P-2,2543,1849,375,11,107,0,157,91,1912,1473,234,7,90,0,73,61,77.04,12.24,0.37,4.71,0.00,3.82,3.19
RAMSEY - 000080,Ramsey,000080,Gem Lake P-1,528,485,2,2,14,0,24,8,417,385,0,2,14,0,15,4,92.33,0.00,0.48,3.36,0.00,3.60,0.96
RAMSEY - 000090,Ramsey,000090,Lauderdale P-1,2271,1580,222,12,265,0,135,122,1979,1424,178,5,233,0,89,99,71.96,8.99,0.25,11.77,0.00,4.50,5.00
RAMSEY - 000100,Ramsey,000100,Little Canada P-1,3883,2294,471,19,623,0,261,429,3212,2086,347,10,452,0,171,274,64.94,10.80,0.31,14.07,0.00,5.32,8.53
RAMSEY - 000110,Ramsey,000110,Little Canada P-2,3947,2350,382,11,791,3,263,241,3094,2005,266,11,568,0,157,164,64.80,8.60,0.36,18.36,0.00,5.07,5.30
RAMSEY - 000120,Ramsey,000120,Little Canada P-3,2989,1810,273,54,321,0,265,498,2283,1497,179,45,247,0,150,298,65.57,7.84,1.97,10.82,0.00,6.57,13.05
RAMSEY - 000240,Ramsey,000240,Maplewood P-12,3782,2102,673,30,579,8,256,299,2935,1834,408,19,410,8,163,201,62.49,13.90,0.65,13.97,0.27,5.55,6.85
RAMSEY - 000200,Ramsey,000200,Maplewood P-8,3433,1984,371,21,737,1,211,215,2696,1750,237,19,524,1,89,138,64.91,8.79,0.70,19.44,0.04,3.30,5.12
RAMSEY - 000230,Ramsey,000230,Maplewood P-11,3144,2067,218,12,480,5,221,268,2534,1792,169,12,320,5,148,172,70.72,6.67,0.47,12.63,0.20,5.84,6.79
RAMSEY - 000180,Ramsey,000180,Maplewood P-6,2751,1730,170,16,607,1,158,129,2226,1533,126,10,408,1,107,77,68.87,5.66,0.45,18.33,0.04,4.81,3.46
RAMSEY - 000190,Ramsey,000190,Maplewood P-7,3713,2245,544,20,488,0,311,228,2925,1988,342,7,353,0,159,152,67.97,11.69,0.24,12.07,0.00,5.44,5.20
RAMSEY - 000170,Ramsey,000170,Maplewood P-5,2566,1374,338,22,574,5,152,239,1913,1228,188,13,340,2,81,141,64.19,9.83,0.68,17.77,0.10,4.23,7.37
RAMSEY - 000140,Ramsey,000140,Maplewood P-2,3169,1724,386,45,683,1,234,274,2426,1471,240,31,467,0,144,171,60.63,9.89,1.28,19.25,0.00,5.94,7.05
RAMSEY - 000160,Ramsey,000160,Maplewood P-4,3265,1861,402,24,649,4,248,336,2492,1602,247,14,440,3,130,248,64.29,9.91,0.56,17.66,0.12,5.22,9.95
RAMSEY - 000220,Ramsey,000220,Maplewood P-10,2821,1294,372,27,372,0,214,758,2066,1109,218,27,230,0,131,478,53.68,10.55,1.31,11.13,0.00,6.34,23.14
RAMSEY - 000250,Ramsey,000250,Maplewood P-13,3714,2662,210,11,487,0,254,170,2930,2252,142,6,332,0,133,94,76.86,4.85,0.20,11.33,0.00,4.54,3.21
RAMSEY - 000130,Ramsey,000130,Maplewood P-1,3666,1857,323,8,1123,0,223,305,2788,1630,233,4,725,0,112,160,58.46,8.36,0.14,26.00,0.00,4.02,5.74
RAMSEY - 000150,Ramsey,000150,Maplewood P-3,3621,1963,350,17,894,0,255,296,2779,1687,250,16,586,0,142,193,60.71,9.00,0.58,21.09,0.00,5.11,6.94
RAMSEY - 000320,Ramsey,000320,Mounds View P-4,3254,1835,299,51,298,13,310,652,2360,1486,184,38,210,12,148,382,62.97,7.80,1.61,8.90,0.51,6.27,16.19
RAMSEY - 000290,Ramsey,000290,Mounds View P-1,3256,2578,246,14,194,0,179,116,2496,2105,130,9,135,0,90,68,84.33,5.21,0.36,5.41,0.00,3.61,2.72
RAMSEY - 000340,Ramsey,000340,New Brighton P-3,3514,2353,283,39,184,2,375,521,2762,2009,185,24,142,2,216,325,72.74,6.70,0.87,5.14,0.07,7.82,11.77
RAMSEY - 000365,Ramsey,000365,New Brighton P-8,2807,2215,150,6,186,2,207,126,2225,1838,95,4,149,2,120,75,82.61,4.27,0.18,6.70,0.09,5.39,3.37
RAMSEY - 000355,Ramsey,000355,New Brighton P-6,2542,1945,163,3,246,1,151,73,2005,1602,103,3,204,1,73,53,79.90,5.14,0.15,10.17,0.05,3.64,2.64
RAMSEY - 000350,Ramsey,000350,New Brighton P-5,3177,1839,723,9,272,2,230,191,2428,1540,488,5,201,2,129,112,63.43,20.10,0.21,8.28,0.08,5.31,4.61
RAMSEY - 000370,Ramsey,000370,North Oaks P-1,2568,2163,11,0,249,0,128,66,1906,1638,7,0,189,0,55,41,85.94,0.37,0.00,9.92,0.00,2.89,2.15
RAMSEY - 000390,Ramsey,000390,North Saint Paul P-1,3401,2265,319,15,455,0,267,201,2676,1934,239,15,274,0,152,127,72.27,8.93,0.56,10.24,0.00,5.68,4.75
RAMSEY - 000410,Ramsey,000410,North Saint Paul P-3,3143,1984,282,28,543,0,205,200,2422,1696,176,27,340,0,116,127,70.02,7.27,1.11,14.04,0.00,4.79,5.24
RAMSEY - 000470,Ramsey,000470,Roseville P-5,3912,2646,500,21,371,3,273,199,3178,2271,349,20,314,3,153,119,71.46,10.98,0.63,9.88,0.09,4.81,3.74
RAMSEY - 000500,Ramsey,000500,Roseville P-8,3587,2344,531,19,367,3,196,243,2864,2035,323,9,278,3,116,169,71.05,11.28,0.31,9.71,0.10,4.05,5.90
RAMSEY - 000430,Ramsey,000430,Roseville P-1,3675,3035,190,23,212,2,176,148,3191,2707,142,19,182,2,117,108,84.83,4.45,0.60,5.70,0.06,3.67,3.38
RAMSEY - 000440,Ramsey,000440,Roseville P-2,1619,1072,290,9,123,0,96,54,1278,926,170,9,91,0,57,39,72.46,13.30,0.70,7.12,0.00,4.46,3.05
RAMSEY - 000490,Ramsey,000490,Roseville P-7,3357,2490,131,26,249,0,281,337,2718,2138,95,21,174,0,168,215,78.66,3.50,0.77,6.40,0.00,6.18,7.91
RAMSEY - 001070,Ramsey,001070,Saint Paul W-4 P-8,3617,2423,596,74,136,3,264,272,3051,2139,460,70,103,3,180,221,70.11,15.08,2.29,3.38,0.10,5.90,7.24
RAMSEY - 001620,Ramsey,001620,Shoreview P-4,3827,3230,71,14,248,0,219,100,3034,2639,53,6,170,0,134,72,86.98,1.75,0.20,5.60,0.00,4.42,2.37
RAMSEY - 001730,Ramsey,001730,White Bear Twp P-4,1749,1512,43,3,72,1,91,69,1458,1295,31,3,58,1,54,39,88.82,2.13,0.21,3.98,0.07,3.70,2.67
RAMSEY - 001710,Ramsey,001710,White Bear Twp P-2,3362,3079,9,4,56,3,175,111,2659,2488,6,3,36,2,99,63,93.57,0.23,0.11,1.35,0.08,3.72,2.37
RAMSEY - 001780,Ramsey,001780,White Bear Lake W-5 P-1,5083,3923,276,24,311,0,350,385,3922,3216,174,13,200,0,199,220,82.00,4.44,0.33,5.10,0.00,5.07,5.61
RAMSEY - 000750,Ramsey,000750,Saint Paul W-2 P-8,2410,1403,642,54,81,3,156,212,2307,1375,606,52,81,3,123,189,59.60,26.27,2.25,3.51,0.13,5.33,8.19
RAMSEY - 001400,Ramsey,001400,Saint Paul W-6 P-12,2405,921,243,17,893,1,181,278,1716,782,156,12,555,1,109,173,45.57,9.09,0.70,32.34,0.06,6.35,10.08
RAMSEY - 001520,Ramsey,001520,Saint Paul W-7 P-10,2793,1276,178,24,829,0,258,402,2023,1097,124,15,515,0,124,237,54.23,6.13,0.74,25.46,0.00,6.13,11.72
RAMSEY - 001530,Ramsey,001530,Saint Paul W-7 P-11,3466,928,943,48,928,0,269,567,2624,843,710,39,637,0,146,370,32.13,27.06,1.49,24.28,0.00,5.56,14.10
RAMSEY - 001190,Ramsey,001190,Saint Paul W-5 P-4,8003,2539,1799,110,2658,3,527,722,5805,2221,1285,90,1634,2,325,472,38.26,22.14,1.55,28.15,0.03,5.60,8.13
RAMSEY - 000780,Ramsey,000780,Saint Paul W-2 P-11,4284,3183,463,52,246,1,271,191,4049,3087,386,47,235,1,228,172,76.24,9.53,1.16,5.80,0.02,5.63,4.25
RAMSEY - 001020,Ramsey,001020,Saint Paul W-4 P-3,5005,2628,1337,29,644,0,283,185,4229,2463,866,29,586,0,214,146,58.24,20.48,0.69,13.86,0.00,5.06,3.45
RAMSEY - 001200,Ramsey,001200,Saint Paul W-5 P-5,5184,713,1586,38,2332,0,312,408,3153,601,857,27,1373,0,157,253,19.06,27.18,0.86,43.55,0.00,4.98,8.02
RAMSEY - 001210,Ramsey,001210,Saint Paul W-5 P-6,4326,1343,643,58,1650,1,351,480,3049,1143,426,44,1043,1,203,308,37.49,13.97,1.44,34.21,0.03,6.66,10.10
RAMSEY - 000620,Ramsey,000620,Saint Paul W-1 P-9,6095,976,1663,96,2591,6,440,653,4113,834,1003,64,1720,4,241,450,20.28,24.39,1.56,41.82,0.10,5.86,10.94
RAMSEY - 001740,Ramsey,001740,White Bear Lake W-1 P-1,4866,4069,173,19,233,0,272,256,3986,3462,126,17,157,0,148,160,86.85,3.16,0.43,3.94,0.00,3.71,4.01
RAMSEY - 001110,Ramsey,001110,Saint Paul W-4 P-12,2846,2064,329,21,199,0,192,128,2473,1863,261,18,169,0,131,96,75.33,10.55,0.73,6.83,0.00,5.30,3.88
RAMSEY - 000590,Ramsey,000590,Saint Paul W-1 P-6,5105,2314,1935,36,284,3,423,293,3793,1929,1329,28,194,1,234,201,50.86,35.04,0.74,5.11,0.03,6.17,5.30
RAMSEY - 000580,Ramsey,000580,Saint Paul W-1 P-5,2589,487,1408,16,343,1,244,204,1788,421,941,14,221,1,122,137,23.55,52.63,0.78,12.36,0.06,6.82,7.66
RAMSEY - 001330,Ramsey,001330,Saint Paul W-6 P-5,6267,1626,861,104,2765,1,404,837,4162,1339,512,84,1671,1,230,530,32.17,12.30,2.02,40.15,0.02,5.53,12.73
RAMSEY - 001610,Ramsey,001610,Shoreview P-3,5091,3991,258,12,499,1,268,168,4014,3252,175,10,369,1,162,114,81.02,4.36,0.25,9.19,0.02,4.04,2.84
RAMSEY - 001580,Ramsey,001580,Shoreview P-1,2081,1719,56,8,80,0,193,95,1635,1412,39,5,52,0,103,67,86.36,2.39,0.31,3.18,0.00,6.30,4.10
RAMSEY - 001660,Ramsey,001660,Vadnais Heights P-1,2217,1810,65,2,199,0,118,73,1720,1456,36,1,148,0,66,36,84.65,2.09,0.06,8.60,0.00,3.84,2.09
RAMSEY - 001690,Ramsey,001690,Vadnais Heights P-4,4217,2561,593,16,651,0,272,286,3328,2249,367,15,461,0,139,161,67.58,11.03,0.45,13.85,0.00,4.18,4.84
RAMSEY - 001765,Ramsey,001765,White Bear Lake W-3 P-2,562,500,9,2,15,0,31,18,429,394,7,2,11,0,12,4,91.84,1.63,0.47,2.56,0.00,2.80,0.93
RAMSEY - 001450,Ramsey,001450,Saint Paul W-7 P-3,3599,1207,565,25,1187,0,331,517,2465,985,350,16,731,0,206,323,39.96,14.20,0.65,29.66,0.00,8.36,13.10
RAMSEY - 000820,Ramsey,000820,Saint Paul W-2 P-15,6291,2137,1585,117,679,1,746,1835,4310,1724,869,86,418,1,469,1279,40.00,20.16,2.00,9.70,0.02,10.88,29.68
RAMSEY - 001130,Ramsey,001130,Saint Paul W-4 P-14,2516,1465,606,34,95,0,217,195,1960,1259,382,23,86,0,128,145,64.23,19.49,1.17,4.39,0.00,6.53,7.40
RAMSEY - 000600,Ramsey,000600,Saint Paul W-1 P-7,2020,1673,104,6,75,4,134,89,1705,1442,84,5,56,4,93,69,84.57,4.93,0.29,3.28,0.23,5.45,4.05
RAMSEY - 000720,Ramsey,000720,Saint Paul W-2 P-5,3717,2822,306,41,101,1,345,271,3113,2446,224,29,80,1,248,201,78.57,7.20,0.93,2.57,0.03,7.97,6.46
RAMSEY - 001460,Ramsey,001460,Saint Paul W-7 P-4,2007,655,288,27,757,0,174,227,1461,577,213,14,474,0,108,146,39.49,14.58,0.96,32.44,0.00,7.39,9.99
RAMSEY - 001230,Ramsey,001230,Saint Paul W-5 P-8,6548,1159,1178,88,3113,0,440,955,4356,980,771,63,1911,0,236,619,22.50,17.70,1.45,43.87,0.00,5.42,14.21
RAMSEY - 001320,Ramsey,001320,Saint Paul W-6 P-4,4756,1213,820,49,1859,1,397,714,3261,1010,506,32,1202,1,234,456,30.97,15.52,0.98,36.86,0.03,7.18,13.98
RAMSEY - 001030,Ramsey,001030,Saint Paul W-4 P-4,2895,2234,129,19,161,18,231,208,2458,1960,96,17,127,3,182,152,79.74,3.91,0.69,5.17,0.12,7.40,6.18
RAMSEY - 001550,Ramsey,001550,Saint Paul W-7 P-13,3650,1596,1343,15,420,0,231,174,2564,1366,762,10,274,0,123,92,53.28,29.72,0.39,10.69,0.00,4.80,3.59
RAMSEY - 001090,Ramsey,001090,Saint Paul W-4 P-10,3006,2486,117,22,105,4,221,169,2510,2123,82,19,84,3,158,125,84.58,3.27,0.76,3.35,0.12,6.29,4.98
RAMSEY - 001060,Ramsey,001060,Saint Paul W-4 P-7,2942,2563,67,6,101,0,163,128,2487,2205,56,6,86,0,102,100,88.66,2.25,0.24,3.46,0.00,4.10,4.02
RAMSEY - 001040,Ramsey,001040,Saint Paul W-4 P-5,2183,1847,83,7,52,4,158,93,1819,1577,75,3,46,4,85,59,86.70,4.12,0.16,2.53,0.22,4.67,3.24
RAMSEY - 001220,Ramsey,001220,Saint Paul W-5 P-7,2841,907,511,26,929,0,208,393,2048,800,336,23,603,0,101,265,39.06,16.41,1.12,29.44,0.00,4.93,12.94
RAMSEY - 000670,Ramsey,000670,Saint Paul W-1 P-14,2235,260,982,11,809,0,134,96,1357,232,526,8,492,0,69,65,17.10,38.76,0.59,36.26,0.00,5.08,4.79
RAMSEY - 000850,Ramsey,000850,Saint Paul W-3 P-2,3522,3083,60,9,101,4,239,125,2784,2482,48,8,74,4,147,83,89.15,1.72,0.29,2.66,0.14,5.28,2.98
RAMSEY - 000860,Ramsey,000860,Saint Paul W-3 P-3,3854,3084,279,17,140,0,268,174,3280,2716,211,15,117,0,163,133,82.80,6.43,0.46,3.57,0.00,4.97,4.05
RAMSEY - 001350,Ramsey,001350,Saint Paul W-6 P-7,1831,397,488,38,610,0,146,254,1293,344,331,28,419,0,77,153,26.60,25.60,2.17,32.41,0.00,5.96,11.83
RAMSEY - 000890,Ramsey,000890,Saint Paul W-3 P-6,3145,2301,414,12,156,1,215,127,2473,1904,286,10,114,1,120,72,76.99,11.56,0.40,4.61,0.04,4.85,2.91
RAMSEY - 001250,Ramsey,001250,Saint Paul W-5 P-10,1776,416,479,28,577,2,152,260,1182,347,273,22,360,2,87,180,29.36,23.10,1.86,30.46,0.17,7.36,15.23
RAMSEY - 000910,Ramsey,000910,Saint Paul W-3 P-8,2228,1932,44,13,62,0,147,104,1751,1556,30,9,51,0,88,62,88.86,1.71,0.51,2.91,0.00,5.03,3.54
RAMSEY - 000950,Ramsey,000950,Saint Paul W-3 P-12,2636,2272,56,6,92,3,181,99,2156,1874,51,4,83,3,116,79,86.92,2.37,0.19,3.85,0.14,5.38,3.66
RAMSEY - 000940,Ramsey,000940,Saint Paul W-3 P-11,4101,1557,1830,25,129,1,336,492,3407,1500,1405,18,105,1,221,345,44.03,41.24,0.53,3.08,0.03,6.49,10.13
RAMSEY - 001300,Ramsey,001300,Saint Paul W-6 P-2,2260,1321,203,21,490,0,150,161,1700,1089,142,17,322,0,76,100,64.06,8.35,1.00,18.94,0.00,4.47,5.88
RAMSEY - 000678,Ramsey,000678,Saint Paul W-1 P-16,425,228,89,6,54,0,42,24,327,195,59,6,41,0,21,11,59.63,18.04,1.83,12.54,0.00,6.42,3.36
RAMSEY - 000570,Ramsey,000570,Saint Paul W-1 P-4,3375,862,1036,44,916,2,338,407,2329,727,607,30,632,1,211,267,31.22,26.06,1.29,27.14,0.04,9.06,11.46
RAMSEY - 000660,Ramsey,000660,Saint Paul W-1 P-13,1677,1390,76,17,43,1,120,82,1508,1269,57,16,42,1,96,68,84.15,3.78,1.06,2.79,0.07,6.37,4.51
RAMSEY - 000740,Ramsey,000740,Saint Paul W-2 P-7,3637,2490,553,43,179,1,263,285,3139,2341,348,32,158,0,168,217,74.58,11.09,1.02,5.03,0.00,5.35,6.91
RAMSEY - 000790,Ramsey,000790,Saint Paul W-2 P-12,2859,2073,147,24,72,0,349,480,2166,1667,90,13,41,0,203,305,76.96,4.16,0.60,1.89,0.00,9.37,14.08
RAMSEY - 001390,Ramsey,001390,Saint Paul W-6 P-11,3386,1442,237,40,1239,1,237,350,2489,1230,181,30,791,1,128,222,49.42,7.27,1.21,31.78,0.04,5.14,8.92
RAMSEY - 001510,Ramsey,001510,Saint Paul W-7 P-9,3445,1445,346,38,970,1,306,551,2509,1236,248,27,592,1,179,348,49.26,9.88,1.08,23.60,0.04,7.13,13.87
RAMSEY - 001370,Ramsey,001370,Saint Paul W-6 P-9,6243,1728,1090,61,2280,3,451,1030,4253,1439,696,44,1404,3,247,650,33.83,16.36,1.03,33.01,0.07,5.81,15.28
RAMSEY - 000800,Ramsey,000800,Saint Paul W-2 P-13,2901,1757,414,77,106,0,333,583,2290,1527,266,53,81,0,198,405,66.68,11.62,2.31,3.54,0.00,8.65,17.69
RAMSEY - 001540,Ramsey,001540,Saint Paul W-7 P-12,5169,2002,1361,29,1213,0,378,440,3830,1762,887,24,809,0,211,314,46.01,23.16,0.63,21.12,0.00,5.51,8.20
RAMSEY - 001290,Ramsey,001290,Saint Paul W-6 P-1,2830,1179,245,20,985,6,254,301,2002,989,148,3,621,6,137,188,49.40,7.39,0.15,31.02,0.30,6.84,9.39
RAMSEY - 000675,Ramsey,000675,Saint Paul W-1 P-15,1997,483,520,35,676,0,178,209,1328,392,317,32,416,0,94,128,29.52,23.87,2.41,31.33,0.00,7.08,9.64
RAMSEY - 000810,Ramsey,000810,Saint Paul W-2 P-14,3531,1729,492,124,156,1,455,1092,2643,1439,306,87,117,1,288,748,54.45,11.58,3.29,4.43,0.04,10.90,28.30
RAMSEY - 001010,Ramsey,001010,Saint Paul W-4 P-2,2147,1702,62,8,218,0,116,110,1797,1426,47,6,200,0,83,76,79.35,2.62,0.33,11.13,0.00,4.62,4.23
RAMSEY - 000640,Ramsey,000640,Saint Paul W-1 P-11,2773,371,1662,21,435,7,135,196,1909,339,1036,14,341,3,74,130,17.76,54.27,0.73,17.86,0.16,3.88,6.81
RAMSEY - 001050,Ramsey,001050,Saint Paul W-4 P-6,3330,2955,74,5,128,2,64,95,3120,2782,69,5,122,2,39,78,89.17,2.21,0.16,3.91,0.06,1.25,2.50
RAMSEY - 000840,Ramsey,000840,Saint Paul W-3 P-1,2828,2488,61,10,73,0,168,87,2240,2003,50,10,58,0,100,61,89.42,2.23,0.45,2.59,0.00,4.46,2.72
RAMSEY - 001240,Ramsey,001240,Saint Paul W-5 P-9,4663,1086,1000,89,1853,1,352,508,3066,904,593,52,1133,1,200,320,29.48,19.34,1.70,36.95,0.03,6.52,10.44
RAMSEY - 000630,Ramsey,000630,Saint Paul W-1 P-10,1401,306,460,25,420,0,91,201,924,260,272,20,253,0,48,132,28.14,29.44,2.16,27.38,0.00,5.19,14.29
RAMSEY - 001340,Ramsey,001340,Saint Paul W-6 P-6,6818,1591,1226,115,2787,0,532,977,4594,1373,764,79,1638,0,337,640,29.89,16.63,1.72,35.66,0.00,7.34,13.93
RAMSEY - 000870,Ramsey,000870,Saint Paul W-3 P-4,2178,1821,79,12,121,1,112,115,1926,1618,76,10,115,1,74,97,84.01,3.95,0.52,5.97,0.05,3.84,5.04
RAMSEY - 000880,Ramsey,000880,Saint Paul W-3 P-5,2846,2044,447,13,119,2,168,138,2358,1797,307,9,101,2,100,96,76.21,13.02,0.38,4.28,0.08,4.24,4.07
RAMSEY - 000900,Ramsey,000900,Saint Paul W-3 P-7,2338,1719,122,7,278,7,153,143,2115,1561,116,3,274,4,107,116,73.81,5.48,0.14,12.96,0.19,5.06,5.48
RAMSEY - 001430,Ramsey,001430,Saint Paul W-7 P-1,5142,1779,1075,85,1334,0,439,738,3633,1560,681,55,817,0,229,439,42.94,18.74,1.51,22.49,0.00,6.30,12.08
RAMSEY - 000540,Ramsey,000540,Saint Paul W-1 P-1,1665,1332,102,7,37,0,159,98,1348,1119,66,5,34,0,100,78,83.01,4.90,0.37,2.52,0.00,7.42,5.79
RAMSEY - 000920,Ramsey,000920,Saint Paul W-3 P-9,3537,2975,175,24,131,1,191,132,2820,2424,134,15,97,1,115,88,85.96,4.75,0.53,3.44,0.04,4.08,3.12
RAMSEY - 001310,Ramsey,001310,Saint Paul W-6 P-3,3391,999,191,30,1840,0,160,289,2337,819,121,25,1177,0,87,170,35.04,5.18,1.07,50.36,0.00,3.72,7.27
RAMSEY - 000770,Ramsey,000770,Saint Paul W-2 P-10,298,104,163,3,15,0,9,12,277,100,155,1,12,0,8,8,36.10,55.96,0.36,4.33,0.00,2.89,2.89
RAMSEY - 000650,Ramsey,000650,Saint Paul W-1 P-12,479,412,14,6,5,0,37,20,438,391,11,4,5,0,26,15,89.27,2.51,0.91,1.14,0.00,5.94,3.42
RAMSEY - 000210,Ramsey,000210,Maplewood P-9,2443,1392,375,15,353,0,169,222,1835,1197,215,5,233,0,92,137,65.23,11.72,0.27,12.70,0.00,5.01,7.47
RAMSEY - 000310,Ramsey,000310,Mounds View P-3,4071,2753,443,26,443,4,274,305,3131,2236,316,14,322,4,144,193,71.41,10.09,0.45,10.28,0.13,4.60,6.16
RAMSEY - 000300,Ramsey,000300,Mounds View P-2,2668,1794,273,14,279,2,204,185,2037,1504,165,10,183,1,109,111,73.83,8.10,0.49,8.98,0.05,5.35,5.45
RAMSEY - 000330,Ramsey,000330,New Brighton P-1,3389,1997,703,28,301,1,269,196,2629,1659,471,23,240,1,176,126,63.10,17.92,0.87,9.13,0.04,6.69,4.79
RAMSEY - 000360,Ramsey,000360,New Brighton P-7,2950,2345,196,7,182,1,175,88,2254,1878,117,7,125,1,95,55,83.32,5.19,0.31,5.55,0.04,4.21,2.44
RAMSEY - 000345,Ramsey,000345,New Brighton P-4,3299,2352,366,13,282,0,199,169,2448,1837,216,6,228,0,97,100,75.04,8.82,0.25,9.31,0.00,3.96,4.08
RAMSEY - 000335,Ramsey,000335,New Brighton P-2,1776,1310,188,4,126,1,104,84,1413,1077,139,4,95,1,62,63,76.22,9.84,0.28,6.72,0.07,4.39,4.46
RAMSEY - 000380,Ramsey,000380,North Oaks P-2,2704,2377,29,6,153,0,128,53,2128,1908,21,6,117,0,65,32,89.66,0.99,0.28,5.50,0.00,3.05,1.50
RAMSEY - 000400,Ramsey,000400,North Saint Paul P-2,3206,1807,491,12,471,0,284,257,2372,1504,287,5,331,0,160,160,63.41,12.10,0.21,13.95,0.00,6.75,6.75
RAMSEY - 000420,Ramsey,000420,North Saint Paul P-4,2614,1866,104,27,409,0,169,123,2050,1558,68,24,281,0,93,84,76.00,3.32,1.17,13.71,0.00,4.54,4.10
STEARNS - 000307,Stearns,000307,Saint Cloud W-3 P-2,3428,2676,264,4,230,2,202,154,2781,2287,160,4,181,2,108,113,82.24,5.75,0.14,6.51,0.07,3.88,4.06
STEARNS - 000312,Stearns,000312,Saint Cloud W-3 P-4,1527,1159,152,12,60,0,108,61,1151,956,75,4,40,0,49,33,83.06,6.52,0.35,3.48,0.00,4.26,2.87
STEARNS - 000310,Stearns,000310,Saint Cloud W-3 P-3,3944,3280,192,23,199,5,136,188,3269,2827,117,19,152,4,83,122,86.48,3.58,0.58,4.65,0.12,2.54,3.73
STEARNS - 000360,Stearns,000360,Saint Cloud W-4 P-7,4177,3405,380,17,108,1,220,126,3194,2732,212,13,95,1,113,65,85.54,6.64,0.41,2.97,0.03,3.54,2.04
STEARNS - 000443,Stearns,000443,Waite Park P-4,644,388,12,17,34,0,42,249,455,300,9,14,31,0,19,134,65.93,1.98,3.08,6.81,0.00,4.18,29.45
STEARNS - 000435,Stearns,000435,Spring Hill Twp,337,331,0,0,1,0,5,3,253,251,0,0,0,0,2,1,99.21,0.00,0.00,0.00,0.00,0.79,0.40
STEARNS - 000440,Stearns,000440,Waite Park P-1,2028,1643,139,24,28,2,102,168,1671,1395,103,20,27,2,63,112,83.48,6.16,1.20,1.62,0.12,3.77,6.70
STEARNS - 000165,Stearns,000165,Meire Grove,180,170,1,0,0,0,6,4,142,134,0,0,0,0,5,4,94.37,0.00,0.00,0.00,0.00,3.52,2.82
STEARNS - 000330,Stearns,000330,Saint Cloud W-4 P-1,1890,1242,466,10,41,0,92,55,1550,1157,266,8,34,0,54,44,74.65,17.16,0.52,2.19,0.00,3.48,2.84
STEARNS - 000265,Stearns,000265,Saint Cloud W-1 P-2,2926,1961,372,17,290,6,190,172,2460,1742,231,15,280,4,112,130,70.81,9.39,0.61,11.38,0.16,4.55,5.28
STEARNS - 000340,Stearns,000340,Saint Cloud W-4 P-3,1401,1049,177,7,27,2,103,58,1090,882,105,2,23,2,54,31,80.92,9.63,0.18,2.11,0.18,4.95,2.84
STEARNS - 000295,Stearns,000295,Saint Cloud W-2 P-2,3462,2540,456,67,64,13,247,180,2702,2127,276,39,47,10,145,117,78.72,10.21,1.44,1.74,0.37,5.37,4.33
STEARNS - 000280,Stearns,000280,Saint Cloud W-1 P-5,1626,1212,209,12,33,0,141,73,1284,1020,151,11,24,0,65,45,79.44,11.76,0.86,1.87,0.00,5.06,3.50
STEARNS - 000355,Stearns,000355,Saint Cloud W-4 P-6,3952,3217,373,9,85,1,213,127,3076,2633,220,7,60,0,122,80,85.60,7.15,0.23,1.95,0.00,3.97,2.60
STEARNS - 000275,Stearns,000275,Saint Cloud W-1 P-4,2195,1444,514,5,57,0,132,87,1650,1188,309,5,52,0,73,55,72.00,18.73,0.30,3.15,0.00,4.42,3.33
STEARNS - 000270,Stearns,000270,Saint Cloud W-1 P-3,1632,1109,197,5,187,2,96,103,1433,1013,136,4,180,2,64,94,70.69,9.49,0.28,12.56,0.14,4.47,6.56
STEARNS - 000260,Stearns,000260,Saint Cloud W-1 P-1,1236,1024,44,1,62,0,64,72,1135,933,44,1,60,0,56,71,82.20,3.88,0.09,5.29,0.00,4.93,6.26
STEARNS - 000315,Stearns,000315,Saint Cloud W-3 P-5,1673,1303,181,9,53,5,90,69,1363,1123,112,8,40,4,56,50,82.39,8.22,0.59,2.93,0.29,4.11,3.67
STEARNS - 000430,Stearns,000430,Sauk Centre Twp,1180,1146,6,2,2,1,20,16,862,846,2,2,2,0,9,4,98.14,0.23,0.23,0.23,0.00,1.04,0.46
STEARNS - 000317,Stearns,000317,Saint Cloud W-3 P-6,2206,1734,207,12,41,0,157,118,1718,1438,121,9,30,0,89,65,83.70,7.04,0.52,1.75,0.00,5.18,3.78
STEARNS - 000320,Stearns,000320,Saint Cloud W-3 P-7,2713,1743,768,9,44,2,108,75,2167,1534,493,6,38,2,65,52,70.79,22.75,0.28,1.75,0.09,3.00,2.40
STEARNS - 000442,Stearns,000442,Waite Park P-3,717,607,26,13,14,1,46,40,615,544,19,11,8,1,26,29,88.46,3.09,1.79,1.30,0.16,4.23,4.72
STEARNS - 000434,Stearns,000434,Spring Hill,68,68,0,0,0,0,0,0,52,52,0,0,0,0,0,0,100.00,0.00,0.00,0.00,0.00,0.00,0.00
STEARNS - 000345,Stearns,000345,Saint Cloud W-4 P-4,3939,1616,1999,14,118,2,142,129,2747,1366,1141,14,99,1,96,88,49.73,41.54,0.51,3.60,0.04,3.49,3.20
STEARNS - 000441,Stearns,000441,Waite Park P-2,4952,2334,2035,44,133,0,216,357,3590,2042,1140,25,115,0,141,232,56.88,31.75,0.70,3.20,0.00,3.93,6.46
MARTIN - 000095,Martin,000095,Fairmont Twp,308,291,0,1,0,0,8,11,231,221,0,1,0,0,6,6,95.67,0.00,0.43,0.00,0.00,2.60,2.60
STEARNS - 000135,Stearns,000135,Lake George Twp,308,302,0,0,0,0,4,8,230,225,0,0,0,0,3,4,97.83,0.00,0.00,0.00,0.00,1.30,1.74
STEARNS - 000140,Stearns,000140,Lake Henry Twp,248,244,1,0,0,0,2,2,188,187,0,0,0,0,0,1,99.47,0.00,0.00,0.00,0.00,0.00,0.53
STEARNS - 000137,Stearns,000137,Lake Henry,72,71,0,0,0,0,1,3,58,57,0,0,0,0,1,0,98.28,0.00,0.00,0.00,0.00,1.72,0.00
STEARNS - 000150,Stearns,000150,Luxemburg Twp,631,602,0,0,0,1,15,13,477,463,0,0,0,0,9,7,97.06,0.00,0.00,0.00,0.00,1.89,1.47
STEARNS - 000155,Stearns,000155,Lynden Twp,1816,1734,3,2,3,0,53,17,1450,1396,2,2,3,0,30,13,96.28,0.14,0.14,0.21,0.00,2.07,0.90
STEARNS - 000160,Stearns,000160,Maine Prairie Twp,1886,1824,10,0,3,1,44,24,1457,1421,3,0,3,0,26,18,97.53,0.21,0.00,0.21,0.00,1.78,1.24
STEARNS - 000180,Stearns,000180,Melrose Twp,729,713,0,1,1,1,3,12,560,552,0,0,0,0,2,5,98.57,0.00,0.00,0.00,0.00,0.36,0.89
STEARNS - 000185,Stearns,000185,Millwood Twp,950,934,0,0,0,0,8,9,745,734,0,0,0,0,6,6,98.52,0.00,0.00,0.00,0.00,0.81,0.81
STEARNS - 000192,Stearns,000192,Munson Twp P-2,708,695,0,1,1,0,10,3,584,577,0,0,1,0,6,0,98.80,0.00,0.00,0.17,0.00,1.03,0.00
STEARNS - 000230,Stearns,000230,Richmond,1475,1413,1,0,5,0,43,35,1120,1078,1,0,5,0,25,17,96.25,0.09,0.00,0.45,0.00,2.23,1.52
STEARNS - 000190,Stearns,000190,Munson Twp P-1,742,740,0,0,0,0,2,2,555,554,0,0,0,0,1,2,99.82,0.00,0.00,0.00,0.00,0.18,0.36
STEARNS - 000245,Stearns,000245,Roscoe,130,119,1,1,0,0,5,13,89,83,0,0,0,0,2,7,93.26,0.00,0.00,0.00,0.00,2.25,7.87
STEARNS - 000195,Stearns,000195,New Munich,356,351,0,0,1,0,2,1,257,252,0,0,1,0,2,1,98.05,0.00,0.00,0.39,0.00,0.78,0.39
STEARNS - 000205,Stearns,000205,Oak Twp,623,606,0,1,0,0,10,14,432,425,0,0,0,0,7,2,98.38,0.00,0.00,0.00,0.00,1.62,0.46
STEARNS - 000210,Stearns,000210,Paynesville,2388,2197,18,10,7,0,131,85,1854,1724,16,8,6,0,77,60,92.99,0.86,0.43,0.32,0.00,4.15,3.24
STEARNS - 000215,Stearns,000215,Paynesville Twp,1421,1361,1,3,4,0,49,16,1120,1094,1,2,3,0,18,8,97.68,0.09,0.18,0.27,0.00,1.61,0.71
STEARNS - 000225,Stearns,000225,Raymond Twp,230,226,2,0,0,0,2,1,153,149,2,0,0,0,2,1,97.39,1.31,0.00,0.00,0.00,1.31,0.65
STEARNS - 000235,Stearns,000235,Rockville,2382,2122,7,3,6,0,90,213,1843,1677,7,3,6,0,59,125,90.99,0.38,0.16,0.33,0.00,3.20,6.78
STEARNS - 000250,Stearns,000250,Saint Anthony,91,88,0,0,0,0,3,1,68,66,0,0,0,0,2,1,97.06,0.00,0.00,0.00,0.00,2.94,1.47
STEARNS - 000255,Stearns,000255,Saint Augusta,3497,3325,6,4,45,3,77,51,2683,2575,3,3,37,2,49,22,95.97,0.11,0.11,1.38,0.07,1.83,0.82
STEARNS - 000385,Stearns,000385,Saint Joseph P-2,3957,3511,227,6,38,0,141,146,2932,2730,91,4,33,0,57,84,93.11,3.10,0.14,1.13,0.00,1.94,2.86
STEARNS - 000399,Stearns,000399,Saint Martin,312,298,3,0,1,0,7,9,238,229,3,0,1,0,5,6,96.22,1.26,0.00,0.42,0.00,2.10,2.52
STEARNS - 000400,Stearns,000400,Saint Martin Twp,438,421,1,0,1,0,10,10,331,317,1,0,1,0,9,8,95.77,0.30,0.00,0.30,0.00,2.72,2.42
STEARNS - 000380,Stearns,000380,Saint Joseph P-1,2228,1839,219,7,66,1,72,116,1896,1649,135,6,62,0,31,97,86.97,7.12,0.32,3.27,0.00,1.64,5.12
STEARNS - 000390,Stearns,000390,Saint Joseph Twp,1790,1664,33,16,28,0,32,87,1482,1382,27,14,26,0,18,67,93.25,1.82,0.94,1.75,0.00,1.21,4.52
STEARNS - 000285,Stearns,000285,Saint Cloud W-1 P-6,1710,1277,250,7,51,0,102,61,1335,1075,141,7,38,0,61,38,80.52,10.56,0.52,2.85,0.00,4.57,2.85
STEARNS - 000350,Stearns,000350,Saint Cloud W-4 P-5,1966,1612,88,29,51,2,156,95,1524,1304,53,19,37,2,88,64,85.56,3.48,1.25,2.43,0.13,5.77,4.20
STEARNS - 000335,Stearns,000335,Saint Cloud W-4 P-2,1203,920,150,13,31,0,54,50,939,770,78,11,27,0,24,41,82.00,8.31,1.17,2.88,0.00,2.56,4.37
STEARNS - 000290,Stearns,000290,Saint Cloud W-1 P-7,4076,1143,2488,28,190,6,174,96,2520,966,1242,18,171,6,88,63,38.33,49.29,0.71,6.79,0.24,3.49,2.50
STEARNS - 000404,Stearns,000404,Saint Rosa,58,54,0,0,0,0,4,1,46,46,0,0,0,0,0,0,100.00,0.00,0.00,0.00,0.00,0.00,0.00
STEARNS - 000420,Stearns,000420,Sauk Centre,4555,4042,37,16,17,1,252,402,3526,3223,28,11,15,1,129,228,91.41,0.79,0.31,0.43,0.03,3.66,6.47
STEARNS - 000450,Stearns,000450,Zion Twp,303,281,1,1,7,0,1,26,224,214,1,1,2,0,1,16,95.54,0.45,0.45,0.89,0.00,0.45,7.14
STEARNS - 000305,Stearns,000305,Saint Cloud W-3 P-1,2398,2128,48,14,61,0,122,64,1971,1793,33,12,45,0,72,38,90.97,1.67,0.61,2.28,0.00,3.65,1.93
WASECA - 000005,Waseca,000005,Alton Twp,412,404,0,0,1,0,6,1,311,306,0,0,1,0,3,1,98.39,0.00,0.00,0.32,0.00,0.96,0.32
WASECA - 000010,Waseca,000010,Blooming Grove Twp,568,526,0,0,4,0,27,14,433,411,0,0,3,0,13,6,94.92,0.00,0.00,0.69,0.00,3.00,1.39
WASECA - 000015,Waseca,000015,Byron Twp,216,207,1,1,1,0,6,1,171,168,1,0,1,0,1,0,98.25,0.58,0.00,0.58,0.00,0.58,0.00
WASECA - 000025,Waseca,000025,Freedom Twp,336,329,0,1,0,0,5,0,264,262,0,0,0,0,1,0,99.24,0.00,0.00,0.00,0.00,0.38,0.00
WASECA - 000030,Waseca,000030,Iosco Twp,509,488,0,0,1,1,17,4,403,397,0,0,0,0,6,1,98.51,0.00,0.00,0.00,0.00,1.49,0.25
WASECA - 000035,Waseca,000035,Janesville,2421,2261,14,3,4,4,120,73,1763,1672,12,3,0,0,72,32,94.84,0.68,0.17,0.00,0.00,4.08,1.82
WASECA - 000045,Waseca,000045,Janesville Twp,576,565,0,1,3,0,7,4,442,436,0,1,2,0,3,0,98.64,0.00,0.23,0.45,0.00,0.68,0.00
WASECA - 000050,Waseca,000050,New Richland,1229,1149,6,0,0,0,61,50,937,886,3,0,0,0,35,28,94.56,0.32,0.00,0.00,0.00,3.74,2.99
WASECA - 000055,Waseca,000055,New Richland Twp,426,418,5,0,0,0,3,7,324,321,1,0,0,0,2,1,99.07,0.31,0.00,0.00,0.00,0.62,0.31
WASECA - 000060,Waseca,000060,Otisco Twp,544,509,2,0,3,0,21,28,423,405,2,0,2,0,9,15,95.74,0.47,0.00,0.47,0.00,2.13,3.55
WASECA - 000065,Waseca,000065,Saint Mary Twp,402,385,2,0,1,0,11,19,308,299,2,0,0,0,5,11,97.08,0.65,0.00,0.00,0.00,1.62,3.57
WASECA - 000070,Waseca,000070,Vivian Twp,229,211,1,1,3,0,11,3,193,181,1,0,1,0,8,3,93.78,0.52,0.00,0.52,0.00,4.15,1.55
WASECA - 000075,Waseca,000075,Waldorf,201,184,5,0,3,0,9,5,150,139,2,0,3,0,6,1,92.67,1.33,0.00,2.00,0.00,4.00,0.67
WASECA - 000105,Waseca,000105,Waseca W-3 P-B,1452,1260,22,14,8,1,111,172,1085,980,12,13,6,0,54,87,90.32,1.11,1.20,0.55,0.00,4.98,8.02
WASECA - 000095,Waseca,000095,Waseca W-2 P-B,1059,859,35,3,14,2,85,120,777,651,21,2,14,1,48,63,83.78,2.70,0.26,1.80,0.13,6.18,8.11
WASECA - 000080,Waseca,000080,Waseca W-1 P-A,1898,1648,67,2,13,3,125,102,1463,1324,36,2,7,3,62,64,90.50,2.46,0.14,0.48,0.21,4.24,4.37
WASECA - 000085,Waseca,000085,Waseca W-1 P-B,1205,940,32,15,20,2,88,266,893,733,18,10,15,2,43,165,82.08,2.02,1.12,1.68,0.22,4.82,18.48
WASECA - 000100,Waseca,000100,Waseca W-3 P-A,1397,1091,121,98,8,0,64,236,1230,971,105,96,8,0,41,205,78.94,8.54,7.80,0.65,0.00,3.33,16.67
WASECA - 000090,Waseca,000090,Waseca W-2 P-A,2208,2017,37,8,14,0,85,110,1685,1572,15,8,13,0,50,60,93.29,0.89,0.47,0.77,0.00,2.97,3.56
WASECA - 000115,Waseca,000115,Woodville Twp,1295,1232,8,2,9,0,30,40,1018,979,4,1,4,0,17,22,96.17,0.39,0.10,0.39,0.00,1.67,2.16
WASECA - 000110,Waseca,000110,Wilton Twp,381,355,1,0,0,1,13,16,278,260,1,0,0,0,9,13,93.53,0.36,0.00,0.00,0.00,3.24,4.68
WASECA - 000020,Waseca,000020,Elysian,4,2,0,0,1,0,1,0,2,2,0,0,0,0,0,0,100.00,0.00,0.00,0.00,0.00,0.00,0.00
HENNEPIN - 001960,Hennepin,001960,Minneapolis W-13 P-1,3146,2636,131,16,104,2,220,127,2845,2422,110,13,98,2,169,107,85.13,3.87,0.46,3.44,0.07,5.94,3.76
HENNEPIN - 001400,Hennepin,001400,Minneapolis W-1 P-9,4930,2752,941,113,97,6,491,902,3975,2539,539,81,92,5,344,602,63.87,13.56,2.04,2.31,0.13,8.65,15.14
HENNEPIN - 001860,Hennepin,001860,Minneapolis W-11 P-1,2363,1982,89,12,44,1,187,123,1847,1593,54,9,38,1,117,84,86.25,2.92,0.49,2.06,0.05,6.33,4.55
HENNEPIN - 001965,Hennepin,001965,Minneapolis W-13 P-2,1710,1471,14,7,61,0,125,63,1331,1184,12,6,47,0,63,37,88.96,0.90,0.45,3.53,0.00,4.73,2.78
HENNEPIN - 001980,Hennepin,001980,Minneapolis W-13 P-5,2289,1997,32,3,68,0,168,72,1678,1486,24,3,48,0,100,52,88.56,1.43,0.18,2.86,0.00,5.96,3.10
HENNEPIN - 001501,Hennepin,001501,Minneapolis W-3 P-10,1862,1229,189,41,61,0,163,284,1568,1127,113,35,50,0,114,194,71.88,7.21,2.23,3.19,0.00,7.27,12.37
HENNEPIN - 001470,Hennepin,001470,Minneapolis W-3 P-3,4851,3760,333,34,334,0,321,199,4607,3660,264,30,326,0,261,171,79.44,5.73,0.65,7.08,0.00,5.67,3.71
HENNEPIN - 001655,Hennepin,001655,Minneapolis W-7 P-3,3224,2689,141,10,109,0,232,129,2881,2440,123,9,93,0,175,104,84.69,4.27,0.31,3.23,0.00,6.07,3.61
HENNEPIN - 002005,Hennepin,002005,Minneapolis W-13 P-10,1527,1340,16,1,52,0,106,43,1181,1083,11,0,38,0,45,26,91.70,0.93,0.00,3.22,0.00,3.81,2.20
HENNEPIN - 001670,Hennepin,001670,Minneapolis W-7 P-6,6846,3699,1771,150,668,4,424,403,6554,3623,1680,134,644,4,348,370,55.28,25.63,2.04,9.83,0.06,5.31,5.65
HENNEPIN - 001480,Hennepin,001480,Minneapolis W-3 P-5,2611,2078,163,30,84,0,190,171,2401,1967,140,23,81,0,142,127,81.92,5.83,0.96,3.37,0.00,5.91,5.29
HENNEPIN - 001755,Hennepin,001755,Minneapolis W-9 P-2,4803,2383,681,170,105,2,615,1344,3669,2076,458,140,98,2,368,828,56.58,12.48,3.82,2.67,0.05,10.03,22.57
HENNEPIN - 001685,Hennepin,001685,Minneapolis W-7 P-9,3483,2909,119,8,131,6,241,177,3103,2668,101,7,109,4,156,139,85.98,3.25,0.23,3.51,0.13,5.03,4.48
HENNEPIN - 001680,Hennepin,001680,Minneapolis W-7 P-8,5812,3997,845,44,364,1,422,321,5490,3929,707,35,332,1,360,285,71.57,12.88,0.64,6.05,0.02,6.56,5.19
HENNEPIN - 002015,Hennepin,002015,Minneapolis W-13 P-12,1576,1364,25,2,40,0,114,44,1167,1042,17,0,34,0,50,31,89.29,1.46,0.00,2.91,0.00,4.28,2.66
HENNEPIN - 002020,Hennepin,002020,Minneapolis W-13 P-13,2383,2040,72,13,64,0,160,76,1790,1572,48,10,52,0,86,51,87.82,2.68,0.56,2.91,0.00,4.80,2.85
HENNEPIN - 001805,Hennepin,001805,Minneapolis W-10 P-1,3010,2373,186,20,104,0,216,205,2857,2285,162,16,104,0,183,187,79.98,5.67,0.56,3.64,0.00,6.41,6.55
HENNEPIN - 001820,Hennepin,001820,Minneapolis W-10 P-4,2644,2189,132,7,71,2,176,152,2439,2073,105,7,69,2,130,134,84.99,4.31,0.29,2.83,0.08,5.33,5.49
HENNEPIN - 000106,Hennepin,000106,Bloomington W-3 P-28,2059,1827,27,3,79,0,108,43,1686,1535,21,3,69,0,43,23,91.04,1.25,0.18,4.09,0.00,2.55,1.36
HENNEPIN - 000090,Hennepin,000090,Bloomington W-3 P-18,2025,1714,47,8,131,1,101,57,1733,1490,37,8,108,1,66,47,85.98,2.14,0.46,6.23,0.06,3.81,2.71
HENNEPIN - 000100,Hennepin,000100,Bloomington W-3 P-20,2524,2021,99,2,151,7,154,162,2031,1702,58,2,123,7,82,99,83.80,2.86,0.10,6.06,0.34,4.04,4.87
HENNEPIN - 000055,Hennepin,000055,Bloomington W-2 P-23,3416,2310,490,15,254,0,233,199,2756,2010,301,14,202,0,142,140,72.93,10.92,0.51,7.33,0.00,5.15,5.08
HENNEPIN - 000040,Hennepin,000040,Bloomington W-2 P-13,2852,2243,197,11,171,0,169,121,2220,1828,110,6,134,0,95,82,82.34,4.95,0.27,6.04,0.00,4.28,3.69
HENNEPIN - 000035,Hennepin,000035,Bloomington W-1 P-15,1831,1529,70,7,52,0,113,104,1476,1265,48,7,48,0,68,72,85.70,3.25,0.47,3.25,0.00,4.61,4.88
HENNEPIN - 000030,Hennepin,000030,Bloomington W-1 P-14,2755,2138,181,8,142,0,189,173,2254,1840,114,6,115,0,114,108,81.63,5.06,0.27,5.10,0.00,5.06,4.79
HENNEPIN - 000036,Hennepin,000036,Bloomington W-1 P-30,3091,2303,282,15,143,2,206,223,2531,1999,197,4,117,2,112,128,78.98,7.78,0.16,4.62,0.08,4.43,5.06
HENNEPIN - 000132,Hennepin,000132,Bloomington W-4 P-32,2794,1445,550,26,174,2,255,445,2297,1320,390,25,154,0,165,323,57.47,16.98,1.09,6.70,0.00,7.18,14.06
HENNEPIN - 000020,Hennepin,000020,Bloomington W-1 P-10,3408,2354,390,11,230,0,264,302,2859,2083,292,4,191,0,175,207,72.86,10.21,0.14,6.68,0.00,6.12,7.24
HENNEPIN - 000131,Hennepin,000131,Bloomington W-4 P-31,1960,927,464,47,121,2,131,413,1430,792,255,35,93,2,67,253,55.38,17.83,2.45,6.50,0.14,4.69,17.69
HENNEPIN - 000130,Hennepin,000130,Bloomington W-4 P-6,3464,2248,375,42,234,1,287,482,2744,1937,242,29,182,0,167,324,70.59,8.82,1.06,6.63,0.00,6.09,11.81
HENNEPIN - 000120,Hennepin,000120,Bloomington W-4 P-3,3279,1961,394,58,233,2,318,505,2540,1681,263,36,187,2,168,305,66.18,10.35,1.42,7.36,0.08,6.61,12.01
HENNEPIN - 000095,Hennepin,000095,Bloomington W-3 P-19,3533,2667,220,9,232,5,246,299,2987,2333,168,6,195,5,165,196,78.11,5.62,0.20,6.53,0.17,5.52,6.56
HENNEPIN - 000125,Hennepin,000125,Bloomington W-4 P-4,3136,1798,295,63,276,1,259,641,2450,1547,190,39,226,0,159,405,63.14,7.76,1.59,9.22,0.00,6.49,16.53
HENNEPIN - 000065,Hennepin,000065,Bloomington W-2 P-25,2240,1938,70,3,84,0,109,71,1902,1668,57,2,70,0,75,61,87.70,3.00,0.11,3.68,0.00,3.94,3.21
HENNEPIN - 000080,Hennepin,000080,Bloomington W-3 P-11,2168,1555,195,10,132,1,130,224,1675,1282,126,7,105,1,61,138,76.54,7.52,0.42,6.27,0.06,3.64,8.24
HENNEPIN - 000225,Hennepin,000225,Brooklyn Center P-6,3519,1562,843,68,549,1,309,391,2724,1379,596,52,366,1,195,263,50.62,21.88,1.91,13.44,0.04,7.16,9.65
HENNEPIN - 000205,Hennepin,000205,Brooklyn Center P-2,4928,1539,1838,74,660,1,393,726,3602,1387,1234,51,418,1,235,468,38.51,34.26,1.42,11.60,0.03,6.52,12.99
HENNEPIN - 000215,Hennepin,000215,Brooklyn Center P-4,5612,1974,1691,52,1079,0,482,530,4034,1776,1064,35,675,0,272,339,44.03,26.38,0.87,16.73,0.00,6.74,8.40
HENNEPIN - 000370,Hennepin,000370,Brooklyn Park W-E P-6-A,3581,1985,561,21,663,0,256,162,2718,1673,350,19,468,0,137,116,61.55,12.88,0.70,17.22,0.00,5.04,4.27
HENNEPIN - 000405,Hennepin,000405,Brooklyn Park W-W P-3,5859,1199,3029,45,873,0,424,508,4137,1052,2023,25,591,0,251,324,25.43,48.90,0.60,14.29,0.00,6.07,7.83
HENNEPIN - 000410,Hennepin,000410,Brooklyn Park W-W P-4,4243,1414,1325,38,977,0,287,354,3051,1220,866,29,650,0,155,222,39.99,28.38,0.95,21.30,0.00,5.08,7.28
HENNEPIN - 000395,Hennepin,000395,Brooklyn Park W-W P-1-O,4188,1433,1627,32,344,3,332,711,3019,1166,1125,22,253,1,178,452,38.62,37.26,0.73,8.38,0.03,5.90,14.97
HENNEPIN - 000310,Hennepin,000310,Brooklyn Park W-C P-3,4455,1060,2078,38,736,1,272,382,3205,927,1407,32,496,0,172,216,28.92,43.90,1.00,15.48,0.00,5.37,6.74
HENNEPIN - 000340,Hennepin,000340,Brooklyn Park W-E P-1-A,3239,1008,777,31,1095,3,199,195,2304,864,503,21,728,3,106,132,37.50,21.83,0.91,31.60,0.13,4.60,5.73
HENNEPIN - 000355,Hennepin,000355,Brooklyn Park W-E P-3,2387,715,728,15,588,1,175,219,1731,626,477,11,404,1,94,144,36.16,27.56,0.64,23.34,0.06,5.43,8.32
HENNEPIN - 000315,Hennepin,000315,Brooklyn Park W-C P-4,3378,860,1305,26,767,0,237,272,2290,730,765,21,543,0,110,167,31.88,33.41,0.92,23.71,0.00,4.80,7.29
HENNEPIN - 000400,Hennepin,000400,Brooklyn Park W-W P-2,3013,1019,886,37,688,0,221,315,2207,890,625,25,431,0,125,197,40.33,28.32,1.13,19.53,0.00,5.66,8.93
HENNEPIN - 000320,Hennepin,000320,Brooklyn Park W-C P-5,3995,1798,904,7,958,3,223,190,2964,1485,599,5,681,0,122,105,50.10,20.21,0.17,22.98,0.00,4.12,3.54
HENNEPIN - 000345,Hennepin,000345,Brooklyn Park W-E P-1-O,3547,1170,921,33,973,2,227,289,2507,1021,593,20,592,2,137,192,40.73,23.65,0.80,23.61,0.08,5.46,7.66
HENNEPIN - 000460,Hennepin,000460,Champlin W-3 P-1,5224,4028,452,27,286,0,340,241,3964,3237,287,19,187,0,182,140,81.66,7.24,0.48,4.72,0.00,4.59,3.53
HENNEPIN - 000505,Hennepin,000505,Corcoran P-2,1656,1307,3,18,72,0,80,229,1276,1041,3,12,56,0,51,145,81.58,0.24,0.94,4.39,0.00,4.00,11.36
HENNEPIN - 000550,Hennepin,000550,Crystal W-1 P-1,3224,2247,512,22,90,4,225,185,2587,1934,347,18,71,4,125,122,74.76,13.41,0.70,2.74,0.15,4.83,4.72
HENNEPIN - 000570,Hennepin,000570,Crystal W-3 P-1,2160,1365,461,3,54,2,179,199,1707,1165,335,2,40,2,108,120,68.25,19.63,0.12,2.34,0.12,6.33,7.03
HENNEPIN - 000565,Hennepin,000565,Crystal W-2 P-2,2126,1575,173,11,87,0,203,179,1617,1301,111,2,63,0,86,109,80.46,6.86,0.12,3.90,0.00,5.32,6.74
HENNEPIN - 000557,Hennepin,000557,Crystal W-1 P-3,931,701,52,7,46,0,86,73,758,597,37,5,34,0,55,49,78.76,4.88,0.66,4.49,0.00,7.26,6.46
HENNEPIN - 000577,Hennepin,000577,Crystal W-3 P-3,717,490,76,8,33,0,73,77,564,418,52,4,27,0,38,50,74.11,9.22,0.71,4.79,0.00,6.74,8.87
HENNEPIN - 000640,Hennepin,000640,Dayton P-1,2200,1501,62,14,70,0,188,524,1469,1028,42,13,54,0,102,330,69.98,2.86,0.88,3.68,0.00,6.94,22.46
HENNEPIN - 000675,Hennepin,000675,Deephaven P-1,1785,1646,5,2,33,0,86,38,1291,1206,5,1,30,0,42,19,93.42,0.39,0.08,2.32,0.00,3.25,1.47
HENNEPIN - 000485,Hennepin,000485,Chanhassen P-1,0,0,0,0,0,0,0,0,0,0,0,0,0,0,0,0,0.00,0.00,0.00,0.00,0.00,0.00,0.00
HENNEPIN - 000745,Hennepin,000745,Eden Prairie P-12,3747,2358,672,18,427,0,187,148,3030,2132,365,18,333,0,112,117,70.36,12.05,0.59,10.99,0.00,3.70,3.86
HENNEPIN - 000700,Hennepin,000700,Eden Prairie P-3,2761,2042,366,0,140,7,177,97,2047,1637,197,0,100,7,86,50,79.97,9.62,0.00,4.89,0.34,4.20,2.44
HENNEPIN - 000725,Hennepin,000725,Eden Prairie P-8,2114,1718,128,4,124,1,113,64,1780,1484,97,4,100,1,74,48,83.37,5.45,0.22,5.62,0.06,4.16,2.70
HENNEPIN - 000760,Hennepin,000760,Eden Prairie P-15,3543,2379,460,17,377,0,219,195,2771,2042,264,11,291,0,102,117,73.69,9.53,0.40,10.50,0.00,3.68,4.22
HENNEPIN - 000715,Hennepin,000715,Eden Prairie P-6,2642,2061,190,6,172,2,165,109,2071,1704,97,4,131,0,108,69,82.28,4.68,0.19,6.33,0.00,5.21,3.33
HENNEPIN - 000750,Hennepin,000750,Eden Prairie P-13,3345,2179,335,10,389,0,282,294,2569,1818,205,7,289,0,146,190,70.77,7.98,0.27,11.25,0.00,5.68,7.40
HENNEPIN - 000785,Hennepin,000785,Eden Prairie P-19B,2786,1160,112,6,1292,0,183,105,1824,834,79,0,804,0,93,58,45.72,4.33,0.00,44.08,0.00,5.10,3.18
HENNEPIN - 000740,Hennepin,000740,Eden Prairie P-11,5123,1712,671,42,2178,1,314,378,3897,1560,426,18,1546,1,201,265,40.03,10.93,0.46,39.67,0.03,5.16,6.80
HENNEPIN - 000770,Hennepin,000770,Eden Prairie P-17,2279,1852,76,2,186,0,132,84,1806,1513,56,0,135,0,78,47,83.78,3.10,0.00,7.48,0.00,4.32,2.60
HENNEPIN - 000865,Hennepin,000865,Edina P-3,3252,2919,13,3,95,0,188,107,2312,2106,11,2,81,0,82,63,91.09,0.48,0.09,3.50,0.00,3.55,2.72
HENNEPIN - 000855,Hennepin,000855,Edina P-1B,3015,2558,46,7,188,2,197,97,2469,2156,39,6,135,0,121,74,87.32,1.58,0.24,5.47,0.00,4.90,3.00
HENNEPIN - 000925,Hennepin,000925,Edina P-15C,2691,1961,161,1,362,2,161,104,2021,1561,100,1,237,2,92,65,77.24,4.95,0.05,11.73,0.10,4.55,3.22
HENNEPIN - 000885,Hennepin,000885,Edina P-7,1841,1645,27,4,72,1,86,40,1388,1264,15,3,58,0,43,24,91.07,1.08,0.22,4.18,0.00,3.10,1.73
HENNEPIN - 000895,Hennepin,000895,Edina P-9,2702,2202,119,9,143,0,174,119,1919,1615,75,8,96,0,82,84,84.16,3.91,0.42,5.00,0.00,4.27,4.38
HENNEPIN - 000870,Hennepin,000870,Edina P-4,2715,2384,19,8,81,1,196,77,1926,1747,15,8,56,1,87,40,90.71,0.78,0.42,2.91,0.05,4.52,2.08
HENNEPIN - 000875,Hennepin,000875,Edina P-5,2914,2465,51,3,159,2,201,90,2126,1873,36,3,117,0,79,43,88.10,1.69,0.14,5.50,0.00,3.72,2.02
HENNEPIN - 000860,Hennepin,000860,Edina P-2,2196,1775,66,6,205,0,121,61,1782,1498,43,4,147,0,76,40,84.06,2.41,0.22,8.25,0.00,4.26,2.24
HENNEPIN - 000915,Hennepin,000915,Edina P-13,3106,1455,264,3,1056,0,108,292,2465,1299,188,3,754,0,71,185,52.70,7.63,0.12,30.59,0.00,2.88,7.51
HENNEPIN - 000910,Hennepin,000910,Edina P-12,1101,892,26,4,83,0,83,38,776,663,17,3,55,0,33,16,85.44,2.19,0.39,7.09,0.00,4.25,2.06
HENNEPIN - 000920,Hennepin,000920,Edina P-14,3064,2511,95,9,158,0,246,121,2143,1819,64,4,129,0,97,65,84.88,2.99,0.19,6.02,0.00,4.53,3.03
HENNEPIN - 000975,Hennepin,000975,Fort Snelling P-1,440,262,130,9,6,2,28,17,413,260,117,8,4,2,19,14,62.95,28.33,1.94,0.97,0.48,4.60,3.39
HENNEPIN - 001025,Hennepin,001025,Golden Valley P-8,3205,2549,214,11,146,0,214,179,2608,2143,157,9,127,0,119,124,82.17,6.02,0.35,4.87,0.00,4.56,4.75
HENNEPIN - 001010,Hennepin,001010,Golden Valley P-5,2286,1885,107,8,84,0,166,99,1882,1594,78,4,76,0,97,66,84.70,4.14,0.21,4.04,0.00,5.15,3.51
HENNEPIN - 001000,Hennepin,001000,Golden Valley P-3,2735,2321,72,11,94,0,205,82,2193,1923,52,9,71,0,116,55,87.69,2.37,0.41,3.24,0.00,5.29,2.51
HENNEPIN - 001020,Hennepin,001020,Golden Valley P-7,2694,2185,197,4,97,0,175,79,2190,1844,128,1,81,0,111,54,84.20,5.84,0.05,3.70,0.00,5.07,2.47
HENNEPIN - 001065,Hennepin,001065,Greenwood P-1,726,673,2,3,11,0,31,19,576,546,0,3,8,0,15,10,94.79,0.00,0.52,1.39,0.00,2.60,1.74
HENNEPIN - 001080,Hennepin,001080,Hanover P-1,666,618,1,1,4,0,32,9,483,463,0,0,2,0,13,4,95.86,0.00,0.00,0.41,0.00,2.69,0.83
HENNEPIN - 001115,Hennepin,001115,Hopkins P-2,4218,2220,1255,17,260,7,318,292,3184,1883,765,15,214,6,202,200,59.14,24.03,0.47,6.72,0.19,6.34,6.28
HENNEPIN - 001125,Hennepin,001125,Hopkins P-4,3223,2170,563,17,90,0,236,257,2658,1961,361,14,78,0,146,152,73.78,13.58,0.53,2.93,0.00,5.49,5.72
HENNEPIN - 001120,Hennepin,001120,Hopkins P-3,2664,1649,418,29,108,0,252,333,2198,1504,284,21,94,0,146,223,68.43,12.92,0.96,4.28,0.00,6.64,10.15
HENNEPIN - 001170,Hennepin,001170,Loretto P-1,646,612,0,1,2,0,27,15,491,468,0,1,0,0,18,7,95.32,0.00,0.20,0.00,0.00,3.67,1.43
HENNEPIN - 000905,Hennepin,000905,Edina P-11,2950,2434,63,7,222,0,179,111,2158,1823,42,5,160,0,96,62,84.48,1.95,0.23,7.41,0.00,4.45,2.87
HENNEPIN - 000930,Hennepin,000930,Edina P-16,2757,2277,45,4,216,0,176,103,2147,1825,35,2,160,0,102,58,85.00,1.63,0.09,7.45,0.00,4.75,2.70
HENNEPIN - 000850,Hennepin,000850,Edina P-1A,2785,2234,117,10,139,0,218,137,2250,1862,77,8,115,0,131,97,82.76,3.42,0.36,5.11,0.00,5.82,4.31
HENNEPIN - 000935,Hennepin,000935,Edina P-17,3128,2234,283,19,362,0,173,139,2907,2158,235,17,318,0,135,111,74.23,8.08,0.58,10.94,0.00,4.64,3.82
HENNEPIN - 000945,Hennepin,000945,Edina P-19C,1675,1313,24,0,248,0,74,21,1413,1169,24,0,164,0,44,12,82.73,1.70,0.00,11.61,0.00,3.11,0.85
HENNEPIN - 000940,Hennepin,000940,Edina P-18,4093,2884,406,18,570,0,163,131,3646,2776,251,3,462,0,111,103,76.14,6.88,0.08,12.67,0.00,3.04,2.83
HENNEPIN - 000965,Hennepin,000965,Excelsior P-1,2355,2035,50,11,51,0,117,159,2003,1772,30,10,40,0,82,123,88.47,1.50,0.50,2.00,0.00,4.09,6.14
HENNEPIN - 002730,Hennepin,002730,Shorewood P-3,2415,2207,12,2,62,0,114,71,1831,1702,11,2,47,0,63,37,92.95,0.60,0.11,2.57,0.00,3.44,2.02
HENNEPIN - 001015,Hennepin,001015,Golden Valley P-6,3378,2568,443,17,107,0,200,104,2838,2243,338,17,97,0,108,63,79.03,11.91,0.60,3.42,0.00,3.81,2.22
HENNEPIN - 000985,Hennepin,000985,Golden Valley P-1,2278,1874,103,4,109,0,152,75,1901,1597,83,0,99,0,97,56,84.01,4.37,0.00,5.21,0.00,5.10,2.95
HENNEPIN - 000990,Hennepin,000990,Golden Valley P-2,3370,2757,173,11,135,0,250,118,2770,2357,120,8,104,0,149,75,85.09,4.33,0.29,3.75,0.00,5.38,2.71
HENNEPIN - 001005,Hennepin,001005,Golden Valley P-4,2606,2048,220,16,81,0,189,120,2221,1828,158,14,70,0,120,89,82.31,7.11,0.63,3.15,0.00,5.40,4.01
HENNEPIN - 001050,Hennepin,001050,Greenfield P-1,2903,2681,24,9,28,0,137,39,2140,2005,16,8,20,0,77,20,93.69,0.75,0.37,0.93,0.00,3.60,0.93
HENNEPIN - 002735,Hennepin,002735,Shorewood P-4,2821,2528,19,3,94,0,167,71,2124,1965,15,1,64,0,76,41,92.51,0.71,0.05,3.01,0.00,3.58,1.93
HENNEPIN - 001270,Hennepin,001270,Maple Grove P-17,2684,2233,145,11,97,0,156,114,2192,1877,89,7,84,0,97,81,85.63,4.06,0.32,3.83,0.00,4.43,3.70
HENNEPIN - 001295,Hennepin,001295,Maple Grove P-22,2987,2363,120,9,303,1,173,111,2113,1678,95,4,233,1,88,64,79.41,4.50,0.19,11.03,0.05,4.16,3.03
HENNEPIN - 001305,Hennepin,001305,Maple Grove P-24,2782,1916,395,20,284,1,127,93,2368,1752,244,17,225,1,91,83,73.99,10.30,0.72,9.50,0.04,3.84,3.51
HENNEPIN - 001205,Hennepin,001205,Maple Grove P-4,2441,2012,111,12,74,0,177,85,1928,1648,76,7,68,0,93,50,85.48,3.94,0.36,3.53,0.00,4.82,2.59
HENNEPIN - 001230,Hennepin,001230,Maple Grove P-9,3020,2485,161,9,149,2,178,108,2324,1987,112,8,112,2,85,56,85.50,4.82,0.34,4.82,0.09,3.66,2.41
HENNEPIN - 001265,Hennepin,001265,Maple Grove P-16,2891,2427,120,8,111,0,192,95,2242,1947,85,6,88,0,100,56,86.84,3.79,0.27,3.93,0.00,4.46,2.50
HENNEPIN - 001300,Hennepin,001300,Maple Grove P-23,2274,1900,135,6,82,1,107,86,1770,1529,72,2,65,1,64,65,86.38,4.07,0.11,3.67,0.06,3.62,3.67
HENNEPIN - 001200,Hennepin,001200,Maple Grove P-3,2583,1961,261,14,130,0,161,96,1955,1576,151,9,97,0,83,63,80.61,7.72,0.46,4.96,0.00,4.25,3.22
HENNEPIN - 001190,Hennepin,001190,Maple Grove P-1,2606,2216,103,11,80,0,166,88,2072,1837,63,6,62,0,89,43,88.66,3.04,0.29,2.99,0.00,4.30,2.08
HENNEPIN - 001255,Hennepin,001255,Maple Grove P-14,2186,1769,87,19,102,2,164,94,1730,1460,58,18,79,1,87,56,84.39,3.35,1.04,4.57,0.06,5.03,3.24
HENNEPIN - 001215,Hennepin,001215,Maple Grove P-6,3104,2084,365,13,332,1,227,137,2272,1614,239,9,246,1,122,81,71.04,10.52,0.40,10.83,0.04,5.37,3.57
HENNEPIN - 001285,Hennepin,001285,Maple Grove P-20,3738,3255,71,4,177,2,206,87,2656,2390,40,3,110,0,100,37,89.98,1.51,0.11,4.14,0.00,3.77,1.39
HENNEPIN - 001245,Hennepin,001245,Maple Grove P-12,3342,2301,285,9,480,4,205,150,2577,1887,181,9,344,4,104,106,73.22,7.02,0.35,13.35,0.16,4.04,4.11
HENNEPIN - 001220,Hennepin,001220,Maple Grove P-7,3307,2459,264,4,322,0,234,75,2485,1938,160,4,244,0,123,48,77.99,6.44,0.16,9.82,0.00,4.95,1.93
HENNEPIN - 001260,Hennepin,001260,Maple Grove P-15,2475,1957,212,9,108,1,153,126,2003,1643,145,9,89,0,86,92,82.03,7.24,0.45,4.44,0.00,4.29,4.59
HENNEPIN - 001335,Hennepin,001335,Maple Plain P-1,1743,1556,22,7,22,0,88,85,1345,1232,13,4,12,0,59,48,91.60,0.97,0.30,0.89,0.00,4.39,3.57
HENNEPIN - 001345,Hennepin,001345,Medicine Lake P-1,337,306,0,0,4,0,27,8,264,240,0,0,2,0,22,3,90.91,0.00,0.00,0.76,0.00,8.33,1.14
HENNEPIN - 001350,Hennepin,001350,Medina P-1A,2130,1936,17,4,66,0,87,57,1627,1504,14,2,35,0,58,39,92.44,0.86,0.12,2.15,0.00,3.56,2.40
HENNEPIN - 001355,Hennepin,001355,Medina P-1B,4707,3606,131,4,642,1,292,107,3210,2578,65,2,406,1,137,58,80.31,2.02,0.06,12.65,0.03,4.27,1.81
HENNEPIN - 001585,Hennepin,001585,Minneapolis W-5 P-7,5431,643,3532,80,375,1,308,606,3372,575,2022,45,246,0,169,397,17.05,59.96,1.33,7.30,0.00,5.01,11.77
HENNEPIN - 001520,Hennepin,001520,Minneapolis W-4 P-4,4003,2197,892,92,236,1,420,373,3123,1903,623,64,166,1,255,225,60.93,19.95,2.05,5.32,0.03,8.17,7.20
HENNEPIN - 001505,Hennepin,001505,Minneapolis W-4 P-1,3351,1147,987,32,636,3,334,363,2453,1023,654,27,419,3,172,242,41.70,26.66,1.10,17.08,0.12,7.01,9.87
HENNEPIN - 001535,Hennepin,001535,Minneapolis W-4 P-7,2779,1724,528,47,82,3,307,187,2166,1467,357,37,65,3,169,135,67.73,16.48,1.71,3.00,0.14,7.80,6.23
HENNEPIN - 001540,Hennepin,001540,Minneapolis W-4 P-8,4339,1614,1438,116,399,7,454,570,3216,1394,995,80,271,7,263,353,43.35,30.94,2.49,8.43,0.22,8.18,10.98
HENNEPIN - 001530,Hennepin,001530,Minneapolis W-4 P-6,4210,1178,1782,116,393,2,410,563,2987,1025,1169,73,268,1,221,352,34.32,39.14,2.44,8.97,0.03,7.40,11.78
HENNEPIN - 001510,Hennepin,001510,Minneapolis W-4 P-2,5178,1883,1658,81,659,0,613,543,3775,1631,1125,58,403,0,360,355,43.21,29.80,1.54,10.68,0.00,9.54,9.40
HENNEPIN - 001525,Hennepin,001525,Minneapolis W-4 P-5,5959,1608,2681,129,497,0,555,773,4028,1403,1609,87,315,0,313,462,34.83,39.95,2.16,7.82,0.00,7.77,11.47
HENNEPIN - 001560,Hennepin,001560,Minneapolis W-5 P-2,5411,1034,2408,157,889,0,496,709,3507,884,1435,72,553,0,296,434,25.21,40.92,2.05,15.77,0.00,8.44,12.38
HENNEPIN - 001565,Hennepin,001565,Minneapolis W-5 P-3,3469,511,1867,71,483,4,277,377,2209,428,1119,53,282,4,149,247,19.38,50.66,2.40,12.77,0.18,6.75,11.18
HENNEPIN - 001515,Hennepin,001515,Minneapolis W-4 P-3,3255,728,1320,91,486,0,330,500,2213,633,822,53,307,0,205,302,28.60,37.14,2.39,13.87,0.00,9.26,13.65
HENNEPIN - 001555,Hennepin,001555,Minneapolis W-5 P-1,4333,948,2277,62,431,2,375,427,3017,817,1510,44,266,2,221,269,27.08,50.05,1.46,8.82,0.07,7.33,8.92
HENNEPIN - 001715,Hennepin,001715,Minneapolis W-8 P-4,2413,1301,529,40,70,4,263,364,1856,1074,402,20,61,4,155,217,57.87,21.66,1.08,3.29,0.22,8.35,11.69
HENNEPIN - 001735,Hennepin,001735,Minneapolis W-8 P-8,4137,2882,393,86,133,2,385,398,3324,2431,318,62,109,2,212,266,73.13,9.57,1.87,3.28,0.06,6.38,8.00
HENNEPIN - 001720,Hennepin,001720,Minneapolis W-8 P-5,3557,2377,560,15,84,0,330,288,2822,1941,476,13,72,0,187,192,68.78,16.87,0.46,2.55,0.00,6.63,6.80
HENNEPIN - 001595,Hennepin,001595,Minneapolis W-5 P-9,2998,1020,1239,33,249,5,260,308,2212,955,738,24,203,5,167,189,43.17,33.36,1.08,9.18,0.23,7.55,8.54
HENNEPIN - 001902,Hennepin,001902,Minneapolis W-11 P-10,2582,1921,173,40,57,1,242,261,1952,1516,136,25,52,1,133,156,77.66,6.97,1.28,2.66,0.05,6.81,7.99
HENNEPIN - 001660,Hennepin,001660,Minneapolis W-7 P-4D,3410,2936,88,9,158,0,185,116,3070,2697,74,8,140,0,125,103,87.85,2.41,0.26,4.56,0.00,4.07,3.36
HENNEPIN - 001675,Hennepin,001675,Minneapolis W-7 P-7,1388,1182,29,7,33,0,120,52,1158,1017,22,6,30,0,72,34,87.82,1.90,0.52,2.59,0.00,6.22,2.94
HENNEPIN - 001485,Hennepin,001485,Minneapolis W-3 P-6,5115,3290,1090,46,94,0,335,424,4239,3059,617,33,79,0,267,315,72.16,14.56,0.78,1.86,0.00,6.30,7.43
HENNEPIN - 001450,Hennepin,001450,Minneapolis W-2 P-9,1978,1433,302,36,74,2,104,102,1749,1351,198,30,59,2,83,73,77.24,11.32,1.72,3.37,0.11,4.75,4.17
HENNEPIN - 001365,Hennepin,001365,Minneapolis W-1 P-2,4171,3166,210,46,124,0,423,450,3424,2684,157,38,106,0,290,324,78.39,4.59,1.11,3.10,0.00,8.47,9.46
HENNEPIN - 001825,Hennepin,001825,Minneapolis W-10 P-5A,2092,1735,110,22,44,0,129,124,1829,1538,94,17,41,0,93,90,84.09,5.14,0.93,2.24,0.00,5.08,4.92
HENNEPIN - 001642,Hennepin,001642,Minneapolis W-6 P-9,3062,1641,862,83,120,4,235,232,2894,1605,786,77,120,4,207,189,55.46,27.16,2.66,4.15,0.14,7.15,6.53
HENNEPIN - 001840,Hennepin,001840,Minneapolis W-10 P-8,2441,1421,482,36,72,1,237,353,2117,1323,367,30,59,0,200,265,62.49,17.34,1.42,2.79,0.00,9.45,12.52
HENNEPIN - 001465,Hennepin,001465,Minneapolis W-3 P-2,4693,3329,411,46,383,2,367,335,4440,3236,333,44,372,0,316,300,72.88,7.50,0.99,8.38,0.00,7.12,6.76
HENNEPIN - 001460,Hennepin,001460,Minneapolis W-3 P-1,4860,3652,212,23,656,3,245,175,4552,3461,177,22,613,3,213,160,76.03,3.89,0.48,13.47,0.07,4.68,3.51
HENNEPIN - 001985,Hennepin,001985,Minneapolis W-13 P-6,2794,2421,37,7,64,2,213,102,2051,1821,29,5,44,0,121,58,88.79,1.41,0.24,2.15,0.00,5.90,2.83
HENNEPIN - 001635,Hennepin,001635,Minneapolis W-6 P-7,2150,409,1159,85,38,1,159,483,1632,384,836,69,36,1,114,323,23.53,51.23,4.23,2.21,0.06,6.99,19.79
HENNEPIN - 001640,Hennepin,001640,Minneapolis W-6 P-8,2906,716,1203,96,63,3,226,830,2181,689,788,62,54,3,167,581,31.59,36.13,2.84,2.48,0.14,7.66,26.64
HENNEPIN - 001375,Hennepin,001375,Minneapolis W-1 P-4,3393,2641,225,23,74,4,277,283,2724,2229,140,19,68,4,170,175,81.83,5.14,0.70,2.50,0.15,6.24,6.42
HENNEPIN - 001615,Hennepin,001615,Minneapolis W-6 P-3,6317,926,4361,27,651,1,216,222,4689,895,2890,19,628,1,158,168,19.09,61.63,0.41,13.39,0.02,3.37,3.58
HENNEPIN - 001750,Hennepin,001750,Minneapolis W-9 P-1,3365,975,899,96,98,0,380,1254,2391,845,545,63,84,0,241,838,35.34,22.79,2.63,3.51,0.00,10.08,35.05
HENNEPIN - 001870,Hennepin,001870,Minneapolis W-11 P-3,4035,2130,960,40,136,1,402,594,3058,1787,643,33,122,1,238,379,58.44,21.03,1.08,3.99,0.03,7.78,12.39
HENNEPIN - 001420,Hennepin,001420,Minneapolis W-2 P-3,3503,2357,519,33,268,0,264,165,3154,2251,330,32,260,0,227,154,71.37,10.46,1.01,8.24,0.00,7.20,4.88
HENNEPIN - 001940,Hennepin,001940,Minneapolis W-12 P-8,1888,1272,144,35,57,1,187,306,1458,1036,90,23,46,1,123,201,71.06,6.17,1.58,3.16,0.07,8.44,13.79
HENNEPIN - 001410,Hennepin,001410,Minneapolis W-2 P-1,2517,1515,401,82,57,0,254,382,2076,1331,302,61,54,0,168,273,64.11,14.55,2.94,2.60,0.00,8.09,13.15
HENNEPIN - 001445,Hennepin,001445,Minneapolis W-2 P-8,3566,2952,155,27,90,3,245,202,2930,2505,114,21,77,1,143,140,85.49,3.89,0.72,2.63,0.03,4.88,4.78
HENNEPIN - 001920,Hennepin,001920,Minneapolis W-12 P-4,2087,1650,149,33,57,0,164,151,1736,1406,116,20,53,0,115,100,80.99,6.68,1.15,3.05,0.00,6.62,5.76
HENNEPIN - 001950,Hennepin,001950,Minneapolis W-12 P-10,2935,2114,226,43,71,0,308,351,2441,1849,166,43,64,0,180,250,75.75,6.80,1.76,2.62,0.00,7.37,10.24
HENNEPIN - 001455,Hennepin,001455,Minneapolis W-2 P-10,5348,3663,144,9,1187,0,284,236,5269,3630,133,9,1173,0,264,226,68.89,2.52,0.17,22.26,0.00,5.01,4.29
HENNEPIN - 001390,Hennepin,001390,Minneapolis W-1 P-7,3562,2404,258,36,485,0,294,251,3253,2271,188,28,442,0,247,217,69.81,5.78,0.86,13.59,0.00,7.59,6.67
HENNEPIN - 001925,Hennepin,001925,Minneapolis W-12 P-5,2451,1978,84,43,51,3,174,214,1952,1621,64,34,41,2,104,135,83.04,3.28,1.74,2.10,0.10,5.33,6.92
HENNEPIN - 001895,Hennepin,001895,Minneapolis W-11 P-8,3128,2498,157,38,85,3,251,240,2442,2032,114,19,78,3,126,146,83.21,4.67,0.78,3.19,0.12,5.16,5.98
HENNEPIN - 001690,Hennepin,001690,Minneapolis W-7 P-10,1130,675,175,19,71,0,148,106,1043,660,149,18,65,0,119,84,63.28,14.29,1.73,6.23,0.00,11.41,8.05
HENNEPIN - 001817,Hennepin,001817,Minneapolis W-10 P-3B,0,0,0,0,0,0,0,0,0,0,0,0,0,0,0,0,0.00,0.00,0.00,0.00,0.00,0.00,0.00
HENNEPIN - 002145,Hennepin,002145,Minnetonka W-3 P-A,2354,1462,223,12,551,0,76,63,1890,1289,149,3,384,0,44,38,68.20,7.88,0.16,20.32,0.00,2.33,2.01
HENNEPIN - 002130,Hennepin,002130,Minnetonka W-2 P-C,2889,2350,197,5,123,2,162,98,2396,2024,118,4,110,2,96,69,84.47,4.92,0.17,4.59,0.08,4.01,2.88
HENNEPIN - 002155,Hennepin,002155,Minnetonka W-3 P-C,2142,1902,43,6,67,0,109,60,1685,1535,33,6,47,0,57,39,91.10,1.96,0.36,2.79,0.00,3.38,2.31
HENNEPIN - 002205,Hennepin,002205,Minnetonka W-4 P-E,1843,1658,32,2,43,1,95,35,1426,1317,15,0,35,0,51,24,92.36,1.05,0.00,2.45,0.00,3.58,1.68
HENNEPIN - 002115,Hennepin,002115,Minnetonka W-1 P-F,2338,1972,143,0,52,0,158,115,1851,1622,78,0,40,0,106,82,87.63,4.21,0.00,2.16,0.00,5.73,4.43
HENNEPIN - 002110,Hennepin,002110,Minnetonka W-1 P-E,1644,1471,31,0,34,0,105,34,1288,1174,25,0,30,0,57,15,91.15,1.94,0.00,2.33,0.00,4.43,1.16
HENNEPIN - 002195,Hennepin,002195,Minnetonka W-4 P-C,2299,2032,28,6,81,0,121,80,1753,1607,15,1,51,0,67,45,91.67,0.86,0.06,2.91,0.00,3.82,2.57
HENNEPIN - 002100,Hennepin,002100,Minnetonka W-1 P-C,2576,1774,446,11,86,1,176,160,2252,1698,280,10,73,0,125,126,75.40,12.43,0.44,3.24,0.00,5.55,5.60
HENNEPIN - 002150,Hennepin,002150,Minnetonka W-3 P-B,2214,1924,45,1,103,0,125,77,1852,1629,44,1,77,0,86,59,87.96,2.38,0.05,4.16,0.00,4.64,3.19
HENNEPIN - 002135,Hennepin,002135,Minnetonka W-2 P-D,3339,2581,245,12,263,0,179,159,2866,2300,167,10,224,0,118,122,80.25,5.83,0.35,7.82,0.00,4.12,4.26
HENNEPIN - 002230,Hennepin,002230,Minnetonka Beach P-1,546,508,3,0,1,0,30,8,391,369,1,0,1,0,20,3,94.37,0.26,0.00,0.26,0.00,5.12,0.77
HENNEPIN - 002245,Hennepin,002245,Minnetrista P-2A,753,661,8,0,6,0,67,28,592,531,5,0,3,0,48,9,89.70,0.84,0.00,0.51,0.00,8.11,1.52
HENNEPIN - 002247,Hennepin,002247,Minnetrista P-3A,2237,2051,17,3,48,0,101,54,1394,1288,11,0,44,0,42,32,92.40,0.79,0.00,3.16,0.00,3.01,2.30
HENNEPIN - 002240,Hennepin,002240,Minnetrista P-1A,2572,2427,11,1,23,0,101,41,1888,1795,6,1,14,0,69,24,95.07,0.32,0.05,0.74,0.00,3.65,1.27
HENNEPIN - 002265,Hennepin,002265,Mound P-4,2398,2188,23,12,33,0,122,81,1858,1723,15,4,29,0,70,54,92.73,0.81,0.22,1.56,0.00,3.77,2.91
HENNEPIN - 002250,Hennepin,002250,Mound P-1,2180,1962,8,3,44,0,145,78,1724,1590,6,2,40,0,72,42,92.23,0.35,0.12,2.32,0.00,4.18,2.44
HENNEPIN - 002255,Hennepin,002255,Mound P-2,2460,2122,74,24,35,0,169,79,1942,1746,36,10,33,0,86,55,89.91,1.85,0.51,1.70,0.00,4.43,2.83
HENNEPIN - 001135,Hennepin,001135,Hopkins P-6,3399,2415,432,14,183,0,221,241,2811,2170,267,8,156,0,123,154,77.20,9.50,0.28,5.55,0.00,4.38,5.48
HENNEPIN - 001130,Hennepin,001130,Hopkins P-5,2522,1895,229,14,100,0,201,165,2045,1603,164,14,80,0,120,112,78.39,8.02,0.68,3.91,0.00,5.87,5.48
HENNEPIN - 001110,Hennepin,001110,Hopkins P-1,3053,1731,644,14,377,7,193,169,2449,1523,466,11,278,3,115,106,62.19,19.03,0.45,11.35,0.12,4.70,4.33
HENNEPIN - 001150,Hennepin,001150,Independence P-1,3755,3516,18,9,38,0,136,74,2816,2659,11,6,26,0,81,52,94.42,0.39,0.21,0.92,0.00,2.88,1.85
HENNEPIN - 001160,Hennepin,001160,Long Lake P-1,1741,1527,19,4,32,0,107,96,1307,1172,14,4,23,0,51,65,89.67,1.07,0.31,1.76,0.00,3.90,4.97
HENNEPIN - 001235,Hennepin,001235,Maple Grove P-10,3152,2449,170,12,230,0,222,151,2382,1919,98,10,176,0,130,101,80.56,4.11,0.42,7.39,0.00,5.46,4.24
HENNEPIN - 001290,Hennepin,001290,Maple Grove P-21,4084,2753,141,1,917,0,243,87,2602,1752,88,0,635,0,111,52,67.33,3.38,0.00,24.40,0.00,4.27,2.00
HENNEPIN - 001225,Hennepin,001225,Maple Grove P-8,3304,2457,348,21,262,0,174,91,2477,1937,215,17,203,0,75,57,78.20,8.68,0.69,8.20,0.00,3.03,2.30
HENNEPIN - 001280,Hennepin,001280,Maple Grove P-19,2161,1827,58,1,144,0,109,45,1631,1401,46,0,107,0,63,35,85.90,2.82,0.00,6.56,0.00,3.86,2.15
HENNEPIN - 001240,Hennepin,001240,Maple Grove P-11,4253,3164,295,6,508,2,230,124,2929,2224,179,6,370,1,116,85,75.93,6.11,0.20,12.63,0.03,3.96,2.90
HENNEPIN - 001210,Hennepin,001210,Maple Grove P-5,2778,2269,136,8,136,0,184,114,2138,1808,85,8,112,0,94,63,84.57,3.98,0.37,5.24,0.00,4.40,2.95
HENNEPIN - 001275,Hennepin,001275,Maple Grove P-18,2886,2309,196,2,206,0,143,67,2219,1849,122,2,156,0,65,33,83.33,5.50,0.09,7.03,0.00,2.93,1.49
HENNEPIN - 001250,Hennepin,001250,Maple Grove P-13,2768,2164,250,21,67,1,200,136,2131,1795,123,15,54,0,103,84,84.23,5.77,0.70,2.53,0.00,4.83,3.94
HENNEPIN - 001195,Hennepin,001195,Maple Grove P-2,2447,2043,85,17,79,0,169,89,1955,1723,44,14,57,0,83,48,88.13,2.25,0.72,2.92,0.00,4.25,2.46
HENNEPIN - 001590,Hennepin,001590,Minneapolis W-5 P-8,5621,946,2838,136,770,3,462,712,3610,808,1693,83,473,3,258,441,22.38,46.90,2.30,13.10,0.08,7.15,12.22
HENNEPIN - 001360,Hennepin,001360,Minneapolis W-1 P-1,1448,1001,172,15,74,1,116,118,1233,932,111,15,55,1,74,78,75.59,9.00,1.22,4.46,0.08,6.00,6.33
HENNEPIN - 001710,Hennepin,001710,Minneapolis W-8 P-3,3295,1122,787,72,149,4,387,1118,2364,923,528,50,113,3,230,729,39.04,22.34,2.12,4.78,0.13,9.73,30.84
HENNEPIN - 001780,Hennepin,001780,Minneapolis W-9 P-7,2059,1234,223,49,46,4,258,415,1596,1031,165,37,42,4,172,233,64.60,10.34,2.32,2.63,0.25,10.78,14.60
HENNEPIN - 001730,Hennepin,001730,Minneapolis W-8 P-7,4143,3292,231,43,119,1,349,278,3281,2718,173,27,98,1,189,179,82.84,5.27,0.82,2.99,0.03,5.76,5.46
HENNEPIN - 001570,Hennepin,001570,Minneapolis W-5 P-4,2481,675,1159,38,194,1,269,244,1723,537,811,20,102,1,161,165,31.17,47.07,1.16,5.92,0.06,9.34,9.58
HENNEPIN - 001405,Hennepin,001405,Minneapolis W-1 P-10,1451,1070,151,11,47,4,117,109,1173,921,93,9,33,4,69,78,78.52,7.93,0.77,2.81,0.34,5.88,6.65
HENNEPIN - 002260,Hennepin,002260,Mound P-3,2360,2068,17,19,59,0,145,111,1980,1783,16,11,44,0,91,72,90.05,0.81,0.56,2.22,0.00,4.60,3.64
HENNEPIN - 002320,Hennepin,002320,New Hope P-6,1462,704,580,6,39,0,53,113,1230,686,410,3,35,0,43,83,55.77,33.33,0.24,2.85,0.00,3.50,6.75
HENNEPIN - 002310,Hennepin,002310,New Hope P-4,2893,1987,386,15,161,1,219,206,2289,1663,275,14,125,1,130,139,72.65,12.01,0.61,5.46,0.04,5.68,6.07
HENNEPIN - 002300,Hennepin,002300,New Hope P-3,2656,2032,239,16,85,2,173,175,2103,1695,159,14,73,2,84,99,80.60,7.56,0.67,3.47,0.10,3.99,4.71
HENNEPIN - 002330,Hennepin,002330,New Hope P-7,4177,2729,874,23,158,0,274,249,3400,2393,603,23,135,0,164,162,70.38,17.74,0.68,3.97,0.00,4.82,4.76
HENNEPIN - 002335,Hennepin,002335,New Hope P-8,3727,1588,1433,30,170,0,272,373,2695,1340,868,27,147,0,142,232,49.72,32.21,1.00,5.45,0.00,5.27,8.61
HENNEPIN - 002295,Hennepin,002295,New Hope P-2,2885,1926,495,19,125,2,232,188,2288,1630,333,17,97,2,145,138,71.24,14.55,0.74,4.24,0.09,6.34,6.03
HENNEPIN - 002290,Hennepin,002290,New Hope P-1,1934,1281,274,10,106,3,202,127,1536,1112,191,8,81,3,105,91,72.40,12.43,0.52,5.27,0.20,6.84,5.92
HENNEPIN - 002315,Hennepin,002315,New Hope P-5,2252,1202,580,17,110,0,213,238,1711,1017,405,15,83,0,106,135,59.44,23.67,0.88,4.85,0.00,6.20,7.89
HENNEPIN - 002355,Hennepin,002355,Orono P-1,2390,2199,7,9,46,1,115,60,1776,1669,4,6,39,0,51,25,93.98,0.23,0.34,2.20,0.00,2.87,1.41
HENNEPIN - 002370,Hennepin,002370,Orono P-4A,2967,2719,17,6,52,1,136,80,2196,2042,9,1,46,0,72,48,92.99,0.41,0.05,2.09,0.00,3.28,2.19
HENNEPIN - 002365,Hennepin,002365,Orono P-3A,1918,1779,4,5,11,1,107,40,1504,1422,2,5,9,1,55,21,94.55,0.13,0.33,0.60,0.07,3.66,1.40
HENNEPIN - 002360,Hennepin,002360,Orono P-2,1040,991,5,0,12,0,26,21,868,836,2,0,10,0,17,16,96.31,0.23,0.00,1.15,0.00,1.96,1.84
HENNEPIN - 002470,Hennepin,002470,Plymouth W-3 P-15,2730,2267,128,13,105,4,145,161,2286,1912,106,9,99,4,97,122,83.64,4.64,0.39,4.33,0.17,4.24,5.34
HENNEPIN - 002495,Hennepin,002495,Plymouth W-4 P-20,3010,2466,153,6,174,0,164,98,2378,1999,122,0,146,0,74,57,84.06,5.13,0.00,6.14,0.00,3.11,2.40
HENNEPIN - 001865,Hennepin,001865,Minneapolis W-11 P-2,3445,2763,340,16,55,0,206,150,2648,2175,251,12,38,0,129,99,82.14,9.48,0.45,1.44,0.00,4.87,3.74
HENNEPIN - 001880,Hennepin,001880,Minneapolis W-11 P-5,2012,1707,49,6,44,2,180,62,1484,1304,34,4,31,2,92,41,87.87,2.29,0.27,2.09,0.13,6.20,2.76
HENNEPIN - 001650,Hennepin,001650,Minneapolis W-7 P-2D,2060,1777,29,9,63,0,154,51,1621,1423,19,6,51,0,94,47,87.79,1.17,0.37,3.15,0.00,5.80,2.90
HENNEPIN - 001645,Hennepin,001645,Minneapolis W-7 P-1C,1380,1176,64,1,38,0,87,48,1129,991,34,1,34,0,61,30,87.78,3.01,0.09,3.01,0.00,5.40,2.66
HENNEPIN - 001625,Hennepin,001625,Minneapolis W-6 P-5,2948,475,1608,261,78,6,190,465,2252,417,1221,193,65,6,136,319,18.52,54.22,8.57,2.89,0.27,6.04,14.17
HENNEPIN - 001610,Hennepin,001610,Minneapolis W-6 P-2,3808,1021,2460,44,75,2,157,117,3043,961,1810,36,68,2,118,102,31.58,59.48,1.18,2.23,0.07,3.88,3.35
HENNEPIN - 001415,Hennepin,001415,Minneapolis W-2 P-2,1882,1483,124,34,60,0,148,63,1571,1279,84,19,48,0,108,48,81.41,5.35,1.21,3.06,0.00,6.87,3.06
HENNEPIN - 001575,Hennepin,001575,Minneapolis W-5 P-5,2935,692,1596,60,248,1,209,233,2082,607,1047,35,171,1,130,169,29.15,50.29,1.68,8.21,0.05,6.24,8.12
HENNEPIN - 001970,Hennepin,001970,Minneapolis W-13 P-3,2346,1945,64,7,107,0,201,112,1738,1508,35,5,78,0,95,67,86.77,2.01,0.29,4.49,0.00,5.47,3.86
HENNEPIN - 001395,Hennepin,001395,Minneapolis W-1 P-8,2158,1532,304,34,47,1,162,179,1874,1368,245,34,46,0,127,125,73.00,13.07,1.81,2.45,0.00,6.78,6.67
HENNEPIN - 001890,Hennepin,001890,Minneapolis W-11 P-7,3332,2677,167,10,69,0,297,224,2522,2073,148,10,54,0,158,154,82.20,5.87,0.40,2.14,0.00,6.26,6.11
HENNEPIN - 001605,Hennepin,001605,Minneapolis W-6 P-1,1161,648,326,17,47,0,87,96,1017,597,289,11,42,0,64,55,58.70,28.42,1.08,4.13,0.00,6.29,5.41
HENNEPIN - 001975,Hennepin,001975,Minneapolis W-13 P-4,2417,2106,61,3,60,4,154,89,2008,1775,60,3,52,4,89,66,88.40,2.99,0.15,2.59,0.20,4.43,3.29
HENNEPIN - 001380,Hennepin,001380,Minneapolis W-1 P-5,2845,2099,196,41,145,1,258,227,2405,1840,170,36,128,1,153,158,76.51,7.07,1.50,5.32,0.04,6.36,6.57
HENNEPIN - 001385,Hennepin,001385,Minneapolis W-1 P-6,3615,2533,382,51,91,0,333,417,3080,2267,300,34,83,0,221,305,73.60,9.74,1.10,2.69,0.00,7.18,9.90
HENNEPIN - 001475,Hennepin,001475,Minneapolis W-3 P-4,1612,1134,228,15,52,0,133,115,1462,1058,199,15,51,0,102,86,72.37,13.61,1.03,3.49,0.00,6.98,5.88
HENNEPIN - 001580,Hennepin,001580,Minneapolis W-5 P-6C,1773,535,887,81,68,2,144,111,1316,493,602,47,46,1,85,80,37.46,45.74,3.57,3.50,0.08,6.46,6.08
HENNEPIN - 002010,Hennepin,002010,Minneapolis W-13 P-11,2542,2244,38,12,65,1,176,83,1927,1738,23,10,51,1,99,47,90.19,1.19,0.52,2.65,0.05,5.14,2.44
HENNEPIN - 001502,Hennepin,001502,Minneapolis W-3 P-11,2006,1711,78,17,83,1,107,66,1936,1680,74,9,80,1,84,53,86.78,3.82,0.46,4.13,0.05,4.34,2.74
HENNEPIN - 001503,Hennepin,001503,Minneapolis W-3 P-12,2096,1314,310,18,251,3,153,136,2001,1285,269,16,240,1,145,131,64.22,13.44,0.80,11.99,0.05,7.25,6.55
HENNEPIN - 001495,Hennepin,001495,Minneapolis W-3 P-8,2751,1889,72,11,571,0,166,130,2628,1850,69,11,512,0,146,123,70.40,2.63,0.42,19.48,0.00,5.56,4.68
HENNEPIN - 001885,Hennepin,001885,Minneapolis W-11 P-6,3323,2882,74,21,76,3,226,105,2534,2269,54,10,67,3,103,66,89.54,2.13,0.39,2.64,0.12,4.06,2.60
HENNEPIN - 001770,Hennepin,001770,Minneapolis W-9 P-5,1536,510,239,72,28,0,195,726,1115,425,163,42,25,0,122,485,38.12,14.62,3.77,2.24,0.00,10.94,43.50
HENNEPIN - 001500,Hennepin,001500,Minneapolis W-3 P-9,5008,3709,535,103,337,4,251,193,4612,3591,367,71,321,4,210,172,77.86,7.96,1.54,6.96,0.09,4.55,3.73
HENNEPIN - 001760,Hennepin,001760,Minneapolis W-9 P-3,5208,1248,1803,239,90,3,534,1883,3610,1052,1095,185,68,2,353,1233,29.14,30.33,5.12,1.88,0.06,9.78,34.16
HENNEPIN - 001665,Hennepin,001665,Minneapolis W-7 P-5,3851,2438,779,37,163,0,299,305,3533,2378,573,36,159,0,265,276,67.31,16.22,1.02,4.50,0.00,7.50,7.81
HENNEPIN - 001995,Hennepin,001995,Minneapolis W-13 P-8,3021,2494,162,15,91,3,229,120,2290,1942,122,9,76,3,116,95,84.80,5.33,0.39,3.32,0.13,5.07,4.15
HENNEPIN - 001815,Hennepin,001815,Minneapolis W-10 P-3A,2619,2170,84,18,97,1,198,143,2338,1962,72,13,92,1,156,115,83.92,3.08,0.56,3.93,0.04,6.67,4.92
HENNEPIN - 001830,Hennepin,001830,Minneapolis W-10 P-6,3235,2547,223,21,94,0,247,212,2965,2396,184,15,89,0,204,160,80.81,6.21,0.51,3.00,0.00,6.88,5.40
HENNEPIN - 001810,Hennepin,001810,Minneapolis W-10 P-2,2914,2258,172,16,188,3,216,177,2829,2212,154,15,186,3,199,162,78.19,5.44,0.53,6.57,0.11,7.03,5.73
HENNEPIN - 001700,Hennepin,001700,Minneapolis W-8 P-1,2773,906,1181,41,36,2,194,558,2276,833,951,41,34,1,142,375,36.60,41.78,1.80,1.49,0.04,6.24,16.48
HENNEPIN - 001705,Hennepin,001705,Minneapolis W-8 P-2,4382,2886,516,76,115,0,366,728,3753,2637,387,61,99,0,264,520,70.26,10.31,1.63,2.64,0.00,7.03,13.86
HENNEPIN - 001835,Hennepin,001835,Minneapolis W-10 P-7,3026,1852,571,56,117,0,227,330,2807,1790,479,52,115,0,206,272,63.77,17.06,1.85,4.10,0.00,7.34,9.69
HENNEPIN - 001850,Hennepin,001850,Minneapolis W-10 P-10,4711,1888,1740,83,149,2,306,781,3645,1770,1037,58,148,1,226,578,48.56,28.45,1.59,4.06,0.03,6.20,15.86
HENNEPIN - 001845,Hennepin,001845,Minneapolis W-10 P-9,4852,2352,1255,150,216,4,398,743,4080,2268,859,128,195,1,284,556,55.59,21.05,3.14,4.78,0.02,6.96,13.63
HENNEPIN - 001425,Hennepin,001425,Minneapolis W-2 P-4,3303,2318,289,15,370,0,237,237,3228,2290,274,12,356,0,224,229,70.94,8.49,0.37,11.03,0.00,6.94,7.09
HENNEPIN - 001990,Hennepin,001990,Minneapolis W-13 P-7,3894,3410,123,5,96,1,231,97,2870,2575,67,4,72,1,133,66,89.72,2.33,0.14,2.51,0.03,4.63,2.30
HENNEPIN - 001620,Hennepin,001620,Minneapolis W-6 P-4,4011,1874,1506,80,121,7,262,334,3571,1840,1177,74,107,7,225,301,51.53,32.96,2.07,3.00,0.20,6.30,8.43
HENNEPIN - 001630,Hennepin,001630,Minneapolis W-6 P-6,4102,907,2093,242,69,4,318,757,2908,814,1325,182,62,2,197,524,27.99,45.56,6.26,2.13,0.07,6.77,18.02
HENNEPIN - 001875,Hennepin,001875,Minneapolis W-11 P-4,3742,3057,190,29,87,2,272,240,2908,2461,135,28,66,2,151,142,84.63,4.64,0.96,2.27,0.07,5.19,4.88
HENNEPIN - 001370,Hennepin,001370,Minneapolis W-1 P-3,3453,2776,146,43,74,0,247,268,2795,2345,92,34,67,0,140,186,83.90,3.29,1.22,2.40,0.00,5.01,6.65
HENNEPIN - 002410,Hennepin,002410,Plymouth W-1 P-3,2366,1638,52,7,504,0,133,80,1695,1254,43,4,327,0,56,52,73.98,2.54,0.24,19.29,0.00,3.30,3.07
HENNEPIN - 002510,Hennepin,002510,Plymouth W-4 P-23,3532,2129,695,20,178,0,265,386,2844,1841,481,20,149,0,150,289,64.73,16.91,0.70,5.24,0.00,5.27,10.16
HENNEPIN - 002480,Hennepin,002480,Plymouth W-3 P-17,2458,1701,319,22,145,0,177,193,1987,1516,201,15,106,0,91,117,76.30,10.12,0.75,5.33,0.00,4.58,5.89
HENNEPIN - 002475,Hennepin,002475,Plymouth W-3 P-16,4217,3365,277,8,234,0,270,203,3400,2788,202,3,200,0,159,138,82.00,5.94,0.09,5.88,0.00,4.68,4.06
HENNEPIN - 002430,Hennepin,002430,Plymouth W-2 P-7,4439,3794,106,7,197,1,290,144,3320,2908,74,6,156,0,146,85,87.59,2.23,0.18,4.70,0.00,4.40,2.56
HENNEPIN - 002485,Hennepin,002485,Plymouth W-4 P-18,3264,2613,223,5,174,1,201,121,2608,2138,163,5,149,1,122,78,81.98,6.25,0.19,5.71,0.04,4.68,2.99
HENNEPIN - 002415,Hennepin,002415,Plymouth W-1 P-4,3058,2538,71,12,238,0,154,105,2241,1913,45,7,173,0,80,60,85.36,2.01,0.31,7.72,0.00,3.57,2.68
HENNEPIN - 002440,Hennepin,002440,Plymouth W-2 P-9,4377,3151,597,10,323,2,236,157,3473,2740,303,2,253,1,133,95,78.89,8.72,0.06,7.28,0.03,3.83,2.74
HENNEPIN - 002490,Hennepin,002490,Plymouth W-4 P-19,1909,1634,75,2,89,1,98,49,1633,1430,57,1,74,1,60,42,87.57,3.49,0.06,4.53,0.06,3.67,2.57
HENNEPIN - 002505,Hennepin,002505,Plymouth W-4 P-22,3196,2455,305,12,215,0,167,108,2752,2218,217,6,176,0,107,78,80.60,7.89,0.22,6.40,0.00,3.89,2.83
HENNEPIN - 002425,Hennepin,002425,Plymouth W-1 P-6,1951,1654,12,0,159,0,102,56,1423,1231,3,0,119,0,54,38,86.51,0.21,0.00,8.36,0.00,3.79,2.67
HENNEPIN - 002405,Hennepin,002405,Plymouth W-1 P-2,7806,5366,471,25,1415,1,457,223,5561,4000,310,15,977,0,205,141,71.93,5.57,0.27,17.57,0.00,3.69,2.54
HENNEPIN - 002600,Hennepin,002600,Richfield W-2 P-7,2992,1863,198,19,158,1,246,628,2326,1582,140,14,135,0,128,386,68.01,6.02,0.60,5.80,0.00,5.50,16.60
HENNEPIN - 002610,Hennepin,002610,Richfield W-3 P-8,3244,1806,257,51,232,0,365,812,2432,1485,189,32,187,0,215,495,61.06,7.77,1.32,7.69,0.00,8.84,20.35
HENNEPIN - 002615,Hennepin,002615,Richfield W-3 P-9,6157,2478,1001,180,324,3,805,2095,4483,2077,706,131,241,2,454,1298,46.33,15.75,2.92,5.38,0.04,10.13,28.95
HENNEPIN - 002580,Hennepin,002580,Richfield W-1 P-4,4502,3032,293,49,589,1,323,406,3937,2741,245,33,502,1,231,321,69.62,6.22,0.84,12.75,0.03,5.87,8.15
HENNEPIN - 002655,Hennepin,002655,Robbinsdale W-2,3444,2754,235,16,89,0,266,187,2744,2287,176,12,68,0,149,119,83.35,6.41,0.44,2.48,0.00,5.43,4.34
HENNEPIN - 002645,Hennepin,002645,Robbinsdale W-1,3761,2466,681,35,141,1,330,268,3040,2124,501,23,113,1,200,179,69.87,16.48,0.76,3.72,0.03,6.58,5.89
HENNEPIN - 002695,Hennepin,002695,Rockford P-1,455,357,1,3,5,0,44,64,376,299,0,3,5,0,37,47,79.52,0.00,0.80,1.33,0.00,9.84,12.50
HENNEPIN - 002715,Hennepin,002715,Rogers P-2,8045,7345,145,5,171,4,306,151,5733,5328,89,5,133,4,124,81,92.94,1.55,0.09,2.32,0.07,2.16,1.41
HENNEPIN - 002780,Hennepin,002780,Saint Bonifacius P-1,2307,2094,24,13,34,0,121,67,1734,1595,20,12,34,0,63,44,91.98,1.15,0.69,1.96,0.00,3.63,2.54
HENNEPIN - 002820,Hennepin,002820,Saint Louis Park W-2 P-7,3810,3433,51,5,70,0,229,136,2937,2666,39,1,65,0,148,99,90.77,1.33,0.03,2.21,0.00,5.04,3.37
HENNEPIN - 002845,Hennepin,002845,Saint Louis Park W-3 P-12,4445,2629,983,71,185,3,352,372,3554,2307,671,54,148,3,207,243,64.91,18.88,1.52,4.16,0.08,5.82,6.84
HENNEPIN - 002815,Hennepin,002815,Saint Louis Park W-2 P-6,3662,2882,294,29,215,0,175,127,3401,2764,207,23,202,0,145,106,81.27,6.09,0.68,5.94,0.00,4.26,3.12
HENNEPIN - 002830,Hennepin,002830,Saint Louis Park W-3 P-9,2987,2323,239,19,92,3,194,236,2517,2036,180,17,76,3,122,166,80.89,7.15,0.68,3.02,0.12,4.85,6.60
HENNEPIN - 002805,Hennepin,002805,Saint Louis Park W-1 P-4,1580,1250,88,10,51,1,143,98,1294,1067,58,6,32,1,101,63,82.46,4.48,0.46,2.47,0.08,7.81,4.87
HENNEPIN - 002810,Hennepin,002810,Saint Louis Park W-2 P-5,2073,1773,81,15,64,1,104,83,1864,1629,62,13,60,0,68,54,87.39,3.33,0.70,3.22,0.00,3.65,2.90
HENNEPIN - 002725,Hennepin,002725,Shorewood P-2,2323,2140,17,0,24,2,123,74,1730,1616,14,0,14,0,73,44,93.41,0.81,0.00,0.81,0.00,4.22,2.54
HENNEPIN - 002720,Hennepin,002720,Shorewood P-1,220,179,3,0,9,0,19,7,169,143,0,0,4,0,14,5,84.62,0.00,0.00,2.37,0.00,8.28,2.96
HENNEPIN - 002900,Hennepin,002900,Tonka Bay P-1,1442,1320,20,4,23,0,64,37,1184,1099,16,4,16,0,39,24,92.82,1.35,0.34,1.35,0.00,3.29,2.03
HENNEPIN - 002925,Hennepin,002925,Woodland P-1,384,370,1,0,3,0,9,4,302,296,1,0,1,0,3,3,98.01,0.33,0.00,0.33,0.00,0.99,0.99
HENNEPIN - 000015,Hennepin,000015,Bloomington W-1 P-9,2771,1425,505,25,328,0,251,381,2159,1263,310,22,269,0,144,238,58.50,14.36,1.02,12.46,0.00,6.67,11.02
HENNEPIN - 000005,Hennepin,000005,Bloomington W-1 P-7,2380,1855,173,9,137,2,146,122,2044,1674,116,8,117,2,84,74,81.90,5.68,0.39,5.72,0.10,4.11,3.62
HENNEPIN - 000075,Hennepin,000075,Bloomington W-3 P-5,3480,2548,179,17,335,0,274,265,3002,2294,133,17,297,0,176,170,76.42,4.43,0.57,9.89,0.00,5.86,5.66
HENNEPIN - 000045,Hennepin,000045,Bloomington W-2 P-16,4121,3139,387,20,209,4,271,166,3341,2639,254,20,177,4,166,120,78.99,7.60,0.60,5.30,0.12,4.97,3.59
HENNEPIN - 000105,Hennepin,000105,Bloomington W-3 P-22,2670,2112,258,0,162,0,113,57,2078,1739,147,0,115,0,59,30,83.69,7.07,0.00,5.53,0.00,2.84,1.44
HENNEPIN - 000025,Hennepin,000025,Bloomington W-1 P-12,3541,2353,425,6,341,1,252,307,2736,1947,288,1,262,1,139,184,71.16,10.53,0.04,9.58,0.04,5.08,6.73
HENNEPIN - 000071,Hennepin,000071,Bloomington W-2 P-27,1808,1458,65,4,169,1,85,59,1519,1266,46,3,129,1,56,45,83.34,3.03,0.20,8.49,0.07,3.69,2.96
HENNEPIN - 000200,Hennepin,000200,Brooklyn Center P-1,4582,1818,956,79,749,1,608,803,3333,1570,645,48,470,1,362,504,47.10,19.35,1.44,14.10,0.03,10.86,15.12
HENNEPIN - 000220,Hennepin,000220,Brooklyn Center P-5,6578,2054,1443,75,1718,0,579,1071,4630,1787,971,50,1077,0,287,685,38.60,20.97,1.08,23.26,0.00,6.20,14.79
HENNEPIN - 000230,Hennepin,000230,Brooklyn Center P-7,3274,1078,937,27,700,0,240,427,2369,963,622,16,452,0,127,251,40.65,26.26,0.68,19.08,0.00,5.36,10.60
HENNEPIN - 002000,Hennepin,002000,Minneapolis W-13 P-9,3988,3265,192,14,118,0,293,245,2964,2506,114,9,101,0,147,148,84.55,3.85,0.30,3.41,0.00,4.96,4.99
HENNEPIN - 001440,Hennepin,001440,Minneapolis W-2 P-7,1393,727,272,26,184,0,144,125,1306,715,218,23,180,0,130,113,54.75,16.69,1.76,13.78,0.00,9.95,8.65
HENNEPIN - 001790,Hennepin,001790,Minneapolis W-9 P-9,3138,871,772,114,88,5,393,1307,2174,700,445,92,65,4,258,883,32.20,20.47,4.23,2.99,0.18,11.87,40.62
HENNEPIN - 001725,Hennepin,001725,Minneapolis W-8 P-6,3611,2592,287,53,67,1,353,476,3006,2260,227,28,61,0,246,323,75.18,7.55,0.93,2.03,0.00,8.18,10.75
HENNEPIN - 001945,Hennepin,001945,Minneapolis W-12 P-9,2531,1903,188,32,69,2,235,236,1968,1545,133,23,63,1,136,140,78.51,6.76,1.17,3.20,0.05,6.91,7.11
HENNEPIN - 001775,Hennepin,001775,Minneapolis W-9 P-6,4618,2175,942,145,113,0,502,1138,3484,1885,585,107,103,0,325,750,54.10,16.79,3.07,2.96,0.00,9.33,21.53
HENNEPIN - 001956,Hennepin,001956,Minneapolis W-12 P-12,3882,3057,206,72,77,3,339,287,3170,2593,169,55,66,2,204,188,81.80,5.33,1.74,2.08,0.06,6.44,5.93
HENNEPIN - 001910,Hennepin,001910,Minneapolis W-12 P-2,3364,2376,511,51,72,0,259,183,2641,2009,312,39,60,0,155,138,76.07,11.81,1.48,2.27,0.00,5.87,5.23
HENNEPIN - 001456,Hennepin,001456,Minneapolis W-2 P-11,2018,1505,142,39,47,0,190,201,1626,1292,89,23,32,0,121,131,79.46,5.47,1.41,1.97,0.00,7.44,8.06
HENNEPIN - 001930,Hennepin,001930,Minneapolis W-12 P-6,2050,1735,58,19,49,0,140,110,1687,1473,44,12,42,0,84,73,87.31,2.61,0.71,2.49,0.00,4.98,4.33
HENNEPIN - 001935,Hennepin,001935,Minneapolis W-12 P-7,384,351,28,0,0,0,3,7,381,351,27,0,0,0,1,6,92.13,7.09,0.00,0.00,0.00,0.26,1.57
HENNEPIN - 001955,Hennepin,001955,Minneapolis W-12 P-11,2242,1682,244,23,40,0,197,138,1827,1437,171,19,32,0,118,98,78.65,9.36,1.04,1.75,0.00,6.46,5.36
HENNEPIN - 001905,Hennepin,001905,Minneapolis W-12 P-1,3571,2603,341,89,103,0,282,320,2906,2198,260,73,88,0,176,218,75.64,8.95,2.51,3.03,0.00,6.06,7.50
HENNEPIN - 001900,Hennepin,001900,Minneapolis W-11 P-9,2521,1263,544,69,54,0,255,475,1900,1088,349,51,44,0,165,279,57.26,18.37,2.68,2.32,0.00,8.68,14.68
HENNEPIN - 001915,Hennepin,001915,Minneapolis W-12 P-3,3772,2956,242,75,97,1,287,260,3177,2559,189,62,91,1,190,180,80.55,5.95,1.95,2.86,0.03,5.98,5.67
HENNEPIN - 001430,Hennepin,001430,Minneapolis W-2 P-5,7960,3887,1113,20,2355,8,439,341,7152,3685,652,17,2298,7,370,301,51.52,9.12,0.24,32.13,0.10,5.17,4.21
HENNEPIN - 001435,Hennepin,001435,Minneapolis W-2 P-6,1643,1245,76,12,142,0,141,88,1491,1154,61,8,129,0,113,80,77.40,4.09,0.54,8.65,0.00,7.58,5.37
HENNEPIN - 001957,Hennepin,001957,Minneapolis W-12 P-13,1570,1356,43,10,40,0,92,71,1249,1104,27,5,36,0,49,40,88.39,2.16,0.40,2.88,0.00,3.92,3.20
HENNEPIN - 001765,Hennepin,001765,Minneapolis W-9 P-4,4798,842,1366,950,154,0,456,1643,3166,696,842,552,121,0,287,1023,21.98,26.60,17.44,3.82,0.00,9.07,32.31
HENNEPIN - 000050,Hennepin,000050,Bloomington W-2 P-21,2034,1629,84,3,128,0,151,102,1616,1341,63,1,105,0,84,63,82.98,3.90,0.06,6.50,0.00,5.20,3.90
HENNEPIN - 000070,Hennepin,000070,Bloomington W-2 P-26,2879,2314,92,125,88,2,205,113,2345,1953,63,116,67,0,108,69,83.28,2.69,4.95,2.86,0.00,4.61,2.94
HENNEPIN - 000060,Hennepin,000060,Bloomington W-2 P-24,2457,2011,69,2,181,0,153,99,1988,1662,46,2,160,0,85,63,83.60,2.31,0.10,8.05,0.00,4.28,3.17
HENNEPIN - 000085,Hennepin,000085,Bloomington W-3 P-17,1686,1487,35,4,81,1,71,34,1433,1316,16,3,53,0,38,20,91.84,1.12,0.21,3.70,0.00,2.65,1.40
HENNEPIN - 000107,Hennepin,000107,Bloomington W-3 P-29,2562,1427,390,15,224,2,241,399,1996,1236,259,10,183,0,140,247,61.92,12.98,0.50,9.17,0.00,7.01,12.37
HENNEPIN - 000010,Hennepin,000010,Bloomington W-1 P-8,2495,1989,84,14,170,3,158,164,2071,1724,51,10,129,3,95,112,83.24,2.46,0.48,6.23,0.14,4.59,5.41
HENNEPIN - 000115,Hennepin,000115,Bloomington W-4 P-2,5225,1840,1209,85,308,5,486,1652,3754,1563,782,70,241,5,286,1018,41.64,20.83,1.86,6.42,0.13,7.62,27.12
HENNEPIN - 000110,Hennepin,000110,Bloomington W-4 P-1,3343,1840,638,27,258,6,251,488,2853,1711,471,21,228,5,193,334,59.97,16.51,0.74,7.99,0.18,6.76,11.71
HENNEPIN - 000210,Hennepin,000210,Brooklyn Center P-3,5289,1603,1741,83,970,4,430,726,3734,1429,1106,49,629,4,227,436,38.27,29.62,1.31,16.85,0.11,6.08,11.68
HENNEPIN - 000375,Hennepin,000375,Brooklyn Park W-E P-6-O,4208,1961,887,16,1023,0,247,129,3003,1513,584,9,724,0,125,77,50.38,19.45,0.30,24.11,0.00,4.16,2.56
HENNEPIN - 000360,Hennepin,000360,Brooklyn Park W-E P-4-A,3013,1922,456,8,425,0,166,78,2409,1689,328,4,283,0,84,48,70.11,13.62,0.17,11.75,0.00,3.49,1.99
HENNEPIN - 000415,Hennepin,000415,Brooklyn Park W-W P-5,3148,898,1147,22,702,0,199,299,2256,799,751,11,452,0,120,188,35.42,33.29,0.49,20.04,0.00,5.32,8.33
HENNEPIN - 000397,Hennepin,000397,Brooklyn Park W-W P-1-R,6319,2327,2354,53,510,3,438,974,4552,1991,1524,36,350,2,255,585,43.74,33.48,0.79,7.69,0.04,5.60,12.85
HENNEPIN - 000420,Hennepin,000420,Brooklyn Park W-W P-6,889,457,215,4,115,0,73,47,736,427,150,4,93,0,40,34,58.02,20.38,0.54,12.64,0.00,5.43,4.62
HENNEPIN - 000300,Hennepin,000300,Brooklyn Park W-C P-1,3039,653,1513,22,515,0,214,247,2233,579,1079,18,334,0,130,159,25.93,48.32,0.81,14.96,0.00,5.82,7.12
HENNEPIN - 000350,Hennepin,000350,Brooklyn Park W-E P-2,3798,1770,810,28,666,0,278,348,2773,1495,503,20,446,0,153,209,53.91,18.14,0.72,16.08,0.00,5.52,7.54
HENNEPIN - 000365,Hennepin,000365,Brooklyn Park W-E P-5,1347,774,228,7,199,0,102,58,996,636,150,4,140,0,43,32,63.86,15.06,0.40,14.06,0.00,4.32,3.21
HENNEPIN - 000330,Hennepin,000330,Brooklyn Park W-C P-7,4378,2549,856,8,645,0,263,153,3340,2090,579,5,487,0,141,99,62.57,17.34,0.15,14.58,0.00,4.22,2.96
HENNEPIN - 000305,Hennepin,000305,Brooklyn Park W-C P-2,2922,1051,840,13,631,1,272,203,2067,919,542,12,371,1,153,126,44.46,26.22,0.58,17.95,0.05,7.40,6.10
HENNEPIN - 000325,Hennepin,000325,Brooklyn Park W-C P-6,4536,1790,1070,23,1250,0,261,241,3312,1490,685,21,880,0,139,157,44.99,20.68,0.63,26.57,0.00,4.20,4.74
HENNEPIN - 000335,Hennepin,000335,Brooklyn Park W-C P-8,5060,3300,588,10,733,0,383,150,3277,2207,377,5,506,0,146,86,67.35,11.50,0.15,15.44,0.00,4.46,2.62
HENNEPIN - 000362,Hennepin,000362,Brooklyn Park W-E P-4-O,1936,1191,384,5,238,0,100,65,1625,1107,273,5,174,0,55,39,68.12,16.80,0.31,10.71,0.00,3.38,2.40
HENNEPIN - 000450,Hennepin,000450,Champlin W-1 P-1,7394,5855,573,39,332,0,463,222,5627,4694,387,25,215,0,216,132,83.42,6.88,0.44,3.82,0.00,3.84,2.35
HENNEPIN - 000455,Hennepin,000455,Champlin W-2 P-1,5873,4812,467,22,245,0,258,145,4619,3944,268,22,194,0,151,92,85.39,5.80,0.48,4.20,0.00,3.27,1.99
HENNEPIN - 000465,Hennepin,000465,Champlin W-4 P-1,5428,4163,474,25,282,1,375,239,4201,3377,302,22,204,1,213,176,80.39,7.19,0.52,4.86,0.02,5.07,4.19
HENNEPIN - 000500,Hennepin,000500,Corcoran P-1,2128,1963,11,5,42,0,80,44,1679,1562,8,5,35,0,44,24,93.03,0.48,0.30,2.08,0.00,2.62,1.43
HENNEPIN - 000560,Hennepin,000560,Crystal W-2 P-1,2813,2066,250,25,129,0,276,203,2246,1758,178,19,97,0,149,126,78.27,7.93,0.85,4.32,0.00,6.63,5.61
HENNEPIN - 000590,Hennepin,000590,Crystal W-4 P-2,2639,1612,315,14,123,1,281,442,2066,1406,215,10,96,1,160,267,68.05,10.41,0.48,4.65,0.05,7.74,12.92
HENNEPIN - 000575,Hennepin,000575,Crystal W-3 P-2,3035,2244,243,21,105,0,290,255,2340,1835,151,17,82,0,156,175,78.42,6.45,0.73,3.50,0.00,6.67,7.48
HENNEPIN - 000567,Hennepin,000567,Crystal W-2 P-3,1116,681,245,10,62,0,99,49,922,595,187,9,53,0,68,36,64.53,20.28,0.98,5.75,0.00,7.38,3.90
HENNEPIN - 000585,Hennepin,000585,Crystal W-4 P-1,3056,1788,579,34,242,0,238,277,2332,1549,366,25,172,0,119,156,66.42,15.69,1.07,7.38,0.00,5.10,6.69
HENNEPIN - 000645,Hennepin,000645,Dayton P-2,1227,1030,32,3,30,0,100,88,943,849,13,1,21,0,46,36,90.03,1.38,0.11,2.23,0.00,4.88,3.82
HENNEPIN - 000650,Hennepin,000650,Dayton P-3,3785,3294,144,18,116,0,183,88,2848,2549,92,13,76,0,98,47,89.50,3.23,0.46,2.67,0.00,3.44,1.65
HENNEPIN - 000680,Hennepin,000680,Deephaven P-2,2114,1989,5,0,18,0,76,50,1544,1465,5,0,14,0,46,25,94.88,0.32,0.00,0.91,0.00,2.98,1.62
HENNEPIN - 000765,Hennepin,000765,Eden Prairie P-16,3773,3034,171,6,296,0,201,130,2959,2449,124,4,219,0,107,92,82.76,4.19,0.14,7.40,0.00,3.62,3.11
HENNEPIN - 000755,Hennepin,000755,Eden Prairie P-14,4032,3194,174,14,361,0,239,173,3074,2515,107,10,285,0,113,116,81.82,3.48,0.33,9.27,0.00,3.68,3.77
HENNEPIN - 000695,Hennepin,000695,Eden Prairie P-2,2785,2308,43,6,184,0,207,124,2119,1806,28,6,135,0,122,73,85.23,1.32,0.28,6.37,0.00,5.76,3.45
HENNEPIN - 000705,Hennepin,000705,Eden Prairie P-4,3126,2174,349,7,285,0,228,194,2426,1815,187,7,222,0,136,135,74.81,7.71,0.29,9.15,0.00,5.61,5.56
HENNEPIN - 000710,Hennepin,000710,Eden Prairie P-5,3121,2558,106,4,192,1,217,101,2369,2008,57,4,145,0,133,63,84.76,2.41,0.17,6.12,0.00,5.61,2.66
HENNEPIN - 000730,Hennepin,000730,Eden Prairie P-9,3210,2582,48,9,329,0,212,114,2505,2088,37,3,252,0,105,66,83.35,1.48,0.12,10.06,0.00,4.19,2.63
HENNEPIN - 000735,Hennepin,000735,Eden Prairie P-10,3041,2447,99,6,252,0,198,152,2373,1981,56,4,186,0,115,90,83.48,2.36,0.17,7.84,0.00,4.85,3.79
HENNEPIN - 000720,Hennepin,000720,Eden Prairie P-7,2958,1838,472,26,320,5,181,204,2266,1546,265,19,244,1,109,153,68.23,11.69,0.84,10.77,0.04,4.81,6.75
HENNEPIN - 000775,Hennepin,000775,Eden Prairie P-18,3735,2966,50,4,481,0,203,98,2754,2264,36,3,319,0,110,59,82.21,1.31,0.11,11.58,0.00,3.99,2.14
HENNEPIN - 000780,Hennepin,000780,Eden Prairie P-19A,3596,2570,82,9,731,0,175,114,2661,1957,52,2,525,0,103,71,73.54,1.95,0.08,19.73,0.00,3.87,2.67
HENNEPIN - 000690,Hennepin,000690,Eden Prairie P-1,2481,2062,44,9,193,0,156,92,1870,1609,25,9,144,0,71,53,86.04,1.34,0.48,7.70,0.00,3.80,2.83
HENNEPIN - 002090,Hennepin,002090,Minnetonka W-1 P-A,2342,2039,45,2,59,0,174,78,1848,1647,23,2,52,0,105,46,89.12,1.24,0.11,2.81,0.00,5.68,2.49
HENNEPIN - 000890,Hennepin,000890,Edina P-8,2737,2398,15,8,96,0,204,74,1808,1647,5,5,59,0,83,41,91.10,0.28,0.28,3.26,0.00,4.59,2.27
HENNEPIN - 000900,Hennepin,000900,Edina P-10C,1983,1593,55,2,201,0,131,79,1432,1203,29,1,141,0,57,42,84.01,2.03,0.07,9.85,0.00,3.98,2.93
HENNEPIN - 000880,Hennepin,000880,Edina P-6,2789,2440,16,5,170,0,135,61,2045,1835,14,4,113,0,57,36,89.73,0.68,0.20,5.53,0.00,2.79,1.76
HENNEPIN - 001827,Hennepin,001827,Minneapolis W-10 P-5B,0,0,0,0,0,0,0,0,0,0,0,0,0,0,0,0,0.00,0.00,0.00,0.00,0.00,0.00,0.00
HENNEPIN - 001785,Hennepin,001785,Minneapolis W-9 P-8,500,128,219,7,13,0,34,117,384,123,173,5,6,0,14,79,32.03,45.05,1.30,1.56,0.00,3.65,20.57
HENNEPIN - 002200,Hennepin,002200,Minnetonka W-4 P-D,2468,2111,33,2,117,0,184,70,1876,1660,28,1,84,0,87,44,88.49,1.49,0.05,4.48,0.00,4.64,2.35
HENNEPIN - 002165,Hennepin,002165,Minnetonka W-3 P-E,1774,1655,3,4,28,0,80,50,1322,1254,3,3,25,0,34,22,94.86,0.23,0.23,1.89,0.00,2.57,1.66
HENNEPIN - 002160,Hennepin,002160,Minnetonka W-3 P-D,2457,2179,17,2,65,1,180,67,1906,1730,17,2,49,1,97,43,90.77,0.89,0.10,2.57,0.05,5.09,2.26
HENNEPIN - 002125,Hennepin,002125,Minnetonka W-2 P-B,2783,2427,99,12,87,0,128,71,2302,2066,69,8,70,0,68,47,89.75,3.00,0.35,3.04,0.00,2.95,2.04
HENNEPIN - 002105,Hennepin,002105,Minnetonka W-1 P-D,2830,2500,62,16,67,1,160,92,2288,2064,39,13,52,1,99,64,90.21,1.70,0.57,2.27,0.04,4.33,2.80
HENNEPIN - 002185,Hennepin,002185,Minnetonka W-4 P-A,1910,1611,66,5,55,0,139,94,1483,1285,49,3,40,0,85,59,86.65,3.30,0.20,2.70,0.00,5.73,3.98
HENNEPIN - 002170,Hennepin,002170,Minnetonka W-3 P-F,3063,2720,39,0,95,2,174,77,2270,2073,23,0,74,0,74,40,91.32,1.01,0.00,3.26,0.00,3.26,1.76
HENNEPIN - 002190,Hennepin,002190,Minnetonka W-4 P-B,2264,1698,226,3,108,1,154,139,1733,1374,144,2,72,1,85,93,79.28,8.31,0.12,4.15,0.06,4.90,5.37
HENNEPIN - 002095,Hennepin,002095,Minnetonka W-1 P-B,1857,1526,128,0,89,0,95,49,1644,1400,86,0,77,0,66,36,85.16,5.23,0.00,4.68,0.00,4.01,2.19
HENNEPIN - 002120,Hennepin,002120,Minnetonka W-2 P-A,1800,1539,23,5,113,0,99,55,1478,1297,17,5,93,0,53,45,87.75,1.15,0.34,6.29,0.00,3.59,3.04
HENNEPIN - 002210,Hennepin,002210,Minnetonka W-4 P-F,2038,1878,34,4,41,0,71,40,1681,1570,24,2,36,0,43,31,93.40,1.43,0.12,2.14,0.00,2.56,1.84
HENNEPIN - 002140,Hennepin,002140,Minnetonka W-2 P-E,2557,1833,257,8,167,0,205,187,2189,1676,187,8,123,0,133,108,76.56,8.54,0.37,5.62,0.00,6.08,4.93
HENNEPIN - 002248,Hennepin,002248,Minnetrista P-4A,2700,2443,17,5,50,0,168,78,1997,1834,12,3,38,0,100,53,91.84,0.60,0.15,1.90,0.00,5.01,2.65
HENNEPIN - 002465,Hennepin,002465,Plymouth W-3 P-14,4767,3871,227,19,281,7,303,165,3833,3212,175,15,223,7,157,96,83.80,4.57,0.39,5.82,0.18,4.10,2.50
HENNEPIN - 002435,Hennepin,002435,Plymouth W-2 P-8,2548,2117,151,3,130,0,119,72,1859,1579,98,2,95,0,69,34,84.94,5.27,0.11,5.11,0.00,3.71,1.83
HENNEPIN - 002445,Hennepin,002445,Plymouth W-2 P-10,2215,1830,57,7,152,0,134,88,1665,1430,40,6,93,0,67,49,85.89,2.40,0.36,5.59,0.00,4.02,2.94
HENNEPIN - 002450,Hennepin,002450,Plymouth W-2 P-11,2072,1785,77,10,41,0,129,68,1657,1491,41,10,31,0,63,45,89.98,2.47,0.60,1.87,0.00,3.80,2.72
HENNEPIN - 002460,Hennepin,002460,Plymouth W-3 P-13,4687,2924,475,25,817,9,329,250,3750,2583,319,25,553,6,197,164,68.88,8.51,0.67,14.75,0.16,5.25,4.37
HENNEPIN - 002455,Hennepin,002455,Plymouth W-2 P-12,2318,1952,84,26,86,0,148,79,1788,1525,67,21,67,0,89,42,85.29,3.75,1.17,3.75,0.00,4.98,2.35
HENNEPIN - 002500,Hennepin,002500,Plymouth W-4 P-21,2728,2363,76,0,104,0,150,78,2196,1928,60,0,86,0,95,46,87.80,2.73,0.00,3.92,0.00,4.33,2.09
HENNEPIN - 002420,Hennepin,002420,Plymouth W-1 P-5,3926,2810,124,10,779,0,174,98,3120,2391,86,7,520,0,100,63,76.63,2.76,0.22,16.67,0.00,3.21,2.02
HENNEPIN - 002400,Hennepin,002400,Plymouth W-1 P-1,7452,3908,351,2,2693,1,457,217,4429,2361,199,1,1645,1,201,109,53.31,4.49,0.02,37.14,0.02,4.54,2.46
HENNEPIN - 002385,Hennepin,002385,Osseo P-1,2688,2167,176,7,54,0,241,134,2246,1884,114,7,46,0,164,104,83.88,5.08,0.31,2.05,0.00,7.30,4.63
HENNEPIN - 002590,Hennepin,002590,Richfield W-2 P-2,4879,3188,629,68,180,1,370,669,4051,2825,475,54,159,1,237,437,69.74,11.73,1.33,3.92,0.02,5.85,10.79
HENNEPIN - 002605,Hennepin,002605,Richfield W-3 P-1,2931,1668,247,37,198,0,288,700,2283,1412,172,29,160,0,170,463,61.85,7.53,1.27,7.01,0.00,7.45,20.28
HENNEPIN - 002595,Hennepin,002595,Richfield W-2 P-6,4566,2939,545,34,289,10,351,652,3696,2527,369,28,251,9,226,451,68.37,9.98,0.76,6.79,0.24,6.11,12.20
HENNEPIN - 002575,Hennepin,002575,Richfield W-1 P-3,4065,2906,302,26,195,2,356,498,3310,2495,227,17,169,0,204,327,75.38,6.86,0.51,5.11,0.00,6.16,9.88
HENNEPIN - 002585,Hennepin,002585,Richfield W-1 P-5,3658,2695,166,39,295,2,265,361,3127,2388,134,31,247,2,182,263,76.37,4.29,0.99,7.90,0.06,5.82,8.41
HENNEPIN - 002675,Hennepin,002675,Robbinsdale W-4,3808,2384,741,40,117,2,370,244,2966,2030,463,31,93,2,229,174,68.44,15.61,1.05,3.14,0.07,7.72,5.87
HENNEPIN - 002665,Hennepin,002665,Robbinsdale W-3,3633,2425,603,47,105,0,332,271,2920,2109,423,32,76,0,191,185,72.23,14.49,1.10,2.60,0.00,6.54,6.34
HENNEPIN - 002710,Hennepin,002710,Rogers P-1,5250,4551,216,14,164,3,234,130,3792,3356,127,11,124,1,123,84,88.50,3.35,0.29,3.27,0.03,3.24,2.22
HENNEPIN - 002770,Hennepin,002770,Saint Anthony P-2,3386,2848,89,14,169,0,225,110,2508,2179,59,6,136,0,93,59,86.88,2.35,0.24,5.42,0.00,3.71,2.35
HENNEPIN - 002765,Hennepin,002765,Saint Anthony P-1,2226,1892,89,4,86,0,118,78,1783,1573,61,2,68,0,53,53,88.22,3.42,0.11,3.81,0.00,2.97,2.97
HENNEPIN - 002855,Hennepin,002855,Saint Louis Park W-4 P-14,4111,3262,278,17,155,1,304,237,3301,2691,229,9,118,1,184,160,81.52,6.94,0.27,3.57,0.03,5.57,4.85
HENNEPIN - 002860,Hennepin,002860,Saint Louis Park W-4 P-15,3247,2315,224,29,324,14,226,208,2734,2031,174,17,269,14,147,137,74.29,6.36,0.62,9.84,0.51,5.38,5.01
HENNEPIN - 002790,Hennepin,002790,Saint Louis Park W-1 P-1,3744,3323,65,10,102,1,195,107,2775,2501,39,9,85,1,109,68,90.13,1.41,0.32,3.06,0.04,3.93,2.45
HENNEPIN - 002800,Hennepin,002800,Saint Louis Park W-1 P-3,2194,1681,220,11,79,0,139,146,1987,1571,181,11,71,0,104,119,79.06,9.11,0.55,3.57,0.00,5.23,5.99
HENNEPIN - 002825,Hennepin,002825,Saint Louis Park W-2 P-8,3276,2614,186,12,140,0,242,163,2722,2245,131,11,119,0,157,97,82.48,4.81,0.40,4.37,0.00,5.77,3.56
HENNEPIN - 002835,Hennepin,002835,Saint Louis Park W-3 P-10,2763,1920,478,15,77,0,199,134,2216,1678,277,11,76,0,116,98,75.72,12.50,0.50,3.43,0.00,5.23,4.42
HENNEPIN - 002840,Hennepin,002840,Saint Louis Park W-3 P-11,2242,1839,125,27,67,0,150,114,1837,1549,93,22,56,0,91,74,84.32,5.06,1.20,3.05,0.00,4.95,4.03
HENNEPIN - 002795,Hennepin,002795,Saint Louis Park W-1 P-2,4590,3679,341,36,147,3,275,241,3715,3097,241,24,129,3,146,156,83.36,6.49,0.65,3.47,0.08,3.93,4.20
HENNEPIN - 002865,Hennepin,002865,Saint Louis Park W-4 P-16,2597,2101,125,11,137,1,159,135,2360,1962,97,11,130,1,111,111,83.14,4.11,0.47,5.51,0.04,4.70,4.70
HENNEPIN - 002850,Hennepin,002850,Saint Louis Park W-4 P-13,2689,2056,240,10,181,7,137,114,2352,1865,181,6,154,3,100,87,79.29,7.70,0.26,6.55,0.13,4.25,3.70
HENNEPIN - 002755,Hennepin,002755,Spring Park P-1,1734,1550,42,7,47,1,78,23,1596,1458,33,7,42,1,52,15,91.35,2.07,0.44,2.63,0.06,3.26,0.94
HENNEPIN - 002910,Hennepin,002910,Wayzata P-1,4434,3895,131,6,129,0,176,155,3742,3374,90,6,94,0,116,107,90.17,2.41,0.16,2.51,0.00,3.10,2.86
HENNEPIN - 000555,Hennepin,000555,Crystal W-1 P-2,1513,975,348,10,67,0,68,84,1252,852,266,9,63,0,31,48,68.05,21.25,0.72,5.03,0.00,2.48,3.83
HENNEPIN - 001490,Hennepin,001490,Minneapolis W-3 P-7,3305,2817,110,7,196,0,140,110,3180,2732,101,5,187,0,120,96,85.91,3.18,0.16,5.88,0.00,3.77,3.02
MARTIN - 000005,Martin,000005,Cedar Twp,196,190,0,0,1,0,5,3,148,147,0,0,1,0,0,0,99.32,0.00,0.00,0.68,0.00,0.00,0.00
MARTIN - 000010,Martin,000010,Center Creek Twp,217,204,0,4,0,0,1,15,166,155,0,4,0,0,1,12,93.37,0.00,2.41,0.00,0.00,0.60,7.23
MARTIN - 000015,Martin,000015,Ceylon,303,280,0,1,0,0,20,10,231,218,0,1,0,0,10,5,94.37,0.00,0.43,0.00,0.00,4.33,2.16
MARTIN - 000020,Martin,000020,Dunnell,133,125,0,1,0,0,7,9,116,108,0,1,0,0,7,6,93.10,0.00,0.86,0.00,0.00,6.03,5.17
MARTIN - 000025,Martin,000025,East Chain Twp,276,256,0,0,0,0,13,17,211,197,0,0,0,0,7,13,93.36,0.00,0.00,0.00,0.00,3.32,6.16
MARTIN - 000030,Martin,000030,Elm Creek Twp,160,156,0,0,1,0,3,2,134,132,0,0,1,0,1,0,98.51,0.00,0.00,0.75,0.00,0.75,0.00
MARTIN - 000080,Martin,000080,Fairmont W-4 P-1,1330,1126,12,9,4,1,111,191,992,868,6,9,2,1,70,104,87.50,0.60,0.91,0.20,0.10,7.06,10.48
MARTIN - 000085,Martin,000085,Fairmont W-4 P-2,1350,1099,21,4,4,0,115,279,1025,869,9,3,2,0,71,183,84.78,0.88,0.29,0.20,0.00,6.93,17.85
MARTIN - 000035,Martin,000035,Fairmont W-1 P-1,1047,975,3,0,14,1,44,42,862,820,3,0,14,1,21,13,95.13,0.35,0.00,1.62,0.12,2.44,1.51
MARTIN - 000065,Martin,000065,Fairmont W-3 P-1,1261,1022,14,16,1,2,98,222,979,804,12,15,0,2,68,149,82.12,1.23,1.53,0.00,0.20,6.95,15.22
MARTIN - 000070,Martin,000070,Fairmont W-3 P-2,1338,1162,20,10,17,0,90,129,1036,927,8,9,16,0,50,79,89.48,0.77,0.87,1.54,0.00,4.83,7.63
MARTIN - 000050,Martin,000050,Fairmont W-2 P-1,1297,1172,12,4,7,0,41,103,969,878,7,2,6,0,28,74,90.61,0.72,0.21,0.62,0.00,2.89,7.64
MARTIN - 000055,Martin,000055,Fairmont W-2 P-2,1448,1372,8,4,22,0,22,43,1179,1128,7,1,17,0,17,22,95.67,0.59,0.08,1.44,0.00,1.44,1.87
MARTIN - 000040,Martin,000040,Fairmont W-1 P-2,1416,1368,5,0,12,0,25,29,1154,1119,3,0,9,0,17,16,96.97,0.26,0.00,0.78,0.00,1.47,1.39
MARTIN - 000100,Martin,000100,Fox Lake Twp,259,247,0,0,2,0,8,5,209,201,0,0,2,0,6,2,96.17,0.00,0.00,0.96,0.00,2.87,0.96
MARTIN - 000105,Martin,000105,Fraser Twp,271,263,0,2,2,0,0,7,209,203,0,2,0,0,0,5,97.13,0.00,0.96,0.00,0.00,0.00,2.39
MARTIN - 000110,Martin,000110,Galena Twp,211,197,2,0,1,0,11,13,169,161,2,0,1,0,5,5,95.27,1.18,0.00,0.59,0.00,2.96,2.96
MARTIN - 000115,Martin,000115,Granada,291,280,0,0,0,0,9,7,226,218,0,0,0,0,6,3,96.46,0.00,0.00,0.00,0.00,2.65,1.33
MARTIN - 000120,Martin,000120,Jay Twp,230,217,0,0,1,0,5,10,182,172,0,0,1,0,4,7,94.51,0.00,0.00,0.55,0.00,2.20,3.85
MARTIN - 000125,Martin,000125,Lake Belt Twp,190,180,0,1,1,0,7,3,152,149,0,1,0,0,1,1,98.03,0.00,0.66,0.00,0.00,0.66,0.66
MARTIN - 000130,Martin,000130,Lake Fremont Twp,155,140,4,2,1,0,8,7,127,117,0,2,1,0,7,7,92.13,0.00,1.57,0.79,0.00,5.51,5.51
MARTIN - 000135,Martin,000135,Manyaska Twp,308,305,0,0,0,0,3,3,251,248,0,0,0,0,3,0,98.80,0.00,0.00,0.00,0.00,1.20,0.00
MARTIN - 000140,Martin,000140,Nashville Twp,205,198,1,1,0,0,2,4,155,153,1,1,0,0,0,0,98.71,0.65,0.65,0.00,0.00,0.00,0.00
MARTIN - 000145,Martin,000145,Northrop,223,208,0,0,1,0,8,10,190,180,0,0,1,0,4,7,94.74,0.00,0.00,0.53,0.00,2.11,3.68
MARTIN - 000155,Martin,000155,Pleasant Prairie Twp,228,217,3,1,0,0,5,1,167,162,0,1,0,0,4,1,97.01,0.00,0.60,0.00,0.00,2.40,0.60
MARTIN - 000160,Martin,000160,Rolling Green Twp,250,230,1,1,4,0,12,2,191,177,1,1,4,0,6,1,92.67,0.52,0.52,2.09,0.00,3.14,0.52
MARTIN - 000165,Martin,000165,Rutland Twp,366,344,1,0,0,0,16,4,292,277,1,0,0,0,10,4,94.86,0.34,0.00,0.00,0.00,3.42,1.37
MARTIN - 000170,Martin,000170,Sherburn,1058,1007,2,1,0,0,30,39,823,791,2,1,0,0,19,19,96.11,0.24,0.12,0.00,0.00,2.31,2.31
MARTIN - 000175,Martin,000175,Silver Lake Twp,457,447,0,2,0,0,8,5,354,347,0,2,0,0,5,5,98.02,0.00,0.56,0.00,0.00,1.41,1.41
MARTIN - 000180,Martin,000180,Tenhassen Twp,233,225,0,2,0,0,5,6,184,181,0,0,0,0,2,1,98.37,0.00,0.00,0.00,0.00,1.09,0.54
MARTIN - 000185,Martin,000185,Trimont,705,671,1,1,3,0,23,14,543,526,1,1,3,0,9,5,96.87,0.18,0.18,0.55,0.00,1.66,0.92
MARTIN - 000195,Martin,000195,Truman,1092,1022,4,6,1,2,48,33,866,824,4,6,1,1,21,23,95.15,0.46,0.69,0.12,0.12,2.42,2.66
MARTIN - 000200,Martin,000200,Waverly Twp,201,195,0,1,0,0,1,5,150,149,0,1,0,0,0,1,99.33,0.00,0.67,0.00,0.00,0.00,0.67
MARTIN - 000205,Martin,000205,Welcome,710,680,4,1,1,0,17,24,555,532,2,1,1,0,12,17,95.86,0.36,0.18,0.18,0.00,2.16,3.06
MARTIN - 000210,Martin,000210,Westford Twp,255,243,0,0,1,0,4,13,209,204,0,0,1,0,2,5,97.61,0.00,0.00,0.48,0.00,0.96,2.39
MARTIN - 000150,Martin,000150,Ormsby,47,47,0,0,0,0,0,0,36,36,0,0,0,0,0,0,100.00,0.00,0.00,0.00,0.00,0.00,0.00
WILKIN - 000005,Wilkin,000005,Akron Twp,136,127,0,5,0,0,3,4,95,89,0,4,0,0,1,2,93.68,0.00,4.21,0.00,0.00,1.05,2.11
WILKIN - 000010,Wilkin,000010,Andrea Twp,57,57,0,0,0,0,0,0,43,43,0,0,0,0,0,0,100.00,0.00,0.00,0.00,0.00,0.00,0.00
WILKIN - 000155,Wilkin,000155,Wolverton Twp,96,95,0,0,0,0,1,0,80,80,0,0,0,0,0,0,100.00,0.00,0.00,0.00,0.00,0.00,0.00
WILKIN - 000150,Wilkin,000150,Wolverton,128,119,1,0,0,0,7,7,85,80,0,0,0,0,4,2,94.12,0.00,0.00,0.00,0.00,4.71,2.35
WILKIN - 000145,Wilkin,000145,Tanberg Twp,71,67,0,3,0,0,1,0,60,59,0,0,0,0,1,0,98.33,0.00,0.00,0.00,0.00,1.67,0.00
WILKIN - 000015,Wilkin,000015,Atherton Twp,155,145,0,4,0,0,6,2,121,117,0,2,0,0,2,1,96.69,0.00,1.65,0.00,0.00,1.65,0.83
WILKIN - 000020,Wilkin,000020,Bradford Twp,78,75,0,0,0,0,3,1,61,59,0,0,0,0,2,0,96.72,0.00,0.00,0.00,0.00,3.28,0.00
WILKIN - 000025,Wilkin,000025,Brandrup Twp,144,142,1,0,0,0,0,3,104,103,0,0,0,0,0,2,99.04,0.00,0.00,0.00,0.00,0.00,1.92
WILKIN - 000060,Wilkin,000060,Campbell Twp,68,66,1,0,0,0,1,0,46,45,0,0,0,0,1,0,97.83,0.00,0.00,0.00,0.00,2.17,0.00
WILKIN - 000055,Wilkin,000055,Campbell,164,136,1,3,0,0,4,21,116,104,0,1,0,0,2,10,89.66,0.00,0.86,0.00,0.00,1.72,8.62
WILKIN - 000030,Wilkin,000030,Breckenridge P-1,1316,1192,13,24,8,0,78,43,1013,938,9,14,6,0,45,27,92.60,0.89,1.38,0.59,0.00,4.44,2.67
WILKIN - 000035,Wilkin,000035,Breckenridge P-2,1292,1154,14,33,0,2,78,67,995,919,12,19,0,1,34,43,92.36,1.21,1.91,0.00,0.10,3.42,4.32
WILKIN - 000040,Wilkin,000040,Breckenridge P-3,822,750,4,11,1,0,52,26,643,594,4,7,1,0,34,13,92.38,0.62,1.09,0.16,0.00,5.29,2.02
WILKIN - 000050,Wilkin,000050,Breckenridge Twp,215,199,3,2,0,0,9,1,170,159,0,1,0,0,9,0,93.53,0.00,0.59,0.00,0.00,5.29,0.00
WILKIN - 000065,Wilkin,000065,Champion Twp,53,44,0,1,0,0,5,4,47,40,0,0,0,0,4,3,85.11,0.00,0.00,0.00,0.00,8.51,6.38
WILKIN - 000070,Wilkin,000070,Connelly Twp,105,102,0,0,0,0,3,1,79,77,0,0,0,0,2,1,97.47,0.00,0.00,0.00,0.00,2.53,1.27
WILKIN - 000072,Wilkin,000072,Doran,36,33,0,1,0,0,1,1,29,27,0,1,0,0,0,1,93.10,0.00,3.45,0.00,0.00,0.00,3.45
WILKIN - 000075,Wilkin,000075,Deerhorn Twp,89,87,0,0,0,0,0,2,75,73,0,0,0,0,0,2,97.33,0.00,0.00,0.00,0.00,0.00,2.67
WILKIN - 000080,Wilkin,000080,Foxhome,126,121,0,1,0,0,4,0,100,97,0,0,0,0,3,0,97.00,0.00,0.00,0.00,0.00,3.00,0.00
WILKIN - 000085,Wilkin,000085,Foxhome Twp,104,93,0,0,0,0,10,1,74,69,0,0,0,0,4,1,93.24,0.00,0.00,0.00,0.00,5.41,1.35
WILKIN - 000130,Wilkin,000130,Roberts Twp,100,97,2,1,0,0,0,1,82,82,0,0,0,0,0,0,100.00,0.00,0.00,0.00,0.00,0.00,0.00
WILKIN - 000125,Wilkin,000125,Prairie View Twp,228,217,0,2,0,0,8,6,156,150,0,1,0,0,5,4,96.15,0.00,0.64,0.00,0.00,3.21,2.56
WILKIN - 000090,Wilkin,000090,Kent,65,62,0,0,0,0,3,1,50,50,0,0,0,0,0,0,100.00,0.00,0.00,0.00,0.00,0.00,0.00
WILKIN - 000095,Wilkin,000095,McCauleyville Twp,58,56,0,2,0,0,0,1,44,44,0,0,0,0,0,0,100.00,0.00,0.00,0.00,0.00,0.00,0.00
WILKIN - 000100,Wilkin,000100,Manston Twp,41,40,0,0,0,0,1,0,37,37,0,0,0,0,0,0,100.00,0.00,0.00,0.00,0.00,0.00,0.00
WILKIN - 000105,Wilkin,000105,Meadows Twp,53,51,0,0,0,0,2,0,41,40,0,0,0,0,1,0,97.56,0.00,0.00,0.00,0.00,2.44,0.00
WILKIN - 000110,Wilkin,000110,Mitchell Twp,80,80,0,0,0,0,0,0,59,59,0,0,0,0,0,0,100.00,0.00,0.00,0.00,0.00,0.00,0.00
WILKIN - 000113,Wilkin,000113,Nashua,67,51,1,1,0,0,2,12,41,27,1,1,0,0,0,12,65.85,2.44,2.44,0.00,0.00,0.00,29.27
WILKIN - 000115,Wilkin,000115,Nilsen Twp,51,51,0,0,0,0,0,0,41,41,0,0,0,0,0,0,100.00,0.00,0.00,0.00,0.00,0.00,0.00
WILKIN - 000120,Wilkin,000120,Nordick Twp,72,71,0,0,0,0,1,0,61,61,0,0,0,0,0,0,100.00,0.00,0.00,0.00,0.00,0.00,0.00
WILKIN - 000135,Wilkin,000135,Rothsay,301,289,1,2,0,0,9,5,219,212,1,2,0,0,4,3,96.80,0.46,0.91,0.00,0.00,1.83,1.37
WILKIN - 000140,Wilkin,000140,Sunnyside Twp,135,124,0,0,0,0,10,1,107,102,0,0,0,0,4,1,95.33,0.00,0.00,0.00,0.00,3.74,0.93
DAKOTA - 004810,Dakota,004810,Waterford Twp,538,465,8,1,13,1,44,15,437,388,7,1,8,1,31,8,88.79,1.60,0.23,1.83,0.23,7.09,1.83
DAKOTA - 004980,Dakota,004980,West Saint Paul W-3 P-2,4095,2977,261,52,101,6,349,674,3259,2468,176,33,83,6,244,460,75.73,5.40,1.01,2.55,0.18,7.49,14.11
DAKOTA - 004920,Dakota,004920,West Saint Paul W-1 P-2,2563,1448,412,45,74,0,269,657,2041,1269,281,29,66,0,179,434,62.18,13.77,1.42,3.23,0.00,8.77,21.26
DAKOTA - 004950,Dakota,004950,West Saint Paul W-2 P-2,2528,1518,389,37,88,0,226,573,2074,1352,285,25,68,0,152,392,65.19,13.74,1.21,3.28,0.00,7.33,18.90
DAKOTA - 003510,Dakota,003510,Miesville,138,129,0,0,0,0,7,5,105,97,0,0,0,0,6,5,92.38,0.00,0.00,0.00,0.00,5.71,4.76
DAKOTA - 001070,Dakota,001070,Apple Valley P-7,5087,2747,618,48,203,0,626,1308,3629,2189,358,39,160,0,342,813,60.32,9.86,1.07,4.41,0.00,9.42,22.40
DAKOTA - 001030,Dakota,001030,Apple Valley P-3,2639,1914,218,15,94,0,178,315,1962,1510,122,12,73,0,107,190,76.96,6.22,0.61,3.72,0.00,5.45,9.68
DAKOTA - 001120,Dakota,001120,Apple Valley P-12,3970,3043,299,12,288,0,242,187,3165,2517,201,9,228,0,150,119,79.53,6.35,0.28,7.20,0.00,4.74,3.76
DAKOTA - 001100,Dakota,001100,Apple Valley P-10,2862,2406,95,20,97,0,207,113,2187,1895,71,11,83,0,103,70,86.65,3.25,0.50,3.80,0.00,4.71,3.20
DAKOTA - 001090,Dakota,001090,Apple Valley P-9,2872,2554,44,1,77,0,155,117,2183,1979,27,0,54,0,102,58,90.66,1.24,0.00,2.47,0.00,4.67,2.66
DAKOTA - 001055,Dakota,001055,Apple Valley P-5B,4153,3218,218,22,190,0,365,305,3141,2569,120,20,144,0,202,183,81.79,3.82,0.64,4.58,0.00,6.43,5.83
DAKOTA - 001040,Dakota,001040,Apple Valley P-4,3159,2355,347,20,126,0,208,172,2570,2034,217,14,106,0,125,118,79.14,8.44,0.54,4.12,0.00,4.86,4.59
DAKOTA - 001010,Dakota,001010,Apple Valley P-1,2848,2076,200,20,89,4,310,339,2129,1641,117,16,65,4,180,204,77.08,5.50,0.75,3.05,0.19,8.45,9.58
DAKOTA - 001110,Dakota,001110,Apple Valley P-11,3408,2678,289,18,141,1,198,198,2651,2206,167,14,110,1,102,112,83.21,6.30,0.53,4.15,0.04,3.85,4.22
DAKOTA - 001140,Dakota,001140,Apple Valley P-14,5036,2998,826,30,537,3,431,450,3818,2460,540,25,405,0,252,274,64.43,14.14,0.65,10.61,0.00,6.60,7.18
DAKOTA - 001060,Dakota,001060,Apple Valley P-6,2447,1866,174,8,139,2,194,151,2009,1637,108,7,108,2,102,100,81.48,5.38,0.35,5.38,0.10,5.08,4.98
DAKOTA - 001150,Dakota,001150,Apple Valley P-15,3544,2077,550,8,529,0,287,224,2693,1728,350,6,389,0,149,160,64.17,13.00,0.22,14.44,0.00,5.53,5.94
DAKOTA - 001080,Dakota,001080,Apple Valley P-8,3354,2784,110,16,172,0,212,144,2488,2126,70,10,145,0,95,89,85.45,2.81,0.40,5.83,0.00,3.82,3.58
DAKOTA - 001020,Dakota,001020,Apple Valley P-2,3259,2220,516,14,171,4,226,237,2430,1742,322,10,145,4,125,151,71.69,13.25,0.41,5.97,0.16,5.14,6.21
DAKOTA - 001130,Dakota,001130,Apple Valley P-13,5263,3516,437,19,852,0,320,244,3731,2650,271,15,574,0,152,134,71.03,7.26,0.40,15.38,0.00,4.07,3.59
DAKOTA - 001050,Dakota,001050,Apple Valley P-5A,2473,2117,89,6,91,0,159,72,2031,1793,68,6,76,0,83,47,88.28,3.35,0.30,3.74,0.00,4.09,2.31
DAKOTA - 003060,Dakota,003060,Lakeville P-16,4447,3291,208,17,541,0,331,198,2929,2254,138,9,345,0,141,102,76.95,4.71,0.31,11.78,0.00,4.81,3.48
DAKOTA - 001250,Dakota,001250,Burnsville P-5,3408,1467,1089,23,263,1,247,479,2676,1326,719,18,207,1,176,357,49.55,26.87,0.67,7.74,0.04,6.58,13.34
DAKOTA - 001230,Dakota,001230,Burnsville P-3,3614,1935,714,31,241,11,376,543,2726,1644,412,20,190,11,219,374,60.31,15.11,0.73,6.97,0.40,8.03,13.72
DAKOTA - 001210,Dakota,001210,Burnsville P-1,3678,2522,471,19,274,5,242,233,2751,2041,261,17,207,5,125,135,74.19,9.49,0.62,7.52,0.18,4.54,4.91
DAKOTA - 001290,Dakota,001290,Burnsville P-9,2834,1801,309,32,157,1,332,443,2161,1458,230,17,121,1,201,275,67.47,10.64,0.79,5.60,0.05,9.30,12.73
DAKOTA - 001270,Dakota,001270,Burnsville P-7,2948,2060,306,21,171,0,263,255,2355,1756,193,14,150,0,149,178,74.56,8.20,0.59,6.37,0.00,6.33,7.56
DAKOTA - 001320,Dakota,001320,Burnsville P-12,3128,1858,807,9,164,5,192,189,2403,1621,462,6,123,4,124,113,67.46,19.23,0.25,5.12,0.17,5.16,4.70
DAKOTA - 001310,Dakota,001310,Burnsville P-11,4642,2548,262,54,294,10,447,1439,3438,2115,155,32,219,5,277,866,61.52,4.51,0.93,6.37,0.15,8.06,25.19
DAKOTA - 001260,Dakota,001260,Burnsville P-6,3757,2370,667,17,275,3,278,287,2930,2005,425,10,223,1,152,196,68.43,14.51,0.34,7.61,0.03,5.19,6.69
DAKOTA - 001240,Dakota,001240,Burnsville P-4,4226,2744,674,27,198,6,393,387,3433,2438,471,23,147,4,227,252,71.02,13.72,0.67,4.28,0.12,6.61,7.34
DAKOTA - 001280,Dakota,001280,Burnsville P-8,5063,3506,641,17,253,2,427,401,4055,2985,419,15,207,2,272,277,73.61,10.33,0.37,5.10,0.05,6.71,6.83
DAKOTA - 001370,Dakota,001370,Burnsville P-17,2965,1894,479,6,178,4,201,356,2270,1576,298,2,144,1,113,231,69.43,13.13,0.09,6.34,0.04,4.98,10.18
DAKOTA - 001360,Dakota,001360,Burnsville P-16,4093,2745,408,26,208,1,346,603,3257,2335,272,21,164,1,231,390,71.69,8.35,0.64,5.04,0.03,7.09,11.97
DAKOTA - 001350,Dakota,001350,Burnsville P-15,3501,2803,222,10,145,2,213,178,2766,2290,153,10,109,0,134,130,82.79,5.53,0.36,3.94,0.00,4.84,4.70
DAKOTA - 001340,Dakota,001340,Burnsville P-14,4069,2522,779,22,159,2,311,488,3065,2104,482,18,126,2,165,283,68.65,15.73,0.59,4.11,0.07,5.38,9.23
DAKOTA - 001300,Dakota,001300,Burnsville P-10,3492,2599,310,25,170,1,258,247,2793,2203,213,16,127,1,133,167,78.88,7.63,0.57,4.55,0.04,4.76,5.98
DAKOTA - 001330,Dakota,001330,Burnsville P-13,4930,2943,1079,19,223,1,391,518,3807,2570,641,15,190,1,229,315,67.51,16.84,0.39,4.99,0.03,6.02,8.27
DAKOTA - 001220,Dakota,001220,Burnsville P-2,3999,2134,768,36,299,9,384,629,2861,1675,434,29,221,8,240,413,58.55,15.17,1.01,7.72,0.28,8.39,14.44
DAKOTA - 001410,Dakota,001410,Castle Rock Twp,1350,1276,9,6,6,0,42,46,1063,1026,6,2,4,0,16,24,96.52,0.56,0.19,0.38,0.00,1.51,2.26
DAKOTA - 001510,Dakota,001510,Coates,147,132,0,0,2,0,13,4,116,107,0,0,1,0,8,0,92.24,0.00,0.00,0.86,0.00,6.90,0.00
DAKOTA - 001610,Dakota,001610,Douglas Twp,748,704,4,0,4,0,34,7,553,533,1,0,2,0,16,5,96.38,0.18,0.00,0.36,0.00,2.89,0.90
DAKOTA - 001710,Dakota,001710,Eagan P-1,1355,987,55,11,98,0,141,138,1035,807,32,6,76,0,72,80,77.97,3.09,0.58,7.34,0.00,6.96,7.73
DAKOTA - 001740,Dakota,001740,Eagan P-4,4754,3061,610,23,429,1,368,476,3901,2700,429,16,357,1,212,313,69.21,11.00,0.41,9.15,0.03,5.43,8.02
DAKOTA - 001800,Dakota,001800,Eagan P-10,2732,1810,357,30,236,2,190,212,2185,1559,229,23,182,2,114,148,71.35,10.48,1.05,8.33,0.09,5.22,6.77
DAKOTA - 001860,Dakota,001860,Eagan P-16,4222,3405,112,12,349,1,295,169,3024,2507,81,7,234,1,161,99,82.90,2.68,0.23,7.74,0.03,5.32,3.27
DAKOTA - 001830,Dakota,001830,Eagan P-13,3748,2812,360,16,180,3,283,211,2870,2270,205,8,154,2,161,151,79.09,7.14,0.28,5.37,0.07,5.61,5.26
DAKOTA - 001770,Dakota,001770,Eagan P-7,4987,3487,243,7,876,4,285,244,3764,2813,167,3,574,0,148,141,74.73,4.44,0.08,15.25,0.00,3.93,3.75
DAKOTA - 001720,Dakota,001720,Eagan P-2,6057,3552,1210,51,597,2,424,460,4852,3154,750,30,475,2,284,315,65.00,15.46,0.62,9.79,0.04,5.85,6.49
DAKOTA - 001790,Dakota,001790,Eagan P-9A,4734,2874,853,18,400,3,326,400,3565,2370,496,16,344,2,174,247,66.48,13.91,0.45,9.65,0.06,4.88,6.93
DAKOTA - 001810,Dakota,001810,Eagan P-11,2152,1556,246,2,178,1,133,90,1639,1270,134,2,129,1,76,53,77.49,8.18,0.12,7.87,0.06,4.64,3.23
DAKOTA - 001870,Dakota,001870,Eagan P-17,2644,2236,50,2,202,0,139,59,2005,1739,34,1,144,0,74,41,86.73,1.70,0.05,7.18,0.00,3.69,2.04
DAKOTA - 001750,Dakota,001750,Eagan P-5A,4405,3100,391,26,467,0,318,265,3543,2642,259,21,359,0,181,192,74.57,7.31,0.59,10.13,0.00,5.11,5.42
DAKOTA - 001730,Dakota,001730,Eagan P-3,3284,2400,293,11,287,0,219,159,2419,1876,162,9,201,0,115,107,77.55,6.70,0.37,8.31,0.00,4.75,4.42
DAKOTA - 001760,Dakota,001760,Eagan P-6A,3771,2352,375,27,571,3,287,360,3057,2069,270,20,428,3,173,222,67.68,8.83,0.65,14.00,0.10,5.66,7.26
DAKOTA - 001850,Dakota,001850,Eagan P-15,2594,2035,165,28,184,0,139,115,1984,1610,99,20,140,0,86,84,81.15,4.99,1.01,7.06,0.00,4.33,4.23
DAKOTA - 001780,Dakota,001780,Eagan P-8,3900,3144,180,12,305,0,229,145,2982,2494,91,9,227,0,141,98,83.64,3.05,0.30,7.61,0.00,4.73,3.29
DAKOTA - 001765,Dakota,001765,Eagan P-6B,3729,2924,136,3,394,0,233,135,2950,2404,92,3,300,0,126,92,81.49,3.12,0.10,10.17,0.00,4.27,3.12
DAKOTA - 001795,Dakota,001795,Eagan P-9B,1707,1232,138,5,174,0,117,114,1335,1023,103,2,117,0,60,65,76.63,7.72,0.15,8.76,0.00,4.49,4.87
DAKOTA - 001755,Dakota,001755,Eagan P-5B,3500,2533,412,12,231,0,237,198,2843,2158,278,10,203,0,138,139,75.91,9.78,0.35,7.14,0.00,4.85,4.89
DAKOTA - 001840,Dakota,001840,Eagan P-14,2587,2037,86,1,265,0,148,125,1979,1613,52,1,205,0,72,81,81.51,2.63,0.05,10.36,0.00,3.64,4.09
DAKOTA - 001820,Dakota,001820,Eagan P-12,1963,1510,126,3,130,4,137,122,1574,1268,79,2,101,0,89,83,80.56,5.02,0.13,6.42,0.00,5.65,5.27
DAKOTA - 002010,Dakota,002010,Empire Twp,3177,2846,38,7,79,0,170,118,2220,2009,17,7,62,0,96,71,90.50,0.77,0.32,2.79,0.00,4.32,3.20
DAKOTA - 002110,Dakota,002110,Eureka Twp,1373,1308,0,4,2,0,52,36,1091,1046,0,4,2,0,32,23,95.88,0.00,0.37,0.18,0.00,2.93,2.11
DAKOTA - 002250,Dakota,002250,Farmington P-5,4565,3602,191,17,293,6,328,270,3043,2429,117,14,216,6,169,159,79.82,3.84,0.46,7.10,0.20,5.55,5.23
DAKOTA - 002220,Dakota,002220,Farmington P-2,5678,4379,468,23,205,0,438,359,3880,3141,246,18,154,0,210,210,80.95,6.34,0.46,3.97,0.00,5.41,5.41
DAKOTA - 002260,Dakota,002260,Farmington P-6,3370,2953,75,15,115,1,165,91,2445,2173,49,7,83,1,100,63,88.88,2.00,0.29,3.39,0.04,4.09,2.58
DAKOTA - 002410,Dakota,002410,Hampton,744,684,10,0,9,0,36,30,519,490,6,0,0,0,18,19,94.41,1.16,0.00,0.00,0.00,3.47,3.66
DAKOTA - 002510,Dakota,002510,Hampton Twp,832,790,1,4,0,0,34,15,684,657,0,4,0,0,20,10,96.05,0.00,0.58,0.00,0.00,2.92,1.46
DAKOTA - 002650,Dakota,002650,Hastings W-4 P-1,2716,2531,18,8,31,4,106,56,2088,1985,11,6,21,2,53,34,95.07,0.53,0.29,1.01,0.10,2.54,1.63
DAKOTA - 002635,Dakota,002635,Hastings W-2 P-2,2804,2496,60,17,37,4,155,113,2151,1976,34,9,25,4,82,61,91.86,1.58,0.42,1.16,0.19,3.81,2.84
DAKOTA - 002660,Dakota,002660,Hastings W-4 P-2,2704,2465,18,31,31,2,135,75,2009,1871,11,15,24,1,73,39,93.13,0.55,0.75,1.19,0.05,3.63,1.94
DAKOTA - 002710,Dakota,002710,Inver Grove Heights P-1,4117,3149,62,31,500,3,295,221,3069,2465,46,27,322,2,156,142,80.32,1.50,0.88,10.49,0.07,5.08,4.63
DAKOTA - 002800,Dakota,002800,Inver Grove Heights P-10,3154,2162,355,23,151,3,288,402,2551,1861,228,22,120,2,195,279,72.95,8.94,0.86,4.70,0.08,7.64,10.94
DAKOTA - 002780,Dakota,002780,Inver Grove Heights P-8,3577,2728,296,22,91,2,255,345,2868,2338,169,19,62,0,156,227,81.52,5.89,0.66,2.16,0.00,5.44,7.91
DAKOTA - 002720,Dakota,002720,Inver Grove Heights P-2,3735,2816,62,34,164,6,316,550,2727,2131,39,29,128,3,175,346,78.14,1.43,1.06,4.69,0.11,6.42,12.69
DAKOTA - 002950,Dakota,002950,Lakeville P-5,3128,2676,114,1,64,1,210,155,2413,2136,76,1,42,1,114,82,88.52,3.15,0.04,1.74,0.04,4.72,3.40
DAKOTA - 003070,Dakota,003070,Lakeville P-17,5436,3916,222,32,356,2,458,713,3861,2876,165,23,267,2,247,425,74.49,4.27,0.60,6.92,0.05,6.40,11.01
DAKOTA - 003010,Dakota,003010,Lakeville P-11,3685,3112,104,7,215,0,196,122,2623,2256,64,7,154,0,103,82,86.01,2.44,0.27,5.87,0.00,3.93,3.13
DAKOTA - 002960,Dakota,002960,Lakeville P-6,2904,2263,62,16,133,1,196,356,2277,1870,48,14,96,1,105,210,82.13,2.11,0.61,4.22,0.04,4.61,9.22
DAKOTA - 003000,Dakota,003000,Lakeville P-10,3510,2967,68,15,220,0,182,134,2469,2162,43,11,144,0,71,78,87.57,1.74,0.45,5.83,0.00,2.88,3.16
DAKOTA - 002970,Dakota,002970,Lakeville P-7,3109,2544,111,12,183,0,204,116,2472,2101,73,10,128,0,123,73,84.99,2.95,0.40,5.18,0.00,4.98,2.95
DAKOTA - 003030,Dakota,003030,Lakeville P-13,4488,3629,136,24,396,1,246,134,3022,2519,83,20,265,1,88,77,83.36,2.75,0.66,8.77,0.03,2.91,2.55
DAKOTA - 003040,Dakota,003040,Lakeville P-14,3981,3000,360,17,289,1,256,167,2868,2282,188,13,209,1,133,112,79.57,6.56,0.45,7.29,0.03,4.64,3.91
DAKOTA - 003110,Dakota,003110,Lilydale,809,756,3,2,20,0,22,11,789,746,1,0,19,0,19,8,94.55,0.13,0.00,2.41,0.00,2.41,1.01
DAKOTA - 003310,Dakota,003310,Mendota,183,166,0,0,5,0,12,8,147,138,0,0,5,0,4,3,93.88,0.00,0.00,3.40,0.00,2.72,2.04
DAKOTA - 003410,Dakota,003410,Mendota Heights P-1,2573,2310,30,3,44,1,160,101,1986,1815,13,3,37,1,97,62,91.39,0.65,0.15,1.86,0.05,4.88,3.12
DAKOTA - 003450,Dakota,003450,Mendota Heights P-5,2109,1888,41,4,67,0,85,68,1649,1492,33,1,59,0,53,36,90.48,2.00,0.06,3.58,0.00,3.21,2.18
DAKOTA - 003610,Dakota,003610,New Trier,86,81,0,0,2,0,3,2,76,73,0,0,1,0,2,1,96.05,0.00,0.00,1.32,0.00,2.63,1.32
DAKOTA - 003910,Dakota,003910,Randolph,466,446,0,1,1,0,14,10,325,314,0,0,1,0,8,8,96.62,0.00,0.00,0.31,0.00,2.46,2.46
DAKOTA - 003810,Dakota,003810,Northfield W-3 P-2,1261,1132,6,0,43,1,70,22,998,925,6,0,33,0,32,10,92.69,0.60,0.00,3.31,0.00,3.21,1.00
DAKOTA - 004220,Dakota,004220,Rosemount P-2,5169,3983,288,19,419,4,386,211,3308,2617,164,15,294,2,163,106,79.11,4.96,0.45,8.89,0.06,4.93,3.20
DAKOTA - 004240,Dakota,004240,Rosemount P-4,2798,2149,270,11,57,0,217,186,2156,1762,155,5,46,0,116,128,81.73,7.19,0.23,2.13,0.00,5.38,5.94
DAKOTA - 004260,Dakota,004260,Rosemount P-6,2597,2044,159,7,144,0,166,157,1981,1620,99,6,112,0,86,96,81.78,5.00,0.30,5.65,0.00,4.34,4.85
DAKOTA - 004310,Dakota,004310,Sciota Twp,460,445,3,0,0,0,12,2,334,323,3,0,0,0,8,2,96.71,0.90,0.00,0.00,0.00,2.40,0.60
DAKOTA - 004410,Dakota,004410,South Saint Paul P-1,4370,3217,288,35,166,1,403,560,3397,2647,182,27,119,1,235,365,77.92,5.36,0.79,3.50,0.03,6.92,10.74
DAKOTA - 004430,Dakota,004430,South Saint Paul P-3,5283,4028,280,61,133,5,496,752,4102,3277,184,38,97,5,296,460,79.89,4.49,0.93,2.36,0.12,7.22,11.21
DAKOTA - 004510,Dakota,004510,Sunfish Lake,522,476,2,1,14,1,26,18,402,366,2,1,11,1,19,12,91.04,0.50,0.25,2.74,0.25,4.73,2.99
DAKOTA - 004710,Dakota,004710,Vermillion Twp,1290,1199,8,7,26,0,36,30,979,923,5,4,16,0,18,20,94.28,0.51,0.41,1.63,0.00,1.84,2.04
DAKOTA - 004940,Dakota,004940,West Saint Paul W-2 P-1,4665,3252,275,47,124,5,521,947,3622,2674,205,37,85,5,313,609,73.83,5.66,1.02,2.35,0.14,8.64,16.81
DAKOTA - 004970,Dakota,004970,West Saint Paul W-3 P-1,2758,2219,71,41,41,2,236,400,2084,1745,42,26,30,2,134,246,83.73,2.02,1.25,1.44,0.10,6.43,11.80
DAKOTA - 004910,Dakota,004910,West Saint Paul W-1 P-1,4006,2554,264,55,174,3,573,920,3040,2084,203,46,123,2,318,593,68.55,6.68,1.51,4.05,0.07,10.46,19.51
DAKOTA - 002210,Dakota,002210,Farmington P-1,2043,1764,58,23,25,3,128,86,1616,1437,43,16,22,0,66,58,88.92,2.66,0.99,1.36,0.00,4.08,3.59
DAKOTA - 002230,Dakota,002230,Farmington P-3,3171,2688,93,9,132,0,185,124,2324,2022,60,7,99,0,96,67,87.01,2.58,0.30,4.26,0.00,4.13,2.88
DAKOTA - 002240,Dakota,002240,Farmington P-4,4805,4126,118,10,181,1,285,153,3269,2874,66,7,125,1,142,97,87.92,2.02,0.21,3.82,0.03,4.34,2.97
DAKOTA - 002310,Dakota,002310,Greenvale Twp,796,755,6,0,6,1,25,10,609,587,1,0,6,1,14,3,96.39,0.16,0.00,0.99,0.16,2.30,0.49
DAKOTA - 002610,Dakota,002610,Hastings W-1 P-2,3159,2693,132,26,37,0,234,141,2457,2199,80,20,28,0,105,75,89.50,3.26,0.81,1.14,0.00,4.27,3.05
DAKOTA - 002620,Dakota,002620,Hastings W-1 P-3,2778,2430,37,18,50,0,192,133,2135,1920,27,17,32,0,103,82,89.93,1.26,0.80,1.50,0.00,4.82,3.84
DAKOTA - 002645,Dakota,002645,Hastings W-3 P-2,2638,2379,35,1,25,0,144,101,2077,1920,27,0,18,0,73,70,92.44,1.30,0.00,0.87,0.00,3.51,3.37
DAKOTA - 002640,Dakota,002640,Hastings W-3 P-1,2839,2564,81,9,24,0,143,91,2258,2086,38,9,19,0,90,53,92.38,1.68,0.40,0.84,0.00,3.99,2.35
DAKOTA - 002630,Dakota,002630,Hastings W-2 P-1,2514,2144,165,33,26,1,110,97,2028,1781,107,19,21,1,68,64,87.82,5.28,0.94,1.04,0.05,3.35,3.16
DAKOTA - 002730,Dakota,002730,Inver Grove Heights P-3,3903,3149,80,16,143,1,295,442,3087,2582,61,13,100,1,177,286,83.64,1.98,0.42,3.24,0.03,5.73,9.26
DAKOTA - 002790,Dakota,002790,Inver Grove Heights P-9,3505,2004,656,26,124,0,302,723,2715,1699,444,14,99,0,176,460,62.58,16.35,0.52,3.65,0.00,6.48,16.94
DAKOTA - 002740,Dakota,002740,Inver Grove Heights P-4,3695,3040,124,27,126,3,260,283,3042,2589,86,18,97,0,159,196,85.11,2.83,0.59,3.19,0.00,5.23,6.44
DAKOTA - 002750,Dakota,002750,Inver Grove Heights P-5,3285,2625,188,15,121,3,252,240,2673,2229,117,9,92,3,158,165,83.39,4.38,0.34,3.44,0.11,5.91,6.17
DAKOTA - 002770,Dakota,002770,Inver Grove Heights P-7,3671,2552,126,26,93,8,352,791,2770,2046,87,18,53,8,218,475,73.86,3.14,0.65,1.91,0.29,7.87,17.15
DAKOTA - 002760,Dakota,002760,Inver Grove Heights P-6,3159,2467,226,14,78,4,257,296,2506,2053,151,11,69,2,141,191,81.92,6.03,0.44,2.75,0.08,5.63,7.62
DAKOTA - 002940,Dakota,002940,Lakeville P-4,3637,3033,170,7,130,0,229,155,2487,2171,85,2,86,0,94,90,87.29,3.42,0.08,3.46,0.00,3.78,3.62
DAKOTA - 002930,Dakota,002930,Lakeville P-3,3637,3046,176,22,113,0,203,172,2433,2121,96,12,72,0,86,90,87.18,3.95,0.49,2.96,0.00,3.53,3.70
DAKOTA - 002990,Dakota,002990,Lakeville P-9,3102,2572,160,9,127,1,169,107,2332,2018,78,9,98,1,83,68,86.54,3.34,0.39,4.20,0.04,3.56,2.92
DAKOTA - 002920,Dakota,002920,Lakeville P-2,6441,5407,147,10,396,1,384,246,4286,3685,89,8,278,0,167,124,85.98,2.08,0.19,6.49,0.00,3.90,2.89
DAKOTA - 002980,Dakota,002980,Lakeville P-8,2864,2371,114,10,107,0,174,183,2132,1807,83,3,72,0,107,109,84.76,3.89,0.14,3.38,0.00,5.02,5.11
DAKOTA - 002910,Dakota,002910,Lakeville P-1,5065,3690,354,28,292,2,387,515,3572,2717,218,24,216,2,181,302,76.06,6.10,0.67,6.05,0.06,5.07,8.45
DAKOTA - 003020,Dakota,003020,Lakeville P-12,3550,2844,194,9,194,3,241,188,2631,2188,105,8,140,0,144,121,83.16,3.99,0.30,5.32,0.00,5.47,4.60
DAKOTA - 003050,Dakota,003050,Lakeville P-15,3779,2906,246,39,151,0,318,234,2767,2254,141,24,112,0,156,135,81.46,5.10,0.87,4.05,0.00,5.64,4.88
DAKOTA - 003210,Dakota,003210,Marshan Twp,1153,1059,4,6,19,0,51,34,914,865,0,5,10,0,26,16,94.64,0.00,0.55,1.09,0.00,2.84,1.75
DAKOTA - 003440,Dakota,003440,Mendota Heights P-4,2318,1965,81,10,58,0,141,142,1919,1678,54,7,48,0,82,102,87.44,2.81,0.36,2.50,0.00,4.27,5.32
DAKOTA - 003420,Dakota,003420,Mendota Heights P-2,2253,1997,31,6,39,1,149,88,1741,1605,24,1,26,1,64,49,92.19,1.38,0.06,1.49,0.06,3.68,2.81
DAKOTA - 003430,Dakota,003430,Mendota Heights P-3,2491,2260,15,10,53,1,130,83,2018,1873,13,5,50,1,54,50,92.81,0.64,0.25,2.48,0.05,2.68,2.48
DAKOTA - 003710,Dakota,003710,Nininger Twp,865,815,0,5,9,2,24,18,659,635,0,0,6,2,8,10,96.36,0.00,0.00,0.91,0.30,1.21,1.52
DAKOTA - 004010,Dakota,004010,Randolph Twp,760,728,5,0,1,0,26,7,561,546,0,0,1,0,14,5,97.33,0.00,0.00,0.18,0.00,2.50,0.89
DAKOTA - 004110,Dakota,004110,Ravenna Twp,2354,2182,8,9,15,2,113,46,1844,1741,4,9,11,1,62,34,94.41,0.22,0.49,0.60,0.05,3.36,1.84
DAKOTA - 004230,Dakota,004230,Rosemount P-3,3568,3048,102,18,154,3,201,125,2670,2369,54,12,120,3,89,71,88.73,2.02,0.45,4.49,0.11,3.33,2.66
DAKOTA - 004210,Dakota,004210,Rosemount P-1,4411,3666,142,6,327,3,216,145,3203,2752,71,4,219,3,117,92,85.92,2.22,0.12,6.84,0.09,3.65,2.87
DAKOTA - 004270,Dakota,004270,Rosemount P-7,4904,3881,179,10,290,1,343,366,3391,2778,108,9,189,1,181,220,81.92,3.18,0.27,5.57,0.03,5.34,6.49
DAKOTA - 004250,Dakota,004250,Rosemount P-5,2203,1764,102,11,116,0,144,137,1684,1407,66,11,82,0,79,84,83.55,3.92,0.65,4.87,0.00,4.69,4.99
DAKOTA - 004450,Dakota,004450,South Saint Paul P-5,7006,4824,443,93,192,4,747,1399,5259,3903,268,71,139,3,438,849,74.22,5.10,1.35,2.64,0.06,8.33,16.14
DAKOTA - 004440,Dakota,004440,South Saint Paul P-4,1584,1004,238,23,45,1,170,220,1182,826,152,19,28,1,75,148,69.88,12.86,1.61,2.37,0.08,6.35,12.52
DAKOTA - 004420,Dakota,004420,South Saint Paul P-2,2516,1970,106,12,46,3,261,288,1949,1611,75,9,38,3,128,164,82.66,3.85,0.46,1.95,0.15,6.57,8.41
DAKOTA - 004610,Dakota,004610,Vermillion,441,423,2,0,2,0,11,15,341,331,1,0,2,0,7,6,97.07,0.29,0.00,0.59,0.00,2.05,1.76
CARVER - 000005,Carver,000005,Benton Twp,753,725,0,1,1,0,22,15,616,599,0,0,1,0,13,11,97.24,0.00,0.00,0.16,0.00,2.11,1.79
CARVER - 000010,Carver,000010,Camden Twp,924,870,3,1,5,0,38,9,703,677,2,1,2,0,19,3,96.30,0.28,0.14,0.28,0.00,2.70,0.43
CARVER - 000015,Carver,000015,Carver,5241,4442,122,3,307,3,290,187,3543,3054,65,1,213,3,152,121,86.20,1.83,0.03,6.01,0.08,4.29,3.42
CARVER - 000036,Carver,000036,Chanhassen P-3,4365,3856,53,10,162,2,241,143,3134,2808,37,8,118,2,143,85,89.60,1.18,0.26,3.77,0.06,4.56,2.71
CARVER - 000035,Carver,000035,Chanhassen P-2B,3676,3227,42,4,168,1,195,150,2755,2490,25,2,128,1,86,74,90.38,0.91,0.07,4.65,0.04,3.12,2.69
CARVER - 000020,Carver,000020,Chanhassen P-1A,2885,2579,13,5,91,0,161,105,2043,1878,9,5,63,0,67,58,91.92,0.44,0.24,3.08,0.00,3.28,2.84
CARVER - 000025,Carver,000025,Chanhassen P-1B,3348,2828,61,9,156,1,199,183,2665,2318,35,7,133,1,104,115,86.98,1.31,0.26,4.99,0.04,3.90,4.32
CARVER - 000037,Carver,000037,Chanhassen P-4,3922,3375,27,4,243,1,198,139,3187,2813,12,3,192,1,117,97,88.26,0.38,0.09,6.02,0.03,3.67,3.04
CARVER - 000030,Carver,000030,Chanhassen P-2A,2543,2192,22,4,116,0,186,88,1787,1576,15,4,82,0,94,47,88.19,0.84,0.22,4.59,0.00,5.26,2.63
CARVER - 000038,Carver,000038,Chanhassen P-5,5208,4038,142,10,672,0,299,148,3700,2998,84,4,430,0,153,94,81.03,2.27,0.11,11.62,0.00,4.14,2.54
CARVER - 000070,Carver,000070,Dahlgren Twp P-1,1359,1231,16,4,8,0,75,45,1032,961,9,4,3,0,44,15,93.12,0.87,0.39,0.29,0.00,4.26,1.45
CARVER - 000040,Carver,000040,Chaska W-1,6950,5974,141,21,248,0,398,421,5008,4417,92,15,183,0,197,237,88.20,1.84,0.30,3.65,0.00,3.93,4.73
CARVER - 000050,Carver,000050,Chaska W-3,6512,4392,561,62,155,5,518,1246,4820,3494,303,49,123,3,307,787,72.49,6.29,1.02,2.55,0.06,6.37,16.33
CARVER - 000055,Carver,000055,Chaska W-4,6313,4976,206,41,205,2,458,785,4986,4119,126,34,169,2,257,504,82.61,2.53,0.68,3.39,0.04,5.15,10.11
CARVER - 000045,Carver,000045,Chaska W-2,8035,6592,362,20,494,1,470,255,5506,4680,196,12,369,1,186,132,85.00,3.56,0.22,6.70,0.02,3.38,2.40
CARVER - 000065,Carver,000065,Cologne,2047,1866,29,2,22,0,102,73,1433,1325,12,1,21,0,53,45,92.46,0.84,0.07,1.47,0.00,3.70,3.14
CARVER - 000072,Carver,000072,Dahlgren Twp P-2,83,62,3,0,5,0,13,10,51,41,3,0,1,0,6,2,80.39,5.88,0.00,1.96,0.00,11.76,3.92
CARVER - 000075,Carver,000075,Hamburg,566,496,11,5,3,0,30,53,424,383,8,1,2,0,12,30,90.33,1.89,0.24,0.47,0.00,2.83,7.08
CARVER - 000080,Carver,000080,Hancock Twp,336,325,3,0,1,0,4,5,256,248,1,0,1,0,3,5,96.88,0.39,0.00,0.39,0.00,1.17,1.95
CARVER - 000085,Carver,000085,Hollywood Twp,1058,1000,2,1,7,0,36,26,809,788,1,0,7,0,9,10,97.40,0.12,0.00,0.87,0.00,1.11,1.24
CARVER - 000090,Carver,000090,Laketown Twp,1966,1771,32,0,55,0,99,49,1603,1467,30,0,52,0,48,28,91.52,1.87,0.00,3.24,0.00,2.99,1.75
CARVER - 000095,Carver,000095,Mayer,2453,2241,20,2,33,0,112,66,1631,1511,17,2,23,0,48,42,92.64,1.04,0.12,1.41,0.00,2.94,2.58
CARVER - 000100,Carver,000100,New Germany,464,436,1,0,9,0,16,8,334,319,0,0,9,0,5,3,95.51,0.00,0.00,2.69,0.00,1.50,0.90
CARVER - 000105,Carver,000105,Norwood Young America,3863,3512,64,17,22,1,170,185,2898,2700,32,11,18,1,82,112,93.17,1.10,0.38,0.62,0.03,2.83,3.86
CARVER - 000110,Carver,000110,San Francisco Twp,871,841,3,1,2,0,22,11,678,671,0,0,0,0,5,3,98.97,0.00,0.00,0.00,0.00,0.74,0.44
CARVER - 000115,Carver,000115,Victoria P-1,1820,1667,13,1,32,0,92,52,1400,1298,9,0,21,0,57,39,92.71,0.64,0.00,1.50,0.00,4.07,2.79
CARVER - 000117,Carver,000117,Victoria P-2,3439,3178,40,1,72,0,130,51,2555,2392,29,1,62,0,55,31,93.62,1.14,0.04,2.43,0.00,2.15,1.21
CARVER - 000119,Carver,000119,Victoria P-3,5287,4808,26,10,150,0,271,124,3418,3147,23,2,112,0,118,65,92.07,0.67,0.06,3.28,0.00,3.45,1.90
CARVER - 000120,Carver,000120,Waconia W-1,5269,4897,31,12,31,0,239,167,3929,3707,25,8,20,0,126,106,94.35,0.64,0.20,0.51,0.00,3.21,2.70
CARVER - 000135,Carver,000135,Watertown,4659,4331,52,9,19,0,193,123,3385,3199,29,8,12,0,97,73,94.51,0.86,0.24,0.35,0.00,2.87,2.16
CARVER - 000150,Carver,000150,Young America Twp,683,649,0,3,3,0,21,15,541,524,0,0,3,0,9,9,96.86,0.00,0.00,0.55,0.00,1.66,1.66
CARVER - 000125,Carver,000125,Waconia W-2,7743,6929,99,26,132,1,439,333,5265,4815,56,13,95,1,212,183,91.45,1.06,0.25,1.80,0.02,4.03,3.48
CARVER - 000130,Carver,000130,Waconia Twp,1089,1009,2,1,7,0,54,16,859,813,2,1,7,0,26,7,94.64,0.23,0.12,0.81,0.00,3.03,0.81
CARVER - 000140,Carver,000140,Watertown Twp,1188,1133,6,1,4,0,37,21,936,897,6,1,3,0,23,16,95.83,0.64,0.11,0.32,0.00,2.46,1.71
CARLTON - 000005,Carlton,000005,Atkinson Twp,400,374,1,1,1,0,21,3,318,295,1,1,1,0,18,2,92.77,0.31,0.31,0.31,0.00,5.66,0.63
CARLTON - 000015,Carlton,000015,Barnum,620,558,2,9,2,0,48,11,460,425,0,8,2,0,24,2,92.39,0.00,1.74,0.43,0.00,5.22,0.43
CARLTON - 000010,Carlton,000010,Automba Twp,150,147,1,0,0,0,2,0,122,121,0,0,0,0,1,0,99.18,0.00,0.00,0.00,0.00,0.82,0.00
CARLTON - 000020,Carlton,000020,Barnum Twp,1098,1019,1,13,2,0,63,13,859,814,0,10,2,0,33,6,94.76,0.00,1.16,0.23,0.00,3.84,0.70
CARLTON - 000025,Carlton,000025,Beseman Twp,138,135,0,0,0,0,3,0,102,101,0,0,0,0,1,0,99.02,0.00,0.00,0.00,0.00,0.98,0.00
CARLTON - 000035,Carlton,000035,Carlton,948,838,3,45,2,0,56,20,794,705,3,40,2,0,40,11,88.79,0.38,5.04,0.25,0.00,5.04,1.39
CARLTON - 000030,Carlton,000030,Blackhoof Twp,985,923,0,11,3,0,48,13,749,709,0,9,3,0,28,5,94.66,0.00,1.20,0.40,0.00,3.74,0.67
CARLTON - 000068,Carlton,000068,Clear Creek Unorg,140,134,0,6,0,0,0,1,117,115,0,2,0,0,0,1,98.29,0.00,1.71,0.00,0.00,0.00,0.85
CARLTON - 000055,Carlton,000055,Cloquet W-4,2591,1936,20,424,12,0,185,68,1887,1494,9,269,8,0,95,37,79.17,0.48,14.26,0.42,0.00,5.03,1.96
CARLTON - 000050,Carlton,000050,Cloquet W-3,2614,2201,14,140,23,0,221,60,1988,1729,9,87,16,0,136,36,86.97,0.45,4.38,0.80,0.00,6.84,1.81
CARLTON - 000060,Carlton,000060,Cloquet W-5 P-1,1902,1726,11,44,18,2,94,20,1449,1351,5,28,13,2,46,9,93.24,0.35,1.93,0.90,0.14,3.17,0.62
CARLTON - 000045,Carlton,000045,Cloquet W-2,2355,1997,14,127,26,0,181,42,1721,1506,6,75,26,0,100,28,87.51,0.35,4.36,1.51,0.00,5.81,1.63
CARLTON - 000040,Carlton,000040,Cloquet W-1,2305,2010,44,94,6,7,133,25,1857,1633,42,70,6,7,88,12,87.94,2.26,3.77,0.32,0.38,4.74,0.65
CARLTON - 000065,Carlton,000065,Cloquet W-5 P-2,801,180,3,540,0,0,72,15,541,144,3,351,0,0,37,5,26.62,0.55,64.88,0.00,0.00,6.84,0.92
CARLTON - 000075,Carlton,000075,Cromwell,240,228,3,0,0,0,8,0,204,196,2,0,0,0,6,0,96.08,0.98,0.00,0.00,0.00,2.94,0.00
CARLTON - 000080,Carlton,000080,Eagle Twp,531,508,0,3,3,0,16,1,443,426,0,2,3,0,11,1,96.16,0.00,0.45,0.68,0.00,2.48,0.23
CARLTON - 000085,Carlton,000085,Holyoke Twp,209,191,0,6,0,0,11,2,175,158,0,6,0,0,11,2,90.29,0.00,3.43,0.00,0.00,6.29,1.14
CARLTON - 000090,Carlton,000090,Kalevala Twp,304,284,3,0,0,0,16,0,239,224,3,0,0,0,11,0,93.72,1.26,0.00,0.00,0.00,4.60,0.00
CARLTON - 000100,Carlton,000100,Lakeview Twp,207,198,0,4,2,0,3,0,158,149,0,4,2,0,3,0,94.30,0.00,2.53,1.27,0.00,1.90,0.00
CARLTON - 000105,Carlton,000105,Mahtowa Twp,553,521,0,2,2,0,28,4,445,430,0,2,2,0,11,1,96.63,0.00,0.45,0.45,0.00,2.47,0.22
CARLTON - 000095,Carlton,000095,Kettle River,166,145,0,2,2,0,16,1,130,117,0,2,2,0,8,1,90.00,0.00,1.54,1.54,0.00,6.15,0.77
CARLTON - 000110,Carlton,000110,Moose Lake,2789,2099,404,124,5,0,126,105,2529,1888,398,121,5,0,86,94,74.65,15.74,4.78,0.20,0.00,3.40,3.72
CARLTON - 000115,Carlton,000115,Moose Lake Twp,988,929,1,9,1,0,42,12,763,730,1,6,1,0,21,6,95.67,0.13,0.79,0.13,0.00,2.75,0.79
CARLTON - 000130,Carlton,000130,Sawyer Unorg,460,279,1,143,0,1,36,8,331,218,1,91,0,1,20,6,65.86,0.30,27.49,0.00,0.30,6.04,1.81
CARLTON - 000125,Carlton,000125,Red Clover Unorg,304,281,1,4,1,0,16,1,226,215,1,0,1,0,9,0,95.13,0.44,0.00,0.44,0.00,3.98,0.00
CARLTON - 000070,Carlton,000070,Corona Unorg,171,165,0,3,0,0,3,2,132,129,0,1,0,0,2,0,97.73,0.00,0.76,0.00,0.00,1.52,0.00
CARLTON - 000118,Carlton,000118,Progress Unorg,41,30,2,8,0,0,1,0,33,25,2,6,0,0,0,0,75.76,6.06,18.18,0.00,0.00,0.00,0.00
CARLTON - 000120,Carlton,000120,Perch Lake Twp,977,640,0,286,2,0,46,25,753,523,0,199,1,0,27,11,69.46,0.00,26.43,0.13,0.00,3.59,1.46
CARLTON - 000135,Carlton,000135,Scanlon,987,905,6,31,2,0,38,18,785,740,5,20,2,0,16,10,94.27,0.64,2.55,0.25,0.00,2.04,1.27
CARLTON - 000145,Carlton,000145,Silver Twp,448,423,1,7,0,0,16,10,345,333,0,6,0,0,5,4,96.52,0.00,1.74,0.00,0.00,1.45,1.16
CARLTON - 000140,Carlton,000140,Silver Brook Twp,614,559,4,5,2,0,43,10,492,457,3,3,2,0,26,3,92.89,0.61,0.61,0.41,0.00,5.28,0.61
CARLTON - 000150,Carlton,000150,Skelton Twp,413,388,2,8,3,0,10,9,337,321,0,5,3,0,6,6,95.25,0.00,1.48,0.89,0.00,1.78,1.78
CARLTON - 000155,Carlton,000155,Split Rock Twp,161,146,3,0,0,0,8,5,132,126,0,0,0,0,4,2,95.45,0.00,0.00,0.00,0.00,3.03,1.52
CARLTON - 000165,Carlton,000165,Thomson Twp,5465,5176,11,47,25,1,189,65,4025,3863,3,39,14,1,94,33,95.98,0.07,0.97,0.35,0.02,2.34,0.82
CARLTON - 000170,Carlton,000170,Twin Lakes Twp,2093,1918,6,48,7,1,94,27,1649,1531,5,40,4,1,54,19,92.84,0.30,2.43,0.24,0.06,3.27,1.15
CARLTON - 000175,Carlton,000175,Wrenshall,428,395,0,9,0,0,23,8,334,314,0,9,0,0,10,2,94.01,0.00,2.69,0.00,0.00,2.99,0.60
CARLTON - 000180,Carlton,000180,Wrenshall Twp,443,410,0,14,0,0,19,7,335,316,0,5,0,0,14,6,94.33,0.00,1.49,0.00,0.00,4.18,1.79
CARLTON - 000185,Carlton,000185,Wright,168,155,0,0,1,0,12,1,120,113,0,0,1,0,6,1,94.17,0.00,0.00,0.83,0.00,5.00,0.83
FREEBORN - 000010,Freeborn,000010,Albert Lea W-1 P-2,105,102,0,0,0,0,1,6,86,83,0,0,0,0,1,4,96.51,0.00,0.00,0.00,0.00,1.16,4.65
COOK - ZZZZZZ,Cook,ZZZZZZ,Voting Districts Not Defined,0,0,0,0,0,0,0,0,0,0,0,0,0,0,0,0,0.00,0.00,0.00,0.00,0.00,0.00,0.00
COOK - 000025,Cook,000025,Hovland P-2,359,318,3,13,2,0,20,3,304,284,3,5,0,0,9,2,93.42,0.99,1.64,0.00,0.00,2.96,0.66
COOK - 000040,Cook,000040,Gunflint Trail P-8,472,423,0,14,3,0,25,10,424,379,0,14,3,0,21,7,89.39,0.00,3.30,0.71,0.00,4.95,1.65
COOK - 000010,Cook,000010,Grand Marais East P-5,685,613,3,12,8,0,39,16,580,528,3,12,6,0,21,15,91.03,0.52,2.07,1.03,0.00,3.62,2.59
COOK - 000035,Cook,000035,Lutsen Twp P-10,537,480,8,4,4,0,38,18,476,430,8,4,4,0,27,12,90.34,1.68,0.84,0.84,0.00,5.67,2.52
COOK - 000045,Cook,000045,Schroeder Twp P-12,179,168,0,2,1,0,8,2,154,146,0,2,1,0,5,1,94.81,0.00,1.30,0.65,0.00,3.25,0.65
COOK - 000030,Cook,000030,Cascade P-7,505,468,2,7,1,0,24,11,432,398,2,5,1,0,23,7,92.13,0.46,1.16,0.23,0.00,5.32,1.62
COOK - 000065,Cook,000065,Maple Hill P-8A,650,611,0,1,4,0,25,12,534,509,0,0,1,0,17,8,95.32,0.00,0.00,0.19,0.00,3.18,1.50
COOK - 000055,Cook,000055,Croftville P-4,218,210,0,1,2,0,4,1,181,174,0,1,2,0,4,0,96.13,0.00,0.55,1.10,0.00,2.21,0.00
COOK - 000005,Cook,000005,Colvill P-3,305,277,1,5,1,0,17,5,252,237,1,3,1,0,6,1,94.05,0.40,1.19,0.40,0.00,2.38,0.40
COOK - 000020,Cook,000020,Grand Portage P-1,595,142,1,382,5,1,64,8,434,115,0,272,5,0,42,3,26.50,0.00,62.67,1.15,0.00,9.68,0.69
COOK - 000015,Cook,000015,Grand Marais West P-6,652,588,1,16,0,0,43,15,539,487,0,16,0,0,34,12,90.35,0.00,2.97,0.00,0.00,6.31,2.23
COOK - 000060,Cook,000060,Pike Lake P-9,174,159,1,1,8,0,1,6,155,142,1,1,8,0,0,2,91.61,0.65,0.65,5.16,0.00,0.00,1.29
COOK - 000050,Cook,000050,Tofte Twp P-11,269,229,5,0,10,0,23,16,244,213,5,0,9,0,15,13,87.30,2.05,0.00,3.69,0.00,6.15,5.33
CASS - 000255,Cass,000255,Slater Twp,201,183,0,4,1,0,10,5,165,157,0,2,0,0,5,3,95.15,0.00,1.21,0.00,0.00,3.03,1.82
CASS - 000260,Cass,000260,Smoky Hollow Twp,55,54,0,1,0,0,0,0,50,49,0,1,0,0,0,0,98.00,0.00,2.00,0.00,0.00,0.00,0.00
CASS - 000270,Cass,000270,Thunder Lake Twp,225,214,0,6,0,0,5,0,217,206,0,6,0,0,5,0,94.93,0.00,2.76,0.00,0.00,2.30,0.00
CASS - 000285,Cass,000285,Turtle Lake Twp,820,510,1,262,7,0,39,16,637,455,1,151,7,0,23,5,71.43,0.16,23.70,1.10,0.00,3.61,0.78
CASS - 000295,Cass,000295,Wahnena,169,150,0,10,0,0,9,1,128,114,0,6,0,0,8,1,89.06,0.00,4.69,0.00,0.00,6.25,0.78
CASS - 000305,Cass,000305,Walker,958,849,2,52,11,0,43,19,806,725,2,43,10,0,25,9,89.95,0.25,5.33,1.24,0.00,3.10,1.12
CASS - 000315,Cass,000315,Wilson Twp,667,622,5,12,1,0,20,11,508,484,0,6,1,0,12,7,95.28,0.00,1.18,0.20,0.00,2.36,1.38
CASS - 000247,Cass,000247,Salem Twp P-2,0,0,0,0,0,0,0,0,0,0,0,0,0,0,0,0,0.00,0.00,0.00,0.00,0.00,0.00,0.00
CASS - 000005,Cass,000005,Ansel Twp,76,74,0,1,0,0,1,0,64,62,0,1,0,0,1,0,96.88,0.00,1.56,0.00,0.00,1.56,0.00
CASS - 000010,Cass,000010,Backus,263,240,1,2,2,0,16,6,213,192,1,2,2,0,14,2,90.14,0.47,0.94,0.94,0.00,6.57,0.94
CASS - 000015,Cass,000015,Barclay Twp,525,507,0,0,2,0,15,4,440,423,0,0,2,0,14,3,96.14,0.00,0.00,0.45,0.00,3.18,0.68
CASS - 000020,Cass,000020,Becker Twp,484,458,0,0,1,0,23,3,383,362,0,0,0,0,19,0,94.52,0.00,0.00,0.00,0.00,4.96,0.00
CASS - 000025,Cass,000025,Bena,143,22,0,104,0,0,17,3,94,20,0,60,0,0,14,1,21.28,0.00,63.83,0.00,0.00,14.89,1.06
CASS - 000030,Cass,000030,Beulah Twp,72,67,0,3,0,0,2,0,63,62,0,1,0,0,0,0,98.41,0.00,1.59,0.00,0.00,0.00,0.00
CASS - 000035,Cass,000035,Birch Lake Twp,576,549,1,2,2,0,16,7,521,501,1,0,2,0,13,4,96.16,0.19,0.00,0.38,0.00,2.50,0.77
CASS - 000040,Cass,000040,Blind Lake Twp,98,89,0,4,0,0,5,4,71,64,0,4,0,0,3,1,90.14,0.00,5.63,0.00,0.00,4.23,1.41
CASS - 000045,Cass,000045,Boy Lake Twp,210,108,0,81,0,0,20,5,150,96,0,37,0,0,16,1,64.00,0.00,24.67,0.00,0.00,10.67,0.67
CASS - 000050,Cass,000050,Boy River,26,26,0,0,0,0,0,0,21,21,0,0,0,0,0,0,100.00,0.00,0.00,0.00,0.00,0.00,0.00
CASS - 000055,Cass,000055,Boy River Twp,56,48,0,3,0,0,5,0,48,41,0,3,0,0,4,0,85.42,0.00,6.25,0.00,0.00,8.33,0.00
CASS - 000060,Cass,000060,Bull Moose Twp,145,133,0,1,4,0,4,1,97,93,0,0,2,0,2,0,95.88,0.00,0.00,2.06,0.00,2.06,0.00
CASS - 000065,Cass,000065,Bungo Twp,159,157,0,0,0,0,2,2,123,122,0,0,0,0,1,0,99.19,0.00,0.00,0.00,0.00,0.81,0.00
CASS - 000070,Cass,000070,Byron Twp,151,143,2,3,0,0,3,3,107,106,0,0,0,0,1,0,99.07,0.00,0.00,0.00,0.00,0.93,0.00
CASS - 000075,Cass,000075,Cass Lake,675,128,2,482,1,0,59,12,451,105,2,308,1,0,32,10,23.28,0.44,68.29,0.22,0.00,7.10,2.22
CASS - 000080,Cass,000080,Chickamaw Beach,128,121,0,0,2,0,5,1,100,94,0,0,2,0,4,1,94.00,0.00,0.00,2.00,0.00,4.00,1.00
CASS - 000085,Cass,000085,Crooked Lake Twp,504,471,0,1,1,0,31,7,479,449,0,1,1,0,28,7,93.74,0.00,0.21,0.21,0.00,5.85,1.46
CASS - 000090,Cass,000090,Deerfield Twp,117,110,0,2,1,0,4,1,101,95,0,2,0,0,4,0,94.06,0.00,1.98,0.00,0.00,3.96,0.00
CASS - 000312,Cass,000312,Willow River,70,55,0,2,0,0,13,1,49,45,0,1,0,0,3,0,91.84,0.00,2.04,0.00,0.00,6.12,0.00
CASS - 000095,Cass,000095,East Gull Lake,986,917,1,2,2,0,51,18,834,787,1,2,2,0,34,11,94.36,0.12,0.24,0.24,0.00,4.08,1.32
CASS - 000100,Cass,000100,Fairview Twp,889,851,3,3,3,0,28,13,692,667,2,1,3,0,19,7,96.39,0.29,0.14,0.43,0.00,2.75,1.01
CASS - 000105,Cass,000105,Federal Dam,123,79,0,15,3,0,26,1,100,68,0,12,2,0,18,1,68.00,0.00,12.00,2.00,0.00,18.00,1.00
CASS - 000110,Cass,000110,Gould Twp,232,120,1,93,1,0,17,4,184,105,0,66,1,0,12,2,57.07,0.00,35.87,0.54,0.00,6.52,1.09
CASS - 000115,Cass,000115,Hackensack,294,262,1,6,3,0,21,5,244,224,0,6,3,0,11,3,91.80,0.00,2.46,1.23,0.00,4.51,1.23
CASS - 000120,Cass,000120,Hiram Twp,353,322,1,2,4,0,24,4,320,295,0,1,4,0,20,2,92.19,0.00,0.31,1.25,0.00,6.25,0.62
CASS - 000125,Cass,000125,Home Brook Twp,263,246,0,1,3,0,10,2,202,190,0,1,3,0,6,1,94.06,0.00,0.50,1.49,0.00,2.97,0.50
CASS - 000130,Cass,000130,Inguadona Twp,176,140,0,10,3,0,20,5,152,132,0,4,3,0,13,3,86.84,0.00,2.63,1.97,0.00,8.55,1.97
CASS - 000135,Cass,000135,Kego Twp,613,459,3,124,2,0,25,3,509,425,1,63,2,0,18,2,83.50,0.20,12.38,0.39,0.00,3.54,0.39
CASS - 000140,Cass,000140,Lake Shore,1056,1011,2,8,4,0,26,17,876,851,1,6,4,0,12,9,97.15,0.11,0.68,0.46,0.00,1.37,1.03
CASS - 000145,Cass,000145,Leech Lake Twp,437,323,0,97,0,0,12,8,342,277,0,55,0,0,5,5,80.99,0.00,16.08,0.00,0.00,1.46,1.46
CASS - 000150,Cass,000150,Lima Twp,91,74,1,1,0,0,13,2,73,63,1,0,0,0,9,1,86.30,1.37,0.00,0.00,0.00,12.33,1.37
CASS - 000155,Cass,000155,Longville,153,149,0,0,0,0,4,0,145,143,0,0,0,0,2,0,98.62,0.00,0.00,0.00,0.00,1.38,0.00
CASS - 000320,Cass,000320,Woodrow Twp,710,676,0,1,5,0,20,1,659,632,0,1,4,0,14,1,95.90,0.00,0.15,0.61,0.00,2.12,0.15
CASS - 000160,Cass,000160,Loon Lake Twp,626,592,1,2,2,0,29,10,479,457,1,0,2,0,19,5,95.41,0.21,0.00,0.42,0.00,3.97,1.04
CASS - 000165,Cass,000165,McKinley Twp,140,133,1,0,0,0,5,3,110,107,0,0,0,0,2,2,97.27,0.00,0.00,0.00,0.00,1.82,1.82
CASS - 000170,Cass,000170,Maple Twp,407,399,0,0,0,0,8,2,308,305,0,0,0,0,3,0,99.03,0.00,0.00,0.00,0.00,0.97,0.00
CASS - 000175,Cass,000175,May Twp,842,792,3,2,1,0,28,12,653,620,2,0,1,0,19,6,94.95,0.31,0.00,0.15,0.00,2.91,0.92
CASS - 000180,Cass,000180,Meadow Brook Twp,230,210,0,1,2,0,11,8,187,178,0,0,2,0,4,4,95.19,0.00,0.00,1.07,0.00,2.14,2.14
CASS - 000185,Cass,000185,Moose Lake Twp,134,126,0,1,1,0,6,3,103,101,0,0,1,0,1,3,98.06,0.00,0.00,0.97,0.00,0.97,2.91
CASS - 000262,Cass,000262,Sucker Lakes,13,3,0,4,0,0,5,0,10,3,0,2,0,0,4,0,30.00,0.00,20.00,0.00,0.00,40.00,0.00
CASS - 000317,Cass,000317,Winnie Portage Lakes,269,97,2,134,0,0,32,15,184,91,2,73,0,0,14,6,49.46,1.09,39.67,0.00,0.00,7.61,3.26
CASS - 000118,Cass,000118,Hardwood South,35,28,0,4,0,0,3,4,28,25,0,2,0,0,1,2,89.29,0.00,7.14,0.00,0.00,3.57,7.14
CASS - 000237,Cass,000237,Rogers Point,13,5,0,3,0,0,5,3,9,5,0,0,0,0,4,1,55.56,0.00,0.00,0.00,0.00,44.44,11.11
CASS - 000188,Cass,000188,Otter Tail Peninsula Twp,82,71,0,5,0,0,6,0,71,66,0,4,0,0,1,0,92.96,0.00,5.63,0.00,0.00,1.41,0.00
CASS - 000190,Cass,000190,Pike Bay Twp,1713,351,4,1222,1,0,125,41,1138,293,4,770,1,0,62,18,25.75,0.35,67.66,0.09,0.00,5.45,1.58
CASS - 000195,Cass,000195,Pillager,507,475,0,2,4,0,25,6,367,352,0,0,3,0,11,2,95.91,0.00,0.00,0.82,0.00,3.00,0.54
CASS - 000200,Cass,000200,Pine Lake Twp,193,177,0,9,0,0,6,0,178,166,0,9,0,0,2,0,93.26,0.00,5.06,0.00,0.00,1.12,0.00
CASS - 000205,Cass,000205,Pine River,911,835,3,10,11,0,44,16,700,653,0,9,7,0,25,8,93.29,0.00,1.29,1.00,0.00,3.57,1.14
CASS - 000210,Cass,000210,Pine River Twp,1186,1089,4,4,7,0,81,14,916,854,4,1,3,0,53,11,93.23,0.44,0.11,0.33,0.00,5.79,1.20
CASS - 000215,Cass,000215,Ponto Lake Twp,589,560,2,5,2,0,17,4,519,494,1,5,2,0,14,4,95.18,0.19,0.96,0.39,0.00,2.70,0.77
CASS - 000220,Cass,000220,Poplar Twp,179,173,0,2,0,0,4,2,129,127,0,2,0,0,0,0,98.45,0.00,1.55,0.00,0.00,0.00,0.00
CASS - 000225,Cass,000225,Powers Twp,811,768,3,15,3,0,18,5,707,666,3,15,2,0,17,4,94.20,0.42,2.12,0.28,0.00,2.40,0.57
CASS - 000230,Cass,000230,Remer,391,343,0,25,0,0,23,3,293,256,0,21,0,0,16,3,87.37,0.00,7.17,0.00,0.00,5.46,1.02
CASS - 000235,Cass,000235,Remer Twp,193,181,2,0,0,0,10,0,152,146,1,0,0,0,5,0,96.05,0.66,0.00,0.00,0.00,3.29,0.00
CASS - 000240,Cass,000240,Rogers Twp,84,64,0,6,0,0,14,0,65,60,0,4,0,0,1,0,92.31,0.00,6.15,0.00,0.00,1.54,0.00
CASS - 000245,Cass,000245,Salem Twp P-1,115,111,0,0,0,0,4,0,83,79,0,0,0,0,4,0,95.18,0.00,0.00,0.00,0.00,4.82,0.00
CASS - 000250,Cass,000250,Shingobee Twp P-1,1443,1284,5,91,3,0,57,18,1202,1099,5,62,3,0,30,14,91.43,0.42,5.16,0.25,0.00,2.50,1.16
CASS - 000252,Cass,000252,Shingobee Twp P-2,226,35,1,178,0,0,12,3,144,32,1,104,0,0,7,3,22.22,0.69,72.22,0.00,0.00,4.86,2.08
CASS - 000265,Cass,000265,Sylvan Twp,2889,2757,15,11,1,0,90,38,2216,2121,8,9,1,0,63,24,95.71,0.36,0.41,0.05,0.00,2.84,1.08
CASS - 000275,Cass,000275,Torrey Twp,164,155,0,1,1,0,7,0,138,133,0,0,0,0,5,0,96.38,0.00,0.00,0.00,0.00,3.62,0.00
CASS - 000280,Cass,000280,Trelipe Twp,183,168,0,6,1,0,8,2,175,160,0,6,1,0,8,2,91.43,0.00,3.43,0.57,0.00,4.57,1.14
CASS - 000290,Cass,000290,Wabedo Twp,423,408,0,1,1,0,12,3,381,372,0,0,0,0,8,2,97.64,0.00,0.00,0.00,0.00,2.10,0.52
CASS - 000300,Cass,000300,Walden Twp,539,512,0,0,0,0,21,7,402,380,0,0,0,0,16,3,94.53,0.00,0.00,0.00,0.00,3.98,0.75
CASS - 000310,Cass,000310,Wilkinson Twp,574,172,0,367,0,0,30,9,364,157,0,183,0,0,19,8,43.13,0.00,50.27,0.00,0.00,5.22,2.20
CASS - 000187,Cass,000187,Motley,13,10,0,0,1,0,2,0,11,9,0,0,0,0,2,0,81.82,0.00,0.00,0.00,0.00,18.18,0.00
OLMSTED - 000005,Olmsted,000005,Byron,6312,5794,52,9,112,4,281,166,4356,4067,30,7,83,4,124,87,93.37,0.69,0.16,1.91,0.09,2.85,2.00
OLMSTED - 000060,Olmsted,000060,Kalmar Twp,1117,1050,4,0,8,1,44,30,838,808,1,0,7,1,18,10,96.42,0.12,0.00,0.84,0.12,2.15,1.19
OLMSTED - 000011,Olmsted,000011,Cascade Twp P-2A,258,225,3,1,5,0,23,11,206,184,0,0,4,0,17,7,89.32,0.00,0.00,1.94,0.00,8.25,3.40
OLMSTED - 000010,Olmsted,000010,Cascade Twp P-1,2445,2000,22,8,185,0,178,140,1875,1597,6,5,139,0,91,85,85.17,0.32,0.27,7.41,0.00,4.85,4.53
OLMSTED - 000012,Olmsted,000012,Cascade Twp P-3A,134,129,0,0,1,0,4,1,96,94,0,0,1,0,1,1,97.92,0.00,0.00,1.04,0.00,1.04,1.04
OLMSTED - 000020,Olmsted,000020,Dover,782,729,2,0,4,0,32,30,547,514,1,0,3,0,16,24,93.97,0.18,0.00,0.55,0.00,2.93,4.39
OLMSTED - 000015,Olmsted,000015,Chatfield,1163,1090,9,0,6,1,54,13,893,849,5,0,5,0,32,7,95.07,0.56,0.00,0.56,0.00,3.58,0.78
OLMSTED - 000025,Olmsted,000025,Dover Twp,385,364,3,0,0,0,12,6,296,285,0,0,0,0,7,3,96.28,0.00,0.00,0.00,0.00,2.36,1.01
OLMSTED - 000035,Olmsted,000035,Eyota,2006,1866,18,1,9,0,88,40,1447,1385,8,0,9,0,27,23,95.72,0.55,0.00,0.62,0.00,1.87,1.59
OLMSTED - 000030,Olmsted,000030,Elmira Twp,347,331,1,0,1,0,13,5,282,277,1,0,1,0,2,2,98.23,0.35,0.00,0.35,0.00,0.71,0.71
OLMSTED - 000090,Olmsted,000090,Pleasant Grove Twp,751,725,0,0,0,0,24,5,603,587,0,0,0,0,14,2,97.35,0.00,0.00,0.00,0.00,2.32,0.33
OLMSTED - 000088,Olmsted,000088,Pine Island,885,806,3,1,13,0,52,19,620,569,1,1,10,0,29,14,91.77,0.16,0.16,1.61,0.00,4.68,2.26
OLMSTED - 000215,Olmsted,000215,Rock Dell Twp,681,673,4,0,2,0,2,4,521,513,4,0,2,0,2,3,98.46,0.77,0.00,0.38,0.00,0.38,0.58
OLMSTED - 000154,Olmsted,000154,Rochester W-4 P-1,3341,2305,243,16,451,4,218,225,3025,2156,227,8,411,4,136,176,71.27,7.50,0.26,13.59,0.13,4.50,5.82
OLMSTED - 000174,Olmsted,000174,Rochester W-5 P-2,2372,1581,208,29,223,1,178,280,1967,1375,163,23,181,1,121,190,69.90,8.29,1.17,9.20,0.05,6.15,9.66
OLMSTED - 000040,Olmsted,000040,Eyota Twp,488,460,2,0,3,0,10,14,374,360,0,0,2,0,4,7,96.26,0.00,0.00,0.53,0.00,1.07,1.87
OLMSTED - 000095,Olmsted,000095,Quincy Twp,327,324,0,0,0,0,1,2,233,232,0,0,0,0,1,0,99.57,0.00,0.00,0.00,0.00,0.43,0.00
OLMSTED - 000124,Olmsted,000124,Rochester W-2 P-2,2633,2162,40,14,198,3,184,136,2118,1781,29,14,159,3,113,101,84.09,1.37,0.66,7.51,0.14,5.34,4.77
OLMSTED - 000110,Olmsted,000110,Rochester W-1 P-8,1544,1360,15,3,100,1,55,41,1292,1174,11,2,70,1,25,30,90.87,0.85,0.15,5.42,0.08,1.93,2.32
OLMSTED - 000208,Olmsted,000208,Rochester W-6 P-8,1440,1052,182,6,62,1,96,73,1133,893,109,3,45,1,51,48,78.82,9.62,0.26,3.97,0.09,4.50,4.24
OLMSTED - 000130,Olmsted,000130,Rochester W-2 P-5,2076,1434,214,6,270,0,128,84,1562,1156,123,4,200,0,60,59,74.01,7.87,0.26,12.80,0.00,3.84,3.78
OLMSTED - 000118,Olmsted,000118,Rochester W-1 P-12,549,496,8,1,19,0,20,14,414,376,8,0,19,0,8,9,90.82,1.93,0.00,4.59,0.00,1.93,2.17
OLMSTED - 000206,Olmsted,000206,Rochester W-6 P-7,3036,1841,669,26,204,0,195,218,2294,1571,367,15,155,0,112,144,68.48,16.00,0.65,6.76,0.00,4.88,6.28
OLMSTED - 000100,Olmsted,000100,Rochester W-1 P-3,2956,2414,150,10,130,1,177,169,2341,2007,75,5,96,1,111,112,85.73,3.20,0.21,4.10,0.04,4.74,4.78
OLMSTED - 000108,Olmsted,000108,Rochester W-1 P-7,3224,2424,101,9,257,6,284,370,2318,1806,66,8,194,5,145,217,77.91,2.85,0.35,8.37,0.22,6.26,9.36
OLMSTED - 000050,Olmsted,000050,Haverhill Twp,1498,1343,9,0,46,1,72,38,1175,1073,4,0,31,1,43,24,91.32,0.34,0.00,2.64,0.09,3.66,2.04
OLMSTED - 000045,Olmsted,000045,Farmington Twp,399,387,0,1,0,0,10,12,330,321,0,1,0,0,8,6,97.27,0.00,0.30,0.00,0.00,2.42,1.82
OLMSTED - 000160,Olmsted,000160,Rochester W-4 P-4,2427,1802,219,47,121,1,157,251,2030,1550,200,43,100,1,82,192,76.35,9.85,2.12,4.93,0.05,4.04,9.46
OLMSTED - 000096,Olmsted,000096,Rochester W-1 P-1,2031,1163,354,7,100,0,232,331,1500,930,244,6,77,0,121,201,62.00,16.27,0.40,5.13,0.00,8.07,13.40
OLMSTED - 000162,Olmsted,000162,Rochester W-4 P-5,3081,1772,618,30,243,3,250,354,2246,1467,316,24,193,3,135,219,65.32,14.07,1.07,8.59,0.13,6.01,9.75
OLMSTED - 000146,Olmsted,000146,Rochester W-3 P-4,2990,1516,683,15,421,1,246,184,2088,1196,369,9,324,0,120,108,57.28,17.67,0.43,15.52,0.00,5.75,5.17
OLMSTED - 000098,Olmsted,000098,Rochester W-1 P-2,1836,1459,77,10,95,0,118,128,1424,1195,55,7,67,0,59,83,83.92,3.86,0.49,4.71,0.00,4.14,5.83
OLMSTED - 000055,Olmsted,000055,High Forest Twp,966,921,4,0,5,0,34,9,755,729,4,0,4,0,18,5,96.56,0.53,0.00,0.53,0.00,2.38,0.66
OLMSTED - 000150,Olmsted,000150,Rochester W-3 P-6,2491,1912,180,0,234,3,128,81,1741,1389,102,0,154,3,68,56,79.78,5.86,0.00,8.85,0.17,3.91,3.22
OLMSTED - 000152,Olmsted,000152,Rochester W-3 P-7,4930,3269,659,23,565,2,345,229,3262,2311,353,16,384,2,145,140,70.85,10.82,0.49,11.77,0.06,4.45,4.29
OLMSTED - 000116,Olmsted,000116,Rochester W-1 P-11,1726,1390,24,1,183,0,106,49,1218,1008,20,1,125,0,54,33,82.76,1.64,0.08,10.26,0.00,4.43,2.71
OLMSTED - 000156,Olmsted,000156,Rochester W-4 P-2,1387,835,250,12,70,0,175,148,1062,703,162,12,56,0,95,87,66.20,15.25,1.13,5.27,0.00,8.95,8.19
OLMSTED - 000158,Olmsted,000158,Rochester W-4 P-3,1653,1249,100,10,81,0,174,129,1321,1066,85,10,62,0,77,67,80.70,6.43,0.76,4.69,0.00,5.83,5.07
OLMSTED - 000230,Olmsted,000230,Viola Twp,548,516,0,0,2,0,23,10,435,420,0,0,2,0,9,6,96.55,0.00,0.00,0.46,0.00,2.07,1.38
OLMSTED - 000070,Olmsted,000070,New Haven Twp,1261,1181,5,2,12,0,52,25,1003,960,2,0,12,0,25,11,95.71,0.20,0.00,1.20,0.00,2.49,1.10
OLMSTED - 000136,Olmsted,000136,Rochester W-2 P-8,2959,2510,88,2,201,0,119,79,2248,1943,44,2,164,0,69,58,86.43,1.96,0.09,7.30,0.00,3.07,2.58
OLMSTED - 000144,Olmsted,000144,Rochester W-3 P-3,1784,1418,87,9,144,1,105,62,1468,1223,52,3,108,0,67,40,83.31,3.54,0.20,7.36,0.00,4.56,2.72
OLMSTED - 000114,Olmsted,000114,Rochester W-1 P-10,1753,1378,63,0,146,0,131,120,1484,1215,39,0,109,0,95,84,81.87,2.63,0.00,7.35,0.00,6.40,5.66
OLMSTED - 000168,Olmsted,000168,Rochester W-4 P-8,2084,1450,327,4,132,0,118,106,1530,1156,187,2,88,0,65,57,75.56,12.22,0.13,5.75,0.00,4.25,3.73
OLMSTED - 000104,Olmsted,000104,Rochester W-1 P-5,2456,2083,92,9,98,1,112,130,1900,1652,52,9,64,1,70,91,86.95,2.74,0.47,3.37,0.05,3.68,4.79
OLMSTED - 000184,Olmsted,000184,Rochester W-5 P-7,3727,2829,111,9,584,0,158,105,2728,2123,77,8,415,0,82,68,77.82,2.82,0.29,15.21,0.00,3.01,2.49
OLMSTED - 000166,Olmsted,000166,Rochester W-4 P-7,3625,2044,380,26,156,1,432,1011,2544,1608,214,11,123,0,237,569,63.21,8.41,0.43,4.83,0.00,9.32,22.37
OLMSTED - 000200,Olmsted,000200,Rochester W-6 P-4,3214,2173,458,19,211,1,232,211,2534,1856,303,12,154,1,118,134,73.24,11.96,0.47,6.08,0.04,4.66,5.29
OLMSTED - 000180,Olmsted,000180,Rochester W-5 P-5,3025,2374,110,3,226,6,183,221,2377,1947,71,3,175,5,103,120,81.91,2.99,0.13,7.36,0.21,4.33,5.05
OLMSTED - 000142,Olmsted,000142,Rochester W-3 P-2,3249,2432,256,5,347,3,151,109,2457,1949,146,0,253,3,74,72,79.32,5.94,0.00,10.30,0.12,3.01,2.93
OLMSTED - 000140,Olmsted,000140,Rochester W-3 P-1,2318,1828,74,0,282,0,115,59,1570,1271,31,0,201,0,51,43,80.96,1.97,0.00,12.80,0.00,3.25,2.74
OLMSTED - 000112,Olmsted,000112,Rochester W-1 P-9,2255,1893,43,2,168,0,135,83,1513,1310,21,2,124,0,48,37,86.58,1.39,0.13,8.20,0.00,3.17,2.45
OLMSTED - 000148,Olmsted,000148,Rochester W-3 P-5,4289,3218,371,23,426,1,202,154,3359,2655,223,22,311,1,112,101,79.04,6.64,0.65,9.26,0.03,3.33,3.01
OLMSTED - 000075,Olmsted,000075,Orion Twp,545,516,0,0,2,0,24,6,427,412,0,0,2,0,10,4,96.49,0.00,0.00,0.47,0.00,2.34,0.94
OLMSTED - 000176,Olmsted,000176,Rochester W-5 P-3,2989,2464,92,11,125,3,226,211,2304,1978,67,11,90,2,116,113,85.85,2.91,0.48,3.91,0.09,5.03,4.90
OLMSTED - 000202,Olmsted,000202,Rochester W-6 P-5,1824,1067,419,3,141,0,100,176,1490,964,280,3,102,0,59,137,64.70,18.79,0.20,6.85,0.00,3.96,9.19
OLMSTED - 000194,Olmsted,000194,Rochester W-6 P-1,3073,2573,108,18,108,3,198,167,2424,2108,66,17,79,3,101,117,86.96,2.72,0.70,3.26,0.12,4.17,4.83
OLMSTED - 000080,Olmsted,000080,Oronoco,1802,1680,9,2,39,0,59,17,1207,1136,7,2,29,0,28,6,94.12,0.58,0.17,2.40,0.00,2.32,0.50
OLMSTED - 000198,Olmsted,000198,Rochester W-6 P-3,2015,1532,178,3,130,9,134,101,1593,1267,109,3,109,9,68,66,79.54,6.84,0.19,6.84,0.56,4.27,4.14
OLMSTED - 000172,Olmsted,000172,Rochester W-5 P-1,2673,2061,288,13,109,2,132,115,2227,1816,172,11,94,2,78,76,81.54,7.72,0.49,4.22,0.09,3.50,3.41
OLMSTED - 000196,Olmsted,000196,Rochester W-6 P-2,2655,2235,136,7,119,1,136,88,2159,1854,98,7,98,1,83,70,85.87,4.54,0.32,4.54,0.05,3.84,3.24
OLMSTED - 000134,Olmsted,000134,Rochester W-2 P-7,2962,2428,49,8,256,2,177,118,2363,1993,38,6,197,2,100,71,84.34,1.61,0.25,8.34,0.08,4.23,3.00
OLMSTED - 000164,Olmsted,000164,Rochester W-4 P-6,1152,409,550,3,31,0,65,153,828,355,350,2,26,0,35,93,42.87,42.27,0.24,3.14,0.00,4.23,11.23
OLMSTED - 000102,Olmsted,000102,Rochester W-1 P-4,918,773,34,6,17,0,61,69,731,652,21,1,14,0,27,31,89.19,2.87,0.14,1.92,0.00,3.69,4.24
OLMSTED - 000132,Olmsted,000132,Rochester W-2 P-6,1294,1117,40,4,50,0,76,41,1022,911,26,2,34,0,44,24,89.14,2.54,0.20,3.33,0.00,4.31,2.35
OLMSTED - 000085,Olmsted,000085,Oronoco Twp,2456,2172,27,8,25,0,153,141,1843,1685,18,8,11,0,85,71,91.43,0.98,0.43,0.60,0.00,4.61,3.85
OLMSTED - 000178,Olmsted,000178,Rochester W-5 P-4,2288,1970,61,6,56,2,165,64,1823,1615,47,6,51,0,82,52,88.59,2.58,0.33,2.80,0.00,4.50,2.85
OLMSTED - 000126,Olmsted,000126,Rochester W-2 P-3,3102,2179,189,9,458,2,205,129,2567,1923,135,2,327,2,131,87,74.91,5.26,0.08,12.74,0.08,5.10,3.39
OLMSTED - 000122,Olmsted,000122,Rochester W-2 P-1,2252,1482,236,15,265,2,176,180,1895,1298,153,12,234,2,135,136,68.50,8.07,0.63,12.35,0.11,7.12,7.18
OLMSTED - 000204,Olmsted,000204,Rochester W-6 P-6,1726,1143,196,7,175,0,143,147,1370,961,142,6,137,0,80,100,70.15,10.36,0.44,10.00,0.00,5.84,7.30
OLMSTED - 000128,Olmsted,000128,Rochester W-2 P-4,2050,1709,52,3,144,1,131,79,1635,1388,35,1,120,1,80,60,84.89,2.14,0.06,7.34,0.06,4.89,3.67
OLMSTED - 000213,Olmsted,000213,Rochester Twp P-4,69,58,0,1,0,2,8,7,54,45,0,1,0,2,6,6,83.33,0.00,1.85,0.00,3.70,11.11,11.11
OLMSTED - 000210,Olmsted,000210,Rochester Twp P-1,2013,1656,34,8,160,1,136,60,1438,1217,21,4,113,1,74,32,84.63,1.46,0.28,7.86,0.07,5.15,2.23
OLMSTED - 000225,Olmsted,000225,Stewartville,6687,6104,83,31,42,1,339,255,4831,4483,66,21,39,1,173,142,92.80,1.37,0.43,0.81,0.02,3.58,2.94
OLMSTED - 000065,Olmsted,000065,Marion Twp P-1,4017,3711,19,10,50,2,190,131,3132,2940,18,10,36,2,102,69,93.87,0.57,0.32,1.15,0.06,3.26,2.20
OLMSTED - 000220,Olmsted,000220,Salem Twp,1094,1053,0,0,3,0,31,14,854,831,0,0,3,0,18,5,97.31,0.00,0.00,0.35,0.00,2.11,0.59
OLMSTED - 000186,Olmsted,000186,Rochester W-5 P-8,838,678,35,0,88,0,33,13,648,541,15,0,63,0,25,9,83.49,2.31,0.00,9.72,0.00,3.86,1.39
OLMSTED - 000182,Olmsted,000182,Rochester W-5 P-6,1867,1039,584,15,78,2,100,107,1382,846,358,13,62,0,65,74,61.22,25.90,0.94,4.49,0.00,4.70,5.35
OLMSTED - 000106,Olmsted,000106,Rochester W-1 P-6,766,580,59,5,42,0,56,40,645,507,41,3,40,0,32,33,78.60,6.36,0.47,6.20,0.00,4.96,5.12
OLMSTED - 000170,Olmsted,000170,Rochester W-4 P-9,490,387,34,8,3,0,36,42,367,317,10,5,0,0,23,23,86.38,2.72,1.36,0.00,0.00,6.27,6.27
OLMSTED - 000013,Olmsted,000013,Cascade Twp P-4,0,0,0,0,0,0,0,0,0,0,0,0,0,0,0,0,0.00,0.00,0.00,0.00,0.00,0.00,0.00
OLMSTED - 000066,Olmsted,000066,Marion Twp P-2,10,3,6,0,0,0,1,1,7,2,4,0,0,0,1,1,28.57,57.14,0.00,0.00,0.00,14.29,14.29
OLMSTED - 000212,Olmsted,000212,Rochester Twp P-3,6,5,0,0,0,0,1,0,6,5,0,0,0,0,1,0,83.33,0.00,0.00,0.00,0.00,16.67,0.00
OLMSTED - 000211,Olmsted,000211,Rochester Twp P-2,0,0,0,0,0,0,0,0,0,0,0,0,0,0,0,0,0.00,0.00,0.00,0.00,0.00,0.00,0.00
WASHINGTON - 000065,Washington,000065,Cottage Grove P-6,3641,2629,286,21,299,1,318,248,2691,2057,170,19,208,1,175,144,76.44,6.32,0.71,7.73,0.04,6.50,5.35
WASHINGTON - 000050,Washington,000050,Cottage Grove P-3,6031,4800,230,20,364,3,475,403,4199,3443,146,14,262,3,241,235,82.00,3.48,0.33,6.24,0.07,5.74,5.60
ST. LOUIS - 000435,St. Louis,000435,Duluth Twp,2039,1927,2,5,4,0,100,19,1553,1487,2,5,1,0,57,13,95.75,0.13,0.32,0.06,0.00,3.67,0.84
