vtd00_key,district_num,district_code,area_weight,block_count,total_blocks,countyfp,vtdst00,weight_method
AITKIN - 0005,10,10,1.0000000000,87,87,001,0005,2020_block_count_centroids
AITKIN - 0010,7,7,0.0119047619,1,84,001,0010,2020_block_count_centroids
AITKIN - 0010,10,10,0.9880952381,83,84,001,0010,2020_block_count_centroids
AITKIN - 0015,7,7,1.0000000000,50,50,001,0015,2020_block_count_centroids
AITKIN - 0020,7,7,1.0000000000,14,14,001,0020,2020_block_count_centroids
AITKIN - 0025,10,10,1.0000000000,10,10,001,0025,2020_block_count_centroids
AITKIN - 0030,7,7,1.0000000000,29,29,001,0030,2020_block_count_centroids
AITKIN - 0035,7,7,1.0000000000,15,15,001,0035,2020_block_count_centroids
AITKIN - 0036,10,10,1.0000000000,23,23,001,0036,2020_block_count_centroids
AITKIN - 0040,6,6,0.0136986301,1,73,001,0040,2020_block_count_centroids
AITKIN - 0040,10,10,0.9863013699,72,73,001,0040,2020_block_count_centroids
AITKIN - 0045,7,7,1.0000000000,47,47,001,0045,2020_block_count_centroids
AITKIN - 0050,10,10,1.0000000000,32,32,001,0050,2020_block_count_centroids
AITKIN - 0055,7,7,1.0000000000,29,29,001,0055,2020_block_count_centroids
AITKIN - 0060,10,10,1.0000000000,47,47,001,0060,2020_block_count_centroids
AITKIN - 0065,7,7,1.0000000000,58,58,001,0065,2020_block_count_centroids
AITKIN - 0070,7,7,1.0000000000,44,44,001,0070,2020_block_count_centroids
AITKIN - 0075,10,10,1.0000000000,15,15,001,0075,2020_block_count_centroids
AITKIN - 0080,7,7,1.0000000000,32,32,001,0080,2020_block_count_centroids
AITKIN - 0081,10,10,1.0000000000,4,4,001,0081,2020_block_count_centroids
AITKIN - 0085,10,10,1.0000000000,38,38,001,0085,2020_block_count_centroids
AITKIN - 0090,10,10,1.0000000000,50,50,001,0090,2020_block_count_centroids
AITKIN - 0095,10,10,1.0000000000,7,7,001,0095,2020_block_count_centroids
AITKIN - 0100,7,7,1.0000000000,18,18,001,0100,2020_block_count_centroids
AITKIN - 0105,7,7,1.0000000000,17,17,001,0105,2020_block_count_centroids
AITKIN - 0110,7,7,1.0000000000,42,42,001,0110,2020_block_count_centroids
AITKIN - 0115,10,10,1.0000000000,12,12,001,0115,2020_block_count_centroids
AITKIN - 0120,7,7,1.0000000000,24,24,001,0120,2020_block_count_centroids
AITKIN - 0125,7,7,1.0000000000,35,35,001,0125,2020_block_count_centroids
AITKIN - 0130,7,7,1.0000000000,33,33,001,0130,2020_block_count_centroids
AITKIN - 0132,10,10,1.0000000000,7,7,001,0132,2020_block_count_centroids
AITKIN - 0135,10,10,1.0000000000,27,27,001,0135,2020_block_count_centroids
AITKIN - 0140,7,7,1.0000000000,46,46,001,0140,2020_block_count_centroids
AITKIN - 0145,10,10,1.0000000000,58,58,001,0145,2020_block_count_centroids
AITKIN - 0146,7,7,1.0000000000,18,18,001,0146,2020_block_count_centroids
AITKIN - 0147,7,7,1.0000000000,114,114,001,0147,2020_block_count_centroids
AITKIN - 0150,7,7,1.0000000000,17,17,001,0150,2020_block_count_centroids
AITKIN - 0155,10,10,1.0000000000,15,15,001,0155,2020_block_count_centroids
AITKIN - 0160,10,10,1.0000000000,18,18,001,0160,2020_block_count_centroids
AITKIN - 0165,10,10,1.0000000000,24,24,001,0165,2020_block_count_centroids
AITKIN - 0170,10,10,1.0000000000,7,7,001,0170,2020_block_count_centroids
AITKIN - 0175,7,7,1.0000000000,104,104,001,0175,2020_block_count_centroids
AITKIN - 0176,10,10,1.0000000000,5,5,001,0176,2020_block_count_centroids
AITKIN - 0180,10,10,1.0000000000,34,34,001,0180,2020_block_count_centroids
AITKIN - 0185,10,10,1.0000000000,54,54,001,0185,2020_block_count_centroids
AITKIN - 0190,7,7,1.0000000000,14,14,001,0190,2020_block_count_centroids
AITKIN - 0195,7,7,1.0000000000,33,33,001,0195,2020_block_count_centroids
AITKIN - 0200,7,7,1.0000000000,25,25,001,0200,2020_block_count_centroids
AITKIN - 0205,10,10,1.0000000000,27,27,001,0205,2020_block_count_centroids
AITKIN - 0210,7,7,1.0000000000,31,31,001,0210,2020_block_count_centroids
AITKIN - 0215,10,10,1.0000000000,21,21,001,0215,2020_block_count_centroids
AITKIN - 0220,10,10,1.0000000000,13,13,001,0220,2020_block_count_centroids
AITKIN - 0225,10,10,1.0000000000,26,26,001,0225,2020_block_count_centroids
AITKIN - 0230,7,7,1.0000000000,39,39,001,0230,2020_block_count_centroids
ANOKA - 0005,31,31,1.0000000000,68,68,003,0005,2020_block_count_centroids
ANOKA - 0010,31,31,0.5254237288,31,59,003,0010,2020_block_count_centroids
ANOKA - 0010,35,35,0.4745762712,28,59,003,0010,2020_block_count_centroids
ANOKA - 0015,35,35,1.0000000000,68,68,003,0015,2020_block_count_centroids
ANOKA - 0016,31,31,1.0000000000,41,41,003,0016,2020_block_count_centroids
ANOKA - 0020,31,31,1.0000000000,56,56,003,0020,2020_block_count_centroids
ANOKA - 0021,31,31,0.9701492537,65,67,003,0021,2020_block_count_centroids
ANOKA - 0021,35,35,0.0298507463,2,67,003,0021,2020_block_count_centroids
ANOKA - 0022,31,31,1.0000000000,18,18,003,0022,2020_block_count_centroids
ANOKA - 0023,31,31,1.0000000000,31,31,003,0023,2020_block_count_centroids
ANOKA - 0024,31,31,1.0000000000,63,63,003,0024,2020_block_count_centroids
ANOKA - 0025,35,35,1.0000000000,48,48,003,0025,2020_block_count_centroids
ANOKA - 0030,35,35,1.0000000000,30,30,003,0030,2020_block_count_centroids
ANOKA - 0035,31,31,0.0178571429,1,56,003,0035,2020_block_count_centroids
ANOKA - 0035,35,35,0.9821428571,55,56,003,0035,2020_block_count_centroids
ANOKA - 0040,35,35,1.0000000000,43,43,003,0040,2020_block_count_centroids
ANOKA - 0045,35,35,1.0000000000,39,39,003,0045,2020_block_count_centroids
ANOKA - 0050,31,31,0.0235294118,2,85,003,0050,2020_block_count_centroids
ANOKA - 0050,35,35,0.9764705882,83,85,003,0050,2020_block_count_centroids
ANOKA - 0055,31,31,0.0384615385,1,26,003,0055,2020_block_count_centroids
ANOKA - 0055,35,35,0.9615384615,25,26,003,0055,2020_block_count_centroids
ANOKA - 0056,31,31,0.1538461538,4,26,003,0056,2020_block_count_centroids
ANOKA - 0056,35,35,0.8461538462,22,26,003,0056,2020_block_count_centroids
ANOKA - 0060,27,27,0.9473684211,18,19,003,0060,2020_block_count_centroids
ANOKA - 0060,31,31,0.0526315789,1,19,003,0060,2020_block_count_centroids
ANOKA - 0065,32,32,1.0000000000,36,36,003,0065,2020_block_count_centroids
ANOKA - 0070,32,32,1.0000000000,180,180,003,0070,2020_block_count_centroids
ANOKA - 0075,32,32,1.0000000000,34,34,003,0075,2020_block_count_centroids
ANOKA - 0080,32,32,1.0000000000,45,45,003,0080,2020_block_count_centroids
ANOKA - 0085,32,32,1.0000000000,175,175,003,0085,2020_block_count_centroids
ANOKA - 0086,32,32,1.0000000000,24,24,003,0086,2020_block_count_centroids
ANOKA - 0090,32,32,1.0000000000,94,94,003,0090,2020_block_count_centroids
ANOKA - 0091,32,32,1.0000000000,27,27,003,0091,2020_block_count_centroids
ANOKA - 0095,32,32,1.0000000000,47,47,003,0095,2020_block_count_centroids
ANOKA - 0100,32,32,1.0000000000,36,36,003,0100,2020_block_count_centroids
ANOKA - 0105,32,32,1.0000000000,39,39,003,0105,2020_block_count_centroids
ANOKA - 0110,32,32,1.0000000000,78,78,003,0110,2020_block_count_centroids
ANOKA - 0111,32,32,1.0000000000,12,12,003,0111,2020_block_count_centroids
ANOKA - 0115,32,32,1.0000000000,46,46,003,0115,2020_block_count_centroids
ANOKA - 0120,32,32,1.0000000000,33,33,003,0120,2020_block_count_centroids
ANOKA - 0121,32,32,1.0000000000,26,26,003,0121,2020_block_count_centroids
ANOKA - 0124,32,32,1.0000000000,18,18,003,0124,2020_block_count_centroids
ANOKA - 0125,30,30,1.0000000000,116,116,003,0125,2020_block_count_centroids
ANOKA - 0126,32,32,1.0000000000,14,14,003,0126,2020_block_count_centroids
ANOKA - 0127,32,32,1.0000000000,25,25,003,0127,2020_block_count_centroids
ANOKA - 0128,32,32,1.0000000000,27,27,003,0128,2020_block_count_centroids
ANOKA - 0129,32,32,1.0000000000,23,23,003,0129,2020_block_count_centroids
ANOKA - 0130,36,36,1.0000000000,55,55,003,0130,2020_block_count_centroids
ANOKA - 0135,32,32,0.1111111111,3,27,003,0135,2020_block_count_centroids
ANOKA - 0135,36,36,0.8888888889,24,27,003,0135,2020_block_count_centroids
ANOKA - 0140,32,32,0.0512820513,2,39,003,0140,2020_block_count_centroids
ANOKA - 0140,36,36,0.9487179487,37,39,003,0140,2020_block_count_centroids
ANOKA - 0145,39,39,1.0000000000,44,44,003,0145,2020_block_count_centroids
ANOKA - 0150,39,39,1.0000000000,41,41,003,0150,2020_block_count_centroids
ANOKA - 0155,39,39,1.0000000000,21,21,003,0155,2020_block_count_centroids
ANOKA - 0160,39,39,1.0000000000,38,38,003,0160,2020_block_count_centroids
ANOKA - 0165,39,39,1.0000000000,36,36,003,0165,2020_block_count_centroids
ANOKA - 0170,39,39,1.0000000000,33,33,003,0170,2020_block_count_centroids
ANOKA - 0180,39,39,1.0000000000,39,39,003,0180,2020_block_count_centroids
ANOKA - 0185,39,39,1.0000000000,43,43,003,0185,2020_block_count_centroids
ANOKA - 0190,31,31,0.0243902439,2,82,003,0190,2020_block_count_centroids
ANOKA - 0190,32,32,0.9756097561,80,82,003,0190,2020_block_count_centroids
ANOKA - 0195,35,35,1.0000000000,37,37,003,0195,2020_block_count_centroids
ANOKA - 0200,35,35,1.0000000000,34,34,003,0200,2020_block_count_centroids
ANOKA - 0205,35,35,1.0000000000,28,28,003,0205,2020_block_count_centroids
ANOKA - 0210,35,35,1.0000000000,33,33,003,0210,2020_block_count_centroids
ANOKA - 0215,35,35,1.0000000000,31,31,003,0215,2020_block_count_centroids
ANOKA - 0220,35,35,1.0000000000,89,89,003,0220,2020_block_count_centroids
ANOKA - 0221,35,35,1.0000000000,38,38,003,0221,2020_block_count_centroids
ANOKA - 0230,35,35,1.0000000000,56,56,003,0230,2020_block_count_centroids
ANOKA - 0235,35,35,1.0000000000,30,30,003,0235,2020_block_count_centroids
ANOKA - 0240,35,35,1.0000000000,33,33,003,0240,2020_block_count_centroids
ANOKA - 0245,34,34,0.0612244898,3,49,003,0245,2020_block_count_centroids
ANOKA - 0245,35,35,0.9387755102,46,49,003,0245,2020_block_count_centroids
ANOKA - 0250,35,35,1.0000000000,45,45,003,0250,2020_block_count_centroids
ANOKA - 0255,35,35,1.0000000000,40,40,003,0255,2020_block_count_centroids
ANOKA - 0260,35,35,1.0000000000,15,15,003,0260,2020_block_count_centroids
ANOKA - 0265,35,35,1.0000000000,22,22,003,0265,2020_block_count_centroids
ANOKA - 0270,35,35,1.0000000000,31,31,003,0270,2020_block_count_centroids
ANOKA - 0275,34,34,0.1829268293,15,82,003,0275,2020_block_count_centroids
ANOKA - 0275,35,35,0.8170731707,67,82,003,0275,2020_block_count_centroids
ANOKA - 0280,34,34,0.9833333333,59,60,003,0280,2020_block_count_centroids
ANOKA - 0280,39,39,0.0166666667,1,60,003,0280,2020_block_count_centroids
ANOKA - 0285,35,35,1.0000000000,44,44,003,0285,2020_block_count_centroids
ANOKA - 0290,35,35,1.0000000000,43,43,003,0290,2020_block_count_centroids
ANOKA - 0292,35,35,1.0000000000,28,28,003,0292,2020_block_count_centroids
ANOKA - 0295,27,27,0.0303030303,2,66,003,0295,2020_block_count_centroids
ANOKA - 0295,31,31,0.9696969697,64,66,003,0295,2020_block_count_centroids
ANOKA - 0300,31,31,1.0000000000,98,98,003,0300,2020_block_count_centroids
ANOKA - 0301,31,31,1.0000000000,47,47,003,0301,2020_block_count_centroids
ANOKA - 0305,39,39,1.0000000000,39,39,003,0305,2020_block_count_centroids
ANOKA - 0310,39,39,1.0000000000,41,41,003,0310,2020_block_count_centroids
ANOKA - 0315,39,39,1.0000000000,47,47,003,0315,2020_block_count_centroids
ANOKA - 0320,39,39,1.0000000000,41,41,003,0320,2020_block_count_centroids
ANOKA - 0330,39,39,1.0000000000,48,48,003,0330,2020_block_count_centroids
ANOKA - 0335,39,39,1.0000000000,28,28,003,0335,2020_block_count_centroids
ANOKA - 0340,39,39,1.0000000000,38,38,003,0340,2020_block_count_centroids
ANOKA - 0345,39,39,1.0000000000,29,29,003,0345,2020_block_count_centroids
ANOKA - 0350,34,34,0.0227272727,2,88,003,0350,2020_block_count_centroids
ANOKA - 0350,39,39,0.9772727273,86,88,003,0350,2020_block_count_centroids
ANOKA - 0355,39,39,1.0000000000,45,45,003,0355,2020_block_count_centroids
ANOKA - 0360,39,39,1.0000000000,33,33,003,0360,2020_block_count_centroids
ANOKA - 0365,39,39,1.0000000000,72,72,003,0365,2020_block_count_centroids
ANOKA - 0370,31,31,1.0000000000,43,43,003,0370,2020_block_count_centroids
ANOKA - 0375,31,31,0.2812500000,9,32,003,0375,2020_block_count_centroids
ANOKA - 0375,32,32,0.7187500000,23,32,003,0375,2020_block_count_centroids
ANOKA - 0377,31,31,1.0000000000,35,35,003,0377,2020_block_count_centroids
ANOKA - 0378,31,31,0.6140350877,35,57,003,0378,2020_block_count_centroids
ANOKA - 0378,32,32,0.3859649123,22,57,003,0378,2020_block_count_centroids
ANOKA - 0379,31,31,0.0200000000,1,50,003,0379,2020_block_count_centroids
ANOKA - 0379,32,32,0.9800000000,49,50,003,0379,2020_block_count_centroids
ANOKA - 0380,39,39,1.0000000000,12,12,003,0380,2020_block_count_centroids
ANOKA - 0381,32,32,1.0000000000,54,54,003,0381,2020_block_count_centroids
ANOKA - 0385,32,32,1.0000000000,35,35,003,0385,2020_block_count_centroids
ANOKA - 0390,36,36,1.0000000000,39,39,003,0390,2020_block_count_centroids
ANOKA - 0395,32,32,0.0092592593,1,108,003,0395,2020_block_count_centroids
ANOKA - 0395,36,36,0.9907407407,107,108,003,0395,2020_block_count_centroids
ANOKA - 0396,36,36,1.0000000000,36,36,003,0396,2020_block_count_centroids
ANOKA - 0397,36,36,1.0000000000,129,129,003,0397,2020_block_count_centroids
ANOKA - 0400,31,31,0.9925373134,133,134,003,0400,2020_block_count_centroids
ANOKA - 0400,32,32,0.0074626866,1,134,003,0400,2020_block_count_centroids
ANOKA - 0405,31,31,1.0000000000,128,128,003,0405,2020_block_count_centroids
ANOKA - 0406,30,30,0.7333333333,55,75,003,0406,2020_block_count_centroids
ANOKA - 0406,31,31,0.2666666667,20,75,003,0406,2020_block_count_centroids
ANOKA - 0410,31,31,1.0000000000,121,121,003,0410,2020_block_count_centroids
ANOKA - 0411,31,31,0.9903846154,103,104,003,0411,2020_block_count_centroids
ANOKA - 0411,35,35,0.0096153846,1,104,003,0411,2020_block_count_centroids
ANOKA - 0415,31,31,1.0000000000,98,98,003,0415,2020_block_count_centroids
ANOKA - 0420,31,31,1.0000000000,64,64,003,0420,2020_block_count_centroids
ANOKA - 0421,31,31,1.0000000000,67,67,003,0421,2020_block_count_centroids
ANOKA - 0425,27,27,0.9736842105,111,114,003,0425,2020_block_count_centroids
ANOKA - 0425,30,30,0.0263157895,3,114,003,0425,2020_block_count_centroids
ANOKA - 0430,39,39,1.0000000000,31,31,003,0430,2020_block_count_centroids
ANOKA - 0435,39,39,1.0000000000,58,58,003,0435,2020_block_count_centroids
ANOKA - 0440,39,39,1.0000000000,39,39,003,0440,2020_block_count_centroids
ANOKA - 0445,35,35,1.0000000000,20,20,003,0445,2020_block_count_centroids
BECKER - 0005,4,4,1.0000000000,42,42,005,0005,2020_block_count_centroids
BECKER - 0010,4,4,1.0000000000,32,32,005,0010,2020_block_count_centroids
BECKER - 0015,4,4,1.0000000000,91,91,005,0015,2020_block_count_centroids
BECKER - 0020,4,4,0.0202020202,2,99,005,0020,2020_block_count_centroids
BECKER - 0020,5,5,0.9797979798,97,99,005,0020,2020_block_count_centroids
BECKER - 0025,2,2,1.0000000000,27,27,005,0025,2020_block_count_centroids
BECKER - 0030,2,2,1.0000000000,47,47,005,0030,2020_block_count_centroids
BECKER - 0035,5,5,1.0000000000,35,35,005,0035,2020_block_count_centroids
BECKER - 0040,4,4,1.0000000000,67,67,005,0040,2020_block_count_centroids
BECKER - 0045,4,4,1.0000000000,51,51,005,0045,2020_block_count_centroids
BECKER - 0050,4,4,1.0000000000,145,145,005,0050,2020_block_count_centroids
BECKER - 0055,4,4,1.0000000000,76,76,005,0055,2020_block_count_centroids
BECKER - 0060,4,4,1.0000000000,59,59,005,0060,2020_block_count_centroids
BECKER - 0065,4,4,1.0000000000,56,56,005,0065,2020_block_count_centroids
BECKER - 0075,4,4,1.0000000000,70,70,005,0075,2020_block_count_centroids
BECKER - 0082,2,2,1.0000000000,41,41,005,0082,2020_block_count_centroids
BECKER - 0085,5,5,1.0000000000,63,63,005,0085,2020_block_count_centroids
BECKER - 0090,5,5,1.0000000000,34,34,005,0090,2020_block_count_centroids
BECKER - 0095,2,2,1.0000000000,31,31,005,0095,2020_block_count_centroids
BECKER - 0100,5,5,1.0000000000,64,64,005,0100,2020_block_count_centroids
BECKER - 0105,5,5,1.0000000000,44,44,005,0105,2020_block_count_centroids
BECKER - 0110,4,4,1.0000000000,63,63,005,0110,2020_block_count_centroids
BECKER - 0115,5,5,1.0000000000,89,89,005,0115,2020_block_count_centroids
BECKER - 0120,5,5,1.0000000000,40,40,005,0120,2020_block_count_centroids
BECKER - 0125,4,4,1.0000000000,74,74,005,0125,2020_block_count_centroids
BECKER - 0130,4,4,1.0000000000,39,39,005,0130,2020_block_count_centroids
BECKER - 0135,4,4,1.0000000000,49,49,005,0135,2020_block_count_centroids
BECKER - 0140,4,4,1.0000000000,108,108,005,0140,2020_block_count_centroids
BECKER - 0145,2,2,1.0000000000,28,28,005,0145,2020_block_count_centroids
BECKER - 0150,2,2,1.0000000000,14,14,005,0150,2020_block_count_centroids
BECKER - 0155,5,5,1.0000000000,50,50,005,0155,2020_block_count_centroids
BECKER - 0160,2,2,1.0000000000,43,43,005,0160,2020_block_count_centroids
BECKER - 0165,2,2,1.0000000000,46,46,005,0165,2020_block_count_centroids
BECKER - 0170,4,4,1.0000000000,52,52,005,0170,2020_block_count_centroids
BECKER - 0175,2,2,1.0000000000,80,80,005,0175,2020_block_count_centroids
BECKER - 0180,5,5,1.0000000000,35,35,005,0180,2020_block_count_centroids
BECKER - 0185,5,5,1.0000000000,26,26,005,0185,2020_block_count_centroids
BECKER - 0190,5,5,1.0000000000,25,25,005,0190,2020_block_count_centroids
BECKER - 0195,5,5,1.0000000000,29,29,005,0195,2020_block_count_centroids
BECKER - 0200,2,2,1.0000000000,23,23,005,0200,2020_block_count_centroids
BECKER - 0205,5,5,1.0000000000,46,46,005,0205,2020_block_count_centroids
BECKER - 0210,2,2,1.0000000000,58,58,005,0210,2020_block_count_centroids
BECKER - 0215,5,5,1.0000000000,40,40,005,0215,2020_block_count_centroids
BECKER - 0220,5,5,1.0000000000,35,35,005,0220,2020_block_count_centroids
BECKER - 0225,4,4,1.0000000000,29,29,005,0225,2020_block_count_centroids
BECKER - 0230,2,2,1.0000000000,50,50,005,0230,2020_block_count_centroids
BECKER - 0235,5,5,1.0000000000,5,5,005,0235,2020_block_count_centroids
BECKER - 0240,5,5,1.0000000000,33,33,005,0240,2020_block_count_centroids
BELTRAMI - 0005,2,2,1.0000000000,28,28,007,0005,2020_block_count_centroids
BELTRAMI - 0010,2,2,1.0000000000,9,9,007,0010,2020_block_count_centroids
BELTRAMI - 0015,2,2,1.0000000000,148,148,007,0015,2020_block_count_centroids
BELTRAMI - 0020,2,2,1.0000000000,54,54,007,0020,2020_block_count_centroids
BELTRAMI - 0025,2,2,1.0000000000,72,72,007,0025,2020_block_count_centroids
BELTRAMI - 0030,2,2,1.0000000000,60,60,007,0030,2020_block_count_centroids
BELTRAMI - 0035,2,2,1.0000000000,108,108,007,0035,2020_block_count_centroids
BELTRAMI - 0040,2,2,1.0000000000,104,104,007,0040,2020_block_count_centroids
BELTRAMI - 0045,2,2,1.0000000000,30,30,007,0045,2020_block_count_centroids
BELTRAMI - 0050,2,2,1.0000000000,21,21,007,0050,2020_block_count_centroids
BELTRAMI - 0055,2,2,1.0000000000,50,50,007,0055,2020_block_count_centroids
BELTRAMI - 0060,2,2,1.0000000000,28,28,007,0060,2020_block_count_centroids
BELTRAMI - 0065,2,2,1.0000000000,26,26,007,0065,2020_block_count_centroids
BELTRAMI - 0070,2,2,1.0000000000,29,29,007,0070,2020_block_count_centroids
BELTRAMI - 0075,2,2,1.0000000000,84,84,007,0075,2020_block_count_centroids
BELTRAMI - 0080,2,2,1.0000000000,84,84,007,0080,2020_block_count_centroids
BELTRAMI - 0085,2,2,1.0000000000,6,6,007,0085,2020_block_count_centroids
BELTRAMI - 0090,2,2,1.0000000000,48,48,007,0090,2020_block_count_centroids
BELTRAMI - 0095,2,2,1.0000000000,32,32,007,0095,2020_block_count_centroids
BELTRAMI - 0100,2,2,1.0000000000,23,23,007,0100,2020_block_count_centroids
BELTRAMI - 0105,2,2,1.0000000000,42,42,007,0105,2020_block_count_centroids
BELTRAMI - 0110,2,2,1.0000000000,25,25,007,0110,2020_block_count_centroids
BELTRAMI - 0115,2,2,1.0000000000,20,20,007,0115,2020_block_count_centroids
BELTRAMI - 0120,2,2,1.0000000000,18,18,007,0120,2020_block_count_centroids
BELTRAMI - 0125,2,2,1.0000000000,14,14,007,0125,2020_block_count_centroids
BELTRAMI - 0130,2,2,1.0000000000,57,57,007,0130,2020_block_count_centroids
BELTRAMI - 0135,2,2,1.0000000000,13,13,007,0135,2020_block_count_centroids
BELTRAMI - 0140,2,2,1.0000000000,25,25,007,0140,2020_block_count_centroids
BELTRAMI - 0145,2,2,1.0000000000,31,31,007,0145,2020_block_count_centroids
BELTRAMI - 0150,2,2,1.0000000000,15,15,007,0150,2020_block_count_centroids
BELTRAMI - 0155,2,2,1.0000000000,15,15,007,0155,2020_block_count_centroids
BELTRAMI - 0160,2,2,1.0000000000,33,33,007,0160,2020_block_count_centroids
BELTRAMI - 0165,2,2,1.0000000000,48,48,007,0165,2020_block_count_centroids
BELTRAMI - 0170,2,2,1.0000000000,157,157,007,0170,2020_block_count_centroids
BELTRAMI - 0175,2,2,1.0000000000,11,11,007,0175,2020_block_count_centroids
BELTRAMI - 0180,2,2,1.0000000000,30,30,007,0180,2020_block_count_centroids
BELTRAMI - 0185,2,2,1.0000000000,40,40,007,0185,2020_block_count_centroids
BELTRAMI - 0190,2,2,1.0000000000,24,24,007,0190,2020_block_count_centroids
BELTRAMI - 0195,2,2,1.0000000000,138,138,007,0195,2020_block_count_centroids
BELTRAMI - 0200,2,2,1.0000000000,82,82,007,0200,2020_block_count_centroids
BELTRAMI - 0205,2,2,1.0000000000,23,23,007,0205,2020_block_count_centroids
BELTRAMI - 0210,2,2,1.0000000000,25,25,007,0210,2020_block_count_centroids
BELTRAMI - 0215,2,2,1.0000000000,22,22,007,0215,2020_block_count_centroids
BELTRAMI - 0220,2,2,1.0000000000,19,19,007,0220,2020_block_count_centroids
BELTRAMI - 0225,2,2,1.0000000000,27,27,007,0225,2020_block_count_centroids
BELTRAMI - 0230,2,2,1.0000000000,21,21,007,0230,2020_block_count_centroids
BELTRAMI - 0235,2,2,1.0000000000,38,38,007,0235,2020_block_count_centroids
BELTRAMI - 0240,2,2,1.0000000000,24,24,007,0240,2020_block_count_centroids
BELTRAMI - 0245,2,2,1.0000000000,34,34,007,0245,2020_block_count_centroids
BELTRAMI - 0250,2,2,1.0000000000,39,39,007,0250,2020_block_count_centroids
BELTRAMI - 0255,2,2,1.0000000000,18,18,007,0255,2020_block_count_centroids
BELTRAMI - 0260,2,2,1.0000000000,54,54,007,0260,2020_block_count_centroids
BELTRAMI - 0265,2,2,1.0000000000,8,8,007,0265,2020_block_count_centroids
BELTRAMI - 0270,2,2,1.0000000000,39,39,007,0270,2020_block_count_centroids
BELTRAMI - 0275,2,2,1.0000000000,76,76,007,0275,2020_block_count_centroids
BELTRAMI - 0280,2,2,1.0000000000,105,105,007,0280,2020_block_count_centroids
BELTRAMI - 0285,2,2,1.0000000000,37,37,007,0285,2020_block_count_centroids
BELTRAMI - 0290,2,2,1.0000000000,32,32,007,0290,2020_block_count_centroids
BELTRAMI - 0295,2,2,1.0000000000,24,24,007,0295,2020_block_count_centroids
BELTRAMI - 0300,2,2,1.0000000000,18,18,007,0300,2020_block_count_centroids
BENTON - 0005,10,10,1.0000000000,38,38,009,0005,2020_block_count_centroids
BENTON - 0010,10,10,1.0000000000,50,50,009,0010,2020_block_count_centroids
BENTON - 0015,10,10,1.0000000000,12,12,009,0015,2020_block_count_centroids
BENTON - 0020,10,10,1.0000000000,61,61,009,0020,2020_block_count_centroids
BENTON - 0025,10,10,1.0000000000,47,47,009,0025,2020_block_count_centroids
BENTON - 0030,10,10,1.0000000000,49,49,009,0030,2020_block_count_centroids
BENTON - 0035,10,10,1.0000000000,43,43,009,0035,2020_block_count_centroids
BENTON - 0040,10,10,1.0000000000,81,81,009,0040,2020_block_count_centroids
BENTON - 0045,10,10,0.9803921569,50,51,009,0045,2020_block_count_centroids
BENTON - 0045,14,14,0.0196078431,1,51,009,0045,2020_block_count_centroids
BENTON - 0050,10,10,1.0000000000,72,72,009,0050,2020_block_count_centroids
BENTON - 0055,10,10,0.0070422535,1,142,009,0055,2020_block_count_centroids
BENTON - 0055,13,13,0.1338028169,19,142,009,0055,2020_block_count_centroids
BENTON - 0055,14,14,0.8591549296,122,142,009,0055,2020_block_count_centroids
BENTON - 0060,10,10,1.0000000000,57,57,009,0060,2020_block_count_centroids
BENTON - 0065,10,10,1.0000000000,6,6,009,0065,2020_block_count_centroids
BENTON - 0067,10,10,1.0000000000,1,1,009,0067,2020_block_count_centroids
BENTON - 0070,14,14,1.0000000000,28,28,009,0070,2020_block_count_centroids
BENTON - 0075,14,14,1.0000000000,19,19,009,0075,2020_block_count_centroids
BENTON - 0080,13,13,0.0555555556,3,54,009,0080,2020_block_count_centroids
BENTON - 0080,14,14,0.9444444444,51,54,009,0080,2020_block_count_centroids
BENTON - 0085,14,14,1.0000000000,23,23,009,0085,2020_block_count_centroids
BENTON - 0086,14,14,1.0000000000,3,3,009,0086,2020_block_count_centroids
BENTON - 0090,10,10,1.0000000000,57,57,009,0090,2020_block_count_centroids
BENTON - 0095,13,13,1.0000000000,42,42,009,0095,2020_block_count_centroids
BENTON - 0100,13,13,1.0000000000,85,85,009,0100,2020_block_count_centroids
BENTON - 0105,13,13,0.9777777778,88,90,009,0105,2020_block_count_centroids
BENTON - 0105,14,14,0.0222222222,2,90,009,0105,2020_block_count_centroids
BENTON - 0110,13,13,1.0000000000,44,44,009,0110,2020_block_count_centroids
BENTON - 0111,13,13,1.0000000000,27,27,009,0111,2020_block_count_centroids
BENTON - 0115,13,13,1.0000000000,51,51,009,0115,2020_block_count_centroids
BENTON - 0120,10,10,1.0000000000,85,85,009,0120,2020_block_count_centroids
BIG STONE - 0005,12,12,1.0000000000,74,74,011,0005,2020_block_count_centroids
BIG STONE - 0010,12,12,1.0000000000,34,34,011,0010,2020_block_count_centroids
BIG STONE - 0015,12,12,1.0000000000,48,48,011,0015,2020_block_count_centroids
BIG STONE - 0020,12,12,1.0000000000,13,13,011,0020,2020_block_count_centroids
BIG STONE - 0025,12,12,1.0000000000,50,50,011,0025,2020_block_count_centroids
BIG STONE - 0030,12,12,1.0000000000,48,48,011,0030,2020_block_count_centroids
BIG STONE - 0031,12,12,1.0000000000,29,29,011,0031,2020_block_count_centroids
BIG STONE - 0035,12,12,1.0000000000,31,31,011,0035,2020_block_count_centroids
BIG STONE - 0040,12,12,1.0000000000,11,11,011,0040,2020_block_count_centroids
BIG STONE - 0045,12,12,1.0000000000,34,34,011,0045,2020_block_count_centroids
BIG STONE - 0050,12,12,1.0000000000,53,53,011,0050,2020_block_count_centroids
BIG STONE - 0055,12,12,1.0000000000,45,45,011,0055,2020_block_count_centroids
BIG STONE - 0056,12,12,1.0000000000,12,12,011,0056,2020_block_count_centroids
BIG STONE - 0060,12,12,1.0000000000,27,27,011,0060,2020_block_count_centroids
BIG STONE - 0065,12,12,1.0000000000,39,39,011,0065,2020_block_count_centroids
BIG STONE - 0070,12,12,1.0000000000,19,19,011,0070,2020_block_count_centroids
BIG STONE - 0075,12,12,1.0000000000,43,43,011,0075,2020_block_count_centroids
BIG STONE - 0080,12,12,1.0000000000,47,47,011,0080,2020_block_count_centroids
BIG STONE - 0085,12,12,1.0000000000,68,68,011,0085,2020_block_count_centroids
BIG STONE - 0086,12,12,1.0000000000,22,22,011,0086,2020_block_count_centroids
BIG STONE - 0090,12,12,1.0000000000,32,32,011,0090,2020_block_count_centroids
BIG STONE - 0095,12,12,1.0000000000,58,58,011,0095,2020_block_count_centroids
BIG STONE - 0100,12,12,1.0000000000,32,32,011,0100,2020_block_count_centroids
BLUE EARTH - 0005,22,22,1.0000000000,23,23,013,0005,2020_block_count_centroids
BLUE EARTH - 0010,22,22,1.0000000000,36,36,013,0010,2020_block_count_centroids
BLUE EARTH - 0015,15,15,1.0000000000,45,45,013,0015,2020_block_count_centroids
BLUE EARTH - 0020,15,15,1.0000000000,51,51,013,0020,2020_block_count_centroids
BLUE EARTH - 0025,22,22,1.0000000000,59,59,013,0025,2020_block_count_centroids
BLUE EARTH - 0030,22,22,1.0000000000,54,54,013,0030,2020_block_count_centroids
BLUE EARTH - 0035,22,22,1.0000000000,67,67,013,0035,2020_block_count_centroids
BLUE EARTH - 0040,18,18,0.9347826087,43,46,013,0040,2020_block_count_centroids
BLUE EARTH - 0040,22,22,0.0652173913,3,46,013,0040,2020_block_count_centroids
BLUE EARTH - 0045,22,22,1.0000000000,86,86,013,0045,2020_block_count_centroids
BLUE EARTH - 0050,22,22,1.0000000000,25,25,013,0050,2020_block_count_centroids
BLUE EARTH - 0055,22,22,1.0000000000,66,66,013,0055,2020_block_count_centroids
BLUE EARTH - 0060,15,15,0.8090909091,89,110,013,0060,2020_block_count_centroids
BLUE EARTH - 0060,22,22,0.1909090909,21,110,013,0060,2020_block_count_centroids
BLUE EARTH - 0065,22,22,1.0000000000,89,89,013,0065,2020_block_count_centroids
BLUE EARTH - 0070,18,18,0.1037735849,11,106,013,0070,2020_block_count_centroids
BLUE EARTH - 0070,22,22,0.8962264151,95,106,013,0070,2020_block_count_centroids
BLUE EARTH - 0075,18,18,0.9846153846,64,65,013,0075,2020_block_count_centroids
BLUE EARTH - 0075,22,22,0.0153846154,1,65,013,0075,2020_block_count_centroids
BLUE EARTH - 0080,22,22,1.0000000000,64,64,013,0080,2020_block_count_centroids
BLUE EARTH - 0085,22,22,1.0000000000,74,74,013,0085,2020_block_count_centroids
BLUE EARTH - 0090,22,22,1.0000000000,77,77,013,0090,2020_block_count_centroids
BLUE EARTH - 0095,22,22,1.0000000000,30,30,013,0095,2020_block_count_centroids
BLUE EARTH - 0100,18,18,1.0000000000,26,26,013,0100,2020_block_count_centroids
BLUE EARTH - 0105,18,18,1.0000000000,58,58,013,0105,2020_block_count_centroids
BLUE EARTH - 0106,18,18,1.0000000000,73,73,013,0106,2020_block_count_centroids
BLUE EARTH - 0110,18,18,1.0000000000,44,44,013,0110,2020_block_count_centroids
BLUE EARTH - 0115,18,18,1.0000000000,28,28,013,0115,2020_block_count_centroids
BLUE EARTH - 0120,18,18,1.0000000000,56,56,013,0120,2020_block_count_centroids
BLUE EARTH - 0125,18,18,1.0000000000,12,12,013,0125,2020_block_count_centroids
BLUE EARTH - 0130,18,18,1.0000000000,20,20,013,0130,2020_block_count_centroids
BLUE EARTH - 0135,18,18,1.0000000000,56,56,013,0135,2020_block_count_centroids
BLUE EARTH - 0140,18,18,1.0000000000,1,1,013,0140,2020_block_count_centroids
BLUE EARTH - 0145,18,18,1.0000000000,26,26,013,0145,2020_block_count_centroids
BLUE EARTH - 0150,18,18,1.0000000000,75,75,013,0150,2020_block_count_centroids
BLUE EARTH - 0155,18,18,1.0000000000,32,32,013,0155,2020_block_count_centroids
BLUE EARTH - 0160,18,18,1.0000000000,12,12,013,0160,2020_block_count_centroids
BLUE EARTH - 0165,18,18,1.0000000000,2,2,013,0165,2020_block_count_centroids
BLUE EARTH - 0170,18,18,1.0000000000,20,20,013,0170,2020_block_count_centroids
BLUE EARTH - 0175,18,18,1.0000000000,22,22,013,0175,2020_block_count_centroids
BLUE EARTH - 0180,18,18,1.0000000000,37,37,013,0180,2020_block_count_centroids
BLUE EARTH - 0185,18,18,1.0000000000,15,15,013,0185,2020_block_count_centroids
BLUE EARTH - 0187,18,18,1.0000000000,18,18,013,0187,2020_block_count_centroids
BLUE EARTH - 0195,18,18,0.7723214286,173,224,013,0195,2020_block_count_centroids
BLUE EARTH - 0195,22,22,0.2276785714,51,224,013,0195,2020_block_count_centroids
BLUE EARTH - 0200,22,22,1.0000000000,63,63,013,0200,2020_block_count_centroids
BLUE EARTH - 0205,22,22,1.0000000000,56,56,013,0205,2020_block_count_centroids
BLUE EARTH - 0210,22,22,1.0000000000,69,69,013,0210,2020_block_count_centroids
BLUE EARTH - 0212,18,18,1.0000000000,2,2,013,0212,2020_block_count_centroids
BLUE EARTH - 0215,22,22,1.0000000000,17,17,013,0215,2020_block_count_centroids
BLUE EARTH - 0220,22,22,1.0000000000,84,84,013,0220,2020_block_count_centroids
BLUE EARTH - 0225,22,22,1.0000000000,73,73,013,0225,2020_block_count_centroids
BLUE EARTH - 0230,22,22,1.0000000000,21,21,013,0230,2020_block_count_centroids
BLUE EARTH - 0235,22,22,1.0000000000,65,65,013,0235,2020_block_count_centroids
BLUE EARTH - 0240,18,18,1.0000000000,3,3,013,0240,2020_block_count_centroids
BLUE EARTH - 0245,22,22,1.0000000000,99,99,013,0245,2020_block_count_centroids
BLUE EARTH - 0250,22,22,1.0000000000,58,58,013,0250,2020_block_count_centroids
BLUE EARTH - 0255,22,22,1.0000000000,21,21,013,0255,2020_block_count_centroids
BLUE EARTH - 0260,22,22,1.0000000000,67,67,013,0260,2020_block_count_centroids
BROWN - 0005,15,15,1.0000000000,53,53,015,0005,2020_block_count_centroids
BROWN - 0010,15,15,1.0000000000,46,46,015,0010,2020_block_count_centroids
BROWN - 0015,15,15,1.0000000000,47,47,015,0015,2020_block_count_centroids
BROWN - 0020,15,15,1.0000000000,12,12,015,0020,2020_block_count_centroids
BROWN - 0025,15,15,1.0000000000,28,28,015,0025,2020_block_count_centroids
BROWN - 0030,15,15,1.0000000000,54,54,015,0030,2020_block_count_centroids
BROWN - 0035,15,15,1.0000000000,59,59,015,0035,2020_block_count_centroids
BROWN - 0040,15,15,1.0000000000,13,13,015,0040,2020_block_count_centroids
BROWN - 0045,15,15,1.0000000000,25,25,015,0045,2020_block_count_centroids
BROWN - 0050,15,15,1.0000000000,83,83,015,0050,2020_block_count_centroids
BROWN - 0055,15,15,1.0000000000,33,33,015,0055,2020_block_count_centroids
BROWN - 0060,15,15,1.0000000000,47,47,015,0060,2020_block_count_centroids
BROWN - 0065,15,15,1.0000000000,46,46,015,0065,2020_block_count_centroids
BROWN - 0070,15,15,1.0000000000,78,78,015,0070,2020_block_count_centroids
BROWN - 0075,15,15,1.0000000000,46,46,015,0075,2020_block_count_centroids
BROWN - 0080,15,15,1.0000000000,66,66,015,0080,2020_block_count_centroids
BROWN - 0085,15,15,1.0000000000,89,89,015,0085,2020_block_count_centroids
BROWN - 0090,15,15,1.0000000000,62,62,015,0090,2020_block_count_centroids
BROWN - 0095,15,15,1.0000000000,93,93,015,0095,2020_block_count_centroids
BROWN - 0100,15,15,1.0000000000,30,30,015,0100,2020_block_count_centroids
BROWN - 0105,15,15,1.0000000000,48,48,015,0105,2020_block_count_centroids
BROWN - 0110,15,15,1.0000000000,38,38,015,0110,2020_block_count_centroids
BROWN - 0115,15,15,1.0000000000,27,27,015,0115,2020_block_count_centroids
BROWN - 0120,15,15,1.0000000000,56,56,015,0120,2020_block_count_centroids
BROWN - 0125,15,15,1.0000000000,58,58,015,0125,2020_block_count_centroids
BROWN - 0130,15,15,1.0000000000,52,52,015,0130,2020_block_count_centroids
BROWN - 0135,15,15,1.0000000000,72,72,015,0135,2020_block_count_centroids
BROWN - 0140,15,15,1.0000000000,68,68,015,0140,2020_block_count_centroids
BROWN - 0145,15,15,1.0000000000,61,61,015,0145,2020_block_count_centroids
BROWN - 0150,15,15,1.0000000000,49,49,015,0150,2020_block_count_centroids
BROWN - 0155,15,15,1.0000000000,32,32,015,0155,2020_block_count_centroids
BROWN - 0160,15,15,1.0000000000,61,61,015,0160,2020_block_count_centroids
CARLTON - 0005,11,11,1.0000000000,20,20,017,0005,2020_block_count_centroids
CARLTON - 0010,11,11,1.0000000000,30,30,017,0010,2020_block_count_centroids
CARLTON - 0015,11,11,1.0000000000,26,26,017,0015,2020_block_count_centroids
CARLTON - 0020,11,11,1.0000000000,72,72,017,0020,2020_block_count_centroids
CARLTON - 0025,11,11,1.0000000000,12,12,017,0025,2020_block_count_centroids
CARLTON - 0030,11,11,1.0000000000,63,63,017,0030,2020_block_count_centroids
CARLTON - 0035,11,11,1.0000000000,40,40,017,0035,2020_block_count_centroids
CARLTON - 0040,11,11,1.0000000000,72,72,017,0040,2020_block_count_centroids
CARLTON - 0045,11,11,1.0000000000,78,78,017,0045,2020_block_count_centroids
CARLTON - 0050,11,11,1.0000000000,71,71,017,0050,2020_block_count_centroids
CARLTON - 0055,11,11,1.0000000000,60,60,017,0055,2020_block_count_centroids
CARLTON - 0060,11,11,1.0000000000,77,77,017,0060,2020_block_count_centroids
CARLTON - 0065,11,11,1.0000000000,24,24,017,0065,2020_block_count_centroids
CARLTON - 0070,11,11,1.0000000000,21,21,017,0070,2020_block_count_centroids
CARLTON - 0075,11,11,1.0000000000,24,24,017,0075,2020_block_count_centroids
CARLTON - 0080,11,11,1.0000000000,37,37,017,0080,2020_block_count_centroids
CARLTON - 0085,11,11,1.0000000000,84,84,017,0085,2020_block_count_centroids
CARLTON - 0090,11,11,1.0000000000,39,39,017,0090,2020_block_count_centroids
CARLTON - 0095,11,11,1.0000000000,15,15,017,0095,2020_block_count_centroids
CARLTON - 0100,11,11,1.0000000000,26,26,017,0100,2020_block_count_centroids
CARLTON - 0105,11,11,1.0000000000,50,50,017,0105,2020_block_count_centroids
CARLTON - 0110,11,11,1.0000000000,63,63,017,0110,2020_block_count_centroids
CARLTON - 0115,11,11,1.0000000000,59,59,017,0115,2020_block_count_centroids
CARLTON - 0120,11,11,1.0000000000,34,34,017,0120,2020_block_count_centroids
CARLTON - 0125,11,11,1.0000000000,55,55,017,0125,2020_block_count_centroids
CARLTON - 0130,11,11,1.0000000000,32,32,017,0130,2020_block_count_centroids
CARLTON - 0135,11,11,1.0000000000,48,48,017,0135,2020_block_count_centroids
CARLTON - 0140,11,11,1.0000000000,27,27,017,0140,2020_block_count_centroids
CARLTON - 0145,11,11,1.0000000000,33,33,017,0145,2020_block_count_centroids
CARLTON - 0150,11,11,1.0000000000,33,33,017,0150,2020_block_count_centroids
CARLTON - 0155,11,11,1.0000000000,15,15,017,0155,2020_block_count_centroids
CARLTON - 0160,11,11,1.0000000000,28,28,017,0160,2020_block_count_centroids
CARLTON - 0165,11,11,1.0000000000,133,133,017,0165,2020_block_count_centroids
CARLTON - 0170,11,11,1.0000000000,119,119,017,0170,2020_block_count_centroids
CARLTON - 0175,11,11,1.0000000000,9,9,017,0175,2020_block_count_centroids
CARLTON - 0180,11,11,1.0000000000,26,26,017,0180,2020_block_count_centroids
CARLTON - 0185,11,11,1.0000000000,21,21,017,0185,2020_block_count_centroids
CARVER - 0005,17,17,0.0107526882,1,93,019,0005,2020_block_count_centroids
CARVER - 0005,48,48,0.9892473118,92,93,019,0005,2020_block_count_centroids
CARVER - 0010,17,17,0.9600000000,72,75,019,0010,2020_block_count_centroids
CARVER - 0010,48,48,0.0400000000,3,75,019,0010,2020_block_count_centroids
CARVER - 0015,17,17,0.9622641509,51,53,019,0015,2020_block_count_centroids
CARVER - 0015,48,48,0.0188679245,1,53,019,0015,2020_block_count_centroids
CARVER - 0015,54,54,0.0188679245,1,53,019,0015,2020_block_count_centroids
CARVER - 0020,48,48,1.0000000000,44,44,019,0020,2020_block_count_centroids
CARVER - 0025,48,48,1.0000000000,39,39,019,0025,2020_block_count_centroids
CARVER - 0030,48,48,1.0000000000,77,77,019,0030,2020_block_count_centroids
CARVER - 0035,48,48,1.0000000000,48,48,019,0035,2020_block_count_centroids
CARVER - 0036,48,48,1.0000000000,69,69,019,0036,2020_block_count_centroids
CARVER - 0037,48,48,1.0000000000,88,88,019,0037,2020_block_count_centroids
CARVER - 0040,48,48,0.9850746269,66,67,019,0040,2020_block_count_centroids
CARVER - 0040,54,54,0.0149253731,1,67,019,0040,2020_block_count_centroids
CARVER - 0045,48,48,1.0000000000,96,96,019,0045,2020_block_count_centroids
CARVER - 0050,48,48,0.9857142857,69,70,019,0050,2020_block_count_centroids
CARVER - 0050,54,54,0.0142857143,1,70,019,0050,2020_block_count_centroids
CARVER - 0055,48,48,1.0000000000,73,73,019,0055,2020_block_count_centroids
CARVER - 0060,48,48,1.0000000000,24,24,019,0060,2020_block_count_centroids
CARVER - 0065,48,48,1.0000000000,38,38,019,0065,2020_block_count_centroids
CARVER - 0070,17,17,0.9652173913,111,115,019,0070,2020_block_count_centroids
CARVER - 0070,48,48,0.0347826087,4,115,019,0070,2020_block_count_centroids
CARVER - 0075,17,17,1.0000000000,18,18,019,0075,2020_block_count_centroids
CARVER - 0080,17,17,1.0000000000,34,34,019,0080,2020_block_count_centroids
CARVER - 0085,17,17,1.0000000000,85,85,019,0085,2020_block_count_centroids
CARVER - 0090,48,48,1.0000000000,152,152,019,0090,2020_block_count_centroids
CARVER - 0095,48,48,1.0000000000,30,30,019,0095,2020_block_count_centroids
CARVER - 0100,17,17,1.0000000000,14,14,019,0100,2020_block_count_centroids
CARVER - 0105,17,17,1.0000000000,50,50,019,0105,2020_block_count_centroids
CARVER - 0110,17,17,0.9428571429,33,35,019,0110,2020_block_count_centroids
CARVER - 0110,22,22,0.0285714286,1,35,019,0110,2020_block_count_centroids
CARVER - 0110,54,54,0.0285714286,1,35,019,0110,2020_block_count_centroids
CARVER - 0115,48,48,1.0000000000,104,104,019,0115,2020_block_count_centroids
CARVER - 0120,48,48,1.0000000000,89,89,019,0120,2020_block_count_centroids
CARVER - 0125,48,48,1.0000000000,86,86,019,0125,2020_block_count_centroids
CARVER - 0130,48,48,1.0000000000,114,114,019,0130,2020_block_count_centroids
CARVER - 0135,17,17,1.0000000000,82,82,019,0135,2020_block_count_centroids
CARVER - 0140,17,17,0.9596774194,119,124,019,0140,2020_block_count_centroids
CARVER - 0140,48,48,0.0403225806,5,124,019,0140,2020_block_count_centroids
CARVER - 0145,17,17,1.0000000000,36,36,019,0145,2020_block_count_centroids
CARVER - 0150,17,17,1.0000000000,87,87,019,0150,2020_block_count_centroids
CASS - 0005,5,5,1.0000000000,23,23,021,0005,2020_block_count_centroids
CASS - 0010,5,5,1.0000000000,26,26,021,0010,2020_block_count_centroids
CASS - 0015,5,5,0.9729729730,36,37,021,0015,2020_block_count_centroids
CASS - 0015,6,6,0.0270270270,1,37,021,0015,2020_block_count_centroids
CASS - 0020,5,5,1.0000000000,33,33,021,0020,2020_block_count_centroids
CASS - 0025,2,2,1.0000000000,18,18,021,0025,2020_block_count_centroids
CASS - 0030,6,6,1.0000000000,8,8,021,0030,2020_block_count_centroids
CASS - 0035,5,5,0.9803921569,50,51,021,0035,2020_block_count_centroids
CASS - 0035,6,6,0.0196078431,1,51,021,0035,2020_block_count_centroids
CASS - 0040,6,6,1.0000000000,21,21,021,0040,2020_block_count_centroids
CASS - 0045,2,2,1.0000000000,20,20,021,0045,2020_block_count_centroids
CASS - 0050,2,2,1.0000000000,4,4,021,0050,2020_block_count_centroids
CASS - 0055,2,2,1.0000000000,11,11,021,0055,2020_block_count_centroids
CASS - 0060,5,5,1.0000000000,21,21,021,0060,2020_block_count_centroids
CASS - 0065,5,5,1.0000000000,20,20,021,0065,2020_block_count_centroids
CASS - 0070,5,5,1.0000000000,39,39,021,0070,2020_block_count_centroids
CASS - 0075,2,2,1.0000000000,98,98,021,0075,2020_block_count_centroids
CASS - 0080,5,5,1.0000000000,3,3,021,0080,2020_block_count_centroids
CASS - 0085,6,6,1.0000000000,52,52,021,0085,2020_block_count_centroids
CASS - 0090,5,5,1.0000000000,17,17,021,0090,2020_block_count_centroids
CASS - 0095,5,5,1.0000000000,48,48,021,0095,2020_block_count_centroids
CASS - 0100,5,5,1.0000000000,46,46,021,0100,2020_block_count_centroids
CASS - 0105,2,2,1.0000000000,27,27,021,0105,2020_block_count_centroids
CASS - 0110,2,2,1.0000000000,34,34,021,0110,2020_block_count_centroids
CASS - 0115,5,5,1.0000000000,23,23,021,0115,2020_block_count_centroids
CASS - 0118,2,2,1.0000000000,11,11,021,0118,2020_block_count_centroids
CASS - 0120,5,5,1.0000000000,41,41,021,0120,2020_block_count_centroids
CASS - 0125,5,5,1.0000000000,45,45,021,0125,2020_block_count_centroids
CASS - 0130,2,2,1.0000000000,35,35,021,0130,2020_block_count_centroids
CASS - 0135,2,2,1.0000000000,53,53,021,0135,2020_block_count_centroids
CASS - 0140,5,5,1.0000000000,65,65,021,0140,2020_block_count_centroids
CASS - 0145,2,2,1.0000000000,32,32,021,0145,2020_block_count_centroids
CASS - 0150,6,6,1.0000000000,22,22,021,0150,2020_block_count_centroids
CASS - 0155,2,2,1.0000000000,17,17,021,0155,2020_block_count_centroids
CASS - 0160,5,5,1.0000000000,25,25,021,0160,2020_block_count_centroids
CASS - 0165,5,5,1.0000000000,34,34,021,0165,2020_block_count_centroids
CASS - 0170,5,5,1.0000000000,45,45,021,0170,2020_block_count_centroids
CASS - 0175,5,5,1.0000000000,83,83,021,0175,2020_block_count_centroids
CASS - 0180,5,5,1.0000000000,63,63,021,0180,2020_block_count_centroids
CASS - 0184,2,2,1.0000000000,27,27,021,0184,2020_block_count_centroids
CASS - 0185,5,5,1.0000000000,17,17,021,0185,2020_block_count_centroids
CASS - 0187,5,5,1.0000000000,3,3,021,0187,2020_block_count_centroids
CASS - 0190,2,2,1.0000000000,79,79,021,0190,2020_block_count_centroids
CASS - 0195,5,5,1.0000000000,33,33,021,0195,2020_block_count_centroids
CASS - 0200,2,2,1.0000000000,55,55,021,0200,2020_block_count_centroids
CASS - 0205,5,5,1.0000000000,63,63,021,0205,2020_block_count_centroids
CASS - 0210,5,5,1.0000000000,42,42,021,0210,2020_block_count_centroids
CASS - 0215,6,6,1.0000000000,51,51,021,0215,2020_block_count_centroids
CASS - 0220,5,5,1.0000000000,36,36,021,0220,2020_block_count_centroids
CASS - 0225,5,5,1.0000000000,65,65,021,0225,2020_block_count_centroids
CASS - 0230,6,6,1.0000000000,30,30,021,0230,2020_block_count_centroids
CASS - 0235,6,6,1.0000000000,19,19,021,0235,2020_block_count_centroids
CASS - 0237,2,2,1.0000000000,12,12,021,0237,2020_block_count_centroids
CASS - 0240,2,2,1.0000000000,24,24,021,0240,2020_block_count_centroids
CASS - 0245,2,2,1.0000000000,13,13,021,0245,2020_block_count_centroids
CASS - 0250,2,2,1.0000000000,119,119,021,0250,2020_block_count_centroids
CASS - 0252,2,2,1.0000000000,10,10,021,0252,2020_block_count_centroids
CASS - 0255,6,6,1.0000000000,16,16,021,0255,2020_block_count_centroids
CASS - 0260,6,6,1.0000000000,11,11,021,0260,2020_block_count_centroids
CASS - 0262,2,2,1.0000000000,26,26,021,0262,2020_block_count_centroids
CASS - 0265,5,5,1.0000000000,118,118,021,0265,2020_block_count_centroids
CASS - 0270,6,6,1.0000000000,28,28,021,0270,2020_block_count_centroids
CASS - 0275,6,6,1.0000000000,26,26,021,0275,2020_block_count_centroids
CASS - 0280,6,6,1.0000000000,28,28,021,0280,2020_block_count_centroids
CASS - 0285,2,2,1.0000000000,55,55,021,0285,2020_block_count_centroids
CASS - 0290,2,2,0.0238095238,1,42,021,0290,2020_block_count_centroids
CASS - 0290,6,6,0.9761904762,41,42,021,0290,2020_block_count_centroids
CASS - 0295,2,2,1.0000000000,14,14,021,0295,2020_block_count_centroids
CASS - 0300,5,5,1.0000000000,43,43,021,0300,2020_block_count_centroids
CASS - 0305,2,2,1.0000000000,47,47,021,0305,2020_block_count_centroids
CASS - 0310,2,2,1.0000000000,39,39,021,0310,2020_block_count_centroids
CASS - 0312,6,6,1.0000000000,26,26,021,0312,2020_block_count_centroids
CASS - 0315,5,5,1.0000000000,36,36,021,0315,2020_block_count_centroids
CASS - 0317,2,2,1.0000000000,115,115,021,0317,2020_block_count_centroids
CASS - 0320,2,2,0.0243902439,2,82,021,0320,2020_block_count_centroids
CASS - 0320,5,5,0.0243902439,2,82,021,0320,2020_block_count_centroids
CASS - 0320,6,6,0.9512195122,78,82,021,0320,2020_block_count_centroids
CHIPPEWA - 0005,16,16,1.0000000000,54,54,023,0005,2020_block_count_centroids
CHIPPEWA - 0010,16,16,1.0000000000,75,75,023,0010,2020_block_count_centroids
CHIPPEWA - 0015,16,16,1.0000000000,38,38,023,0015,2020_block_count_centroids
CHIPPEWA - 0020,16,16,1.0000000000,51,51,023,0020,2020_block_count_centroids
CHIPPEWA - 0025,15,15,0.9756097561,40,41,023,0025,2020_block_count_centroids
CHIPPEWA - 0025,16,16,0.0243902439,1,41,023,0025,2020_block_count_centroids
CHIPPEWA - 0030,15,15,0.1780821918,13,73,023,0030,2020_block_count_centroids
CHIPPEWA - 0030,16,16,0.8219178082,60,73,023,0030,2020_block_count_centroids
CHIPPEWA - 0035,16,16,1.0000000000,49,49,023,0035,2020_block_count_centroids
CHIPPEWA - 0040,16,16,1.0000000000,65,65,023,0040,2020_block_count_centroids
CHIPPEWA - 0045,16,16,1.0000000000,56,56,023,0045,2020_block_count_centroids
CHIPPEWA - 0050,16,16,1.0000000000,56,56,023,0050,2020_block_count_centroids
CHIPPEWA - 0055,16,16,1.0000000000,45,45,023,0055,2020_block_count_centroids
CHIPPEWA - 0060,16,16,1.0000000000,68,68,023,0060,2020_block_count_centroids
CHIPPEWA - 0065,16,16,1.0000000000,34,34,023,0065,2020_block_count_centroids
CHIPPEWA - 0070,16,16,1.0000000000,28,28,023,0070,2020_block_count_centroids
CHIPPEWA - 0075,16,16,1.0000000000,43,43,023,0075,2020_block_count_centroids
CHIPPEWA - 0080,16,16,1.0000000000,65,65,023,0080,2020_block_count_centroids
CHIPPEWA - 0085,16,16,1.0000000000,45,45,023,0085,2020_block_count_centroids
CHIPPEWA - 0090,16,16,1.0000000000,60,60,023,0090,2020_block_count_centroids
CHIPPEWA - 0095,16,16,1.0000000000,46,46,023,0095,2020_block_count_centroids
CHIPPEWA - 0100,16,16,1.0000000000,51,51,023,0100,2020_block_count_centroids
CHIPPEWA - 0105,16,16,1.0000000000,43,43,023,0105,2020_block_count_centroids
CHIPPEWA - 0110,16,16,1.0000000000,66,66,023,0110,2020_block_count_centroids
CHIPPEWA - 0115,16,16,1.0000000000,90,90,023,0115,2020_block_count_centroids
CHIPPEWA - 0120,16,16,1.0000000000,53,53,023,0120,2020_block_count_centroids
CHIPPEWA - 0125,16,16,1.0000000000,93,93,023,0125,2020_block_count_centroids
CHIPPEWA - 0130,16,16,1.0000000000,23,23,023,0130,2020_block_count_centroids
CHIPPEWA - 0135,16,16,1.0000000000,41,41,023,0135,2020_block_count_centroids
CHISAGO - 0005,28,28,1.0000000000,45,45,025,0005,2020_block_count_centroids
CHISAGO - 0015,28,28,1.0000000000,22,22,025,0015,2020_block_count_centroids
CHISAGO - 0020,28,28,1.0000000000,66,66,025,0020,2020_block_count_centroids
CHISAGO - 0025,28,28,1.0000000000,115,115,025,0025,2020_block_count_centroids
CHISAGO - 0030,28,28,1.0000000000,84,84,025,0030,2020_block_count_centroids
CHISAGO - 0035,28,28,1.0000000000,92,92,025,0035,2020_block_count_centroids
CHISAGO - 0040,28,28,1.0000000000,63,63,025,0040,2020_block_count_centroids
CHISAGO - 0045,28,28,1.0000000000,68,68,025,0045,2020_block_count_centroids
CHISAGO - 0050,28,28,1.0000000000,97,97,025,0050,2020_block_count_centroids
CHISAGO - 0055,28,28,1.0000000000,82,82,025,0055,2020_block_count_centroids
CHISAGO - 0060,11,11,1.0000000000,67,67,025,0060,2020_block_count_centroids
CHISAGO - 0065,28,28,1.0000000000,110,110,025,0065,2020_block_count_centroids
CHISAGO - 0066,28,28,1.0000000000,106,106,025,0066,2020_block_count_centroids
CHISAGO - 0070,11,11,1.0000000000,60,60,025,0070,2020_block_count_centroids
CHISAGO - 0075,11,11,1.0000000000,79,79,025,0075,2020_block_count_centroids
CHISAGO - 0080,28,28,1.0000000000,15,15,025,0080,2020_block_count_centroids
CHISAGO - 0085,28,28,1.0000000000,44,44,025,0085,2020_block_count_centroids
CHISAGO - 0090,28,28,1.0000000000,33,33,025,0090,2020_block_count_centroids
CHISAGO - 0095,11,11,0.0105263158,1,95,025,0095,2020_block_count_centroids
CHISAGO - 0095,28,28,0.9894736842,94,95,025,0095,2020_block_count_centroids
CHISAGO - 0100,28,28,1.0000000000,35,35,025,0100,2020_block_count_centroids
CHISAGO - 0105,28,28,1.0000000000,53,53,025,0105,2020_block_count_centroids
CHISAGO - 0110,28,28,1.0000000000,157,157,025,0110,2020_block_count_centroids
CLAY - 0005,4,4,1.0000000000,64,64,027,0005,2020_block_count_centroids
CLAY - 0010,4,4,1.0000000000,43,43,027,0010,2020_block_count_centroids
CLAY - 0015,4,4,1.0000000000,39,39,027,0015,2020_block_count_centroids
CLAY - 0020,4,4,1.0000000000,27,27,027,0020,2020_block_count_centroids
CLAY - 0025,4,4,1.0000000000,63,63,027,0025,2020_block_count_centroids
CLAY - 0030,4,4,1.0000000000,8,8,027,0030,2020_block_count_centroids
CLAY - 0035,4,4,1.0000000000,29,29,027,0035,2020_block_count_centroids
CLAY - 0040,4,4,1.0000000000,101,101,027,0040,2020_block_count_centroids
CLAY - 0045,4,4,1.0000000000,55,55,027,0045,2020_block_count_centroids
CLAY - 0050,4,4,1.0000000000,48,48,027,0050,2020_block_count_centroids
CLAY - 0055,4,4,1.0000000000,82,82,027,0055,2020_block_count_centroids
CLAY - 0060,1,1,1.0000000000,18,18,027,0060,2020_block_count_centroids
CLAY - 0065,1,1,1.0000000000,37,37,027,0065,2020_block_count_centroids
CLAY - 0070,4,4,1.0000000000,29,29,027,0070,2020_block_count_centroids
CLAY - 0075,4,4,1.0000000000,16,16,027,0075,2020_block_count_centroids
CLAY - 0080,4,4,1.0000000000,51,51,027,0080,2020_block_count_centroids
CLAY - 0085,4,4,1.0000000000,43,43,027,0085,2020_block_count_centroids
CLAY - 0090,4,4,1.0000000000,68,68,027,0090,2020_block_count_centroids
CLAY - 0095,4,4,1.0000000000,33,33,027,0095,2020_block_count_centroids
CLAY - 0100,1,1,1.0000000000,38,38,027,0100,2020_block_count_centroids
CLAY - 0105,4,4,1.0000000000,97,97,027,0105,2020_block_count_centroids
CLAY - 0110,4,4,1.0000000000,49,49,027,0110,2020_block_count_centroids
CLAY - 0115,4,4,1.0000000000,68,68,027,0115,2020_block_count_centroids
CLAY - 0120,4,4,1.0000000000,18,18,027,0120,2020_block_count_centroids
CLAY - 0125,4,4,1.0000000000,42,42,027,0125,2020_block_count_centroids
CLAY - 0130,4,4,1.0000000000,43,43,027,0130,2020_block_count_centroids
CLAY - 0135,4,4,1.0000000000,26,26,027,0135,2020_block_count_centroids
CLAY - 0140,4,4,1.0000000000,57,57,027,0140,2020_block_count_centroids
CLAY - 0145,4,4,1.0000000000,62,62,027,0145,2020_block_count_centroids
CLAY - 0150,4,4,1.0000000000,49,49,027,0150,2020_block_count_centroids
CLAY - 0155,4,4,1.0000000000,52,52,027,0155,2020_block_count_centroids
CLAY - 0160,4,4,1.0000000000,108,108,027,0160,2020_block_count_centroids
CLAY - 0165,4,4,1.0000000000,117,117,027,0165,2020_block_count_centroids
CLAY - 0170,4,4,1.0000000000,59,59,027,0170,2020_block_count_centroids
CLAY - 0175,4,4,1.0000000000,18,18,027,0175,2020_block_count_centroids
CLAY - 0180,4,4,1.0000000000,21,21,027,0180,2020_block_count_centroids
CLAY - 0185,4,4,1.0000000000,57,57,027,0185,2020_block_count_centroids
CLAY - 0190,4,4,1.0000000000,25,25,027,0190,2020_block_count_centroids
CLAY - 0195,4,4,1.0000000000,39,39,027,0195,2020_block_count_centroids
CLAY - 0200,4,4,1.0000000000,49,49,027,0200,2020_block_count_centroids
CLAY - 0205,4,4,1.0000000000,51,51,027,0205,2020_block_count_centroids
CLAY - 0210,4,4,1.0000000000,60,60,027,0210,2020_block_count_centroids
CLAY - 0215,4,4,1.0000000000,175,175,027,0215,2020_block_count_centroids
CLAY - 0220,4,4,1.0000000000,39,39,027,0220,2020_block_count_centroids
CLAY - 0225,4,4,1.0000000000,82,82,027,0225,2020_block_count_centroids
CLAY - 0230,4,4,1.0000000000,34,34,027,0230,2020_block_count_centroids
CLAY - 0235,4,4,1.0000000000,37,37,027,0235,2020_block_count_centroids
CLAY - 0240,4,4,1.0000000000,18,18,027,0240,2020_block_count_centroids
CLAY - 0245,4,4,1.0000000000,35,35,027,0245,2020_block_count_centroids
CLAY - 0250,4,4,1.0000000000,24,24,027,0250,2020_block_count_centroids
CLAY - 0255,4,4,1.0000000000,32,32,027,0255,2020_block_count_centroids
CLAY - 0260,1,1,1.0000000000,33,33,027,0260,2020_block_count_centroids
CLAY - 0265,1,1,1.0000000000,29,29,027,0265,2020_block_count_centroids
CLAY - 0270,4,4,1.0000000000,37,37,027,0270,2020_block_count_centroids
CLEARWATER - 0005,2,2,1.0000000000,102,102,029,0005,2020_block_count_centroids
CLEARWATER - 0010,2,2,1.0000000000,19,19,029,0010,2020_block_count_centroids
CLEARWATER - 0015,2,2,1.0000000000,45,45,029,0015,2020_block_count_centroids
CLEARWATER - 0020,2,2,1.0000000000,12,12,029,0020,2020_block_count_centroids
CLEARWATER - 0025,2,2,1.0000000000,73,73,029,0025,2020_block_count_centroids
CLEARWATER - 0030,2,2,1.0000000000,33,33,029,0030,2020_block_count_centroids
CLEARWATER - 0035,2,2,1.0000000000,34,34,029,0035,2020_block_count_centroids
CLEARWATER - 0040,2,2,1.0000000000,25,25,029,0040,2020_block_count_centroids
CLEARWATER - 0045,2,2,1.0000000000,35,35,029,0045,2020_block_count_centroids
CLEARWATER - 0050,2,2,1.0000000000,15,15,029,0050,2020_block_count_centroids
CLEARWATER - 0055,2,2,1.0000000000,69,69,029,0055,2020_block_count_centroids
CLEARWATER - 0060,2,2,1.0000000000,40,40,029,0060,2020_block_count_centroids
CLEARWATER - 0065,2,2,1.0000000000,41,41,029,0065,2020_block_count_centroids
CLEARWATER - 0070,2,2,1.0000000000,73,73,029,0070,2020_block_count_centroids
CLEARWATER - 0075,2,2,1.0000000000,41,41,029,0075,2020_block_count_centroids
CLEARWATER - 0080,2,2,1.0000000000,14,14,029,0080,2020_block_count_centroids
CLEARWATER - 0085,2,2,1.0000000000,33,33,029,0085,2020_block_count_centroids
CLEARWATER - 0090,2,2,1.0000000000,19,19,029,0090,2020_block_count_centroids
CLEARWATER - 0095,2,2,1.0000000000,30,30,029,0095,2020_block_count_centroids
CLEARWATER - 0100,2,2,1.0000000000,59,59,029,0100,2020_block_count_centroids
CLEARWATER - 0105,2,2,1.0000000000,53,53,029,0105,2020_block_count_centroids
CLEARWATER - 0110,2,2,1.0000000000,58,58,029,0110,2020_block_count_centroids
CLEARWATER - 0115,2,2,1.0000000000,20,20,029,0115,2020_block_count_centroids
CLEARWATER - 0120,2,2,1.0000000000,39,39,029,0120,2020_block_count_centroids
CLEARWATER - 0125,2,2,1.0000000000,26,26,029,0125,2020_block_count_centroids
CLEARWATER - 0130,2,2,1.0000000000,25,25,029,0130,2020_block_count_centroids
CLEARWATER - 0135,2,2,1.0000000000,19,19,029,0135,2020_block_count_centroids
CLEARWATER - 0140,2,2,1.0000000000,57,57,029,0140,2020_block_count_centroids
COOK - 0001,3,3,1.0000000000,66,66,031,0001,2020_block_count_centroids
COOK - 0002,3,3,1.0000000000,82,82,031,0002,2020_block_count_centroids
COOK - 0003,3,3,1.0000000000,139,139,031,0003,2020_block_count_centroids
COOK - 0004,3,3,1.0000000000,261,261,031,0004,2020_block_count_centroids
COOK - 0005,3,3,1.0000000000,43,43,031,0005,2020_block_count_centroids
COOK - 0006,3,3,1.0000000000,25,25,031,0006,2020_block_count_centroids
COOK - 0007,3,3,1.0000000000,83,83,031,0007,2020_block_count_centroids
COOK - 0008,3,3,1.0000000000,101,101,031,0008,2020_block_count_centroids
COOK - 0009,3,3,1.0000000000,97,97,031,0009,2020_block_count_centroids
COOK - 0010,3,3,1.0000000000,100,100,031,0010,2020_block_count_centroids
COOK - 003A,3,3,1.0000000000,1,1,031,003A,2020_block_count_centroids
COOK - 005A,3,3,1.0000000000,8,8,031,005A,2020_block_count_centroids
COOK - 008A,3,3,1.0000000000,27,27,031,008A,2020_block_count_centroids
COOK - ZZZZZZ,3,3,1.0000000000,14,14,031,ZZZZZZ,2020_block_count_centroids
COTTONWOOD - 0005,21,21,1.0000000000,42,42,033,0005,2020_block_count_centroids
COTTONWOOD - 0010,21,21,1.0000000000,49,49,033,0010,2020_block_count_centroids
COTTONWOOD - 0015,21,21,1.0000000000,45,45,033,0015,2020_block_count_centroids
COTTONWOOD - 0020,21,21,1.0000000000,24,24,033,0020,2020_block_count_centroids
COTTONWOOD - 0025,21,21,1.0000000000,48,48,033,0025,2020_block_count_centroids
COTTONWOOD - 0030,21,21,1.0000000000,2,2,033,0030,2020_block_count_centroids
COTTONWOOD - 0035,21,21,1.0000000000,43,43,033,0035,2020_block_count_centroids
COTTONWOOD - 0040,21,21,1.0000000000,53,53,033,0040,2020_block_count_centroids
COTTONWOOD - 0045,21,21,1.0000000000,46,46,033,0045,2020_block_count_centroids
COTTONWOOD - 0050,21,21,1.0000000000,56,56,033,0050,2020_block_count_centroids
COTTONWOOD - 0055,21,21,1.0000000000,45,45,033,0055,2020_block_count_centroids
COTTONWOOD - 0060,21,21,1.0000000000,41,41,033,0060,2020_block_count_centroids
COTTONWOOD - 0065,21,21,1.0000000000,69,69,033,0065,2020_block_count_centroids
COTTONWOOD - 0070,21,21,1.0000000000,58,58,033,0070,2020_block_count_centroids
COTTONWOOD - 0075,21,21,1.0000000000,38,38,033,0075,2020_block_count_centroids
COTTONWOOD - 0080,21,21,1.0000000000,40,40,033,0080,2020_block_count_centroids
COTTONWOOD - 0085,21,21,1.0000000000,53,53,033,0085,2020_block_count_centroids
COTTONWOOD - 0090,21,21,1.0000000000,45,45,033,0090,2020_block_count_centroids
COTTONWOOD - 0095,21,21,1.0000000000,50,50,033,0095,2020_block_count_centroids
COTTONWOOD - 0100,21,21,1.0000000000,50,50,033,0100,2020_block_count_centroids
COTTONWOOD - 0105,21,21,1.0000000000,57,57,033,0105,2020_block_count_centroids
COTTONWOOD - 0110,21,21,1.0000000000,17,17,033,0110,2020_block_count_centroids
COTTONWOOD - 0115,21,21,1.0000000000,64,64,033,0115,2020_block_count_centroids
COTTONWOOD - 0120,21,21,1.0000000000,82,82,033,0120,2020_block_count_centroids
COTTONWOOD - 0125,21,21,1.0000000000,57,57,033,0125,2020_block_count_centroids
COTTONWOOD - 0130,21,21,1.0000000000,36,36,033,0130,2020_block_count_centroids
COTTONWOOD - 0135,21,21,1.0000000000,27,27,033,0135,2020_block_count_centroids
COTTONWOOD - 0140,21,21,1.0000000000,23,23,033,0140,2020_block_count_centroids
COTTONWOOD - 0145,21,21,1.0000000000,106,106,033,0145,2020_block_count_centroids
CROW WING - 0005,6,6,1.0000000000,170,170,035,0005,2020_block_count_centroids
CROW WING - 0010,6,6,1.0000000000,80,80,035,0010,2020_block_count_centroids
CROW WING - 0015,6,6,1.0000000000,59,59,035,0015,2020_block_count_centroids
CROW WING - 0016,6,6,1.0000000000,37,37,035,0016,2020_block_count_centroids
CROW WING - 0020,6,6,1.0000000000,93,93,035,0020,2020_block_count_centroids
CROW WING - 0025,6,6,1.0000000000,83,83,035,0025,2020_block_count_centroids
CROW WING - 0035,6,6,1.0000000000,107,107,035,0035,2020_block_count_centroids
CROW WING - 0040,6,6,1.0000000000,108,108,035,0040,2020_block_count_centroids
CROW WING - 0045,6,6,1.0000000000,79,79,035,0045,2020_block_count_centroids
CROW WING - 0050,6,6,1.0000000000,50,50,035,0050,2020_block_count_centroids
CROW WING - 0055,6,6,1.0000000000,157,157,035,0055,2020_block_count_centroids
CROW WING - 0060,6,6,1.0000000000,77,77,035,0060,2020_block_count_centroids
CROW WING - 0065,6,6,1.0000000000,60,60,035,0065,2020_block_count_centroids
CROW WING - 0070,6,6,1.0000000000,57,57,035,0070,2020_block_count_centroids
CROW WING - 0075,6,6,1.0000000000,145,145,035,0075,2020_block_count_centroids
CROW WING - 0080,6,6,1.0000000000,75,75,035,0080,2020_block_count_centroids
CROW WING - 0085,6,6,1.0000000000,22,22,035,0085,2020_block_count_centroids
CROW WING - 0090,10,10,1.0000000000,47,47,035,0090,2020_block_count_centroids
CROW WING - 0095,6,6,1.0000000000,80,80,035,0095,2020_block_count_centroids
CROW WING - 0100,6,6,1.0000000000,22,22,035,0100,2020_block_count_centroids
CROW WING - 0105,6,6,1.0000000000,38,38,035,0105,2020_block_count_centroids
CROW WING - 0110,6,6,1.0000000000,51,51,035,0110,2020_block_count_centroids
CROW WING - 0115,6,6,1.0000000000,57,57,035,0115,2020_block_count_centroids
CROW WING - 0120,6,6,1.0000000000,53,53,035,0120,2020_block_count_centroids
CROW WING - 0125,6,6,1.0000000000,38,38,035,0125,2020_block_count_centroids
CROW WING - 0130,10,10,1.0000000000,14,14,035,0130,2020_block_count_centroids
CROW WING - 0135,10,10,1.0000000000,51,51,035,0135,2020_block_count_centroids
CROW WING - 0140,6,6,1.0000000000,13,13,035,0140,2020_block_count_centroids
CROW WING - 0145,6,6,1.0000000000,21,21,035,0145,2020_block_count_centroids
CROW WING - 0150,6,6,1.0000000000,76,76,035,0150,2020_block_count_centroids
CROW WING - 0155,6,6,1.0000000000,89,89,035,0155,2020_block_count_centroids
CROW WING - 0160,6,6,1.0000000000,56,56,035,0160,2020_block_count_centroids
CROW WING - 0165,6,6,1.0000000000,39,39,035,0165,2020_block_count_centroids
CROW WING - 0170,6,6,1.0000000000,61,61,035,0170,2020_block_count_centroids
CROW WING - 0175,6,6,1.0000000000,36,36,035,0175,2020_block_count_centroids
CROW WING - 0180,6,6,1.0000000000,38,38,035,0180,2020_block_count_centroids
CROW WING - 0185,6,6,1.0000000000,93,93,035,0185,2020_block_count_centroids
CROW WING - 0190,6,6,1.0000000000,120,120,035,0190,2020_block_count_centroids
CROW WING - 0195,6,6,1.0000000000,26,26,035,0195,2020_block_count_centroids
CROW WING - 0200,6,6,0.0625000000,4,64,035,0200,2020_block_count_centroids
CROW WING - 0200,10,10,0.9375000000,60,64,035,0200,2020_block_count_centroids
CROW WING - 0205,6,6,1.0000000000,6,6,035,0205,2020_block_count_centroids
CROW WING - 0210,6,6,0.0303030303,1,33,035,0210,2020_block_count_centroids
CROW WING - 0210,10,10,0.9696969697,32,33,035,0210,2020_block_count_centroids
CROW WING - 0215,6,6,1.0000000000,52,52,035,0215,2020_block_count_centroids
CROW WING - 0220,6,6,1.0000000000,96,96,035,0220,2020_block_count_centroids
CROW WING - 0225,6,6,1.0000000000,47,47,035,0225,2020_block_count_centroids
CROW WING - 0230,6,6,1.0000000000,128,128,035,0230,2020_block_count_centroids
CROW WING - 0235,6,6,1.0000000000,36,36,035,0235,2020_block_count_centroids
CROW WING - 0240,6,6,1.0000000000,52,52,035,0240,2020_block_count_centroids
CROW WING - 0245,6,6,1.0000000000,31,31,035,0245,2020_block_count_centroids
CROW WING - 0250,10,10,1.0000000000,30,30,035,0250,2020_block_count_centroids
CROW WING - 0255,6,6,1.0000000000,37,37,035,0255,2020_block_count_centroids
CROW WING - 0257,6,6,1.0000000000,13,13,035,0257,2020_block_count_centroids
CROW WING - 0260,10,10,1.0000000000,65,65,035,0260,2020_block_count_centroids
CROW WING - 0265,6,6,1.0000000000,46,46,035,0265,2020_block_count_centroids
CROW WING - 0270,6,6,1.0000000000,52,52,035,0270,2020_block_count_centroids
CROW WING - 0275,10,10,1.0000000000,38,38,035,0275,2020_block_count_centroids
CROW WING - 0280,6,6,1.0000000000,16,16,035,0280,2020_block_count_centroids
CROW WING - 0285,6,6,1.0000000000,21,21,035,0285,2020_block_count_centroids
CROW WING - 0290,6,6,1.0000000000,27,27,035,0290,2020_block_count_centroids
DAKOTA - 0005,55,55,0.0444444444,2,45,037,0005,2020_block_count_centroids
DAKOTA - 0005,56,56,0.9555555556,43,45,037,0005,2020_block_count_centroids
DAKOTA - 0010,56,56,1.0000000000,21,21,037,0010,2020_block_count_centroids
DAKOTA - 0015,56,56,1.0000000000,25,25,037,0015,2020_block_count_centroids
DAKOTA - 0020,56,56,1.0000000000,39,39,037,0020,2020_block_count_centroids
DAKOTA - 0025,52,52,0.0909090909,5,55,037,0025,2020_block_count_centroids
DAKOTA - 0025,56,56,0.9090909091,50,55,037,0025,2020_block_count_centroids
DAKOTA - 0030,56,56,1.0000000000,33,33,037,0030,2020_block_count_centroids
DAKOTA - 0035,56,56,1.0000000000,25,25,037,0035,2020_block_count_centroids
DAKOTA - 0040,56,56,1.0000000000,36,36,037,0040,2020_block_count_centroids
DAKOTA - 0045,56,56,1.0000000000,21,21,037,0045,2020_block_count_centroids
DAKOTA - 0050,56,56,1.0000000000,27,27,037,0050,2020_block_count_centroids
DAKOTA - 0055,56,56,1.0000000000,29,29,037,0055,2020_block_count_centroids
DAKOTA - 0056,56,56,1.0000000000,131,131,037,0056,2020_block_count_centroids
DAKOTA - 0057,56,56,1.0000000000,82,82,037,0057,2020_block_count_centroids
DAKOTA - 0060,52,52,0.9245283019,49,53,037,0060,2020_block_count_centroids
DAKOTA - 0060,55,55,0.0754716981,4,53,037,0060,2020_block_count_centroids
DAKOTA - 0065,55,55,1.0000000000,47,47,037,0065,2020_block_count_centroids
DAKOTA - 0070,55,55,1.0000000000,38,38,037,0070,2020_block_count_centroids
DAKOTA - 0075,55,55,1.0000000000,37,37,037,0075,2020_block_count_centroids
DAKOTA - 0080,55,55,1.0000000000,37,37,037,0080,2020_block_count_centroids
DAKOTA - 0085,52,52,1.0000000000,21,21,037,0085,2020_block_count_centroids
DAKOTA - 0090,55,55,1.0000000000,27,27,037,0090,2020_block_count_centroids
DAKOTA - 0095,55,55,1.0000000000,47,47,037,0095,2020_block_count_centroids
DAKOTA - 0100,55,55,0.9852941176,67,68,037,0100,2020_block_count_centroids
DAKOTA - 0100,56,56,0.0147058824,1,68,037,0100,2020_block_count_centroids
DAKOTA - 0105,52,52,0.9743589744,38,39,037,0105,2020_block_count_centroids
DAKOTA - 0105,56,56,0.0256410256,1,39,037,0105,2020_block_count_centroids
DAKOTA - 0106,55,55,1.0000000000,63,63,037,0106,2020_block_count_centroids
DAKOTA - 0107,55,55,1.0000000000,60,60,037,0107,2020_block_count_centroids
DAKOTA - 0108,55,55,1.0000000000,72,72,037,0108,2020_block_count_centroids
DAKOTA - 0110,58,58,1.0000000000,69,69,037,0110,2020_block_count_centroids
DAKOTA - 0115,58,58,1.0000000000,10,10,037,0115,2020_block_count_centroids
DAKOTA - 0120,20,20,1.0000000000,37,37,037,0120,2020_block_count_centroids
DAKOTA - 0125,52,52,0.9918032787,121,122,037,0125,2020_block_count_centroids
DAKOTA - 0125,53,53,0.0081967213,1,122,037,0125,2020_block_count_centroids
DAKOTA - 0130,52,52,1.0000000000,10,10,037,0130,2020_block_count_centroids
DAKOTA - 0135,52,52,1.0000000000,64,64,037,0135,2020_block_count_centroids
DAKOTA - 0140,52,52,1.0000000000,34,34,037,0140,2020_block_count_centroids
DAKOTA - 0145,52,52,1.0000000000,20,20,037,0145,2020_block_count_centroids
DAKOTA - 0150,52,52,1.0000000000,30,30,037,0150,2020_block_count_centroids
DAKOTA - 0155,52,52,1.0000000000,56,56,037,0155,2020_block_count_centroids
DAKOTA - 0160,52,52,1.0000000000,32,32,037,0160,2020_block_count_centroids
DAKOTA - 0165,52,52,1.0000000000,32,32,037,0165,2020_block_count_centroids
DAKOTA - 0170,52,52,1.0000000000,29,29,037,0170,2020_block_count_centroids
DAKOTA - 0175,52,52,1.0000000000,40,40,037,0175,2020_block_count_centroids
DAKOTA - 0180,52,52,1.0000000000,46,46,037,0180,2020_block_count_centroids
DAKOTA - 0185,52,52,1.0000000000,25,25,037,0185,2020_block_count_centroids
DAKOTA - 0190,52,52,1.0000000000,31,31,037,0190,2020_block_count_centroids
DAKOTA - 0191,52,52,1.0000000000,14,14,037,0191,2020_block_count_centroids
DAKOTA - 0192,52,52,1.0000000000,27,27,037,0192,2020_block_count_centroids
DAKOTA - 0193,52,52,0.8387096774,26,31,037,0193,2020_block_count_centroids
DAKOTA - 0193,53,53,0.1612903226,5,31,037,0193,2020_block_count_centroids
DAKOTA - 0194,52,52,1.0000000000,31,31,037,0194,2020_block_count_centroids
DAKOTA - 0195,57,57,0.0095238095,1,105,037,0195,2020_block_count_centroids
DAKOTA - 0195,58,58,0.9904761905,104,105,037,0195,2020_block_count_centroids
DAKOTA - 0196,52,52,0.5789473684,11,19,037,0196,2020_block_count_centroids
DAKOTA - 0196,56,56,0.4210526316,8,19,037,0196,2020_block_count_centroids
DAKOTA - 0197,52,52,0.2692307692,14,52,037,0197,2020_block_count_centroids
DAKOTA - 0197,56,56,0.7307692308,38,52,037,0197,2020_block_count_centroids
DAKOTA - 0198,52,52,1.0000000000,21,21,037,0198,2020_block_count_centroids
DAKOTA - 0200,57,57,1.0000000000,66,66,037,0200,2020_block_count_centroids
DAKOTA - 0205,57,57,0.0074074074,1,135,037,0205,2020_block_count_centroids
DAKOTA - 0205,58,58,0.9925925926,134,135,037,0205,2020_block_count_centroids
DAKOTA - 0210,58,58,1.0000000000,64,64,037,0210,2020_block_count_centroids
DAKOTA - 0215,57,57,0.0094339623,1,106,037,0215,2020_block_count_centroids
DAKOTA - 0215,58,58,0.9905660377,105,106,037,0215,2020_block_count_centroids
DAKOTA - 0220,58,58,1.0000000000,46,46,037,0220,2020_block_count_centroids
DAKOTA - 0225,58,58,1.0000000000,23,23,037,0225,2020_block_count_centroids
DAKOTA - 0230,58,58,1.0000000000,66,66,037,0230,2020_block_count_centroids
DAKOTA - 0235,41,41,0.9871794872,154,156,037,0235,2020_block_count_centroids
DAKOTA - 0235,58,58,0.0128205128,2,156,037,0235,2020_block_count_centroids
DAKOTA - 0240,41,41,1.0000000000,115,115,037,0240,2020_block_count_centroids
DAKOTA - 0245,41,41,1.0000000000,98,98,037,0245,2020_block_count_centroids
DAKOTA - 0250,41,41,1.0000000000,61,61,037,0250,2020_block_count_centroids
DAKOTA - 0255,53,53,1.0000000000,40,40,037,0255,2020_block_count_centroids
DAKOTA - 0260,53,53,1.0000000000,115,115,037,0260,2020_block_count_centroids
DAKOTA - 0265,53,53,0.9818181818,54,55,037,0265,2020_block_count_centroids
DAKOTA - 0265,58,58,0.0181818182,1,55,037,0265,2020_block_count_centroids
DAKOTA - 0270,53,53,1.0000000000,73,73,037,0270,2020_block_count_centroids
DAKOTA - 0275,53,53,1.0000000000,64,64,037,0275,2020_block_count_centroids
DAKOTA - 0280,53,53,1.0000000000,48,48,037,0280,2020_block_count_centroids
DAKOTA - 0281,53,53,1.0000000000,10,10,037,0281,2020_block_count_centroids
DAKOTA - 0285,53,53,1.0000000000,38,38,037,0285,2020_block_count_centroids
DAKOTA - 0286,53,53,1.0000000000,47,47,037,0286,2020_block_count_centroids
DAKOTA - 0287,53,53,1.0000000000,10,10,037,0287,2020_block_count_centroids
DAKOTA - 0290,57,57,1.0000000000,152,152,037,0290,2020_block_count_centroids
DAKOTA - 0295,57,57,1.0000000000,118,118,037,0295,2020_block_count_centroids
DAKOTA - 0300,57,57,1.0000000000,79,79,037,0300,2020_block_count_centroids
DAKOTA - 0305,57,57,1.0000000000,47,47,037,0305,2020_block_count_centroids
DAKOTA - 0310,57,57,1.0000000000,43,43,037,0310,2020_block_count_centroids
DAKOTA - 0311,57,57,1.0000000000,36,36,037,0311,2020_block_count_centroids
DAKOTA - 0312,57,57,1.0000000000,22,22,037,0312,2020_block_count_centroids
DAKOTA - 0313,57,57,1.0000000000,197,197,037,0313,2020_block_count_centroids
DAKOTA - 0314,57,57,1.0000000000,72,72,037,0314,2020_block_count_centroids
DAKOTA - 0315,52,52,0.2380952381,5,21,037,0315,2020_block_count_centroids
DAKOTA - 0315,53,53,0.7619047619,16,21,037,0315,2020_block_count_centroids
DAKOTA - 0316,57,57,1.0000000000,22,22,037,0316,2020_block_count_centroids
DAKOTA - 0317,57,57,1.0000000000,31,31,037,0317,2020_block_count_centroids
DAKOTA - 0320,41,41,0.1458333333,7,48,037,0320,2020_block_count_centroids
DAKOTA - 0320,58,58,0.8541666667,41,48,037,0320,2020_block_count_centroids
DAKOTA - 0325,52,52,1.0000000000,20,20,037,0325,2020_block_count_centroids
DAKOTA - 0330,52,52,0.0384615385,2,52,037,0330,2020_block_count_centroids
DAKOTA - 0330,53,53,0.9615384615,50,52,037,0330,2020_block_count_centroids
DAKOTA - 0335,52,52,0.9736842105,37,38,037,0335,2020_block_count_centroids
DAKOTA - 0335,53,53,0.0263157895,1,38,037,0335,2020_block_count_centroids
DAKOTA - 0340,52,52,1.0000000000,92,92,037,0340,2020_block_count_centroids
DAKOTA - 0345,52,52,1.0000000000,36,36,037,0345,2020_block_count_centroids
DAKOTA - 0347,52,52,1.0000000000,30,30,037,0347,2020_block_count_centroids
DAKOTA - 0350,20,20,1.0000000000,4,4,037,0350,2020_block_count_centroids
DAKOTA - 0355,58,58,1.0000000000,7,7,037,0355,2020_block_count_centroids
DAKOTA - 0360,41,41,1.0000000000,39,39,037,0360,2020_block_count_centroids
DAKOTA - 0365,58,58,1.0000000000,10,10,037,0365,2020_block_count_centroids
DAKOTA - 0366,58,58,1.0000000000,3,3,037,0366,2020_block_count_centroids
DAKOTA - 0370,58,58,1.0000000000,27,27,037,0370,2020_block_count_centroids
DAKOTA - 0375,58,58,1.0000000000,50,50,037,0375,2020_block_count_centroids
DAKOTA - 0380,41,41,0.0816326531,4,49,037,0380,2020_block_count_centroids
DAKOTA - 0380,58,58,0.9183673469,45,49,037,0380,2020_block_count_centroids
DAKOTA - 0382,58,58,1.0000000000,14,14,037,0382,2020_block_count_centroids
DAKOTA - 0385,56,56,1.0000000000,73,73,037,0385,2020_block_count_centroids
DAKOTA - 0390,56,56,1.0000000000,25,25,037,0390,2020_block_count_centroids
DAKOTA - 0395,56,56,1.0000000000,21,21,037,0395,2020_block_count_centroids
DAKOTA - 0400,56,56,0.7037037037,38,54,037,0400,2020_block_count_centroids
DAKOTA - 0400,58,58,0.2962962963,16,54,037,0400,2020_block_count_centroids
DAKOTA - 0401,56,56,0.6685393258,119,178,037,0401,2020_block_count_centroids
DAKOTA - 0401,58,58,0.3314606742,59,178,037,0401,2020_block_count_centroids
DAKOTA - 0405,58,58,1.0000000000,30,30,037,0405,2020_block_count_centroids
DAKOTA - 0410,53,53,1.0000000000,112,112,037,0410,2020_block_count_centroids
DAKOTA - 0425,53,53,1.0000000000,119,119,037,0425,2020_block_count_centroids
DAKOTA - 0440,53,53,1.0000000000,118,118,037,0440,2020_block_count_centroids
DAKOTA - 0455,52,52,0.1000000000,1,10,037,0455,2020_block_count_centroids
DAKOTA - 0455,53,53,0.9000000000,9,10,037,0455,2020_block_count_centroids
DAKOTA - 0460,58,58,1.0000000000,14,14,037,0460,2020_block_count_centroids
DAKOTA - 0465,58,58,1.0000000000,75,75,037,0465,2020_block_count_centroids
DAKOTA - 0470,58,58,1.0000000000,53,53,037,0470,2020_block_count_centroids
DAKOTA - 0475,65,65,1.0000000000,31,31,037,0475,2020_block_count_centroids
DAKOTA - 0480,53,53,0.3793103448,11,29,037,0480,2020_block_count_centroids
DAKOTA - 0480,65,65,0.6206896552,18,29,037,0480,2020_block_count_centroids
DAKOTA - 0485,53,53,1.0000000000,22,22,037,0485,2020_block_count_centroids
DAKOTA - 0490,65,65,1.0000000000,41,41,037,0490,2020_block_count_centroids
DAKOTA - 0495,53,53,0.0606060606,2,33,037,0495,2020_block_count_centroids
DAKOTA - 0495,65,65,0.9393939394,31,33,037,0495,2020_block_count_centroids
DAKOTA - 0500,53,53,0.9285714286,13,14,037,0500,2020_block_count_centroids
DAKOTA - 0500,65,65,0.0714285714,1,14,037,0500,2020_block_count_centroids
DAKOTA - 0505,65,65,1.0000000000,36,36,037,0505,2020_block_count_centroids
DAKOTA - 0510,53,53,0.7200000000,18,25,037,0510,2020_block_count_centroids
DAKOTA - 0510,65,65,0.2800000000,7,25,037,0510,2020_block_count_centroids
DAKOTA - 0515,53,53,1.0000000000,25,25,037,0515,2020_block_count_centroids
DODGE - 0005,24,24,1.0000000000,62,62,039,0005,2020_block_count_centroids
DODGE - 0007,24,24,1.0000000000,2,2,039,0007,2020_block_count_centroids
DODGE - 0010,24,24,1.0000000000,53,53,039,0010,2020_block_count_centroids
DODGE - 0015,24,24,1.0000000000,32,32,039,0015,2020_block_count_centroids
DODGE - 0020,24,24,1.0000000000,51,51,039,0020,2020_block_count_centroids
DODGE - 0025,24,24,1.0000000000,61,61,039,0025,2020_block_count_centroids
DODGE - 0030,24,24,1.0000000000,90,90,039,0030,2020_block_count_centroids
DODGE - 0035,24,24,1.0000000000,36,36,039,0035,2020_block_count_centroids
DODGE - 0040,24,24,1.0000000000,63,63,039,0040,2020_block_count_centroids
DODGE - 0045,24,24,1.0000000000,38,38,039,0045,2020_block_count_centroids
DODGE - 0050,24,24,1.0000000000,83,83,039,0050,2020_block_count_centroids
DODGE - 0051,24,24,1.0000000000,47,47,039,0051,2020_block_count_centroids
DODGE - 0055,24,24,1.0000000000,45,45,039,0055,2020_block_count_centroids
DODGE - 0060,24,24,1.0000000000,117,117,039,0060,2020_block_count_centroids
DODGE - 0065,24,24,1.0000000000,92,92,039,0065,2020_block_count_centroids
DODGE - 0070,24,24,1.0000000000,35,35,039,0070,2020_block_count_centroids
DODGE - 0075,24,24,1.0000000000,58,58,039,0075,2020_block_count_centroids
DODGE - 0080,24,24,1.0000000000,90,90,039,0080,2020_block_count_centroids
DODGE - 0085,24,24,1.0000000000,64,64,039,0085,2020_block_count_centroids
DODGE - 0090,24,24,1.0000000000,68,68,039,0090,2020_block_count_centroids
DOUGLAS - 0005,12,12,1.0000000000,96,96,041,0005,2020_block_count_centroids
DOUGLAS - 0010,12,12,1.0000000000,48,48,041,0010,2020_block_count_centroids
DOUGLAS - 0015,12,12,1.0000000000,49,49,041,0015,2020_block_count_centroids
DOUGLAS - 0020,12,12,1.0000000000,72,72,041,0020,2020_block_count_centroids
DOUGLAS - 0025,12,12,1.0000000000,53,53,041,0025,2020_block_count_centroids
DOUGLAS - 0030,12,12,1.0000000000,157,157,041,0030,2020_block_count_centroids
DOUGLAS - 0035,12,12,1.0000000000,45,45,041,0035,2020_block_count_centroids
DOUGLAS - 0040,9,9,1.0000000000,29,29,041,0040,2020_block_count_centroids
DOUGLAS - 0045,9,9,1.0000000000,63,63,041,0045,2020_block_count_centroids
DOUGLAS - 0050,12,12,1.0000000000,28,28,041,0050,2020_block_count_centroids
DOUGLAS - 0055,12,12,1.0000000000,87,87,041,0055,2020_block_count_centroids
DOUGLAS - 0060,9,9,1.0000000000,31,31,041,0060,2020_block_count_centroids
DOUGLAS - 0065,9,9,1.0000000000,54,54,041,0065,2020_block_count_centroids
DOUGLAS - 0070,12,12,1.0000000000,12,12,041,0070,2020_block_count_centroids
DOUGLAS - 0075,9,9,1.0000000000,17,17,041,0075,2020_block_count_centroids
DOUGLAS - 0080,9,9,0.9833333333,59,60,041,0080,2020_block_count_centroids
DOUGLAS - 0080,12,12,0.0166666667,1,60,041,0080,2020_block_count_centroids
DOUGLAS - 0085,12,12,1.0000000000,82,82,041,0085,2020_block_count_centroids
DOUGLAS - 0090,9,9,0.9264705882,63,68,041,0090,2020_block_count_centroids
DOUGLAS - 0090,12,12,0.0735294118,5,68,041,0090,2020_block_count_centroids
DOUGLAS - 0095,9,9,1.0000000000,14,14,041,0095,2020_block_count_centroids
DOUGLAS - 0100,12,12,1.0000000000,180,180,041,0100,2020_block_count_centroids
DOUGLAS - 0105,12,12,1.0000000000,55,55,041,0105,2020_block_count_centroids
DOUGLAS - 0110,9,9,1.0000000000,48,48,041,0110,2020_block_count_centroids
DOUGLAS - 0115,9,9,1.0000000000,33,33,041,0115,2020_block_count_centroids
DOUGLAS - 0120,9,9,1.0000000000,8,8,041,0120,2020_block_count_centroids
DOUGLAS - 0125,9,9,1.0000000000,43,43,041,0125,2020_block_count_centroids
DOUGLAS - 0130,9,9,1.0000000000,20,20,041,0130,2020_block_count_centroids
DOUGLAS - 0135,9,9,1.0000000000,58,58,041,0135,2020_block_count_centroids
DOUGLAS - 0140,9,9,1.0000000000,93,93,041,0140,2020_block_count_centroids
DOUGLAS - 0145,12,12,1.0000000000,17,17,041,0145,2020_block_count_centroids
DOUGLAS - 0150,12,12,1.0000000000,37,37,041,0150,2020_block_count_centroids
DOUGLAS - 0155,12,12,1.0000000000,53,53,041,0155,2020_block_count_centroids
DOUGLAS - 0160,12,12,1.0000000000,53,53,041,0160,2020_block_count_centroids
DOUGLAS - 0165,9,9,1.0000000000,55,55,041,0165,2020_block_count_centroids
DOUGLAS - 0170,12,12,1.0000000000,45,45,041,0170,2020_block_count_centroids
DOUGLAS - 0175,9,9,1.0000000000,65,65,041,0175,2020_block_count_centroids
FARIBAULT - 0005,23,23,1.0000000000,51,51,043,0005,2020_block_count_centroids
FARIBAULT - 0010,22,22,1.0000000000,102,102,043,0010,2020_block_count_centroids
FARIBAULT - 0015,22,22,1.0000000000,48,48,043,0015,2020_block_count_centroids
FARIBAULT - 0020,22,22,1.0000000000,101,101,043,0020,2020_block_count_centroids
FARIBAULT - 0025,22,22,1.0000000000,109,109,043,0025,2020_block_count_centroids
FARIBAULT - 0030,23,23,1.0000000000,31,31,043,0030,2020_block_count_centroids
FARIBAULT - 0035,23,23,1.0000000000,61,61,043,0035,2020_block_count_centroids
FARIBAULT - 0040,23,23,1.0000000000,74,74,043,0040,2020_block_count_centroids
FARIBAULT - 0045,22,22,1.0000000000,20,20,043,0045,2020_block_count_centroids
FARIBAULT - 0050,22,22,1.0000000000,46,46,043,0050,2020_block_count_centroids
FARIBAULT - 0055,23,23,1.0000000000,56,56,043,0055,2020_block_count_centroids
FARIBAULT - 0060,23,23,1.0000000000,25,25,043,0060,2020_block_count_centroids
FARIBAULT - 0065,23,23,1.0000000000,45,45,043,0065,2020_block_count_centroids
FARIBAULT - 0070,23,23,1.0000000000,56,56,043,0070,2020_block_count_centroids
FARIBAULT - 0075,23,23,1.0000000000,63,63,043,0075,2020_block_count_centroids
FARIBAULT - 0080,23,23,1.0000000000,67,67,043,0080,2020_block_count_centroids
FARIBAULT - 0085,23,23,1.0000000000,26,26,043,0085,2020_block_count_centroids
FARIBAULT - 0090,22,22,1.0000000000,79,79,043,0090,2020_block_count_centroids
FARIBAULT - 0095,23,23,1.0000000000,40,40,043,0095,2020_block_count_centroids
FARIBAULT - 0100,23,23,1.0000000000,50,50,043,0100,2020_block_count_centroids
FARIBAULT - 0105,23,23,1.0000000000,53,53,043,0105,2020_block_count_centroids
FARIBAULT - 0110,23,23,1.0000000000,43,43,043,0110,2020_block_count_centroids
FARIBAULT - 0115,23,23,1.0000000000,63,63,043,0115,2020_block_count_centroids
FARIBAULT - 0120,22,22,1.0000000000,59,59,043,0120,2020_block_count_centroids
FARIBAULT - 0125,22,22,1.0000000000,35,35,043,0125,2020_block_count_centroids
FARIBAULT - 0130,23,23,1.0000000000,62,62,043,0130,2020_block_count_centroids
FARIBAULT - 0135,23,23,1.0000000000,72,72,043,0135,2020_block_count_centroids
FARIBAULT - 0140,22,22,1.0000000000,81,81,043,0140,2020_block_count_centroids
FARIBAULT - 0145,23,23,1.0000000000,48,48,043,0145,2020_block_count_centroids
FARIBAULT - 0150,23,23,1.0000000000,11,11,043,0150,2020_block_count_centroids
FARIBAULT - 0155,23,23,1.0000000000,143,143,043,0155,2020_block_count_centroids
FARIBAULT - 0160,22,22,1.0000000000,103,103,043,0160,2020_block_count_centroids
FARIBAULT - 0165,22,22,1.0000000000,40,40,043,0165,2020_block_count_centroids
FILLMORE - 0005,26,26,1.0000000000,64,64,045,0005,2020_block_count_centroids
FILLMORE - 0010,26,26,1.0000000000,41,41,045,0010,2020_block_count_centroids
FILLMORE - 0015,26,26,1.0000000000,47,47,045,0015,2020_block_count_centroids
FILLMORE - 0020,26,26,1.0000000000,47,47,045,0020,2020_block_count_centroids
FILLMORE - 0025,26,26,1.0000000000,41,41,045,0025,2020_block_count_centroids
FILLMORE - 0030,26,26,1.0000000000,19,19,045,0030,2020_block_count_centroids
FILLMORE - 0035,26,26,1.0000000000,46,46,045,0035,2020_block_count_centroids
FILLMORE - 0040,26,26,1.0000000000,38,38,045,0040,2020_block_count_centroids
FILLMORE - 0045,26,26,1.0000000000,68,68,045,0045,2020_block_count_centroids
FILLMORE - 0050,26,26,1.0000000000,71,71,045,0050,2020_block_count_centroids
FILLMORE - 0055,26,26,1.0000000000,66,66,045,0055,2020_block_count_centroids
FILLMORE - 0060,26,26,1.0000000000,48,48,045,0060,2020_block_count_centroids
FILLMORE - 0065,26,26,1.0000000000,43,43,045,0065,2020_block_count_centroids
FILLMORE - 0070,26,26,1.0000000000,16,16,045,0070,2020_block_count_centroids
FILLMORE - 0075,26,26,1.0000000000,49,49,045,0075,2020_block_count_centroids
FILLMORE - 0080,26,26,1.0000000000,75,75,045,0080,2020_block_count_centroids
FILLMORE - 0085,26,26,1.0000000000,35,35,045,0085,2020_block_count_centroids
FILLMORE - 0090,26,26,1.0000000000,53,53,045,0090,2020_block_count_centroids
FILLMORE - 0095,26,26,1.0000000000,44,44,045,0095,2020_block_count_centroids
FILLMORE - 0100,26,26,1.0000000000,64,64,045,0100,2020_block_count_centroids
FILLMORE - 0105,26,26,1.0000000000,57,57,045,0105,2020_block_count_centroids
FILLMORE - 0110,26,26,1.0000000000,39,39,045,0110,2020_block_count_centroids
FILLMORE - 0115,26,26,1.0000000000,39,39,045,0115,2020_block_count_centroids
FILLMORE - 0120,26,26,1.0000000000,15,15,045,0120,2020_block_count_centroids
FILLMORE - 0125,26,26,1.0000000000,21,21,045,0125,2020_block_count_centroids
FILLMORE - 0130,26,26,1.0000000000,57,57,045,0130,2020_block_count_centroids
FILLMORE - 0135,26,26,1.0000000000,37,37,045,0135,2020_block_count_centroids
FILLMORE - 0140,26,26,1.0000000000,28,28,045,0140,2020_block_count_centroids
FILLMORE - 0145,26,26,1.0000000000,54,54,045,0145,2020_block_count_centroids
FILLMORE - 0150,26,26,1.0000000000,32,32,045,0150,2020_block_count_centroids
FILLMORE - 0155,26,26,1.0000000000,67,67,045,0155,2020_block_count_centroids
FILLMORE - 0160,26,26,1.0000000000,63,63,045,0160,2020_block_count_centroids
FILLMORE - 0165,26,26,1.0000000000,61,61,045,0165,2020_block_count_centroids
FILLMORE - 0170,26,26,1.0000000000,49,49,045,0170,2020_block_count_centroids
FILLMORE - 0175,26,26,1.0000000000,53,53,045,0175,2020_block_count_centroids
FILLMORE - 0180,26,26,1.0000000000,73,73,045,0180,2020_block_count_centroids
FILLMORE - 0185,26,26,1.0000000000,17,17,045,0185,2020_block_count_centroids
FILLMORE - 0190,26,26,1.0000000000,24,24,045,0190,2020_block_count_centroids
FILLMORE - 0195,26,26,1.0000000000,39,39,045,0195,2020_block_count_centroids
FREEBORN - 0005,23,23,1.0000000000,84,84,047,0005,2020_block_count_centroids
FREEBORN - 0015,23,23,1.0000000000,80,80,047,0015,2020_block_count_centroids
FREEBORN - 0025,23,23,1.0000000000,70,70,047,0025,2020_block_count_centroids
FREEBORN - 0035,23,23,1.0000000000,93,93,047,0035,2020_block_count_centroids
FREEBORN - 0045,23,23,1.0000000000,166,166,047,0045,2020_block_count_centroids
FREEBORN - 0050,23,23,1.0000000000,86,86,047,0050,2020_block_count_centroids
FREEBORN - 0060,23,23,1.0000000000,122,122,047,0060,2020_block_count_centroids
FREEBORN - 0061,23,23,1.0000000000,4,4,047,0061,2020_block_count_centroids
FREEBORN - 0065,23,23,1.0000000000,29,29,047,0065,2020_block_count_centroids
FREEBORN - 0070,23,23,1.0000000000,61,61,047,0070,2020_block_count_centroids
FREEBORN - 0075,23,23,1.0000000000,104,104,047,0075,2020_block_count_centroids
FREEBORN - 0080,23,23,1.0000000000,90,90,047,0080,2020_block_count_centroids
FREEBORN - 0085,23,23,1.0000000000,57,57,047,0085,2020_block_count_centroids
FREEBORN - 0090,23,23,1.0000000000,19,19,047,0090,2020_block_count_centroids
FREEBORN - 0095,23,23,1.0000000000,14,14,047,0095,2020_block_count_centroids
FREEBORN - 0100,23,23,1.0000000000,20,20,047,0100,2020_block_count_centroids
FREEBORN - 0105,23,23,1.0000000000,19,19,047,0105,2020_block_count_centroids
FREEBORN - 0110,23,23,1.0000000000,50,50,047,0110,2020_block_count_centroids
FREEBORN - 0115,23,23,1.0000000000,71,71,047,0115,2020_block_count_centroids
FREEBORN - 0120,23,23,1.0000000000,17,17,047,0120,2020_block_count_centroids
FREEBORN - 0125,23,23,1.0000000000,64,64,047,0125,2020_block_count_centroids
FREEBORN - 0130,23,23,1.0000000000,76,76,047,0130,2020_block_count_centroids
FREEBORN - 0135,23,23,1.0000000000,25,25,047,0135,2020_block_count_centroids
FREEBORN - 0140,23,23,1.0000000000,75,75,047,0140,2020_block_count_centroids
FREEBORN - 0145,23,23,1.0000000000,13,13,047,0145,2020_block_count_centroids
FREEBORN - 0150,23,23,1.0000000000,103,103,047,0150,2020_block_count_centroids
FREEBORN - 0155,23,23,1.0000000000,17,17,047,0155,2020_block_count_centroids
FREEBORN - 0160,23,23,1.0000000000,82,82,047,0160,2020_block_count_centroids
FREEBORN - 0165,23,23,1.0000000000,9,9,047,0165,2020_block_count_centroids
FREEBORN - 0170,23,23,1.0000000000,98,98,047,0170,2020_block_count_centroids
FREEBORN - 0175,23,23,1.0000000000,64,64,047,0175,2020_block_count_centroids
FREEBORN - 0180,23,23,1.0000000000,73,73,047,0180,2020_block_count_centroids
FREEBORN - 0185,23,23,1.0000000000,4,4,047,0185,2020_block_count_centroids
FREEBORN - 0190,23,23,1.0000000000,48,48,047,0190,2020_block_count_centroids
FREEBORN - 0195,23,23,1.0000000000,66,66,047,0195,2020_block_count_centroids
FREEBORN - 0200,23,23,1.0000000000,73,73,047,0200,2020_block_count_centroids
FREEBORN - 0205,23,23,1.0000000000,66,66,047,0205,2020_block_count_centroids
FREEBORN - 0210,23,23,1.0000000000,50,50,047,0210,2020_block_count_centroids
FREEBORN - 0215,23,23,1.0000000000,78,78,047,0215,2020_block_count_centroids
FREEBORN - 0220,23,23,1.0000000000,14,14,047,0220,2020_block_count_centroids
GOODHUE - 0005,20,20,1.0000000000,8,8,049,0005,2020_block_count_centroids
GOODHUE - 0010,20,20,1.0000000000,61,61,049,0010,2020_block_count_centroids
GOODHUE - 0015,20,20,1.0000000000,28,28,049,0015,2020_block_count_centroids
GOODHUE - 0020,20,20,1.0000000000,47,47,049,0020,2020_block_count_centroids
GOODHUE - 0025,20,20,0.9907407407,107,108,049,0025,2020_block_count_centroids
GOODHUE - 0025,58,58,0.0092592593,1,108,049,0025,2020_block_count_centroids
GOODHUE - 0030,20,20,1.0000000000,61,61,049,0030,2020_block_count_centroids
GOODHUE - 0035,19,19,1.0000000000,58,58,049,0035,2020_block_count_centroids
GOODHUE - 0040,58,58,1.0000000000,12,12,049,0040,2020_block_count_centroids
GOODHUE - 0045,20,20,1.0000000000,66,66,049,0045,2020_block_count_centroids
GOODHUE - 0050,20,20,1.0000000000,131,131,049,0050,2020_block_count_centroids
GOODHUE - 0055,20,20,1.0000000000,26,26,049,0055,2020_block_count_centroids
GOODHUE - 0060,20,20,1.0000000000,51,51,049,0060,2020_block_count_centroids
GOODHUE - 0065,20,20,1.0000000000,39,39,049,0065,2020_block_count_centroids
GOODHUE - 0070,19,19,1.0000000000,48,48,049,0070,2020_block_count_centroids
GOODHUE - 0075,19,19,1.0000000000,62,62,049,0075,2020_block_count_centroids
GOODHUE - 0080,19,19,1.0000000000,50,50,049,0080,2020_block_count_centroids
GOODHUE - 0085,20,20,1.0000000000,43,43,049,0085,2020_block_count_centroids
GOODHUE - 0090,19,19,0.0317460317,2,63,049,0090,2020_block_count_centroids
GOODHUE - 0090,20,20,0.9682539683,61,63,049,0090,2020_block_count_centroids
GOODHUE - 0095,19,19,0.0163934426,1,61,049,0095,2020_block_count_centroids
GOODHUE - 0095,20,20,0.9836065574,60,61,049,0095,2020_block_count_centroids
GOODHUE - 0100,20,20,1.0000000000,69,69,049,0100,2020_block_count_centroids
GOODHUE - 0105,20,20,1.0000000000,79,79,049,0105,2020_block_count_centroids
GOODHUE - 0110,20,20,1.0000000000,27,27,049,0110,2020_block_count_centroids
GOODHUE - 0115,20,20,1.0000000000,61,61,049,0115,2020_block_count_centroids
GOODHUE - 0120,20,20,1.0000000000,169,169,049,0120,2020_block_count_centroids
GOODHUE - 0125,20,20,1.0000000000,34,34,049,0125,2020_block_count_centroids
GOODHUE - 0130,20,20,1.0000000000,21,21,049,0130,2020_block_count_centroids
GOODHUE - 0135,20,20,1.0000000000,23,23,049,0135,2020_block_count_centroids
GOODHUE - 0140,20,20,1.0000000000,16,16,049,0140,2020_block_count_centroids
GOODHUE - 0145,20,20,1.0000000000,14,14,049,0145,2020_block_count_centroids
GOODHUE - 0150,20,20,1.0000000000,19,19,049,0150,2020_block_count_centroids
GOODHUE - 0155,20,20,1.0000000000,36,36,049,0155,2020_block_count_centroids
GOODHUE - 0160,20,20,1.0000000000,34,34,049,0160,2020_block_count_centroids
GOODHUE - 0165,20,20,1.0000000000,23,23,049,0165,2020_block_count_centroids
GOODHUE - 0170,20,20,1.0000000000,64,64,049,0170,2020_block_count_centroids
GOODHUE - 0175,20,20,0.1000000000,6,60,049,0175,2020_block_count_centroids
GOODHUE - 0175,58,58,0.9000000000,54,60,049,0175,2020_block_count_centroids
GOODHUE - 0180,20,20,1.0000000000,94,94,049,0180,2020_block_count_centroids
GOODHUE - 0185,20,20,1.0000000000,37,37,049,0185,2020_block_count_centroids
GOODHUE - 0190,19,19,1.0000000000,33,33,049,0190,2020_block_count_centroids
GOODHUE - 0195,19,19,1.0000000000,45,45,049,0195,2020_block_count_centroids
GOODHUE - 0200,19,19,0.0192307692,1,52,049,0200,2020_block_count_centroids
GOODHUE - 0200,58,58,0.9807692308,51,52,049,0200,2020_block_count_centroids
GOODHUE - 0205,20,20,1.0000000000,108,108,049,0205,2020_block_count_centroids
GOODHUE - 0210,20,20,1.0000000000,44,44,049,0210,2020_block_count_centroids
GOODHUE - 0215,20,20,1.0000000000,54,54,049,0215,2020_block_count_centroids
GOODHUE - 0220,20,20,1.0000000000,50,50,049,0220,2020_block_count_centroids
GRANT - 0005,9,9,1.0000000000,19,19,051,0005,2020_block_count_centroids
GRANT - 0010,9,9,1.0000000000,26,26,051,0010,2020_block_count_centroids
GRANT - 0015,9,9,1.0000000000,33,33,051,0015,2020_block_count_centroids
GRANT - 0020,9,9,1.0000000000,75,75,051,0020,2020_block_count_centroids
GRANT - 0025,9,9,1.0000000000,28,28,051,0025,2020_block_count_centroids
GRANT - 0030,9,9,1.0000000000,53,53,051,0030,2020_block_count_centroids
GRANT - 0035,9,9,1.0000000000,57,57,051,0035,2020_block_count_centroids
GRANT - 0040,9,9,1.0000000000,54,54,051,0040,2020_block_count_centroids
GRANT - 0045,9,9,1.0000000000,47,47,051,0045,2020_block_count_centroids
GRANT - 0050,9,9,1.0000000000,34,34,051,0050,2020_block_count_centroids
GRANT - 0055,9,9,1.0000000000,38,38,051,0055,2020_block_count_centroids
GRANT - 0060,9,9,1.0000000000,41,41,051,0060,2020_block_count_centroids
GRANT - 0065,9,9,1.0000000000,36,36,051,0065,2020_block_count_centroids
GRANT - 0070,9,9,1.0000000000,43,43,051,0070,2020_block_count_centroids
GRANT - 0075,9,9,1.0000000000,22,22,051,0075,2020_block_count_centroids
GRANT - 0080,9,9,1.0000000000,21,21,051,0080,2020_block_count_centroids
GRANT - 0085,9,9,1.0000000000,52,52,051,0085,2020_block_count_centroids
GRANT - 0090,9,9,1.0000000000,65,65,051,0090,2020_block_count_centroids
GRANT - 0095,9,9,1.0000000000,44,44,051,0095,2020_block_count_centroids
GRANT - 0100,9,9,1.0000000000,41,41,051,0100,2020_block_count_centroids
GRANT - 0105,9,9,1.0000000000,52,52,051,0105,2020_block_count_centroids
GRANT - 0110,9,9,1.0000000000,40,40,051,0110,2020_block_count_centroids
GRANT - 0115,9,9,1.0000000000,17,17,051,0115,2020_block_count_centroids
HENNEPIN - 0010,51,51,1.0000000000,36,36,053,0010,2020_block_count_centroids
HENNEPIN - 0015,51,51,1.0000000000,37,37,053,0015,2020_block_count_centroids
HENNEPIN - 0020,51,51,1.0000000000,29,29,053,0020,2020_block_count_centroids
HENNEPIN - 0025,50,50,0.1000000000,5,50,053,0025,2020_block_count_centroids
HENNEPIN - 0025,51,51,0.9000000000,45,50,053,0025,2020_block_count_centroids
HENNEPIN - 0030,50,50,1.0000000000,24,24,053,0030,2020_block_count_centroids
HENNEPIN - 0035,51,51,1.0000000000,38,38,053,0035,2020_block_count_centroids
HENNEPIN - 0055,50,50,1.0000000000,31,31,053,0055,2020_block_count_centroids
HENNEPIN - 0065,50,50,1.0000000000,39,39,053,0065,2020_block_count_centroids
HENNEPIN - 0075,50,50,1.0000000000,22,22,053,0075,2020_block_count_centroids
HENNEPIN - 0080,50,50,1.0000000000,44,44,053,0080,2020_block_count_centroids
HENNEPIN - 0085,50,50,1.0000000000,30,30,053,0085,2020_block_count_centroids
HENNEPIN - 0090,50,50,1.0000000000,33,33,053,0090,2020_block_count_centroids
HENNEPIN - 0095,50,50,0.4038461538,21,52,053,0095,2020_block_count_centroids
HENNEPIN - 0095,51,51,0.5961538462,31,52,053,0095,2020_block_count_centroids
HENNEPIN - 0100,50,50,1.0000000000,71,71,053,0100,2020_block_count_centroids
HENNEPIN - 0105,50,50,1.0000000000,51,51,053,0105,2020_block_count_centroids
HENNEPIN - 0110,50,50,0.5813953488,50,86,053,0110,2020_block_count_centroids
HENNEPIN - 0110,51,51,0.4186046512,36,86,053,0110,2020_block_count_centroids
HENNEPIN - 0115,50,50,0.6511627907,28,43,053,0115,2020_block_count_centroids
HENNEPIN - 0115,51,51,0.3488372093,15,43,053,0115,2020_block_count_centroids
HENNEPIN - 0120,50,50,1.0000000000,25,25,053,0120,2020_block_count_centroids
HENNEPIN - 0125,50,50,1.0000000000,28,28,053,0125,2020_block_count_centroids
HENNEPIN - 0135,51,51,1.0000000000,74,74,053,0135,2020_block_count_centroids
HENNEPIN - 0140,51,51,1.0000000000,65,65,053,0140,2020_block_count_centroids
HENNEPIN - 0145,51,51,1.0000000000,58,58,053,0145,2020_block_count_centroids
HENNEPIN - 0150,51,51,1.0000000000,97,97,053,0150,2020_block_count_centroids
HENNEPIN - 0155,51,51,1.0000000000,63,63,053,0155,2020_block_count_centroids
HENNEPIN - 0160,51,51,1.0000000000,15,15,053,0160,2020_block_count_centroids
HENNEPIN - 0180,38,38,1.0000000000,79,79,053,0180,2020_block_count_centroids
HENNEPIN - 0185,38,38,1.0000000000,97,97,053,0185,2020_block_count_centroids
HENNEPIN - 0190,38,38,1.0000000000,72,72,053,0190,2020_block_count_centroids
HENNEPIN - 0195,38,38,1.0000000000,63,63,053,0195,2020_block_count_centroids
HENNEPIN - 0200,38,38,1.0000000000,35,35,053,0200,2020_block_count_centroids
HENNEPIN - 0205,38,38,1.0000000000,66,66,053,0205,2020_block_count_centroids
HENNEPIN - 0210,38,38,1.0000000000,29,29,053,0210,2020_block_count_centroids
HENNEPIN - 0215,38,38,0.9836065574,60,61,053,0215,2020_block_count_centroids
HENNEPIN - 0215,43,43,0.0163934426,1,61,053,0215,2020_block_count_centroids
HENNEPIN - 0225,38,38,1.0000000000,26,26,053,0225,2020_block_count_centroids
HENNEPIN - 0230,38,38,1.0000000000,12,12,053,0230,2020_block_count_centroids
HENNEPIN - 0235,38,38,1.0000000000,34,34,053,0235,2020_block_count_centroids
HENNEPIN - 0240,34,34,0.6363636364,56,88,053,0240,2020_block_count_centroids
HENNEPIN - 0240,38,38,0.3636363636,32,88,053,0240,2020_block_count_centroids
HENNEPIN - 0245,38,38,1.0000000000,27,27,053,0245,2020_block_count_centroids
HENNEPIN - 0250,38,38,1.0000000000,23,23,053,0250,2020_block_count_centroids
HENNEPIN - 0251,34,34,0.4285714286,6,14,053,0251,2020_block_count_centroids
HENNEPIN - 0251,38,38,0.5714285714,8,14,053,0251,2020_block_count_centroids
HENNEPIN - 0255,34,34,1.0000000000,15,15,053,0255,2020_block_count_centroids
HENNEPIN - 0260,34,34,1.0000000000,16,16,053,0260,2020_block_count_centroids
HENNEPIN - 0265,34,34,0.9666666667,58,60,053,0265,2020_block_count_centroids
HENNEPIN - 0265,38,38,0.0333333333,2,60,053,0265,2020_block_count_centroids
HENNEPIN - 0270,34,34,0.3548387097,11,31,053,0270,2020_block_count_centroids
HENNEPIN - 0270,38,38,0.6451612903,20,31,053,0270,2020_block_count_centroids
HENNEPIN - 0275,34,34,1.0000000000,31,31,053,0275,2020_block_count_centroids
HENNEPIN - 0276,34,34,1.0000000000,115,115,053,0276,2020_block_count_centroids
HENNEPIN - 0277,34,34,1.0000000000,26,26,053,0277,2020_block_count_centroids
HENNEPIN - 0280,38,38,1.0000000000,43,43,053,0280,2020_block_count_centroids
HENNEPIN - 0285,38,38,1.0000000000,44,44,053,0285,2020_block_count_centroids
HENNEPIN - 0290,38,38,1.0000000000,66,66,053,0290,2020_block_count_centroids
HENNEPIN - 0295,38,38,1.0000000000,34,34,053,0295,2020_block_count_centroids
HENNEPIN - 0300,38,38,1.0000000000,23,23,053,0300,2020_block_count_centroids
HENNEPIN - 0305,34,34,0.4677419355,58,124,053,0305,2020_block_count_centroids
HENNEPIN - 0305,38,38,0.5322580645,66,124,053,0305,2020_block_count_centroids
HENNEPIN - 0306,38,38,1.0000000000,38,38,053,0306,2020_block_count_centroids
HENNEPIN - 0310,34,34,1.0000000000,57,57,053,0310,2020_block_count_centroids
HENNEPIN - 0315,34,34,1.0000000000,29,29,053,0315,2020_block_count_centroids
HENNEPIN - 0316,34,34,1.0000000000,13,13,053,0316,2020_block_count_centroids
HENNEPIN - 0330,49,49,1.0000000000,9,9,053,0330,2020_block_count_centroids
HENNEPIN - 0335,37,37,1.0000000000,44,44,053,0335,2020_block_count_centroids
HENNEPIN - 0340,37,37,1.0000000000,66,66,053,0340,2020_block_count_centroids
HENNEPIN - 0345,43,43,1.0000000000,48,48,053,0345,2020_block_count_centroids
HENNEPIN - 0350,43,43,1.0000000000,33,33,053,0350,2020_block_count_centroids
HENNEPIN - 0355,43,43,1.0000000000,50,50,053,0355,2020_block_count_centroids
HENNEPIN - 0360,43,43,1.0000000000,38,38,053,0360,2020_block_count_centroids
HENNEPIN - 0365,43,43,1.0000000000,16,16,053,0365,2020_block_count_centroids
HENNEPIN - 0370,43,43,1.0000000000,1,1,053,0370,2020_block_count_centroids
HENNEPIN - 0375,43,43,1.0000000000,59,59,053,0375,2020_block_count_centroids
HENNEPIN - 0380,43,43,1.0000000000,56,56,053,0380,2020_block_count_centroids
HENNEPIN - 0385,43,43,1.0000000000,19,19,053,0385,2020_block_count_centroids
HENNEPIN - 0390,38,38,0.0172413793,1,58,053,0390,2020_block_count_centroids
HENNEPIN - 0390,43,43,0.9827586207,57,58,053,0390,2020_block_count_centroids
HENNEPIN - 0395,43,43,1.0000000000,62,62,053,0395,2020_block_count_centroids
HENNEPIN - 0400,34,34,1.0000000000,37,37,053,0400,2020_block_count_centroids
HENNEPIN - 0405,34,34,1.0000000000,23,23,053,0405,2020_block_count_centroids
HENNEPIN - 0410,34,34,1.0000000000,49,49,053,0410,2020_block_count_centroids
HENNEPIN - 0415,45,45,1.0000000000,38,38,053,0415,2020_block_count_centroids
HENNEPIN - 0420,45,45,1.0000000000,46,46,053,0420,2020_block_count_centroids
HENNEPIN - 0430,49,49,1.0000000000,38,38,053,0430,2020_block_count_centroids
HENNEPIN - 0435,49,49,1.0000000000,24,24,053,0435,2020_block_count_centroids
HENNEPIN - 0440,49,49,1.0000000000,18,18,053,0440,2020_block_count_centroids
HENNEPIN - 0450,49,49,1.0000000000,23,23,053,0450,2020_block_count_centroids
HENNEPIN - 0465,49,49,1.0000000000,64,64,053,0465,2020_block_count_centroids
HENNEPIN - 0466,49,49,1.0000000000,55,55,053,0466,2020_block_count_centroids
HENNEPIN - 0467,49,49,1.0000000000,40,40,053,0467,2020_block_count_centroids
HENNEPIN - 0485,46,46,1.0000000000,43,43,053,0485,2020_block_count_centroids
HENNEPIN - 0490,46,46,0.0434782609,3,69,053,0490,2020_block_count_centroids
HENNEPIN - 0490,50,50,0.9565217391,66,69,053,0490,2020_block_count_centroids
HENNEPIN - 0495,50,50,1.0000000000,35,35,053,0495,2020_block_count_centroids
HENNEPIN - 0500,46,46,1.0000000000,56,56,053,0500,2020_block_count_centroids
HENNEPIN - 0505,46,46,0.9130434783,42,46,053,0505,2020_block_count_centroids
HENNEPIN - 0505,50,50,0.0869565217,4,46,053,0505,2020_block_count_centroids
HENNEPIN - 0510,46,46,1.0000000000,37,37,053,0510,2020_block_count_centroids
HENNEPIN - 0515,46,46,0.0178571429,1,56,053,0515,2020_block_count_centroids
HENNEPIN - 0515,50,50,0.9821428571,55,56,053,0515,2020_block_count_centroids
HENNEPIN - 0520,46,46,0.0370370370,2,54,053,0520,2020_block_count_centroids
HENNEPIN - 0520,50,50,0.9629629630,52,54,053,0520,2020_block_count_centroids
HENNEPIN - 0525,50,50,1.0000000000,38,38,053,0525,2020_block_count_centroids
HENNEPIN - 0530,50,50,1.0000000000,52,52,053,0530,2020_block_count_centroids
HENNEPIN - 0535,50,50,1.0000000000,44,44,053,0535,2020_block_count_centroids
HENNEPIN - 0540,50,50,1.0000000000,12,12,053,0540,2020_block_count_centroids
HENNEPIN - 0545,50,50,1.0000000000,54,54,053,0545,2020_block_count_centroids
HENNEPIN - 0550,50,50,1.0000000000,28,28,053,0550,2020_block_count_centroids
HENNEPIN - 0555,50,50,1.0000000000,71,71,053,0555,2020_block_count_centroids
HENNEPIN - 0560,50,50,1.0000000000,20,20,053,0560,2020_block_count_centroids
HENNEPIN - 0565,50,50,1.0000000000,12,12,053,0565,2020_block_count_centroids
HENNEPIN - 0570,50,50,1.0000000000,22,22,053,0570,2020_block_count_centroids
HENNEPIN - 0575,45,45,1.0000000000,52,52,053,0575,2020_block_count_centroids
HENNEPIN - 0580,51,51,1.0000000000,102,102,053,0580,2020_block_count_centroids
HENNEPIN - 0585,43,43,1.0000000000,63,63,053,0585,2020_block_count_centroids
HENNEPIN - 0590,43,43,1.0000000000,65,65,053,0590,2020_block_count_centroids
HENNEPIN - 0595,43,43,0.9736842105,74,76,053,0595,2020_block_count_centroids
HENNEPIN - 0595,59,59,0.0263157895,2,76,053,0595,2020_block_count_centroids
HENNEPIN - 0600,43,43,1.0000000000,55,55,053,0600,2020_block_count_centroids
HENNEPIN - 0605,43,43,1.0000000000,52,52,053,0605,2020_block_count_centroids
HENNEPIN - 0610,43,43,1.0000000000,65,65,053,0610,2020_block_count_centroids
HENNEPIN - 0615,43,43,1.0000000000,39,39,053,0615,2020_block_count_centroids
HENNEPIN - 0620,43,43,1.0000000000,93,93,053,0620,2020_block_count_centroids
HENNEPIN - 0625,37,37,1.0000000000,71,71,053,0625,2020_block_count_centroids
HENNEPIN - 0630,45,45,1.0000000000,16,16,053,0630,2020_block_count_centroids
HENNEPIN - 0635,30,30,0.8461538462,11,13,053,0635,2020_block_count_centroids
HENNEPIN - 0635,34,34,0.1538461538,2,13,053,0635,2020_block_count_centroids
HENNEPIN - 0640,34,34,0.9903846154,103,104,053,0640,2020_block_count_centroids
HENNEPIN - 0640,37,37,0.0096153846,1,104,053,0640,2020_block_count_centroids
HENNEPIN - 0650,46,46,1.0000000000,27,27,053,0650,2020_block_count_centroids
HENNEPIN - 0655,46,46,1.0000000000,41,41,053,0655,2020_block_count_centroids
HENNEPIN - 0660,46,46,0.9807692308,51,52,053,0660,2020_block_count_centroids
HENNEPIN - 0660,49,49,0.0192307692,1,52,053,0660,2020_block_count_centroids
HENNEPIN - 0665,45,45,0.0588235294,2,34,053,0665,2020_block_count_centroids
HENNEPIN - 0665,46,46,0.9411764706,32,34,053,0665,2020_block_count_centroids
HENNEPIN - 0670,45,45,0.0833333333,3,36,053,0670,2020_block_count_centroids
HENNEPIN - 0670,46,46,0.9166666667,33,36,053,0670,2020_block_count_centroids
HENNEPIN - 0675,46,46,1.0000000000,42,42,053,0675,2020_block_count_centroids
HENNEPIN - 0685,46,46,1.0000000000,8,8,053,0685,2020_block_count_centroids
HENNEPIN - 0686,46,46,0.8181818182,9,11,053,0686,2020_block_count_centroids
HENNEPIN - 0686,49,49,0.1818181818,2,11,053,0686,2020_block_count_centroids
HENNEPIN - 0690,46,46,1.0000000000,19,19,053,0690,2020_block_count_centroids
HENNEPIN - 0695,37,37,1.0000000000,107,107,053,0695,2020_block_count_centroids
HENNEPIN - 0700,45,45,1.0000000000,43,43,053,0700,2020_block_count_centroids
HENNEPIN - 0705,37,37,1.0000000000,15,15,053,0705,2020_block_count_centroids
HENNEPIN - 0710,37,37,1.0000000000,39,39,053,0710,2020_block_count_centroids
HENNEPIN - 0715,37,37,1.0000000000,70,70,053,0715,2020_block_count_centroids
HENNEPIN - 0720,34,34,0.0101010101,1,99,053,0720,2020_block_count_centroids
HENNEPIN - 0720,37,37,0.9898989899,98,99,053,0720,2020_block_count_centroids
HENNEPIN - 0725,37,37,1.0000000000,47,47,053,0725,2020_block_count_centroids
HENNEPIN - 0730,37,37,1.0000000000,83,83,053,0730,2020_block_count_centroids
HENNEPIN - 0735,37,37,0.3804347826,35,92,053,0735,2020_block_count_centroids
HENNEPIN - 0735,42,42,0.6195652174,57,92,053,0735,2020_block_count_centroids
HENNEPIN - 0740,37,37,1.0000000000,20,20,053,0740,2020_block_count_centroids
HENNEPIN - 0745,37,37,1.0000000000,35,35,053,0745,2020_block_count_centroids
HENNEPIN - 0750,37,37,1.0000000000,15,15,053,0750,2020_block_count_centroids
HENNEPIN - 0755,37,37,1.0000000000,34,34,053,0755,2020_block_count_centroids
HENNEPIN - 0760,37,37,1.0000000000,39,39,053,0760,2020_block_count_centroids
HENNEPIN - 0765,42,42,1.0000000000,5,5,053,0765,2020_block_count_centroids
HENNEPIN - 0770,37,37,1.0000000000,159,159,053,0770,2020_block_count_centroids
HENNEPIN - 0775,60,60,1.0000000000,47,47,053,0775,2020_block_count_centroids
HENNEPIN - 0780,60,60,1.0000000000,50,50,053,0780,2020_block_count_centroids
HENNEPIN - 0785,60,60,1.0000000000,55,55,053,0785,2020_block_count_centroids
HENNEPIN - 0790,60,60,1.0000000000,40,40,053,0790,2020_block_count_centroids
HENNEPIN - 0795,60,60,1.0000000000,42,42,053,0795,2020_block_count_centroids
HENNEPIN - 0800,60,60,1.0000000000,69,69,053,0800,2020_block_count_centroids
HENNEPIN - 0805,60,60,1.0000000000,87,87,053,0805,2020_block_count_centroids
HENNEPIN - 0810,60,60,1.0000000000,37,37,053,0810,2020_block_count_centroids
HENNEPIN - 0815,59,59,0.0967741935,3,31,053,0815,2020_block_count_centroids
HENNEPIN - 0815,60,60,0.9032258065,28,31,053,0815,2020_block_count_centroids
HENNEPIN - 0820,60,60,1.0000000000,27,27,053,0820,2020_block_count_centroids
HENNEPIN - 0825,59,59,0.1000000000,4,40,053,0825,2020_block_count_centroids
HENNEPIN - 0825,60,60,0.9000000000,36,40,053,0825,2020_block_count_centroids
HENNEPIN - 0830,60,60,1.0000000000,41,41,053,0830,2020_block_count_centroids
HENNEPIN - 0835,60,60,1.0000000000,35,35,053,0835,2020_block_count_centroids
HENNEPIN - 0840,60,60,0.9636363636,53,55,053,0840,2020_block_count_centroids
HENNEPIN - 0840,63,63,0.0363636364,2,55,053,0840,2020_block_count_centroids
HENNEPIN - 0845,60,60,1.0000000000,51,51,053,0845,2020_block_count_centroids
HENNEPIN - 0850,60,60,0.2258064516,7,31,053,0850,2020_block_count_centroids
HENNEPIN - 0850,63,63,0.7741935484,24,31,053,0850,2020_block_count_centroids
HENNEPIN - 0855,59,59,0.6750000000,27,40,053,0855,2020_block_count_centroids
HENNEPIN - 0855,60,60,0.1500000000,6,40,053,0855,2020_block_count_centroids
HENNEPIN - 0855,61,61,0.1750000000,7,40,053,0855,2020_block_count_centroids
HENNEPIN - 0860,60,60,1.0000000000,15,15,053,0860,2020_block_count_centroids
HENNEPIN - 0865,61,61,1.0000000000,5,5,053,0865,2020_block_count_centroids
HENNEPIN - 0870,60,60,1.0000000000,4,4,053,0870,2020_block_count_centroids
HENNEPIN - 0875,60,60,0.9000000000,45,50,053,0875,2020_block_count_centroids
HENNEPIN - 0875,63,63,0.1000000000,5,50,053,0875,2020_block_count_centroids
HENNEPIN - 0880,63,63,1.0000000000,15,15,053,0880,2020_block_count_centroids
HENNEPIN - 0885,63,63,1.0000000000,54,54,053,0885,2020_block_count_centroids
HENNEPIN - 0890,60,60,1.0000000000,52,52,053,0890,2020_block_count_centroids
HENNEPIN - 0895,60,60,1.0000000000,70,70,053,0895,2020_block_count_centroids
HENNEPIN - 0900,60,60,1.0000000000,74,74,053,0900,2020_block_count_centroids
HENNEPIN - 0905,60,60,1.0000000000,60,60,053,0905,2020_block_count_centroids
HENNEPIN - 0910,60,60,1.0000000000,42,42,053,0910,2020_block_count_centroids
HENNEPIN - 0915,59,59,0.5000000000,2,4,053,0915,2020_block_count_centroids
HENNEPIN - 0915,60,60,0.5000000000,2,4,053,0915,2020_block_count_centroids
HENNEPIN - 0920,59,59,1.0000000000,67,67,053,0920,2020_block_count_centroids
HENNEPIN - 0925,59,59,1.0000000000,33,33,053,0925,2020_block_count_centroids
HENNEPIN - 0930,59,59,1.0000000000,59,59,053,0930,2020_block_count_centroids
HENNEPIN - 0935,59,59,1.0000000000,70,70,053,0935,2020_block_count_centroids
HENNEPIN - 0955,59,59,1.0000000000,56,56,053,0955,2020_block_count_centroids
HENNEPIN - 0960,59,59,1.0000000000,44,44,053,0960,2020_block_count_centroids
HENNEPIN - 0965,59,59,1.0000000000,44,44,053,0965,2020_block_count_centroids
HENNEPIN - 0970,38,38,0.0192307692,1,52,053,0970,2020_block_count_centroids
HENNEPIN - 0970,43,43,0.0192307692,1,52,053,0970,2020_block_count_centroids
HENNEPIN - 0970,59,59,0.9615384615,50,52,053,0970,2020_block_count_centroids
HENNEPIN - 0975,59,59,1.0000000000,32,32,053,0975,2020_block_count_centroids
HENNEPIN - 0980,59,59,1.0000000000,36,36,053,0980,2020_block_count_centroids
HENNEPIN - 0985,59,59,1.0000000000,32,32,053,0985,2020_block_count_centroids
HENNEPIN - 0990,59,59,1.0000000000,24,24,053,0990,2020_block_count_centroids
HENNEPIN - 0995,59,59,1.0000000000,47,47,053,0995,2020_block_count_centroids
HENNEPIN - 1000,59,59,1.0000000000,56,56,053,1000,2020_block_count_centroids
HENNEPIN - 1005,59,59,1.0000000000,29,29,053,1005,2020_block_count_centroids
HENNEPIN - 1025,59,59,1.0000000000,21,21,053,1025,2020_block_count_centroids
HENNEPIN - 1030,59,59,1.0000000000,47,47,053,1030,2020_block_count_centroids
HENNEPIN - 1035,59,59,1.0000000000,56,56,053,1035,2020_block_count_centroids
HENNEPIN - 1040,59,59,1.0000000000,42,42,053,1040,2020_block_count_centroids
HENNEPIN - 1045,59,59,1.0000000000,58,58,053,1045,2020_block_count_centroids
HENNEPIN - 1050,59,59,0.5833333333,49,84,053,1050,2020_block_count_centroids
HENNEPIN - 1050,61,61,0.4166666667,35,84,053,1050,2020_block_count_centroids
HENNEPIN - 1055,59,59,1.0000000000,76,76,053,1055,2020_block_count_centroids
HENNEPIN - 1060,59,59,0.9772727273,43,44,053,1060,2020_block_count_centroids
HENNEPIN - 1060,60,60,0.0227272727,1,44,053,1060,2020_block_count_centroids
HENNEPIN - 1065,59,59,1.0000000000,16,16,053,1065,2020_block_count_centroids
HENNEPIN - 1070,59,59,0.5147058824,35,68,053,1070,2020_block_count_centroids
HENNEPIN - 1070,61,61,0.4852941176,33,68,053,1070,2020_block_count_centroids
HENNEPIN - 1075,61,61,1.0000000000,18,18,053,1075,2020_block_count_centroids
HENNEPIN - 1080,59,59,0.7115384615,37,52,053,1080,2020_block_count_centroids
HENNEPIN - 1080,60,60,0.2884615385,15,52,053,1080,2020_block_count_centroids
HENNEPIN - 1120,62,62,1.0000000000,35,35,053,1120,2020_block_count_centroids
HENNEPIN - 1125,62,62,1.0000000000,40,40,053,1125,2020_block_count_centroids
HENNEPIN - 1130,62,62,1.0000000000,15,15,053,1130,2020_block_count_centroids
HENNEPIN - 1135,62,62,1.0000000000,20,20,053,1135,2020_block_count_centroids
HENNEPIN - 1140,60,60,0.0597014925,4,67,053,1140,2020_block_count_centroids
HENNEPIN - 1140,61,61,0.0597014925,4,67,053,1140,2020_block_count_centroids
HENNEPIN - 1140,62,62,0.7611940299,51,67,053,1140,2020_block_count_centroids
HENNEPIN - 1140,63,63,0.1194029851,8,67,053,1140,2020_block_count_centroids
HENNEPIN - 1145,60,60,1.0000000000,3,3,053,1145,2020_block_count_centroids
HENNEPIN - 1150,62,62,1.0000000000,14,14,053,1150,2020_block_count_centroids
HENNEPIN - 1155,62,62,0.9615384615,25,26,053,1155,2020_block_count_centroids
HENNEPIN - 1155,63,63,0.0384615385,1,26,053,1155,2020_block_count_centroids
HENNEPIN - 1160,62,62,1.0000000000,29,29,053,1160,2020_block_count_centroids
HENNEPIN - 1165,62,62,1.0000000000,35,35,053,1165,2020_block_count_centroids
HENNEPIN - 1185,61,61,1.0000000000,83,83,053,1185,2020_block_count_centroids
HENNEPIN - 1190,61,61,1.0000000000,50,50,053,1190,2020_block_count_centroids
HENNEPIN - 1195,61,61,1.0000000000,37,37,053,1195,2020_block_count_centroids
HENNEPIN - 1200,61,61,0.9687500000,31,32,053,1200,2020_block_count_centroids
HENNEPIN - 1200,62,62,0.0312500000,1,32,053,1200,2020_block_count_centroids
HENNEPIN - 1205,61,61,0.7142857143,10,14,053,1205,2020_block_count_centroids
HENNEPIN - 1205,62,62,0.2857142857,4,14,053,1205,2020_block_count_centroids
HENNEPIN - 1210,59,59,0.2916666667,14,48,053,1210,2020_block_count_centroids
HENNEPIN - 1210,61,61,0.7083333333,34,48,053,1210,2020_block_count_centroids
HENNEPIN - 1215,61,61,1.0000000000,51,51,053,1215,2020_block_count_centroids
HENNEPIN - 1220,61,61,1.0000000000,23,23,053,1220,2020_block_count_centroids
HENNEPIN - 1225,61,61,1.0000000000,30,30,053,1225,2020_block_count_centroids
HENNEPIN - 1230,61,61,1.0000000000,30,30,053,1230,2020_block_count_centroids
HENNEPIN - 1235,61,61,0.9666666667,29,30,053,1235,2020_block_count_centroids
HENNEPIN - 1235,62,62,0.0333333333,1,30,053,1235,2020_block_count_centroids
HENNEPIN - 1240,61,61,1.0000000000,12,12,053,1240,2020_block_count_centroids
HENNEPIN - 1245,62,62,1.0000000000,12,12,053,1245,2020_block_count_centroids
HENNEPIN - 1265,62,62,1.0000000000,15,15,053,1265,2020_block_count_centroids
HENNEPIN - 1270,62,62,1.0000000000,36,36,053,1270,2020_block_count_centroids
HENNEPIN - 1275,62,62,1.0000000000,28,28,053,1275,2020_block_count_centroids
HENNEPIN - 1280,62,62,1.0000000000,25,25,053,1280,2020_block_count_centroids
HENNEPIN - 1285,62,62,1.0000000000,41,41,053,1285,2020_block_count_centroids
HENNEPIN - 1290,62,62,1.0000000000,19,19,053,1290,2020_block_count_centroids
HENNEPIN - 1295,62,62,1.0000000000,44,44,053,1295,2020_block_count_centroids
HENNEPIN - 1300,62,62,0.9655172414,28,29,053,1300,2020_block_count_centroids
HENNEPIN - 1300,63,63,0.0344827586,1,29,053,1300,2020_block_count_centroids
HENNEPIN - 1305,62,62,1.0000000000,42,42,053,1305,2020_block_count_centroids
HENNEPIN - 1310,62,62,1.0000000000,38,38,053,1310,2020_block_count_centroids
HENNEPIN - 1315,62,62,0.3750000000,18,48,053,1315,2020_block_count_centroids
HENNEPIN - 1315,63,63,0.6250000000,30,48,053,1315,2020_block_count_centroids
HENNEPIN - 1320,62,62,1.0000000000,27,27,053,1320,2020_block_count_centroids
HENNEPIN - 1340,63,63,1.0000000000,80,80,053,1340,2020_block_count_centroids
HENNEPIN - 1345,63,63,1.0000000000,65,65,053,1345,2020_block_count_centroids
HENNEPIN - 1350,63,63,1.0000000000,40,40,053,1350,2020_block_count_centroids
HENNEPIN - 1355,62,62,1.0000000000,29,29,053,1355,2020_block_count_centroids
HENNEPIN - 1360,62,62,0.5925925926,16,27,053,1360,2020_block_count_centroids
HENNEPIN - 1360,63,63,0.4074074074,11,27,053,1360,2020_block_count_centroids
HENNEPIN - 1365,62,62,0.2222222222,10,45,053,1365,2020_block_count_centroids
HENNEPIN - 1365,63,63,0.7777777778,35,45,053,1365,2020_block_count_centroids
HENNEPIN - 1370,62,62,1.0000000000,20,20,053,1370,2020_block_count_centroids
HENNEPIN - 1375,63,63,1.0000000000,43,43,053,1375,2020_block_count_centroids
HENNEPIN - 1380,63,63,1.0000000000,43,43,053,1380,2020_block_count_centroids
HENNEPIN - 1385,63,63,1.0000000000,56,56,053,1385,2020_block_count_centroids
HENNEPIN - 1425,61,61,1.0000000000,27,27,053,1425,2020_block_count_centroids
HENNEPIN - 1430,61,61,1.0000000000,31,31,053,1430,2020_block_count_centroids
HENNEPIN - 1435,61,61,1.0000000000,27,27,053,1435,2020_block_count_centroids
HENNEPIN - 1440,61,61,0.9200000000,23,25,053,1440,2020_block_count_centroids
HENNEPIN - 1440,62,62,0.0800000000,2,25,053,1440,2020_block_count_centroids
HENNEPIN - 1445,62,62,1.0000000000,21,21,053,1445,2020_block_count_centroids
HENNEPIN - 1450,61,61,1.0000000000,18,18,053,1450,2020_block_count_centroids
HENNEPIN - 1455,61,61,0.2400000000,6,25,053,1455,2020_block_count_centroids
HENNEPIN - 1455,62,62,0.7600000000,19,25,053,1455,2020_block_count_centroids
HENNEPIN - 1460,61,61,0.6666666667,16,24,053,1460,2020_block_count_centroids
HENNEPIN - 1460,62,62,0.3333333333,8,24,053,1460,2020_block_count_centroids
HENNEPIN - 1465,62,62,1.0000000000,21,21,053,1465,2020_block_count_centroids
HENNEPIN - 1470,61,61,0.3333333333,12,36,053,1470,2020_block_count_centroids
HENNEPIN - 1470,62,62,0.6666666667,24,36,053,1470,2020_block_count_centroids
HENNEPIN - 1475,61,61,1.0000000000,7,7,053,1475,2020_block_count_centroids
HENNEPIN - 1485,61,61,0.4285714286,18,42,053,1485,2020_block_count_centroids
HENNEPIN - 1485,62,62,0.5714285714,24,42,053,1485,2020_block_count_centroids
HENNEPIN - 1490,61,61,0.3333333333,10,30,053,1490,2020_block_count_centroids
HENNEPIN - 1490,63,63,0.6666666667,20,30,053,1490,2020_block_count_centroids
HENNEPIN - 1495,63,63,1.0000000000,48,48,053,1495,2020_block_count_centroids
HENNEPIN - 1500,62,62,0.5121951220,21,41,053,1500,2020_block_count_centroids
HENNEPIN - 1500,63,63,0.4878048780,20,41,053,1500,2020_block_count_centroids
HENNEPIN - 1505,63,63,1.0000000000,19,19,053,1505,2020_block_count_centroids
HENNEPIN - 1510,51,51,0.0363636364,2,55,053,1510,2020_block_count_centroids
HENNEPIN - 1510,63,63,0.9636363636,53,55,053,1510,2020_block_count_centroids
HENNEPIN - 1515,63,63,1.0000000000,45,45,053,1515,2020_block_count_centroids
HENNEPIN - 1520,51,51,0.0363636364,2,55,053,1520,2020_block_count_centroids
HENNEPIN - 1520,63,63,0.9636363636,53,55,053,1520,2020_block_count_centroids
HENNEPIN - 1525,51,51,0.3250000000,13,40,053,1525,2020_block_count_centroids
HENNEPIN - 1525,63,63,0.6750000000,27,40,053,1525,2020_block_count_centroids
HENNEPIN - 1530,51,51,0.4835164835,44,91,053,1530,2020_block_count_centroids
HENNEPIN - 1530,63,63,0.5164835165,47,91,053,1530,2020_block_count_centroids
HENNEPIN - 1535,51,51,0.1379310345,4,29,053,1535,2020_block_count_centroids
HENNEPIN - 1535,63,63,0.8620689655,25,29,053,1535,2020_block_count_centroids
HENNEPIN - 1550,63,63,1.0000000000,58,58,053,1550,2020_block_count_centroids
HENNEPIN - 1555,63,63,1.0000000000,64,64,053,1555,2020_block_count_centroids
HENNEPIN - 1560,63,63,1.0000000000,69,69,053,1560,2020_block_count_centroids
HENNEPIN - 1565,63,63,1.0000000000,58,58,053,1565,2020_block_count_centroids
HENNEPIN - 1570,63,63,1.0000000000,72,72,053,1570,2020_block_count_centroids
HENNEPIN - 1575,63,63,1.0000000000,52,52,053,1575,2020_block_count_centroids
HENNEPIN - 1580,63,63,1.0000000000,11,11,053,1580,2020_block_count_centroids
HENNEPIN - 1585,51,51,0.4571428571,16,35,053,1585,2020_block_count_centroids
HENNEPIN - 1585,63,63,0.5428571429,19,35,053,1585,2020_block_count_centroids
HENNEPIN - 1590,63,63,1.0000000000,40,40,053,1590,2020_block_count_centroids
HENNEPIN - 1595,51,51,0.8382352941,57,68,053,1595,2020_block_count_centroids
HENNEPIN - 1595,63,63,0.1617647059,11,68,053,1595,2020_block_count_centroids
HENNEPIN - 1610,61,61,1.0000000000,27,27,053,1610,2020_block_count_centroids
HENNEPIN - 1615,61,61,1.0000000000,58,58,053,1615,2020_block_count_centroids
HENNEPIN - 1620,61,61,1.0000000000,53,53,053,1620,2020_block_count_centroids
HENNEPIN - 1625,61,61,1.0000000000,52,52,053,1625,2020_block_count_centroids
HENNEPIN - 1630,61,61,1.0000000000,60,60,053,1630,2020_block_count_centroids
HENNEPIN - 1635,61,61,1.0000000000,42,42,053,1635,2020_block_count_centroids
HENNEPIN - 1640,61,61,1.0000000000,52,52,053,1640,2020_block_count_centroids
HENNEPIN - 1645,61,61,1.0000000000,46,46,053,1645,2020_block_count_centroids
HENNEPIN - 1650,61,61,0.3414634146,14,41,053,1650,2020_block_count_centroids
HENNEPIN - 1650,63,63,0.6585365854,27,41,053,1650,2020_block_count_centroids
HENNEPIN - 1655,63,63,1.0000000000,43,43,053,1655,2020_block_count_centroids
HENNEPIN - 1660,63,63,1.0000000000,25,25,053,1660,2020_block_count_centroids
HENNEPIN - 1685,45,45,1.0000000000,16,16,053,1685,2020_block_count_centroids
HENNEPIN - 1690,49,49,1.0000000000,45,45,053,1690,2020_block_count_centroids
HENNEPIN - 1695,49,49,1.0000000000,40,40,053,1695,2020_block_count_centroids
HENNEPIN - 1700,46,46,0.0512820513,2,39,053,1700,2020_block_count_centroids
HENNEPIN - 1700,49,49,0.9487179487,37,39,053,1700,2020_block_count_centroids
HENNEPIN - 1705,45,45,0.3125000000,10,32,053,1705,2020_block_count_centroids
HENNEPIN - 1705,46,46,0.0625000000,2,32,053,1705,2020_block_count_centroids
HENNEPIN - 1705,49,49,0.6250000000,20,32,053,1705,2020_block_count_centroids
HENNEPIN - 1710,45,45,1.0000000000,36,36,053,1710,2020_block_count_centroids
HENNEPIN - 1715,45,45,0.8965517241,26,29,053,1715,2020_block_count_centroids
HENNEPIN - 1715,46,46,0.1034482759,3,29,053,1715,2020_block_count_centroids
HENNEPIN - 1720,45,45,1.0000000000,42,42,053,1720,2020_block_count_centroids
HENNEPIN - 1725,45,45,1.0000000000,44,44,053,1725,2020_block_count_centroids
HENNEPIN - 1730,45,45,1.0000000000,63,63,053,1730,2020_block_count_centroids
HENNEPIN - 1735,45,45,1.0000000000,48,48,053,1735,2020_block_count_centroids
HENNEPIN - 1740,45,45,1.0000000000,41,41,053,1740,2020_block_count_centroids
HENNEPIN - 1745,45,45,1.0000000000,36,36,053,1745,2020_block_count_centroids
HENNEPIN - 1750,45,45,0.1111111111,2,18,053,1750,2020_block_count_centroids
HENNEPIN - 1750,49,49,0.8888888889,16,18,053,1750,2020_block_count_centroids
HENNEPIN - 1755,49,49,1.0000000000,31,31,053,1755,2020_block_count_centroids
HENNEPIN - 1760,49,49,1.0000000000,36,36,053,1760,2020_block_count_centroids
HENNEPIN - 1765,45,45,0.0294117647,1,34,053,1765,2020_block_count_centroids
HENNEPIN - 1765,49,49,0.9705882353,33,34,053,1765,2020_block_count_centroids
HENNEPIN - 1770,37,37,0.0058479532,1,171,053,1770,2020_block_count_centroids
HENNEPIN - 1770,45,45,0.9941520468,170,171,053,1770,2020_block_count_centroids
HENNEPIN - 1775,45,45,1.0000000000,35,35,053,1775,2020_block_count_centroids
HENNEPIN - 1785,45,45,1.0000000000,68,68,053,1785,2020_block_count_centroids
HENNEPIN - 1790,45,45,1.0000000000,35,35,053,1790,2020_block_count_centroids
HENNEPIN - 1795,45,45,1.0000000000,30,30,053,1795,2020_block_count_centroids
HENNEPIN - 1805,43,43,1.0000000000,24,24,053,1805,2020_block_count_centroids
HENNEPIN - 1810,43,43,1.0000000000,29,29,053,1810,2020_block_count_centroids
HENNEPIN - 1815,43,43,1.0000000000,21,21,053,1815,2020_block_count_centroids
HENNEPIN - 1820,43,43,1.0000000000,23,23,053,1820,2020_block_count_centroids
HENNEPIN - 1825,43,43,1.0000000000,37,37,053,1825,2020_block_count_centroids
HENNEPIN - 1830,43,43,1.0000000000,31,31,053,1830,2020_block_count_centroids
HENNEPIN - 1835,43,43,1.0000000000,29,29,053,1835,2020_block_count_centroids
HENNEPIN - 1840,43,43,1.0000000000,8,8,053,1840,2020_block_count_centroids
HENNEPIN - 1845,43,43,1.0000000000,18,18,053,1845,2020_block_count_centroids
HENNEPIN - 1850,43,43,1.0000000000,21,21,053,1850,2020_block_count_centroids
HENNEPIN - 1860,45,45,1.0000000000,55,55,053,1860,2020_block_count_centroids
HENNEPIN - 1865,45,45,1.0000000000,50,50,053,1865,2020_block_count_centroids
HENNEPIN - 1870,45,45,1.0000000000,42,42,053,1870,2020_block_count_centroids
HENNEPIN - 1875,45,45,1.0000000000,89,89,053,1875,2020_block_count_centroids
HENNEPIN - 1880,38,38,1.0000000000,81,81,053,1880,2020_block_count_centroids
HENNEPIN - 1895,42,42,1.0000000000,124,124,053,1895,2020_block_count_centroids
HENNEPIN - 1896,42,42,1.0000000000,22,22,053,1896,2020_block_count_centroids
HENNEPIN - 1897,42,42,1.0000000000,33,33,053,1897,2020_block_count_centroids
HENNEPIN - 1900,42,42,1.0000000000,30,30,053,1900,2020_block_count_centroids
HENNEPIN - 1905,42,42,1.0000000000,15,15,053,1905,2020_block_count_centroids
HENNEPIN - 1910,42,42,1.0000000000,26,26,053,1910,2020_block_count_centroids
HENNEPIN - 1915,42,42,1.0000000000,25,25,053,1915,2020_block_count_centroids
HENNEPIN - 1920,42,42,1.0000000000,20,20,053,1920,2020_block_count_centroids
HENNEPIN - 1925,42,42,1.0000000000,35,35,053,1925,2020_block_count_centroids
HENNEPIN - 1930,42,42,1.0000000000,29,29,053,1930,2020_block_count_centroids
HENNEPIN - 1935,42,42,1.0000000000,17,17,053,1935,2020_block_count_centroids
HENNEPIN - 1940,42,42,1.0000000000,34,34,053,1940,2020_block_count_centroids
HENNEPIN - 1941,42,42,1.0000000000,24,24,053,1941,2020_block_count_centroids
HENNEPIN - 1945,42,42,0.8275862069,48,58,053,1945,2020_block_count_centroids
HENNEPIN - 1945,43,43,0.1724137931,10,58,053,1945,2020_block_count_centroids
HENNEPIN - 1950,42,42,1.0000000000,48,48,053,1950,2020_block_count_centroids
HENNEPIN - 1955,42,42,1.0000000000,35,35,053,1955,2020_block_count_centroids
HENNEPIN - 1960,42,42,1.0000000000,20,20,053,1960,2020_block_count_centroids
HENNEPIN - 1962,42,42,1.0000000000,27,27,053,1962,2020_block_count_centroids
HENNEPIN - 1963,42,42,1.0000000000,35,35,053,1963,2020_block_count_centroids
HENNEPIN - 2010,43,43,1.0000000000,37,37,053,2010,2020_block_count_centroids
HENNEPIN - 2015,43,43,1.0000000000,47,47,053,2015,2020_block_count_centroids
HENNEPIN - 2020,43,43,0.9062500000,29,32,053,2020,2020_block_count_centroids
HENNEPIN - 2020,59,59,0.0937500000,3,32,053,2020,2020_block_count_centroids
HENNEPIN - 2025,43,43,1.0000000000,44,44,053,2025,2020_block_count_centroids
HENNEPIN - 2030,43,43,1.0000000000,37,37,053,2030,2020_block_count_centroids
HENNEPIN - 2035,43,43,1.0000000000,21,21,053,2035,2020_block_count_centroids
HENNEPIN - 2040,43,43,1.0000000000,23,23,053,2040,2020_block_count_centroids
HENNEPIN - 2045,43,43,1.0000000000,40,40,053,2045,2020_block_count_centroids
HENNEPIN - 2050,29,29,0.9333333333,14,15,053,2050,2020_block_count_centroids
HENNEPIN - 2050,37,37,0.0666666667,1,15,053,2050,2020_block_count_centroids
HENNEPIN - 2055,34,34,1.0000000000,82,82,053,2055,2020_block_count_centroids
HENNEPIN - 2060,45,45,1.0000000000,37,37,053,2060,2020_block_count_centroids
HENNEPIN - 2065,45,45,1.0000000000,54,54,053,2065,2020_block_count_centroids
HENNEPIN - 2070,45,45,1.0000000000,23,23,053,2070,2020_block_count_centroids
HENNEPIN - 2075,45,45,1.0000000000,11,11,053,2075,2020_block_count_centroids
HENNEPIN - 2080,45,45,1.0000000000,22,22,053,2080,2020_block_count_centroids
HENNEPIN - 2085,39,39,0.9761904762,41,42,053,2085,2020_block_count_centroids
HENNEPIN - 2085,60,60,0.0238095238,1,42,053,2085,2020_block_count_centroids
HENNEPIN - 2090,39,39,1.0000000000,51,51,053,2090,2020_block_count_centroids
HENNEPIN - 2100,45,45,1.0000000000,32,32,053,2100,2020_block_count_centroids
HENNEPIN - 2105,46,46,1.0000000000,46,46,053,2105,2020_block_count_centroids
HENNEPIN - 2110,46,46,1.0000000000,36,36,053,2110,2020_block_count_centroids
HENNEPIN - 2115,46,46,1.0000000000,41,41,053,2115,2020_block_count_centroids
HENNEPIN - 2120,46,46,1.0000000000,29,29,053,2120,2020_block_count_centroids
HENNEPIN - 2125,43,43,0.0250000000,1,40,053,2125,2020_block_count_centroids
HENNEPIN - 2125,46,46,0.9750000000,39,40,053,2125,2020_block_count_centroids
HENNEPIN - 2126,46,46,1.0000000000,15,15,053,2126,2020_block_count_centroids
HENNEPIN - 2130,46,46,1.0000000000,53,53,053,2130,2020_block_count_centroids
HENNEPIN - 2135,46,46,0.9583333333,46,48,053,2135,2020_block_count_centroids
HENNEPIN - 2135,50,50,0.0416666667,2,48,053,2135,2020_block_count_centroids
HENNEPIN - 2140,46,46,1.0000000000,32,32,053,2140,2020_block_count_centroids
HENNEPIN - 2145,46,46,1.0000000000,57,57,053,2145,2020_block_count_centroids
HENNEPIN - 2150,46,46,1.0000000000,27,27,053,2150,2020_block_count_centroids
HENNEPIN - 2155,45,45,0.0238095238,1,42,053,2155,2020_block_count_centroids
HENNEPIN - 2155,46,46,0.9761904762,41,42,053,2155,2020_block_count_centroids
HENNEPIN - 2160,46,46,1.0000000000,49,49,053,2160,2020_block_count_centroids
HENNEPIN - 2165,46,46,1.0000000000,51,51,053,2165,2020_block_count_centroids
HENNEPIN - 2170,46,46,1.0000000000,24,24,053,2170,2020_block_count_centroids
HENNEPIN - 2175,46,46,1.0000000000,24,24,053,2175,2020_block_count_centroids
HENNEPIN - 2180,43,43,0.0454545455,1,22,053,2180,2020_block_count_centroids
HENNEPIN - 2180,45,45,0.0454545455,1,22,053,2180,2020_block_count_centroids
HENNEPIN - 2180,46,46,0.9090909091,20,22,053,2180,2020_block_count_centroids
HENNEPIN - 2185,46,46,1.0000000000,18,18,053,2185,2020_block_count_centroids
HENNEPIN - 2190,46,46,1.0000000000,16,16,053,2190,2020_block_count_centroids
HENNEPIN - 2195,43,43,0.0454545455,1,22,053,2195,2020_block_count_centroids
HENNEPIN - 2195,46,46,0.9545454545,21,22,053,2195,2020_block_count_centroids
HENNEPIN - 2200,43,43,0.0263157895,1,38,053,2200,2020_block_count_centroids
HENNEPIN - 2200,46,46,0.9736842105,37,38,053,2200,2020_block_count_centroids
HENNEPIN - 2205,45,45,1.0000000000,29,29,053,2205,2020_block_count_centroids
HENNEPIN - 2210,42,42,0.0096153846,1,104,053,2210,2020_block_count_centroids
HENNEPIN - 2210,45,45,0.9903846154,103,104,053,2210,2020_block_count_centroids
HENNEPIN - 2215,45,45,1.0000000000,10,10,053,2215,2020_block_count_centroids
HENNEPIN - 2216,50,50,0.9032258065,28,31,053,2216,2020_block_count_centroids
HENNEPIN - 2216,51,51,0.0967741935,3,31,053,2216,2020_block_count_centroids
HENNEPIN - 2217,50,50,1.0000000000,35,35,053,2217,2020_block_count_centroids
HENNEPIN - 2218,50,50,1.0000000000,38,38,053,2218,2020_block_count_centroids
HENNEPIN - 2219,50,50,1.0000000000,14,14,053,2219,2020_block_count_centroids
HENNEPIN - 2220,51,51,1.0000000000,63,63,053,2220,2020_block_count_centroids
HENNEPIN - 2221,34,34,0.3529411765,6,17,053,2221,2020_block_count_centroids
HENNEPIN - 2221,38,38,0.6470588235,11,17,053,2221,2020_block_count_centroids
HENNEPIN - 2222,38,38,1.0000000000,15,15,053,2222,2020_block_count_centroids
HENNEPIN - 2223,34,34,1.0000000000,28,28,053,2223,2020_block_count_centroids
HENNEPIN - 2224,34,34,1.0000000000,44,44,053,2224,2020_block_count_centroids
HENNEPIN - 2225,34,34,1.0000000000,50,50,053,2225,2020_block_count_centroids
HENNEPIN - 2226,34,34,1.0000000000,47,47,053,2226,2020_block_count_centroids
HENNEPIN - 2227,34,34,1.0000000000,48,48,053,2227,2020_block_count_centroids
HENNEPIN - 2228,49,49,1.0000000000,35,35,053,2228,2020_block_count_centroids
HENNEPIN - 2229,49,49,1.0000000000,35,35,053,2229,2020_block_count_centroids
HENNEPIN - 2230,49,49,1.0000000000,55,55,053,2230,2020_block_count_centroids
HENNEPIN - 2232,49,49,1.0000000000,41,41,053,2232,2020_block_count_centroids
HENNEPIN - 2233,49,49,1.0000000000,38,38,053,2233,2020_block_count_centroids
HENNEPIN - 2234,49,49,0.9782608696,45,46,053,2234,2020_block_count_centroids
HENNEPIN - 2234,50,50,0.0217391304,1,46,053,2234,2020_block_count_centroids
HENNEPIN - 2235,49,49,1.0000000000,40,40,053,2235,2020_block_count_centroids
HENNEPIN - 2236,49,49,1.0000000000,100,100,053,2236,2020_block_count_centroids
HENNEPIN - 2237,49,49,1.0000000000,15,15,053,2237,2020_block_count_centroids
HENNEPIN - 2238,49,49,1.0000000000,25,25,053,2238,2020_block_count_centroids
HENNEPIN - 2239,49,49,1.0000000000,52,52,053,2239,2020_block_count_centroids
HENNEPIN - 2240,46,46,1.0000000000,37,37,053,2240,2020_block_count_centroids
HENNEPIN - 2241,46,46,0.9069767442,39,43,053,2241,2020_block_count_centroids
HENNEPIN - 2241,50,50,0.0930232558,4,43,053,2241,2020_block_count_centroids
HENNEPIN - 2242,37,37,1.0000000000,44,44,053,2242,2020_block_count_centroids
HENNEPIN - 2243,37,37,1.0000000000,62,62,053,2243,2020_block_count_centroids
HENNEPIN - 2244,37,37,1.0000000000,117,117,053,2244,2020_block_count_centroids
HENNEPIN - 2245,63,63,1.0000000000,19,19,053,2245,2020_block_count_centroids
HENNEPIN - 2246,45,45,0.9696969697,32,33,053,2246,2020_block_count_centroids
HENNEPIN - 2246,49,49,0.0303030303,1,33,053,2246,2020_block_count_centroids
HENNEPIN - 2247,45,45,0.9444444444,17,18,053,2247,2020_block_count_centroids
HENNEPIN - 2247,46,46,0.0555555556,1,18,053,2247,2020_block_count_centroids
HENNEPIN - 2248,45,45,1.0000000000,45,45,053,2248,2020_block_count_centroids
HENNEPIN - 2249,49,49,1.0000000000,16,16,053,2249,2020_block_count_centroids
HENNEPIN - 2251,42,42,0.2923076923,19,65,053,2251,2020_block_count_centroids
HENNEPIN - 2251,43,43,0.7076923077,46,65,053,2251,2020_block_count_centroids
HENNEPIN - 2252,42,42,1.0000000000,23,23,053,2252,2020_block_count_centroids
HENNEPIN - 2253,42,42,1.0000000000,19,19,053,2253,2020_block_count_centroids
HENNEPIN - 2254,42,42,1.0000000000,27,27,053,2254,2020_block_count_centroids
HENNEPIN - 2255,51,51,0.9764705882,83,85,053,2255,2020_block_count_centroids
HENNEPIN - 2255,63,63,0.0235294118,2,85,053,2255,2020_block_count_centroids
HENNEPIN - 2256,51,51,1.0000000000,83,83,053,2256,2020_block_count_centroids
HENNEPIN - 2257,51,51,1.0000000000,43,43,053,2257,2020_block_count_centroids
HENNEPIN - 2258,51,51,1.0000000000,70,70,053,2258,2020_block_count_centroids
HENNEPIN - 2259,51,51,1.0000000000,76,76,053,2259,2020_block_count_centroids
HENNEPIN - 2260,51,51,1.0000000000,95,95,053,2260,2020_block_count_centroids
HENNEPIN - 2261,51,51,1.0000000000,69,69,053,2261,2020_block_count_centroids
HENNEPIN - 2262,51,51,1.0000000000,73,73,053,2262,2020_block_count_centroids
HENNEPIN - 2263,51,51,1.0000000000,69,69,053,2263,2020_block_count_centroids
HENNEPIN - 2264,45,45,1.0000000000,32,32,053,2264,2020_block_count_centroids
HENNEPIN - 2265,37,37,1.0000000000,95,95,053,2265,2020_block_count_centroids
HENNEPIN - 2266,45,45,1.0000000000,20,20,053,2266,2020_block_count_centroids
HOUSTON - 0005,26,26,1.0000000000,45,45,055,0005,2020_block_count_centroids
HOUSTON - 0010,26,26,1.0000000000,37,37,055,0010,2020_block_count_centroids
HOUSTON - 0015,26,26,1.0000000000,41,41,055,0015,2020_block_count_centroids
HOUSTON - 0020,26,26,1.0000000000,44,44,055,0020,2020_block_count_centroids
HOUSTON - 0025,26,26,1.0000000000,61,61,055,0025,2020_block_count_centroids
HOUSTON - 0030,26,26,1.0000000000,41,41,055,0030,2020_block_count_centroids
HOUSTON - 0035,26,26,1.0000000000,31,31,055,0035,2020_block_count_centroids
HOUSTON - 0040,26,26,1.0000000000,11,11,055,0040,2020_block_count_centroids
HOUSTON - 0045,26,26,1.0000000000,28,28,055,0045,2020_block_count_centroids
HOUSTON - 0050,26,26,1.0000000000,59,59,055,0050,2020_block_count_centroids
HOUSTON - 0055,26,26,1.0000000000,59,59,055,0055,2020_block_count_centroids
HOUSTON - 0060,26,26,1.0000000000,55,55,055,0060,2020_block_count_centroids
HOUSTON - 0065,26,26,1.0000000000,46,46,055,0065,2020_block_count_centroids
HOUSTON - 0070,26,26,1.0000000000,53,53,055,0070,2020_block_count_centroids
HOUSTON - 0075,26,26,1.0000000000,47,47,055,0075,2020_block_count_centroids
HOUSTON - 0076,26,26,1.0000000000,13,13,055,0076,2020_block_count_centroids
HOUSTON - 0080,26,26,1.0000000000,87,87,055,0080,2020_block_count_centroids
HOUSTON - 0085,26,26,1.0000000000,27,27,055,0085,2020_block_count_centroids
HOUSTON - 0090,26,26,1.0000000000,61,61,055,0090,2020_block_count_centroids
HOUSTON - 0095,26,26,1.0000000000,67,67,055,0095,2020_block_count_centroids
HOUSTON - 0100,26,26,1.0000000000,37,37,055,0100,2020_block_count_centroids
HOUSTON - 0105,26,26,1.0000000000,57,57,055,0105,2020_block_count_centroids
HOUSTON - 0110,26,26,1.0000000000,42,42,055,0110,2020_block_count_centroids
HOUSTON - 0115,26,26,1.0000000000,27,27,055,0115,2020_block_count_centroids
HOUSTON - 0120,26,26,1.0000000000,39,39,055,0120,2020_block_count_centroids
HOUSTON - 0125,26,26,1.0000000000,30,30,055,0125,2020_block_count_centroids
HOUSTON - 0130,26,26,1.0000000000,59,59,055,0130,2020_block_count_centroids
HUBBARD - 0005,5,5,1.0000000000,51,51,057,0005,2020_block_count_centroids
HUBBARD - 0010,5,5,1.0000000000,49,49,057,0010,2020_block_count_centroids
HUBBARD - 0015,5,5,1.0000000000,32,32,057,0015,2020_block_count_centroids
HUBBARD - 0020,5,5,1.0000000000,40,40,057,0020,2020_block_count_centroids
HUBBARD - 0022,5,5,1.0000000000,13,13,057,0022,2020_block_count_centroids
HUBBARD - 0025,5,5,1.0000000000,16,16,057,0025,2020_block_count_centroids
HUBBARD - 0030,5,5,1.0000000000,64,64,057,0030,2020_block_count_centroids
HUBBARD - 0035,2,2,1.0000000000,90,90,057,0035,2020_block_count_centroids
HUBBARD - 0040,2,2,1.0000000000,36,36,057,0040,2020_block_count_centroids
HUBBARD - 0045,2,2,1.0000000000,35,35,057,0045,2020_block_count_centroids
HUBBARD - 0050,2,2,1.0000000000,58,58,057,0050,2020_block_count_centroids
HUBBARD - 0055,2,2,1.0000000000,48,48,057,0055,2020_block_count_centroids
HUBBARD - 0060,5,5,1.0000000000,39,39,057,0060,2020_block_count_centroids
HUBBARD - 0065,5,5,1.0000000000,95,95,057,0065,2020_block_count_centroids
HUBBARD - 0070,5,5,1.0000000000,76,76,057,0070,2020_block_count_centroids
HUBBARD - 0075,2,2,1.0000000000,22,22,057,0075,2020_block_count_centroids
HUBBARD - 0080,5,5,1.0000000000,55,55,057,0080,2020_block_count_centroids
HUBBARD - 0085,2,2,0.0185185185,1,54,057,0085,2020_block_count_centroids
HUBBARD - 0085,5,5,0.9814814815,53,54,057,0085,2020_block_count_centroids
HUBBARD - 0090,2,2,1.0000000000,17,17,057,0090,2020_block_count_centroids
HUBBARD - 0095,2,2,0.1688311688,13,77,057,0095,2020_block_count_centroids
HUBBARD - 0095,5,5,0.8311688312,64,77,057,0095,2020_block_count_centroids
HUBBARD - 0100,5,5,1.0000000000,15,15,057,0100,2020_block_count_centroids
HUBBARD - 0105,5,5,1.0000000000,69,69,057,0105,2020_block_count_centroids
HUBBARD - 0110,5,5,1.0000000000,27,27,057,0110,2020_block_count_centroids
HUBBARD - 0115,5,5,1.0000000000,65,65,057,0115,2020_block_count_centroids
HUBBARD - 0120,5,5,1.0000000000,111,111,057,0120,2020_block_count_centroids
HUBBARD - 0122,5,5,1.0000000000,88,88,057,0122,2020_block_count_centroids
HUBBARD - 0125,2,2,1.0000000000,29,29,057,0125,2020_block_count_centroids
HUBBARD - 0130,2,2,1.0000000000,27,27,057,0130,2020_block_count_centroids
HUBBARD - 0135,2,2,0.0754716981,4,53,057,0135,2020_block_count_centroids
HUBBARD - 0135,5,5,0.9245283019,49,53,057,0135,2020_block_count_centroids
HUBBARD - 0140,5,5,1.0000000000,65,65,057,0140,2020_block_count_centroids
HUBBARD - 0145,5,5,1.0000000000,35,35,057,0145,2020_block_count_centroids
HUBBARD - 0150,5,5,1.0000000000,69,69,057,0150,2020_block_count_centroids
HUBBARD - 0155,5,5,1.0000000000,50,50,057,0155,2020_block_count_centroids
ISANTI - 0005,27,27,0.0272727273,3,110,059,0005,2020_block_count_centroids
ISANTI - 0005,28,28,0.0181818182,2,110,059,0005,2020_block_count_centroids
ISANTI - 0005,31,31,0.9545454545,105,110,059,0005,2020_block_count_centroids
ISANTI - 0010,28,28,1.0000000000,114,114,059,0010,2020_block_count_centroids
ISANTI - 0015,28,28,1.0000000000,37,37,059,0015,2020_block_count_centroids
ISANTI - 0020,28,28,1.0000000000,219,219,059,0020,2020_block_count_centroids
ISANTI - 0025,28,28,1.0000000000,164,164,059,0025,2020_block_count_centroids
ISANTI - 0030,10,10,1.0000000000,69,69,059,0030,2020_block_count_centroids
ISANTI - 0035,28,28,1.0000000000,89,89,059,0035,2020_block_count_centroids
ISANTI - 0040,28,28,1.0000000000,148,148,059,0040,2020_block_count_centroids
ISANTI - 0045,10,10,0.0161290323,1,62,059,0045,2020_block_count_centroids
ISANTI - 0045,28,28,0.9838709677,61,62,059,0045,2020_block_count_centroids
ISANTI - 0050,28,28,1.0000000000,77,77,059,0050,2020_block_count_centroids
ISANTI - 0055,28,28,1.0000000000,34,34,059,0055,2020_block_count_centroids
ISANTI - 0060,27,27,0.9565217391,88,92,059,0060,2020_block_count_centroids
ISANTI - 0060,28,28,0.0434782609,4,92,059,0060,2020_block_count_centroids
ISANTI - 0065,28,28,1.0000000000,56,56,059,0065,2020_block_count_centroids
ISANTI - 0070,28,28,1.0000000000,91,91,059,0070,2020_block_count_centroids
ISANTI - 0075,27,27,0.9555555556,86,90,059,0075,2020_block_count_centroids
ISANTI - 0075,31,31,0.0444444444,4,90,059,0075,2020_block_count_centroids
ISANTI - 0080,27,27,0.0227272727,2,88,059,0080,2020_block_count_centroids
ISANTI - 0080,28,28,0.9772727273,86,88,059,0080,2020_block_count_centroids
ITASCA - 0005,3,3,1.0000000000,19,19,061,0005,2020_block_count_centroids
ITASCA - 0010,7,7,1.0000000000,39,39,061,0010,2020_block_count_centroids
ITASCA - 0015,3,3,1.0000000000,23,23,061,0015,2020_block_count_centroids
ITASCA - 0020,2,2,1.0000000000,38,38,061,0020,2020_block_count_centroids
ITASCA - 0025,3,3,0.0131578947,1,76,061,0025,2020_block_count_centroids
ITASCA - 0025,7,7,0.9868421053,75,76,061,0025,2020_block_count_centroids
ITASCA - 0030,6,6,1.0000000000,110,110,061,0030,2020_block_count_centroids
ITASCA - 0035,7,7,1.0000000000,49,49,061,0035,2020_block_count_centroids
ITASCA - 0040,3,3,1.0000000000,34,34,061,0040,2020_block_count_centroids
ITASCA - 0045,3,3,1.0000000000,33,33,061,0045,2020_block_count_centroids
ITASCA - 0050,3,3,1.0000000000,33,33,061,0050,2020_block_count_centroids
ITASCA - 0055,6,6,0.0178571429,1,56,061,0055,2020_block_count_centroids
ITASCA - 0055,7,7,0.9821428571,55,56,061,0055,2020_block_count_centroids
ITASCA - 0060,7,7,1.0000000000,57,57,061,0060,2020_block_count_centroids
ITASCA - 0065,2,2,1.0000000000,37,37,061,0065,2020_block_count_centroids
ITASCA - 0070,3,3,1.0000000000,147,147,061,0070,2020_block_count_centroids
ITASCA - 0076,3,3,1.0000000000,40,40,061,0076,2020_block_count_centroids
ITASCA - 0085,7,7,1.0000000000,69,69,061,0085,2020_block_count_centroids
ITASCA - 0090,7,7,1.0000000000,48,48,061,0090,2020_block_count_centroids
ITASCA - 0095,2,2,0.0270270270,1,37,061,0095,2020_block_count_centroids
ITASCA - 0095,7,7,0.9729729730,36,37,061,0095,2020_block_count_centroids
ITASCA - 0100,2,2,0.0172413793,1,58,061,0100,2020_block_count_centroids
ITASCA - 0100,7,7,0.9827586207,57,58,061,0100,2020_block_count_centroids
ITASCA - 0110,3,3,1.0000000000,6,6,061,0110,2020_block_count_centroids
ITASCA - 0120,7,7,1.0000000000,26,26,061,0120,2020_block_count_centroids
ITASCA - 0125,2,2,1.0000000000,28,28,061,0125,2020_block_count_centroids
ITASCA - 0130,7,7,1.0000000000,45,45,061,0130,2020_block_count_centroids
ITASCA - 0135,7,7,1.0000000000,43,43,061,0135,2020_block_count_centroids
ITASCA - 0140,6,6,1.0000000000,96,96,061,0140,2020_block_count_centroids
ITASCA - 0145,6,6,1.0000000000,97,97,061,0145,2020_block_count_centroids
ITASCA - 0151,6,6,1.0000000000,59,59,061,0151,2020_block_count_centroids
ITASCA - 0152,6,6,0.4634146341,19,41,061,0152,2020_block_count_centroids
ITASCA - 0152,7,7,0.5365853659,22,41,061,0152,2020_block_count_centroids
ITASCA - 0155,6,6,1.0000000000,55,55,061,0155,2020_block_count_centroids
ITASCA - 0161,6,6,1.0000000000,67,67,061,0161,2020_block_count_centroids
ITASCA - 0162,6,6,1.0000000000,24,24,061,0162,2020_block_count_centroids
ITASCA - 0165,6,6,0.4285714286,15,35,061,0165,2020_block_count_centroids
ITASCA - 0165,7,7,0.5714285714,20,35,061,0165,2020_block_count_centroids
ITASCA - 0170,6,6,1.0000000000,37,37,061,0170,2020_block_count_centroids
ITASCA - 0175,3,3,1.0000000000,18,18,061,0175,2020_block_count_centroids
ITASCA - 0184,7,7,1.0000000000,49,49,061,0184,2020_block_count_centroids
ITASCA - 0189,7,7,1.0000000000,36,36,061,0189,2020_block_count_centroids
ITASCA - 0195,7,7,1.0000000000,70,70,061,0195,2020_block_count_centroids
ITASCA - 0200,6,6,1.0000000000,56,56,061,0200,2020_block_count_centroids
ITASCA - 0205,2,2,1.0000000000,39,39,061,0205,2020_block_count_centroids
ITASCA - 0209,7,7,1.0000000000,35,35,061,0209,2020_block_count_centroids
ITASCA - 0215,7,7,1.0000000000,88,88,061,0215,2020_block_count_centroids
ITASCA - 0220,3,3,1.0000000000,35,35,061,0220,2020_block_count_centroids
ITASCA - 0225,2,2,0.9677419355,30,31,061,0225,2020_block_count_centroids
ITASCA - 0225,3,3,0.0322580645,1,31,061,0225,2020_block_count_centroids
ITASCA - 0227,6,6,1.0000000000,22,22,061,0227,2020_block_count_centroids
ITASCA - 0230,7,7,1.0000000000,50,50,061,0230,2020_block_count_centroids
ITASCA - 0235,3,3,1.0000000000,18,18,061,0235,2020_block_count_centroids
ITASCA - 0240,7,7,1.0000000000,50,50,061,0240,2020_block_count_centroids
ITASCA - 0244,7,7,1.0000000000,41,41,061,0244,2020_block_count_centroids
ITASCA - 0245,3,3,1.0000000000,35,35,061,0245,2020_block_count_centroids
ITASCA - 0249,3,3,1.0000000000,68,68,061,0249,2020_block_count_centroids
ITASCA - 0255,2,2,1.0000000000,29,29,061,0255,2020_block_count_centroids
ITASCA - 0260,3,3,1.0000000000,79,79,061,0260,2020_block_count_centroids
ITASCA - 0265,3,3,1.0000000000,8,8,061,0265,2020_block_count_centroids
ITASCA - 0270,2,2,0.9736842105,37,38,061,0270,2020_block_count_centroids
ITASCA - 0270,7,7,0.0263157895,1,38,061,0270,2020_block_count_centroids
ITASCA - 0275,7,7,1.0000000000,69,69,061,0275,2020_block_count_centroids
ITASCA - 0280,7,7,1.0000000000,31,31,061,0280,2020_block_count_centroids
ITASCA - 0285,7,7,1.0000000000,40,40,061,0285,2020_block_count_centroids
ITASCA - 0290,3,3,1.0000000000,11,11,061,0290,2020_block_count_centroids
ITASCA - 0295,2,2,1.0000000000,17,17,061,0295,2020_block_count_centroids
ITASCA - 0300,3,3,1.0000000000,14,14,061,0300,2020_block_count_centroids
ITASCA - 0305,7,7,1.0000000000,33,33,061,0305,2020_block_count_centroids
ITASCA - 0310,2,2,1.0000000000,30,30,061,0310,2020_block_count_centroids
ITASCA - 0320,6,6,1.0000000000,22,22,061,0320,2020_block_count_centroids
ITASCA - 0327,7,7,1.0000000000,22,22,061,0327,2020_block_count_centroids
ITASCA - 0330,2,2,1.0000000000,14,14,061,0330,2020_block_count_centroids
ITASCA - 0335,3,3,1.0000000000,49,49,061,0335,2020_block_count_centroids
ITASCA - 0339,7,7,1.0000000000,22,22,061,0339,2020_block_count_centroids
ITASCA - 0340,6,6,1.0000000000,54,54,061,0340,2020_block_count_centroids
ITASCA - 0345,2,2,1.0000000000,25,25,061,0345,2020_block_count_centroids
ITASCA - 0350,7,7,1.0000000000,71,71,061,0350,2020_block_count_centroids
ITASCA - 0355,7,7,1.0000000000,36,36,061,0355,2020_block_count_centroids
ITASCA - 0360,7,7,1.0000000000,28,28,061,0360,2020_block_count_centroids
ITASCA - 0365,7,7,1.0000000000,19,19,061,0365,2020_block_count_centroids
ITASCA - 0370,2,2,0.5423728814,32,59,061,0370,2020_block_count_centroids
ITASCA - 0370,6,6,0.4406779661,26,59,061,0370,2020_block_count_centroids
ITASCA - 0370,7,7,0.0169491525,1,59,061,0370,2020_block_count_centroids
ITASCA - 0372,6,6,1.0000000000,19,19,061,0372,2020_block_count_centroids
ITASCA - 0375,2,2,1.0000000000,107,107,061,0375,2020_block_count_centroids
ITASCA - 0380,3,3,1.0000000000,20,20,061,0380,2020_block_count_centroids
ITASCA - 0385,7,7,1.0000000000,3,3,061,0385,2020_block_count_centroids
JACKSON - 0005,21,21,1.0000000000,81,81,063,0005,2020_block_count_centroids
JACKSON - 0010,21,21,1.0000000000,17,17,063,0010,2020_block_count_centroids
JACKSON - 0015,21,21,1.0000000000,44,44,063,0015,2020_block_count_centroids
JACKSON - 0020,21,21,1.0000000000,48,48,063,0020,2020_block_count_centroids
JACKSON - 0025,21,21,1.0000000000,72,72,063,0025,2020_block_count_centroids
JACKSON - 0030,21,21,1.0000000000,49,49,063,0030,2020_block_count_centroids
JACKSON - 0035,21,21,1.0000000000,49,49,063,0035,2020_block_count_centroids
JACKSON - 0040,21,21,1.0000000000,49,49,063,0040,2020_block_count_centroids
JACKSON - 0045,21,21,1.0000000000,60,60,063,0045,2020_block_count_centroids
JACKSON - 0050,21,21,1.0000000000,52,52,063,0050,2020_block_count_centroids
JACKSON - 0055,21,21,1.0000000000,61,61,063,0055,2020_block_count_centroids
JACKSON - 0060,21,21,1.0000000000,33,33,063,0060,2020_block_count_centroids
JACKSON - 0065,21,21,1.0000000000,36,36,063,0065,2020_block_count_centroids
JACKSON - 0070,21,21,1.0000000000,38,38,063,0070,2020_block_count_centroids
JACKSON - 0075,21,21,1.0000000000,19,19,063,0075,2020_block_count_centroids
JACKSON - 0080,21,21,1.0000000000,74,74,063,0080,2020_block_count_centroids
JACKSON - 0085,21,21,1.0000000000,53,53,063,0085,2020_block_count_centroids
JACKSON - 0090,21,21,1.0000000000,36,36,063,0090,2020_block_count_centroids
JACKSON - 0095,21,21,1.0000000000,47,47,063,0095,2020_block_count_centroids
JACKSON - 0100,21,21,1.0000000000,40,40,063,0100,2020_block_count_centroids
JACKSON - 0105,21,21,1.0000000000,67,67,063,0105,2020_block_count_centroids
JACKSON - 0110,21,21,1.0000000000,15,15,063,0110,2020_block_count_centroids
JACKSON - 0115,21,21,1.0000000000,43,43,063,0115,2020_block_count_centroids
JACKSON - 0120,21,21,1.0000000000,56,56,063,0120,2020_block_count_centroids
JACKSON - 0125,21,21,1.0000000000,41,41,063,0125,2020_block_count_centroids
JACKSON - 0130,21,21,1.0000000000,55,55,063,0130,2020_block_count_centroids
JACKSON - 0135,21,21,1.0000000000,79,79,063,0135,2020_block_count_centroids
JACKSON - 0140,21,21,1.0000000000,43,43,063,0140,2020_block_count_centroids
JACKSON - 0145,21,21,1.0000000000,16,16,063,0145,2020_block_count_centroids
JACKSON - 0150,21,21,1.0000000000,60,60,063,0150,2020_block_count_centroids
KANABEC - 0005,10,10,1.0000000000,23,23,065,0005,2020_block_count_centroids
KANABEC - 0010,11,11,1.0000000000,101,101,065,0010,2020_block_count_centroids
KANABEC - 0015,11,11,1.0000000000,1,1,065,0015,2020_block_count_centroids
KANABEC - 0020,11,11,1.0000000000,79,79,065,0020,2020_block_count_centroids
KANABEC - 0025,11,11,1.0000000000,53,53,065,0025,2020_block_count_centroids
KANABEC - 0030,10,10,0.9615384615,25,26,065,0030,2020_block_count_centroids
KANABEC - 0030,11,11,0.0384615385,1,26,065,0030,2020_block_count_centroids
KANABEC - 0035,11,11,1.0000000000,86,86,065,0035,2020_block_count_centroids
KANABEC - 0040,11,11,1.0000000000,13,13,065,0040,2020_block_count_centroids
KANABEC - 0045,10,10,1.0000000000,7,7,065,0045,2020_block_count_centroids
KANABEC - 0050,10,10,1.0000000000,41,41,065,0050,2020_block_count_centroids
KANABEC - 0055,10,10,1.0000000000,59,59,065,0055,2020_block_count_centroids
KANABEC - 0060,11,11,1.0000000000,54,54,065,0060,2020_block_count_centroids
KANABEC - 0065,11,11,1.0000000000,18,18,065,0065,2020_block_count_centroids
KANABEC - 0070,11,11,1.0000000000,86,86,065,0070,2020_block_count_centroids
KANABEC - 0075,11,11,1.0000000000,20,20,065,0075,2020_block_count_centroids
KANABEC - 0080,10,10,1.0000000000,30,30,065,0080,2020_block_count_centroids
KANABEC - 0085,10,10,0.9615384615,50,52,065,0085,2020_block_count_centroids
KANABEC - 0085,11,11,0.0384615385,2,52,065,0085,2020_block_count_centroids
KANABEC - 0090,11,11,1.0000000000,26,26,065,0090,2020_block_count_centroids
KANABEC - 0095,11,11,1.0000000000,13,13,065,0095,2020_block_count_centroids
KANABEC - 0100,10,10,1.0000000000,66,66,065,0100,2020_block_count_centroids
KANABEC - 0105,11,11,1.0000000000,39,39,065,0105,2020_block_count_centroids
KANDIYOHI - 0005,16,16,1.0000000000,51,51,067,0005,2020_block_count_centroids
KANDIYOHI - 0010,16,16,1.0000000000,66,66,067,0010,2020_block_count_centroids
KANDIYOHI - 0015,16,16,1.0000000000,14,14,067,0015,2020_block_count_centroids
KANDIYOHI - 0020,16,16,1.0000000000,56,56,067,0020,2020_block_count_centroids
KANDIYOHI - 0025,16,16,1.0000000000,70,70,067,0025,2020_block_count_centroids
KANDIYOHI - 0030,16,16,1.0000000000,68,68,067,0030,2020_block_count_centroids
KANDIYOHI - 0035,16,16,1.0000000000,55,55,067,0035,2020_block_count_centroids
KANDIYOHI - 0040,16,16,1.0000000000,52,52,067,0040,2020_block_count_centroids
KANDIYOHI - 0045,16,16,1.0000000000,61,61,067,0045,2020_block_count_centroids
KANDIYOHI - 0050,16,16,1.0000000000,36,36,067,0050,2020_block_count_centroids
KANDIYOHI - 0055,16,16,1.0000000000,77,77,067,0055,2020_block_count_centroids
KANDIYOHI - 0060,16,16,1.0000000000,36,36,067,0060,2020_block_count_centroids
KANDIYOHI - 0065,16,16,1.0000000000,67,67,067,0065,2020_block_count_centroids
KANDIYOHI - 0070,16,16,1.0000000000,69,69,067,0070,2020_block_count_centroids
KANDIYOHI - 0075,16,16,1.0000000000,22,22,067,0075,2020_block_count_centroids
KANDIYOHI - 0080,16,16,1.0000000000,58,58,067,0080,2020_block_count_centroids
KANDIYOHI - 0085,16,16,1.0000000000,44,44,067,0085,2020_block_count_centroids
KANDIYOHI - 0090,16,16,1.0000000000,31,31,067,0090,2020_block_count_centroids
KANDIYOHI - 0095,16,16,1.0000000000,19,19,067,0095,2020_block_count_centroids
KANDIYOHI - 0100,16,16,1.0000000000,39,39,067,0100,2020_block_count_centroids
KANDIYOHI - 0105,16,16,1.0000000000,71,71,067,0105,2020_block_count_centroids
KANDIYOHI - 0110,16,16,1.0000000000,47,47,067,0110,2020_block_count_centroids
KANDIYOHI - 0115,16,16,1.0000000000,93,93,067,0115,2020_block_count_centroids
KANDIYOHI - 0120,16,16,1.0000000000,62,62,067,0120,2020_block_count_centroids
KANDIYOHI - 0125,16,16,1.0000000000,30,30,067,0125,2020_block_count_centroids
KANDIYOHI - 0130,16,16,1.0000000000,18,18,067,0130,2020_block_count_centroids
KANDIYOHI - 0135,16,16,1.0000000000,39,39,067,0135,2020_block_count_centroids
KANDIYOHI - 0140,16,16,1.0000000000,8,8,067,0140,2020_block_count_centroids
KANDIYOHI - 0145,16,16,1.0000000000,60,60,067,0145,2020_block_count_centroids
KANDIYOHI - 0150,16,16,1.0000000000,80,80,067,0150,2020_block_count_centroids
KANDIYOHI - 0155,16,16,1.0000000000,60,60,067,0155,2020_block_count_centroids
KANDIYOHI - 0160,16,16,1.0000000000,49,49,067,0160,2020_block_count_centroids
KANDIYOHI - 0165,16,16,1.0000000000,8,8,067,0165,2020_block_count_centroids
KANDIYOHI - 0170,16,16,1.0000000000,41,41,067,0170,2020_block_count_centroids
KANDIYOHI - 0175,16,16,1.0000000000,50,50,067,0175,2020_block_count_centroids
KANDIYOHI - 0180,16,16,1.0000000000,51,51,067,0180,2020_block_count_centroids
KANDIYOHI - 0185,16,16,1.0000000000,37,37,067,0185,2020_block_count_centroids
KANDIYOHI - 0186,16,16,1.0000000000,3,3,067,0186,2020_block_count_centroids
KANDIYOHI - 0190,16,16,1.0000000000,54,54,067,0190,2020_block_count_centroids
KANDIYOHI - 0195,16,16,1.0000000000,33,33,067,0195,2020_block_count_centroids
KANDIYOHI - 0200,16,16,1.0000000000,39,39,067,0200,2020_block_count_centroids
KANDIYOHI - 0205,16,16,1.0000000000,35,35,067,0205,2020_block_count_centroids
KANDIYOHI - 0210,16,16,1.0000000000,37,37,067,0210,2020_block_count_centroids
KANDIYOHI - 0215,16,16,1.0000000000,57,57,067,0215,2020_block_count_centroids
KANDIYOHI - 0220,16,16,1.0000000000,32,32,067,0220,2020_block_count_centroids
KANDIYOHI - 0225,16,16,1.0000000000,29,29,067,0225,2020_block_count_centroids
KANDIYOHI - 0230,16,16,1.0000000000,26,26,067,0230,2020_block_count_centroids
KANDIYOHI - 0235,16,16,1.0000000000,82,82,067,0235,2020_block_count_centroids
KITTSON - 0005,1,1,1.0000000000,25,25,069,0005,2020_block_count_centroids
KITTSON - 0010,1,1,1.0000000000,6,6,069,0010,2020_block_count_centroids
KITTSON - 0015,1,1,1.0000000000,26,26,069,0015,2020_block_count_centroids
KITTSON - 0020,1,1,1.0000000000,48,48,069,0020,2020_block_count_centroids
KITTSON - 0025,1,1,1.0000000000,37,37,069,0025,2020_block_count_centroids
KITTSON - 0030,1,1,1.0000000000,30,30,069,0030,2020_block_count_centroids
KITTSON - 0035,1,1,1.0000000000,13,13,069,0035,2020_block_count_centroids
KITTSON - 0036,1,1,1.0000000000,17,17,069,0036,2020_block_count_centroids
KITTSON - 0040,1,1,1.0000000000,36,36,069,0040,2020_block_count_centroids
KITTSON - 0045,1,1,1.0000000000,105,105,069,0045,2020_block_count_centroids
KITTSON - 0050,1,1,1.0000000000,38,38,069,0050,2020_block_count_centroids
KITTSON - 0055,1,1,1.0000000000,16,16,069,0055,2020_block_count_centroids
KITTSON - 0060,1,1,1.0000000000,38,38,069,0060,2020_block_count_centroids
KITTSON - 0065,1,1,1.0000000000,56,56,069,0065,2020_block_count_centroids
KITTSON - 0070,1,1,1.0000000000,32,32,069,0070,2020_block_count_centroids
KITTSON - 0075,1,1,1.0000000000,12,12,069,0075,2020_block_count_centroids
KITTSON - 0080,1,1,1.0000000000,33,33,069,0080,2020_block_count_centroids
KITTSON - 0085,1,1,1.0000000000,41,41,069,0085,2020_block_count_centroids
KITTSON - 0090,1,1,1.0000000000,28,28,069,0090,2020_block_count_centroids
KITTSON - 0095,1,1,1.0000000000,27,27,069,0095,2020_block_count_centroids
KITTSON - 0100,1,1,1.0000000000,29,29,069,0100,2020_block_count_centroids
KITTSON - 0105,1,1,1.0000000000,7,7,069,0105,2020_block_count_centroids
KITTSON - 0110,1,1,1.0000000000,24,24,069,0110,2020_block_count_centroids
KITTSON - 0115,1,1,1.0000000000,26,26,069,0115,2020_block_count_centroids
KITTSON - 0120,1,1,1.0000000000,20,20,069,0120,2020_block_count_centroids
KITTSON - 0125,1,1,1.0000000000,21,21,069,0125,2020_block_count_centroids
KITTSON - 0130,1,1,1.0000000000,30,30,069,0130,2020_block_count_centroids
KITTSON - 0135,1,1,1.0000000000,36,36,069,0135,2020_block_count_centroids
KITTSON - 0140,1,1,1.0000000000,20,20,069,0140,2020_block_count_centroids
KITTSON - 0145,1,1,1.0000000000,30,30,069,0145,2020_block_count_centroids
KITTSON - 0150,1,1,1.0000000000,66,66,069,0150,2020_block_count_centroids
KITTSON - 0155,1,1,1.0000000000,35,35,069,0155,2020_block_count_centroids
KITTSON - 0160,1,1,1.0000000000,17,17,069,0160,2020_block_count_centroids
KITTSON - 0165,1,1,1.0000000000,35,35,069,0165,2020_block_count_centroids
KITTSON - 0170,1,1,1.0000000000,35,35,069,0170,2020_block_count_centroids
KITTSON - 0175,1,1,1.0000000000,37,37,069,0175,2020_block_count_centroids
KITTSON - 0180,1,1,1.0000000000,33,33,069,0180,2020_block_count_centroids
KITTSON - 0185,1,1,1.0000000000,46,46,069,0185,2020_block_count_centroids
KOOCHICHING - 0005,3,3,1.0000000000,39,39,071,0005,2020_block_count_centroids
KOOCHICHING - 0010,3,3,1.0000000000,13,13,071,0010,2020_block_count_centroids
KOOCHICHING - 0015,3,3,1.0000000000,34,34,071,0015,2020_block_count_centroids
KOOCHICHING - 0020,3,3,1.0000000000,109,109,071,0020,2020_block_count_centroids
KOOCHICHING - 0025,3,3,1.0000000000,34,34,071,0025,2020_block_count_centroids
KOOCHICHING - 0026,3,3,1.0000000000,111,111,071,0026,2020_block_count_centroids
KOOCHICHING - 0030,3,3,1.0000000000,25,25,071,0030,2020_block_count_centroids
KOOCHICHING - 0035,3,3,1.0000000000,22,22,071,0035,2020_block_count_centroids
KOOCHICHING - 0040,3,3,1.0000000000,19,19,071,0040,2020_block_count_centroids
KOOCHICHING - 0045,3,3,1.0000000000,11,11,071,0045,2020_block_count_centroids
KOOCHICHING - 0050,3,3,1.0000000000,150,150,071,0050,2020_block_count_centroids
KOOCHICHING - 0055,3,3,1.0000000000,131,131,071,0055,2020_block_count_centroids
KOOCHICHING - 0060,3,3,1.0000000000,69,69,071,0060,2020_block_count_centroids
KOOCHICHING - 0070,3,3,1.0000000000,33,33,071,0070,2020_block_count_centroids
KOOCHICHING - 0075,3,3,1.0000000000,50,50,071,0075,2020_block_count_centroids
KOOCHICHING - 0080,3,3,1.0000000000,51,51,071,0080,2020_block_count_centroids
KOOCHICHING - 0081,3,3,1.0000000000,42,42,071,0081,2020_block_count_centroids
KOOCHICHING - 0082,3,3,1.0000000000,16,16,071,0082,2020_block_count_centroids
KOOCHICHING - 0083,3,3,1.0000000000,29,29,071,0083,2020_block_count_centroids
KOOCHICHING - 0085,3,3,1.0000000000,17,17,071,0085,2020_block_count_centroids
KOOCHICHING - 0090,3,3,1.0000000000,51,51,071,0090,2020_block_count_centroids
KOOCHICHING - 0095,3,3,1.0000000000,19,19,071,0095,2020_block_count_centroids
KOOCHICHING - 0100,3,3,1.0000000000,15,15,071,0100,2020_block_count_centroids
KOOCHICHING - 0105,3,3,1.0000000000,37,37,071,0105,2020_block_count_centroids
KOOCHICHING - 0110,3,3,1.0000000000,44,44,071,0110,2020_block_count_centroids
KOOCHICHING - 0115,3,3,1.0000000000,22,22,071,0115,2020_block_count_centroids
KOOCHICHING - 0120,3,3,1.0000000000,14,14,071,0120,2020_block_count_centroids
KOOCHICHING - 0125,3,3,1.0000000000,64,64,071,0125,2020_block_count_centroids
KOOCHICHING - 0130,3,3,1.0000000000,19,19,071,0130,2020_block_count_centroids
KOOCHICHING - 0140,3,3,1.0000000000,31,31,071,0140,2020_block_count_centroids
KOOCHICHING - 0145,3,3,1.0000000000,34,34,071,0145,2020_block_count_centroids
KOOCHICHING - 0155,3,3,1.0000000000,15,15,071,0155,2020_block_count_centroids
KOOCHICHING - 0156,3,3,1.0000000000,149,149,071,0156,2020_block_count_centroids
KOOCHICHING - 0160,3,3,1.0000000000,33,33,071,0160,2020_block_count_centroids
KOOCHICHING - 0165,3,3,1.0000000000,44,44,071,0165,2020_block_count_centroids
KOOCHICHING - 0170,3,3,1.0000000000,31,31,071,0170,2020_block_count_centroids
LAC QUI PARLE - 0005,15,15,1.0000000000,42,42,073,0005,2020_block_count_centroids
LAC QUI PARLE - 0010,15,15,1.0000000000,37,37,073,0010,2020_block_count_centroids
LAC QUI PARLE - 0015,15,15,1.0000000000,37,37,073,0015,2020_block_count_centroids
LAC QUI PARLE - 0020,15,15,1.0000000000,61,61,073,0020,2020_block_count_centroids
LAC QUI PARLE - 0025,15,15,1.0000000000,24,24,073,0025,2020_block_count_centroids
LAC QUI PARLE - 0030,15,15,1.0000000000,26,26,073,0030,2020_block_count_centroids
LAC QUI PARLE - 0035,15,15,1.0000000000,48,48,073,0035,2020_block_count_centroids
LAC QUI PARLE - 0040,15,15,1.0000000000,50,50,073,0040,2020_block_count_centroids
LAC QUI PARLE - 0045,15,15,1.0000000000,70,70,073,0045,2020_block_count_centroids
LAC QUI PARLE - 0050,15,15,1.0000000000,42,42,073,0050,2020_block_count_centroids
LAC QUI PARLE - 0055,15,15,1.0000000000,19,19,073,0055,2020_block_count_centroids
LAC QUI PARLE - 0060,15,15,1.0000000000,62,62,073,0060,2020_block_count_centroids
LAC QUI PARLE - 0065,15,15,1.0000000000,37,37,073,0065,2020_block_count_centroids
LAC QUI PARLE - 0070,15,15,1.0000000000,34,34,073,0070,2020_block_count_centroids
LAC QUI PARLE - 0075,15,15,1.0000000000,37,37,073,0075,2020_block_count_centroids
LAC QUI PARLE - 0080,15,15,1.0000000000,45,45,073,0080,2020_block_count_centroids
LAC QUI PARLE - 0085,15,15,1.0000000000,67,67,073,0085,2020_block_count_centroids
LAC QUI PARLE - 0090,15,15,1.0000000000,9,9,073,0090,2020_block_count_centroids
LAC QUI PARLE - 0095,15,15,1.0000000000,76,76,073,0095,2020_block_count_centroids
LAC QUI PARLE - 0100,15,15,1.0000000000,38,38,073,0100,2020_block_count_centroids
LAC QUI PARLE - 0105,15,15,1.0000000000,48,48,073,0105,2020_block_count_centroids
LAC QUI PARLE - 0110,15,15,1.0000000000,31,31,073,0110,2020_block_count_centroids
LAC QUI PARLE - 0115,15,15,1.0000000000,48,48,073,0115,2020_block_count_centroids
LAC QUI PARLE - 0120,15,15,1.0000000000,30,30,073,0120,2020_block_count_centroids
LAC QUI PARLE - 0125,15,15,1.0000000000,45,45,073,0125,2020_block_count_centroids
LAC QUI PARLE - 0130,15,15,1.0000000000,39,39,073,0130,2020_block_count_centroids
LAC QUI PARLE - 0135,15,15,1.0000000000,10,10,073,0135,2020_block_count_centroids
LAC QUI PARLE - 0140,15,15,1.0000000000,47,47,073,0140,2020_block_count_centroids
LAC QUI PARLE - 0145,15,15,1.0000000000,62,62,073,0145,2020_block_count_centroids
LAC QUI PARLE - 0150,15,15,1.0000000000,44,44,073,0150,2020_block_count_centroids
LAC QUI PARLE - 0155,15,15,1.0000000000,52,52,073,0155,2020_block_count_centroids
LAC QUI PARLE - 0160,15,15,1.0000000000,47,47,073,0160,2020_block_count_centroids
LAC QUI PARLE - 0165,15,15,1.0000000000,43,43,073,0165,2020_block_count_centroids
LAKE - 0005,3,3,1.0000000000,11,11,075,0005,2020_block_count_centroids
LAKE - 0010,3,3,1.0000000000,87,87,075,0010,2020_block_count_centroids
LAKE - 0020,3,3,1.0000000000,21,21,075,0020,2020_block_count_centroids
LAKE - 0025,3,3,1.0000000000,129,129,075,0025,2020_block_count_centroids
LAKE - 0035,3,3,1.0000000000,201,201,075,0035,2020_block_count_centroids
LAKE - 0040,3,3,1.0000000000,23,23,075,0040,2020_block_count_centroids
LAKE - 0050,3,3,1.0000000000,41,41,075,0050,2020_block_count_centroids
LAKE - 0060,3,3,1.0000000000,172,172,075,0060,2020_block_count_centroids
LAKE - 0065,3,3,1.0000000000,246,246,075,0065,2020_block_count_centroids
LAKE - 0070,3,3,1.0000000000,41,41,075,0070,2020_block_count_centroids
LAKE - 0080,3,3,1.0000000000,63,63,075,0080,2020_block_count_centroids
LAKE - 0090,3,3,1.0000000000,52,52,075,0090,2020_block_count_centroids
LAKE - 0105,3,3,1.0000000000,56,56,075,0105,2020_block_count_centroids
LAKE - 0110,3,3,1.0000000000,113,113,075,0110,2020_block_count_centroids
LAKE - 0115,3,3,1.0000000000,29,29,075,0115,2020_block_count_centroids
LAKE - 0120,3,3,1.0000000000,33,33,075,0120,2020_block_count_centroids
LAKE - 0125,3,3,1.0000000000,75,75,075,0125,2020_block_count_centroids
LAKE - 0130,3,3,1.0000000000,73,73,075,0130,2020_block_count_centroids
LAKE OF THE WOODS - 0005,2,2,1.0000000000,16,16,077,0005,2020_block_count_centroids
LAKE OF THE WOODS - 0010,2,2,1.0000000000,43,43,077,0010,2020_block_count_centroids
LAKE OF THE WOODS - 0015,2,2,1.0000000000,38,38,077,0015,2020_block_count_centroids
LAKE OF THE WOODS - 0017,2,2,1.0000000000,15,15,077,0017,2020_block_count_centroids
LAKE OF THE WOODS - 0020,2,2,1.0000000000,39,39,077,0020,2020_block_count_centroids
LAKE OF THE WOODS - 0021,2,2,1.0000000000,36,36,077,0021,2020_block_count_centroids
LAKE OF THE WOODS - 0022,2,2,1.0000000000,36,36,077,0022,2020_block_count_centroids
LAKE OF THE WOODS - 0023,2,2,1.0000000000,15,15,077,0023,2020_block_count_centroids
LAKE OF THE WOODS - 0024,2,2,1.0000000000,30,30,077,0024,2020_block_count_centroids
LAKE OF THE WOODS - 0025,2,2,1.0000000000,23,23,077,0025,2020_block_count_centroids
LAKE OF THE WOODS - 0030,2,2,1.0000000000,22,22,077,0030,2020_block_count_centroids
LAKE OF THE WOODS - 0031,2,2,1.0000000000,20,20,077,0031,2020_block_count_centroids
LAKE OF THE WOODS - 0032,2,2,1.0000000000,46,46,077,0032,2020_block_count_centroids
LAKE OF THE WOODS - 0033,2,2,1.0000000000,45,45,077,0033,2020_block_count_centroids
LAKE OF THE WOODS - 0034,2,2,1.0000000000,48,48,077,0034,2020_block_count_centroids
LAKE OF THE WOODS - 0035,2,2,1.0000000000,275,275,077,0035,2020_block_count_centroids
LAKE OF THE WOODS - 0036,2,2,1.0000000000,15,15,077,0036,2020_block_count_centroids
LAKE OF THE WOODS - 0038,2,2,1.0000000000,37,37,077,0038,2020_block_count_centroids
LAKE OF THE WOODS - 0040,2,2,1.0000000000,41,41,077,0040,2020_block_count_centroids
LAKE OF THE WOODS - 0043,2,2,1.0000000000,37,37,077,0043,2020_block_count_centroids
LAKE OF THE WOODS - 0045,2,2,1.0000000000,25,25,077,0045,2020_block_count_centroids
LAKE OF THE WOODS - 0048,2,2,1.0000000000,33,33,077,0048,2020_block_count_centroids
LAKE OF THE WOODS - 0050,2,2,1.0000000000,13,13,077,0050,2020_block_count_centroids
LAKE OF THE WOODS - 0053,2,2,1.0000000000,17,17,077,0053,2020_block_count_centroids
LAKE OF THE WOODS - 0054,2,2,1.0000000000,6,6,077,0054,2020_block_count_centroids
LAKE OF THE WOODS - 0055,2,2,1.0000000000,22,22,077,0055,2020_block_count_centroids
LAKE OF THE WOODS - 0060,2,2,1.0000000000,27,27,077,0060,2020_block_count_centroids
LAKE OF THE WOODS - 0065,2,2,1.0000000000,2,2,077,0065,2020_block_count_centroids
LAKE OF THE WOODS - 0070,2,2,1.0000000000,102,102,077,0070,2020_block_count_centroids
LE SUEUR - 0005,22,22,1.0000000000,32,32,079,0005,2020_block_count_centroids
LE SUEUR - 0010,22,22,1.0000000000,70,70,079,0010,2020_block_count_centroids
LE SUEUR - 0015,22,22,1.0000000000,63,63,079,0015,2020_block_count_centroids
LE SUEUR - 0020,22,22,1.0000000000,50,50,079,0020,2020_block_count_centroids
LE SUEUR - 0025,22,22,1.0000000000,33,33,079,0025,2020_block_count_centroids
LE SUEUR - 0030,22,22,1.0000000000,68,68,079,0030,2020_block_count_centroids
LE SUEUR - 0035,22,22,1.0000000000,4,4,079,0035,2020_block_count_centroids
LE SUEUR - 0040,18,18,0.9677419355,30,31,079,0040,2020_block_count_centroids
LE SUEUR - 0040,22,22,0.0322580645,1,31,079,0040,2020_block_count_centroids
LE SUEUR - 0045,18,18,0.3370786517,30,89,079,0045,2020_block_count_centroids
LE SUEUR - 0045,22,22,0.6629213483,59,89,079,0045,2020_block_count_centroids
LE SUEUR - 0050,22,22,1.0000000000,18,18,079,0050,2020_block_count_centroids
LE SUEUR - 0055,22,22,1.0000000000,64,64,079,0055,2020_block_count_centroids
LE SUEUR - 0060,22,22,1.0000000000,98,98,079,0060,2020_block_count_centroids
LE SUEUR - 0065,22,22,1.0000000000,25,25,079,0065,2020_block_count_centroids
LE SUEUR - 0070,22,22,1.0000000000,38,38,079,0070,2020_block_count_centroids
LE SUEUR - 0075,17,17,0.0181818182,1,55,079,0075,2020_block_count_centroids
LE SUEUR - 0075,22,22,0.9818181818,54,55,079,0075,2020_block_count_centroids
LE SUEUR - 0080,17,17,0.0506329114,4,79,079,0080,2020_block_count_centroids
LE SUEUR - 0080,22,22,0.9493670886,75,79,079,0080,2020_block_count_centroids
LE SUEUR - 0085,22,22,1.0000000000,48,48,079,0085,2020_block_count_centroids
LE SUEUR - 0090,22,22,1.0000000000,40,40,079,0090,2020_block_count_centroids
LE SUEUR - 0095,22,22,1.0000000000,48,48,079,0095,2020_block_count_centroids
LE SUEUR - 0100,22,22,1.0000000000,52,52,079,0100,2020_block_count_centroids
LE SUEUR - 0105,22,22,1.0000000000,47,47,079,0105,2020_block_count_centroids
LE SUEUR - 0110,22,22,1.0000000000,41,41,079,0110,2020_block_count_centroids
LE SUEUR - 0115,22,22,1.0000000000,75,75,079,0115,2020_block_count_centroids
LE SUEUR - 0120,22,22,1.0000000000,68,68,079,0120,2020_block_count_centroids
LE SUEUR - 0125,22,22,1.0000000000,28,28,079,0125,2020_block_count_centroids
LE SUEUR - 0130,22,22,1.0000000000,32,32,079,0130,2020_block_count_centroids
LE SUEUR - 0135,22,22,1.0000000000,45,45,079,0135,2020_block_count_centroids
LE SUEUR - 0140,22,22,1.0000000000,45,45,079,0140,2020_block_count_centroids
LINCOLN - 0005,21,21,1.0000000000,46,46,081,0005,2020_block_count_centroids
LINCOLN - 0010,21,21,1.0000000000,27,27,081,0010,2020_block_count_centroids
LINCOLN - 0015,21,21,1.0000000000,46,46,081,0015,2020_block_count_centroids
LINCOLN - 0020,21,21,1.0000000000,40,40,081,0020,2020_block_count_centroids
LINCOLN - 0025,21,21,1.0000000000,40,40,081,0025,2020_block_count_centroids
LINCOLN - 0030,21,21,1.0000000000,41,41,081,0030,2020_block_count_centroids
LINCOLN - 0035,21,21,1.0000000000,52,52,081,0035,2020_block_count_centroids
LINCOLN - 0040,21,21,1.0000000000,49,49,081,0040,2020_block_count_centroids
LINCOLN - 0045,21,21,1.0000000000,54,54,081,0045,2020_block_count_centroids
LINCOLN - 0050,21,21,1.0000000000,48,48,081,0050,2020_block_count_centroids
LINCOLN - 0055,21,21,1.0000000000,44,44,081,0055,2020_block_count_centroids
LINCOLN - 0060,21,21,1.0000000000,51,51,081,0060,2020_block_count_centroids
LINCOLN - 0065,21,21,1.0000000000,44,44,081,0065,2020_block_count_centroids
LINCOLN - 0070,21,21,1.0000000000,41,41,081,0070,2020_block_count_centroids
LINCOLN - 0075,21,21,1.0000000000,59,59,081,0075,2020_block_count_centroids
LINCOLN - 0080,21,21,1.0000000000,35,35,081,0080,2020_block_count_centroids
LINCOLN - 0085,21,21,1.0000000000,49,49,081,0085,2020_block_count_centroids
LINCOLN - 0090,21,21,1.0000000000,42,42,081,0090,2020_block_count_centroids
LINCOLN - 0095,21,21,1.0000000000,60,60,081,0095,2020_block_count_centroids
LINCOLN - 0100,21,21,1.0000000000,54,54,081,0100,2020_block_count_centroids
LYON - 0005,15,15,1.0000000000,60,60,083,0005,2020_block_count_centroids
LYON - 0010,15,15,1.0000000000,47,47,083,0010,2020_block_count_centroids
LYON - 0015,15,15,1.0000000000,59,59,083,0015,2020_block_count_centroids
LYON - 0020,15,15,1.0000000000,45,45,083,0020,2020_block_count_centroids
LYON - 0025,15,15,1.0000000000,41,41,083,0025,2020_block_count_centroids
LYON - 0030,15,15,1.0000000000,45,45,083,0030,2020_block_count_centroids
LYON - 0035,15,15,1.0000000000,48,48,083,0035,2020_block_count_centroids
LYON - 0040,15,15,1.0000000000,75,75,083,0040,2020_block_count_centroids
LYON - 0045,15,15,1.0000000000,14,14,083,0045,2020_block_count_centroids
LYON - 0050,15,15,1.0000000000,19,19,083,0050,2020_block_count_centroids
LYON - 0055,15,15,1.0000000000,21,21,083,0055,2020_block_count_centroids
LYON - 0060,15,15,1.0000000000,71,71,083,0060,2020_block_count_centroids
LYON - 0065,15,15,1.0000000000,37,37,083,0065,2020_block_count_centroids
LYON - 0070,15,15,1.0000000000,68,68,083,0070,2020_block_count_centroids
LYON - 0075,15,15,1.0000000000,57,57,083,0075,2020_block_count_centroids
LYON - 0080,15,15,1.0000000000,20,20,083,0080,2020_block_count_centroids
LYON - 0085,15,15,1.0000000000,70,70,083,0085,2020_block_count_centroids
LYON - 0090,15,15,1.0000000000,51,51,083,0090,2020_block_count_centroids
LYON - 0095,15,15,1.0000000000,60,60,083,0095,2020_block_count_centroids
LYON - 0105,15,15,1.0000000000,91,91,083,0105,2020_block_count_centroids
LYON - 0115,15,15,1.0000000000,129,129,083,0115,2020_block_count_centroids
LYON - 0125,15,15,1.0000000000,58,58,083,0125,2020_block_count_centroids
LYON - 0130,15,15,1.0000000000,42,42,083,0130,2020_block_count_centroids
LYON - 0135,15,15,1.0000000000,33,33,083,0135,2020_block_count_centroids
LYON - 0140,15,15,1.0000000000,50,50,083,0140,2020_block_count_centroids
LYON - 0145,15,15,1.0000000000,27,27,083,0145,2020_block_count_centroids
LYON - 0150,15,15,1.0000000000,60,60,083,0150,2020_block_count_centroids
LYON - 0155,15,15,1.0000000000,43,43,083,0155,2020_block_count_centroids
LYON - 0160,15,15,1.0000000000,46,46,083,0160,2020_block_count_centroids
LYON - 0165,15,15,1.0000000000,17,17,083,0165,2020_block_count_centroids
LYON - 0170,15,15,1.0000000000,101,101,083,0170,2020_block_count_centroids
LYON - 0180,15,15,1.0000000000,48,48,083,0180,2020_block_count_centroids
LYON - 0185,15,15,1.0000000000,47,47,083,0185,2020_block_count_centroids
MAHNOMEN - 0005,2,2,1.0000000000,32,32,087,0005,2020_block_count_centroids
MAHNOMEN - 0010,2,2,1.0000000000,15,15,087,0010,2020_block_count_centroids
MAHNOMEN - 0015,2,2,1.0000000000,29,29,087,0015,2020_block_count_centroids
MAHNOMEN - 0020,2,2,1.0000000000,21,21,087,0020,2020_block_count_centroids
MAHNOMEN - 0025,2,2,1.0000000000,28,28,087,0025,2020_block_count_centroids
MAHNOMEN - 0030,2,2,1.0000000000,20,20,087,0030,2020_block_count_centroids
MAHNOMEN - 0035,2,2,1.0000000000,25,25,087,0035,2020_block_count_centroids
MAHNOMEN - 0040,2,2,1.0000000000,30,30,087,0040,2020_block_count_centroids
MAHNOMEN - 0045,2,2,1.0000000000,27,27,087,0045,2020_block_count_centroids
MAHNOMEN - 0050,2,2,1.0000000000,21,21,087,0050,2020_block_count_centroids
MAHNOMEN - 0055,2,2,1.0000000000,64,64,087,0055,2020_block_count_centroids
MAHNOMEN - 0060,2,2,1.0000000000,27,27,087,0060,2020_block_count_centroids
MAHNOMEN - 0065,2,2,1.0000000000,30,30,087,0065,2020_block_count_centroids
MAHNOMEN - 0070,2,2,1.0000000000,61,61,087,0070,2020_block_count_centroids
MAHNOMEN - 0075,2,2,1.0000000000,29,29,087,0075,2020_block_count_centroids
MAHNOMEN - 0080,2,2,1.0000000000,21,21,087,0080,2020_block_count_centroids
MAHNOMEN - 0085,2,2,1.0000000000,47,47,087,0085,2020_block_count_centroids
MAHNOMEN - 0090,2,2,1.0000000000,40,40,087,0090,2020_block_count_centroids
MAHNOMEN - 0095,2,2,1.0000000000,28,28,087,0095,2020_block_count_centroids
MARSHALL - 0005,1,1,1.0000000000,27,27,089,0005,2020_block_count_centroids
MARSHALL - 0010,1,1,1.0000000000,35,35,089,0010,2020_block_count_centroids
MARSHALL - 0015,1,1,1.0000000000,24,24,089,0015,2020_block_count_centroids
MARSHALL - 0020,1,1,1.0000000000,59,59,089,0020,2020_block_count_centroids
MARSHALL - 0025,1,1,1.0000000000,31,31,089,0025,2020_block_count_centroids
MARSHALL - 0030,1,1,1.0000000000,45,45,089,0030,2020_block_count_centroids
MARSHALL - 0035,1,1,1.0000000000,39,39,089,0035,2020_block_count_centroids
MARSHALL - 0040,1,1,1.0000000000,19,19,089,0040,2020_block_count_centroids
MARSHALL - 0045,1,1,1.0000000000,29,29,089,0045,2020_block_count_centroids
MARSHALL - 0050,1,1,1.0000000000,13,13,089,0050,2020_block_count_centroids
MARSHALL - 0055,1,1,1.0000000000,57,57,089,0055,2020_block_count_centroids
MARSHALL - 0060,1,1,1.0000000000,34,34,089,0060,2020_block_count_centroids
MARSHALL - 0065,1,1,1.0000000000,22,22,089,0065,2020_block_count_centroids
MARSHALL - 0070,1,1,1.0000000000,21,21,089,0070,2020_block_count_centroids
MARSHALL - 0075,1,1,1.0000000000,30,30,089,0075,2020_block_count_centroids
MARSHALL - 0080,1,1,1.0000000000,26,26,089,0080,2020_block_count_centroids
MARSHALL - 0085,1,1,1.0000000000,35,35,089,0085,2020_block_count_centroids
MARSHALL - 0090,1,1,1.0000000000,69,69,089,0090,2020_block_count_centroids
MARSHALL - 0095,1,1,1.0000000000,55,55,089,0095,2020_block_count_centroids
MARSHALL - 0100,1,1,1.0000000000,38,38,089,0100,2020_block_count_centroids
MARSHALL - 0105,1,1,1.0000000000,37,37,089,0105,2020_block_count_centroids
MARSHALL - 0110,1,1,1.0000000000,19,19,089,0110,2020_block_count_centroids
MARSHALL - 0115,1,1,1.0000000000,10,10,089,0115,2020_block_count_centroids
MARSHALL - 0120,1,1,1.0000000000,42,42,089,0120,2020_block_count_centroids
MARSHALL - 0125,1,1,1.0000000000,19,19,089,0125,2020_block_count_centroids
MARSHALL - 0130,1,1,1.0000000000,43,43,089,0130,2020_block_count_centroids
MARSHALL - 0135,1,1,1.0000000000,19,19,089,0135,2020_block_count_centroids
MARSHALL - 0140,1,1,1.0000000000,57,57,089,0140,2020_block_count_centroids
MARSHALL - 0145,1,1,1.0000000000,30,30,089,0145,2020_block_count_centroids
MARSHALL - 0150,1,1,1.0000000000,30,30,089,0150,2020_block_count_centroids
MARSHALL - 0155,1,1,1.0000000000,44,44,089,0155,2020_block_count_centroids
MARSHALL - 0160,1,1,1.0000000000,31,31,089,0160,2020_block_count_centroids
MARSHALL - 0165,1,1,1.0000000000,50,50,089,0165,2020_block_count_centroids
MARSHALL - 0166,1,1,1.0000000000,22,22,089,0166,2020_block_count_centroids
MARSHALL - 0170,1,1,1.0000000000,33,33,089,0170,2020_block_count_centroids
MARSHALL - 0175,1,1,1.0000000000,30,30,089,0175,2020_block_count_centroids
MARSHALL - 0180,1,1,1.0000000000,50,50,089,0180,2020_block_count_centroids
MARSHALL - 0185,1,1,1.0000000000,39,39,089,0185,2020_block_count_centroids
MARSHALL - 0190,1,1,1.0000000000,47,47,089,0190,2020_block_count_centroids
MARSHALL - 0195,1,1,1.0000000000,53,53,089,0195,2020_block_count_centroids
MARSHALL - 0200,1,1,1.0000000000,28,28,089,0200,2020_block_count_centroids
MARSHALL - 0205,1,1,1.0000000000,34,34,089,0205,2020_block_count_centroids
MARSHALL - 0210,1,1,1.0000000000,46,46,089,0210,2020_block_count_centroids
MARSHALL - 0215,1,1,1.0000000000,44,44,089,0215,2020_block_count_centroids
MARSHALL - 0220,1,1,1.0000000000,33,33,089,0220,2020_block_count_centroids
MARSHALL - 0225,1,1,1.0000000000,45,45,089,0225,2020_block_count_centroids
MARSHALL - 0230,1,1,1.0000000000,15,15,089,0230,2020_block_count_centroids
MARSHALL - 0235,1,1,1.0000000000,45,45,089,0235,2020_block_count_centroids
MARSHALL - 0240,1,1,1.0000000000,23,23,089,0240,2020_block_count_centroids
MARSHALL - 0245,1,1,1.0000000000,41,41,089,0245,2020_block_count_centroids
MARSHALL - 0250,1,1,1.0000000000,58,58,089,0250,2020_block_count_centroids
MARSHALL - 0255,1,1,1.0000000000,23,23,089,0255,2020_block_count_centroids
MARSHALL - 0260,1,1,1.0000000000,13,13,089,0260,2020_block_count_centroids
MARSHALL - 0265,1,1,1.0000000000,56,56,089,0265,2020_block_count_centroids
MARSHALL - 0270,1,1,1.0000000000,35,35,089,0270,2020_block_count_centroids
MARSHALL - 0275,1,1,1.0000000000,37,37,089,0275,2020_block_count_centroids
MARSHALL - 0280,1,1,1.0000000000,51,51,089,0280,2020_block_count_centroids
MARSHALL - 0285,1,1,1.0000000000,50,50,089,0285,2020_block_count_centroids
MARSHALL - 0290,1,1,1.0000000000,41,41,089,0290,2020_block_count_centroids
MARSHALL - 0295,1,1,1.0000000000,44,44,089,0295,2020_block_count_centroids
MARSHALL - 0300,1,1,1.0000000000,43,43,089,0300,2020_block_count_centroids
MARTIN - 0005,21,21,1.0000000000,79,79,091,0005,2020_block_count_centroids
MARTIN - 0010,22,22,1.0000000000,67,67,091,0010,2020_block_count_centroids
MARTIN - 0015,22,22,1.0000000000,34,34,091,0015,2020_block_count_centroids
MARTIN - 0020,22,22,1.0000000000,17,17,091,0020,2020_block_count_centroids
MARTIN - 0025,22,22,1.0000000000,49,49,091,0025,2020_block_count_centroids
MARTIN - 0030,21,21,1.0000000000,40,40,091,0030,2020_block_count_centroids
MARTIN - 0035,22,22,1.0000000000,13,13,091,0035,2020_block_count_centroids
MARTIN - 0040,22,22,1.0000000000,19,19,091,0040,2020_block_count_centroids
MARTIN - 0050,22,22,1.0000000000,33,33,091,0050,2020_block_count_centroids
MARTIN - 0055,22,22,1.0000000000,34,34,091,0055,2020_block_count_centroids
MARTIN - 0065,22,22,1.0000000000,52,52,091,0065,2020_block_count_centroids
MARTIN - 0070,22,22,1.0000000000,41,41,091,0070,2020_block_count_centroids
MARTIN - 0080,22,22,1.0000000000,55,55,091,0080,2020_block_count_centroids
MARTIN - 0085,22,22,1.0000000000,75,75,091,0085,2020_block_count_centroids
MARTIN - 0095,22,22,1.0000000000,50,50,091,0095,2020_block_count_centroids
MARTIN - 0100,21,21,1.0000000000,78,78,091,0100,2020_block_count_centroids
MARTIN - 0105,22,22,1.0000000000,77,77,091,0105,2020_block_count_centroids
MARTIN - 0110,21,21,1.0000000000,69,69,091,0110,2020_block_count_centroids
MARTIN - 0115,22,22,1.0000000000,18,18,091,0115,2020_block_count_centroids
MARTIN - 0120,22,22,1.0000000000,65,65,091,0120,2020_block_count_centroids
MARTIN - 0125,22,22,1.0000000000,46,46,091,0125,2020_block_count_centroids
MARTIN - 0130,22,22,1.0000000000,50,50,091,0130,2020_block_count_centroids
MARTIN - 0135,22,22,1.0000000000,61,61,091,0135,2020_block_count_centroids
MARTIN - 0140,22,22,1.0000000000,51,51,091,0140,2020_block_count_centroids
MARTIN - 0145,22,22,1.0000000000,15,15,091,0145,2020_block_count_centroids
MARTIN - 0150,21,21,1.0000000000,6,6,091,0150,2020_block_count_centroids
MARTIN - 0155,22,22,1.0000000000,61,61,091,0155,2020_block_count_centroids
MARTIN - 0160,22,22,1.0000000000,59,59,091,0160,2020_block_count_centroids
MARTIN - 0165,22,22,1.0000000000,95,95,091,0165,2020_block_count_centroids
MARTIN - 0170,22,22,1.0000000000,72,72,091,0170,2020_block_count_centroids
MARTIN - 0175,22,22,1.0000000000,46,46,091,0175,2020_block_count_centroids
MARTIN - 0180,22,22,1.0000000000,35,35,091,0180,2020_block_count_centroids
MARTIN - 0185,21,21,1.0000000000,53,53,091,0185,2020_block_count_centroids
MARTIN - 0195,22,22,1.0000000000,53,53,091,0195,2020_block_count_centroids
MARTIN - 0200,22,22,1.0000000000,46,46,091,0200,2020_block_count_centroids
MARTIN - 0205,22,22,1.0000000000,55,55,091,0205,2020_block_count_centroids
MARTIN - 0210,22,22,1.0000000000,46,46,091,0210,2020_block_count_centroids
MCLEOD - 0005,17,17,1.0000000000,52,52,085,0005,2020_block_count_centroids
MCLEOD - 0010,17,17,1.0000000000,104,104,085,0010,2020_block_count_centroids
MCLEOD - 0015,17,17,1.0000000000,11,11,085,0015,2020_block_count_centroids
MCLEOD - 0020,17,17,1.0000000000,49,49,085,0020,2020_block_count_centroids
MCLEOD - 0025,17,17,1.0000000000,62,62,085,0025,2020_block_count_centroids
MCLEOD - 0030,17,17,1.0000000000,72,72,085,0030,2020_block_count_centroids
MCLEOD - 0035,17,17,1.0000000000,47,47,085,0035,2020_block_count_centroids
MCLEOD - 0040,17,17,1.0000000000,48,48,085,0040,2020_block_count_centroids
MCLEOD - 0045,17,17,1.0000000000,54,54,085,0045,2020_block_count_centroids
MCLEOD - 0050,17,17,1.0000000000,49,49,085,0050,2020_block_count_centroids
MCLEOD - 0055,17,17,1.0000000000,49,49,085,0055,2020_block_count_centroids
MCLEOD - 0060,17,17,1.0000000000,108,108,085,0060,2020_block_count_centroids
MCLEOD - 0065,17,17,1.0000000000,67,67,085,0065,2020_block_count_centroids
MCLEOD - 0070,17,17,1.0000000000,119,119,085,0070,2020_block_count_centroids
MCLEOD - 0075,17,17,1.0000000000,105,105,085,0075,2020_block_count_centroids
MCLEOD - 0080,17,17,1.0000000000,103,103,085,0080,2020_block_count_centroids
MCLEOD - 0095,17,17,1.0000000000,68,68,085,0095,2020_block_count_centroids
MCLEOD - 0100,17,17,1.0000000000,38,38,085,0100,2020_block_count_centroids
MCLEOD - 0105,17,17,1.0000000000,54,54,085,0105,2020_block_count_centroids
MCLEOD - 0110,17,17,1.0000000000,57,57,085,0110,2020_block_count_centroids
MCLEOD - 0115,17,17,1.0000000000,20,20,085,0115,2020_block_count_centroids
MCLEOD - 0120,17,17,1.0000000000,61,61,085,0120,2020_block_count_centroids
MCLEOD - 0125,17,17,1.0000000000,48,48,085,0125,2020_block_count_centroids
MCLEOD - 0130,17,17,1.0000000000,42,42,085,0130,2020_block_count_centroids
MCLEOD - 0135,17,17,1.0000000000,41,41,085,0135,2020_block_count_centroids
MCLEOD - 0140,17,17,1.0000000000,60,60,085,0140,2020_block_count_centroids
MCLEOD - 0145,17,17,1.0000000000,55,55,085,0145,2020_block_count_centroids
MCLEOD - 0150,17,17,1.0000000000,71,71,085,0150,2020_block_count_centroids
MEEKER - 0005,16,16,1.0000000000,53,53,093,0005,2020_block_count_centroids
MEEKER - 0010,16,16,1.0000000000,6,6,093,0010,2020_block_count_centroids
MEEKER - 0015,16,16,1.0000000000,93,93,093,0015,2020_block_count_centroids
MEEKER - 0020,17,17,1.0000000000,67,67,093,0020,2020_block_count_centroids
MEEKER - 0025,16,16,1.0000000000,38,38,093,0025,2020_block_count_centroids
MEEKER - 0030,16,16,1.0000000000,48,48,093,0030,2020_block_count_centroids
MEEKER - 0035,16,16,1.0000000000,46,46,093,0035,2020_block_count_centroids
MEEKER - 0040,17,17,1.0000000000,20,20,093,0040,2020_block_count_centroids
MEEKER - 0045,16,16,0.0649350649,5,77,093,0045,2020_block_count_centroids
MEEKER - 0045,17,17,0.9350649351,72,77,093,0045,2020_block_count_centroids
MEEKER - 0050,17,17,1.0000000000,39,39,093,0050,2020_block_count_centroids
MEEKER - 0055,17,17,1.0000000000,85,85,093,0055,2020_block_count_centroids
MEEKER - 0060,16,16,1.0000000000,34,34,093,0060,2020_block_count_centroids
MEEKER - 0065,17,17,1.0000000000,80,80,093,0065,2020_block_count_centroids
MEEKER - 0070,17,17,1.0000000000,51,51,093,0070,2020_block_count_centroids
MEEKER - 0075,16,16,1.0000000000,94,94,093,0075,2020_block_count_centroids
MEEKER - 0080,16,16,1.0000000000,59,59,093,0080,2020_block_count_centroids
MEEKER - 0085,16,16,1.0000000000,46,46,093,0085,2020_block_count_centroids
MEEKER - 0090,16,16,1.0000000000,66,66,093,0090,2020_block_count_centroids
MEEKER - 0095,29,29,1.0000000000,9,9,093,0095,2020_block_count_centroids
MEEKER - 0100,29,29,1.0000000000,150,150,093,0100,2020_block_count_centroids
MEEKER - 0105,16,16,1.0000000000,47,47,093,0105,2020_block_count_centroids
MEEKER - 0110,16,16,1.0000000000,39,39,093,0110,2020_block_count_centroids
MEEKER - 0115,16,16,1.0000000000,37,37,093,0115,2020_block_count_centroids
MEEKER - 0120,16,16,1.0000000000,55,55,093,0120,2020_block_count_centroids
MEEKER - 0125,16,16,1.0000000000,50,50,093,0125,2020_block_count_centroids
MEEKER - 0130,16,16,1.0000000000,70,70,093,0130,2020_block_count_centroids
MEEKER - 0135,16,16,1.0000000000,114,114,093,0135,2020_block_count_centroids
MEEKER - 0140,16,16,1.0000000000,42,42,093,0140,2020_block_count_centroids
MEEKER - 0145,16,16,1.0000000000,99,99,093,0145,2020_block_count_centroids
MEEKER - 0150,16,16,1.0000000000,27,27,093,0150,2020_block_count_centroids
MILLE LACS - 0005,10,10,1.0000000000,11,11,095,0005,2020_block_count_centroids
MILLE LACS - 0010,10,10,1.0000000000,101,101,095,0010,2020_block_count_centroids
MILLE LACS - 0015,10,10,1.0000000000,72,72,095,0015,2020_block_count_centroids
MILLE LACS - 0020,10,10,1.0000000000,11,11,095,0020,2020_block_count_centroids
MILLE LACS - 0025,10,10,1.0000000000,29,29,095,0025,2020_block_count_centroids
MILLE LACS - 0030,10,10,1.0000000000,45,45,095,0030,2020_block_count_centroids
MILLE LACS - 0035,10,10,1.0000000000,26,26,095,0035,2020_block_count_centroids
MILLE LACS - 0040,27,27,1.0000000000,67,67,095,0040,2020_block_count_centroids
MILLE LACS - 0045,10,10,1.0000000000,31,31,095,0045,2020_block_count_centroids
MILLE LACS - 0050,10,10,1.0000000000,40,40,095,0050,2020_block_count_centroids
MILLE LACS - 0055,10,10,1.0000000000,53,53,095,0055,2020_block_count_centroids
MILLE LACS - 0060,10,10,1.0000000000,113,113,095,0060,2020_block_count_centroids
MILLE LACS - 0065,10,10,1.0000000000,19,19,095,0065,2020_block_count_centroids
MILLE LACS - 0070,10,10,1.0000000000,92,92,095,0070,2020_block_count_centroids
MILLE LACS - 0075,10,10,1.0000000000,67,67,095,0075,2020_block_count_centroids
MILLE LACS - 0080,10,10,1.0000000000,89,89,095,0080,2020_block_count_centroids
MILLE LACS - 0085,10,10,1.0000000000,18,18,095,0085,2020_block_count_centroids
MILLE LACS - 0090,10,10,1.0000000000,55,55,095,0090,2020_block_count_centroids
MILLE LACS - 0095,10,10,1.0000000000,55,55,095,0095,2020_block_count_centroids
MILLE LACS - 0100,10,10,1.0000000000,39,39,095,0100,2020_block_count_centroids
MILLE LACS - 0105,10,10,1.0000000000,8,8,095,0105,2020_block_count_centroids
MILLE LACS - 0110,27,27,1.0000000000,173,173,095,0110,2020_block_count_centroids
MILLE LACS - 0115,27,27,1.0000000000,117,117,095,0115,2020_block_count_centroids
MILLE LACS - 0120,10,10,1.0000000000,65,65,095,0120,2020_block_count_centroids
MILLE LACS - 0125,10,10,1.0000000000,16,16,095,0125,2020_block_count_centroids
MORRISON - 0005,10,10,1.0000000000,32,32,097,0005,2020_block_count_centroids
MORRISON - 0010,10,10,1.0000000000,106,106,097,0010,2020_block_count_centroids
MORRISON - 0015,10,10,1.0000000000,108,108,097,0015,2020_block_count_centroids
MORRISON - 0020,10,10,1.0000000000,22,22,097,0020,2020_block_count_centroids
MORRISON - 0025,10,10,1.0000000000,8,8,097,0025,2020_block_count_centroids
MORRISON - 0030,10,10,1.0000000000,105,105,097,0030,2020_block_count_centroids
MORRISON - 0035,10,10,1.0000000000,47,47,097,0035,2020_block_count_centroids
MORRISON - 0045,10,10,1.0000000000,45,45,097,0045,2020_block_count_centroids
MORRISON - 0050,10,10,1.0000000000,146,146,097,0050,2020_block_count_centroids
MORRISON - 0055,10,10,1.0000000000,62,62,097,0055,2020_block_count_centroids
MORRISON - 0060,10,10,1.0000000000,8,8,097,0060,2020_block_count_centroids
MORRISON - 0065,10,10,1.0000000000,69,69,097,0065,2020_block_count_centroids
MORRISON - 0070,10,10,1.0000000000,20,20,097,0070,2020_block_count_centroids
MORRISON - 0075,10,10,1.0000000000,7,7,097,0075,2020_block_count_centroids
MORRISON - 0080,10,10,1.0000000000,50,50,097,0080,2020_block_count_centroids
MORRISON - 0085,10,10,1.0000000000,108,108,097,0085,2020_block_count_centroids
MORRISON - 0090,10,10,1.0000000000,7,7,097,0090,2020_block_count_centroids
MORRISON - 0095,10,10,1.0000000000,8,8,097,0095,2020_block_count_centroids
MORRISON - 0100,10,10,1.0000000000,12,12,097,0100,2020_block_count_centroids
MORRISON - 0105,10,10,1.0000000000,39,39,097,0105,2020_block_count_centroids
MORRISON - 0110,10,10,1.0000000000,12,12,097,0110,2020_block_count_centroids
MORRISON - 0115,10,10,1.0000000000,15,15,097,0115,2020_block_count_centroids
MORRISON - 0120,10,10,1.0000000000,83,83,097,0120,2020_block_count_centroids
MORRISON - 0125,10,10,1.0000000000,127,127,097,0125,2020_block_count_centroids
MORRISON - 0130,10,10,1.0000000000,163,163,097,0130,2020_block_count_centroids
MORRISON - 0135,10,10,1.0000000000,116,116,097,0135,2020_block_count_centroids
MORRISON - 0140,10,10,1.0000000000,40,40,097,0140,2020_block_count_centroids
MORRISON - 0145,5,5,1.0000000000,61,61,097,0145,2020_block_count_centroids
MORRISON - 0150,5,5,1.0000000000,29,29,097,0150,2020_block_count_centroids
MORRISON - 0155,10,10,1.0000000000,9,9,097,0155,2020_block_count_centroids
MORRISON - 0160,10,10,1.0000000000,37,37,097,0160,2020_block_count_centroids
MORRISON - 0165,10,10,1.0000000000,44,44,097,0165,2020_block_count_centroids
MORRISON - 0170,10,10,1.0000000000,54,54,097,0170,2020_block_count_centroids
MORRISON - 0175,10,10,1.0000000000,57,57,097,0175,2020_block_count_centroids
MORRISON - 0180,10,10,1.0000000000,21,21,097,0180,2020_block_count_centroids
MORRISON - 0185,10,10,1.0000000000,36,36,097,0185,2020_block_count_centroids
MORRISON - 0190,5,5,1.0000000000,49,49,097,0190,2020_block_count_centroids
MORRISON - 0195,10,10,1.0000000000,38,38,097,0195,2020_block_count_centroids
MORRISON - 0200,10,10,1.0000000000,43,43,097,0200,2020_block_count_centroids
MORRISON - 0205,10,10,1.0000000000,68,68,097,0205,2020_block_count_centroids
MORRISON - 0210,5,5,1.0000000000,35,35,097,0210,2020_block_count_centroids
MORRISON - 0215,10,10,1.0000000000,56,56,097,0215,2020_block_count_centroids
MORRISON - 0220,5,5,1.0000000000,82,82,097,0220,2020_block_count_centroids
MORRISON - 0225,10,10,1.0000000000,11,11,097,0225,2020_block_count_centroids
MORRISON - 0230,10,10,1.0000000000,80,80,097,0230,2020_block_count_centroids
MORRISON - 0235,10,10,1.0000000000,21,21,097,0235,2020_block_count_centroids
MORRISON - 0240,10,10,1.0000000000,68,68,097,0240,2020_block_count_centroids
MORRISON - 0245,10,10,1.0000000000,88,88,097,0245,2020_block_count_centroids
MORRISON - 0250,10,10,1.0000000000,24,24,097,0250,2020_block_count_centroids
MOWER - 0005,23,23,1.0000000000,29,29,099,0005,2020_block_count_centroids
MOWER - 0010,23,23,1.0000000000,55,55,099,0010,2020_block_count_centroids
MOWER - 0015,23,23,1.0000000000,124,124,099,0015,2020_block_count_centroids
MOWER - 0020,23,23,1.0000000000,103,103,099,0020,2020_block_count_centroids
MOWER - 0030,23,23,1.0000000000,104,104,099,0030,2020_block_count_centroids
MOWER - 0035,23,23,1.0000000000,89,89,099,0035,2020_block_count_centroids
MOWER - 0047,23,23,1.0000000000,1,1,099,0047,2020_block_count_centroids
MOWER - 0050,23,23,1.0000000000,134,134,099,0050,2020_block_count_centroids
MOWER - 0055,23,23,1.0000000000,70,70,099,0055,2020_block_count_centroids
MOWER - 0070,23,23,1.0000000000,89,89,099,0070,2020_block_count_centroids
MOWER - 0075,26,26,1.0000000000,48,48,099,0075,2020_block_count_centroids
MOWER - 0080,23,23,1.0000000000,30,30,099,0080,2020_block_count_centroids
MOWER - 0085,23,23,1.0000000000,45,45,099,0085,2020_block_count_centroids
MOWER - 0090,23,23,1.0000000000,14,14,099,0090,2020_block_count_centroids
MOWER - 0095,23,23,1.0000000000,48,48,099,0095,2020_block_count_centroids
MOWER - 0100,23,23,1.0000000000,8,8,099,0100,2020_block_count_centroids
MOWER - 0105,23,23,0.0350877193,2,57,099,0105,2020_block_count_centroids
MOWER - 0105,26,26,0.9649122807,55,57,099,0105,2020_block_count_centroids
MOWER - 0110,23,23,1.0000000000,37,37,099,0110,2020_block_count_centroids
MOWER - 0115,23,23,1.0000000000,61,61,099,0115,2020_block_count_centroids
MOWER - 0120,23,23,1.0000000000,129,129,099,0120,2020_block_count_centroids
MOWER - 0125,26,26,1.0000000000,52,52,099,0125,2020_block_count_centroids
MOWER - 0130,26,26,1.0000000000,60,60,099,0130,2020_block_count_centroids
MOWER - 0135,23,23,1.0000000000,59,59,099,0135,2020_block_count_centroids
MOWER - 0140,23,23,1.0000000000,27,27,099,0140,2020_block_count_centroids
MOWER - 0145,23,23,1.0000000000,79,79,099,0145,2020_block_count_centroids
MOWER - 0150,23,23,1.0000000000,6,6,099,0150,2020_block_count_centroids
MOWER - 0155,23,23,1.0000000000,56,56,099,0155,2020_block_count_centroids
MOWER - 0160,23,23,1.0000000000,73,73,099,0160,2020_block_count_centroids
MOWER - 0165,23,23,1.0000000000,48,48,099,0165,2020_block_count_centroids
MOWER - 0170,26,26,1.0000000000,10,10,099,0170,2020_block_count_centroids
MOWER - 0175,26,26,1.0000000000,79,79,099,0175,2020_block_count_centroids
MOWER - 0180,23,23,1.0000000000,79,79,099,0180,2020_block_count_centroids
MOWER - 0185,23,23,1.0000000000,20,20,099,0185,2020_block_count_centroids
MOWER - 0190,23,23,1.0000000000,7,7,099,0190,2020_block_count_centroids
MOWER - 0195,23,23,1.0000000000,50,50,099,0195,2020_block_count_centroids
MOWER - 0200,23,23,1.0000000000,6,6,099,0200,2020_block_count_centroids
MOWER - 0205,23,23,1.0000000000,54,54,099,0205,2020_block_count_centroids
MOWER - 0210,23,23,1.0000000000,9,9,099,0210,2020_block_count_centroids
MOWER - 0215,23,23,1.0000000000,47,47,099,0215,2020_block_count_centroids
MOWER - 0220,23,23,1.0000000000,76,76,099,0220,2020_block_count_centroids
MURRAY - 0005,21,21,1.0000000000,26,26,101,0005,2020_block_count_centroids
MURRAY - 0010,21,21,1.0000000000,49,49,101,0010,2020_block_count_centroids
MURRAY - 0015,21,21,1.0000000000,66,66,101,0015,2020_block_count_centroids
MURRAY - 0020,21,21,1.0000000000,42,42,101,0020,2020_block_count_centroids
MURRAY - 0025,21,21,1.0000000000,49,49,101,0025,2020_block_count_centroids
MURRAY - 0030,21,21,1.0000000000,18,18,101,0030,2020_block_count_centroids
MURRAY - 0035,21,21,1.0000000000,27,27,101,0035,2020_block_count_centroids
MURRAY - 0040,21,21,1.0000000000,57,57,101,0040,2020_block_count_centroids
MURRAY - 0045,21,21,1.0000000000,60,60,101,0045,2020_block_count_centroids
MURRAY - 0050,21,21,1.0000000000,48,48,101,0050,2020_block_count_centroids
MURRAY - 0055,21,21,1.0000000000,40,40,101,0055,2020_block_count_centroids
MURRAY - 0060,21,21,1.0000000000,73,73,101,0060,2020_block_count_centroids
MURRAY - 0065,21,21,1.0000000000,7,7,101,0065,2020_block_count_centroids
MURRAY - 0070,21,21,1.0000000000,41,41,101,0070,2020_block_count_centroids
MURRAY - 0075,21,21,1.0000000000,17,17,101,0075,2020_block_count_centroids
MURRAY - 0080,21,21,1.0000000000,46,46,101,0080,2020_block_count_centroids
MURRAY - 0085,21,21,1.0000000000,50,50,101,0085,2020_block_count_centroids
MURRAY - 0090,21,21,1.0000000000,25,25,101,0090,2020_block_count_centroids
MURRAY - 0095,21,21,1.0000000000,39,39,101,0095,2020_block_count_centroids
MURRAY - 0100,21,21,1.0000000000,55,55,101,0100,2020_block_count_centroids
MURRAY - 0105,21,21,1.0000000000,43,43,101,0105,2020_block_count_centroids
MURRAY - 0110,21,21,1.0000000000,51,51,101,0110,2020_block_count_centroids
MURRAY - 0115,21,21,1.0000000000,47,47,101,0115,2020_block_count_centroids
MURRAY - 0120,21,21,1.0000000000,57,57,101,0120,2020_block_count_centroids
MURRAY - 0125,21,21,1.0000000000,40,40,101,0125,2020_block_count_centroids
MURRAY - 0130,21,21,1.0000000000,32,32,101,0130,2020_block_count_centroids
MURRAY - 0135,21,21,1.0000000000,102,102,101,0135,2020_block_count_centroids
MURRAY - 0140,21,21,1.0000000000,49,49,101,0140,2020_block_count_centroids
NICOLLET - 0005,18,18,1.0000000000,137,137,103,0005,2020_block_count_centroids
NICOLLET - 0010,18,18,1.0000000000,67,67,103,0010,2020_block_count_centroids
NICOLLET - 0015,18,18,1.0000000000,20,20,103,0015,2020_block_count_centroids
NICOLLET - 0020,18,18,1.0000000000,17,17,103,0020,2020_block_count_centroids
NICOLLET - 0025,18,18,1.0000000000,73,73,103,0025,2020_block_count_centroids
NICOLLET - 0030,18,18,1.0000000000,36,36,103,0030,2020_block_count_centroids
NICOLLET - 0035,18,18,1.0000000000,32,32,103,0035,2020_block_count_centroids
NICOLLET - 0040,18,18,1.0000000000,77,77,103,0040,2020_block_count_centroids
NICOLLET - 0045,18,18,1.0000000000,96,96,103,0045,2020_block_count_centroids
NICOLLET - 0050,18,18,1.0000000000,4,4,103,0050,2020_block_count_centroids
NICOLLET - 0055,18,18,1.0000000000,60,60,103,0055,2020_block_count_centroids
NICOLLET - 0060,18,18,1.0000000000,52,52,103,0060,2020_block_count_centroids
NICOLLET - 0065,18,18,1.0000000000,61,61,103,0065,2020_block_count_centroids
NICOLLET - 0070,18,18,1.0000000000,23,23,103,0070,2020_block_count_centroids
NICOLLET - 0075,18,18,1.0000000000,33,33,103,0075,2020_block_count_centroids
NICOLLET - 0080,18,18,1.0000000000,18,18,103,0080,2020_block_count_centroids
NICOLLET - 0085,18,18,1.0000000000,20,20,103,0085,2020_block_count_centroids
NICOLLET - 0090,18,18,1.0000000000,16,16,103,0090,2020_block_count_centroids
NICOLLET - 0095,18,18,1.0000000000,46,46,103,0095,2020_block_count_centroids
NICOLLET - 0100,18,18,1.0000000000,9,9,103,0100,2020_block_count_centroids
NICOLLET - 0105,18,18,1.0000000000,10,10,103,0105,2020_block_count_centroids
NICOLLET - 0106,18,18,1.0000000000,17,17,103,0106,2020_block_count_centroids
NICOLLET - 0107,18,18,1.0000000000,10,10,103,0107,2020_block_count_centroids
NICOLLET - 0110,18,18,1.0000000000,58,58,103,0110,2020_block_count_centroids
NICOLLET - 0115,18,18,1.0000000000,30,30,103,0115,2020_block_count_centroids
NICOLLET - 0120,18,18,1.0000000000,131,131,103,0120,2020_block_count_centroids
NICOLLET - 0125,18,18,1.0000000000,50,50,103,0125,2020_block_count_centroids
NICOLLET - 0130,18,18,1.0000000000,42,42,103,0130,2020_block_count_centroids
NICOLLET - 0135,18,18,1.0000000000,90,90,103,0135,2020_block_count_centroids
NICOLLET - 0140,18,18,1.0000000000,79,79,103,0140,2020_block_count_centroids
NICOLLET - 0145,18,18,1.0000000000,78,78,103,0145,2020_block_count_centroids
NOBLES - 0005,21,21,1.0000000000,88,88,105,0005,2020_block_count_centroids
NOBLES - 0010,21,21,1.0000000000,21,21,105,0010,2020_block_count_centroids
NOBLES - 0015,21,21,1.0000000000,59,59,105,0015,2020_block_count_centroids
NOBLES - 0020,21,21,1.0000000000,40,40,105,0020,2020_block_count_centroids
NOBLES - 0025,21,21,1.0000000000,35,35,105,0025,2020_block_count_centroids
NOBLES - 0030,21,21,1.0000000000,51,51,105,0030,2020_block_count_centroids
NOBLES - 0035,21,21,1.0000000000,12,12,105,0035,2020_block_count_centroids
NOBLES - 0040,21,21,1.0000000000,44,44,105,0040,2020_block_count_centroids
NOBLES - 0045,21,21,1.0000000000,46,46,105,0045,2020_block_count_centroids
NOBLES - 0050,21,21,1.0000000000,59,59,105,0050,2020_block_count_centroids
NOBLES - 0055,21,21,1.0000000000,49,49,105,0055,2020_block_count_centroids
NOBLES - 0060,21,21,1.0000000000,69,69,105,0060,2020_block_count_centroids
NOBLES - 0065,21,21,1.0000000000,40,40,105,0065,2020_block_count_centroids
NOBLES - 0070,21,21,1.0000000000,7,7,105,0070,2020_block_count_centroids
NOBLES - 0075,21,21,1.0000000000,43,43,105,0075,2020_block_count_centroids
NOBLES - 0080,21,21,1.0000000000,82,82,105,0080,2020_block_count_centroids
NOBLES - 0085,21,21,1.0000000000,21,21,105,0085,2020_block_count_centroids
NOBLES - 0090,21,21,1.0000000000,50,50,105,0090,2020_block_count_centroids
NOBLES - 0095,21,21,1.0000000000,53,53,105,0095,2020_block_count_centroids
NOBLES - 0100,21,21,1.0000000000,68,68,105,0100,2020_block_count_centroids
NOBLES - 0105,21,21,1.0000000000,61,61,105,0105,2020_block_count_centroids
NOBLES - 0110,21,21,1.0000000000,41,41,105,0110,2020_block_count_centroids
NOBLES - 0115,21,21,1.0000000000,27,27,105,0115,2020_block_count_centroids
NOBLES - 0120,21,21,1.0000000000,32,32,105,0120,2020_block_count_centroids
NOBLES - 0125,21,21,1.0000000000,59,59,105,0125,2020_block_count_centroids
NOBLES - 0130,21,21,1.0000000000,61,61,105,0130,2020_block_count_centroids
NOBLES - 0135,21,21,1.0000000000,66,66,105,0135,2020_block_count_centroids
NOBLES - 0140,21,21,1.0000000000,25,25,105,0140,2020_block_count_centroids
NOBLES - 0145,21,21,1.0000000000,45,45,105,0145,2020_block_count_centroids
NOBLES - 0150,21,21,1.0000000000,27,27,105,0150,2020_block_count_centroids
NOBLES - 0155,21,21,1.0000000000,33,33,105,0155,2020_block_count_centroids
NOBLES - 0160,21,21,1.0000000000,42,42,105,0160,2020_block_count_centroids
NOBLES - 0165,21,21,1.0000000000,29,29,105,0165,2020_block_count_centroids
NOBLES - 0166,21,21,1.0000000000,38,38,105,0166,2020_block_count_centroids
NOBLES - 0170,21,21,1.0000000000,19,19,105,0170,2020_block_count_centroids
NOBLES - 0175,21,21,1.0000000000,31,31,105,0175,2020_block_count_centroids
NOBLES - 0180,21,21,1.0000000000,25,25,105,0180,2020_block_count_centroids
NOBLES - 0185,21,21,1.0000000000,23,23,105,0185,2020_block_count_centroids
NOBLES - 0186,21,21,1.0000000000,28,28,105,0186,2020_block_count_centroids
NOBLES - 0190,21,21,1.0000000000,69,69,105,0190,2020_block_count_centroids
NORMAN - 0005,1,1,1.0000000000,69,69,107,0005,2020_block_count_centroids
NORMAN - 0010,1,1,1.0000000000,57,57,107,0010,2020_block_count_centroids
NORMAN - 0015,1,1,1.0000000000,49,49,107,0015,2020_block_count_centroids
NORMAN - 0020,1,1,1.0000000000,35,35,107,0020,2020_block_count_centroids
NORMAN - 0025,1,1,1.0000000000,7,7,107,0025,2020_block_count_centroids
NORMAN - 0030,1,1,1.0000000000,48,48,107,0030,2020_block_count_centroids
NORMAN - 0035,1,1,1.0000000000,51,51,107,0035,2020_block_count_centroids
NORMAN - 0040,1,1,1.0000000000,13,13,107,0040,2020_block_count_centroids
NORMAN - 0045,1,1,1.0000000000,35,35,107,0045,2020_block_count_centroids
NORMAN - 0050,1,1,1.0000000000,26,26,107,0050,2020_block_count_centroids
NORMAN - 0055,1,1,1.0000000000,48,48,107,0055,2020_block_count_centroids
NORMAN - 0060,1,1,1.0000000000,66,66,107,0060,2020_block_count_centroids
NORMAN - 0065,1,1,1.0000000000,48,48,107,0065,2020_block_count_centroids
NORMAN - 0070,1,1,1.0000000000,30,30,107,0070,2020_block_count_centroids
NORMAN - 0075,1,1,1.0000000000,50,50,107,0075,2020_block_count_centroids
NORMAN - 0080,1,1,1.0000000000,24,24,107,0080,2020_block_count_centroids
NORMAN - 0085,1,1,1.0000000000,35,35,107,0085,2020_block_count_centroids
NORMAN - 0090,1,1,1.0000000000,60,60,107,0090,2020_block_count_centroids
NORMAN - 0095,1,1,1.0000000000,34,34,107,0095,2020_block_count_centroids
NORMAN - 0100,1,1,1.0000000000,40,40,107,0100,2020_block_count_centroids
NORMAN - 0105,1,1,1.0000000000,42,42,107,0105,2020_block_count_centroids
NORMAN - 0110,1,1,1.0000000000,16,16,107,0110,2020_block_count_centroids
NORMAN - 0115,1,1,1.0000000000,32,32,107,0115,2020_block_count_centroids
NORMAN - 0120,1,1,1.0000000000,17,17,107,0120,2020_block_count_centroids
NORMAN - 0125,1,1,1.0000000000,24,24,107,0125,2020_block_count_centroids
NORMAN - 0130,1,1,1.0000000000,67,67,107,0130,2020_block_count_centroids
NORMAN - 0135,1,1,1.0000000000,21,21,107,0135,2020_block_count_centroids
NORMAN - 0140,1,1,1.0000000000,24,24,107,0140,2020_block_count_centroids
NORMAN - 0145,1,1,1.0000000000,32,32,107,0145,2020_block_count_centroids
NORMAN - 0150,1,1,1.0000000000,71,71,107,0150,2020_block_count_centroids
NORMAN - 0155,1,1,1.0000000000,32,32,107,0155,2020_block_count_centroids
NORMAN - 0160,1,1,1.0000000000,36,36,107,0160,2020_block_count_centroids
NORMAN - 0165,1,1,1.0000000000,30,30,107,0165,2020_block_count_centroids
OLMSTED - 0005,24,24,1.0000000000,54,54,109,0005,2020_block_count_centroids
OLMSTED - 0010,24,24,0.1483516484,27,182,109,0010,2020_block_count_centroids
OLMSTED - 0010,25,25,0.8516483516,155,182,109,0010,2020_block_count_centroids
OLMSTED - 0015,20,20,1.0000000000,38,38,109,0015,2020_block_count_centroids
OLMSTED - 0020,20,20,1.0000000000,28,28,109,0020,2020_block_count_centroids
OLMSTED - 0025,20,20,1.0000000000,61,61,109,0025,2020_block_count_centroids
OLMSTED - 0030,20,20,1.0000000000,50,50,109,0030,2020_block_count_centroids
OLMSTED - 0035,20,20,1.0000000000,53,53,109,0035,2020_block_count_centroids
OLMSTED - 0040,20,20,1.0000000000,66,66,109,0040,2020_block_count_centroids
OLMSTED - 0045,20,20,0.9500000000,38,40,109,0045,2020_block_count_centroids
OLMSTED - 0045,25,25,0.0500000000,2,40,109,0045,2020_block_count_centroids
OLMSTED - 0050,20,20,0.0500000000,4,80,109,0050,2020_block_count_centroids
OLMSTED - 0050,24,24,0.0250000000,2,80,109,0050,2020_block_count_centroids
OLMSTED - 0050,25,25,0.9250000000,74,80,109,0050,2020_block_count_centroids
OLMSTED - 0055,20,20,0.0071942446,1,139,109,0055,2020_block_count_centroids
OLMSTED - 0055,24,24,0.9928057554,138,139,109,0055,2020_block_count_centroids
OLMSTED - 0060,24,24,0.9529411765,81,85,109,0060,2020_block_count_centroids
OLMSTED - 0060,25,25,0.0470588235,4,85,109,0060,2020_block_count_centroids
OLMSTED - 0065,20,20,0.5986842105,91,152,109,0065,2020_block_count_centroids
OLMSTED - 0065,24,24,0.4013157895,61,152,109,0065,2020_block_count_centroids
OLMSTED - 0066,24,24,1.0000000000,8,8,109,0066,2020_block_count_centroids
OLMSTED - 0070,20,20,0.9900990099,100,101,109,0070,2020_block_count_centroids
OLMSTED - 0070,25,25,0.0099009901,1,101,109,0070,2020_block_count_centroids
OLMSTED - 0075,20,20,1.0000000000,34,34,109,0075,2020_block_count_centroids
OLMSTED - 0080,25,25,1.0000000000,42,42,109,0080,2020_block_count_centroids
OLMSTED - 0085,20,20,0.0384615385,4,104,109,0085,2020_block_count_centroids
OLMSTED - 0085,25,25,0.9615384615,100,104,109,0085,2020_block_count_centroids
OLMSTED - 0090,20,20,1.0000000000,95,95,109,0090,2020_block_count_centroids
OLMSTED - 0095,20,20,1.0000000000,54,54,109,0095,2020_block_count_centroids
OLMSTED - 0100,24,24,1.0000000000,24,24,109,0100,2020_block_count_centroids
OLMSTED - 0105,24,24,1.0000000000,49,49,109,0105,2020_block_count_centroids
OLMSTED - 0110,25,25,1.0000000000,48,48,109,0110,2020_block_count_centroids
OLMSTED - 0115,25,25,1.0000000000,64,64,109,0115,2020_block_count_centroids
OLMSTED - 0116,24,24,1.0000000000,15,15,109,0116,2020_block_count_centroids
OLMSTED - 0117,25,25,1.0000000000,37,37,109,0117,2020_block_count_centroids
OLMSTED - 0120,24,24,0.2054794521,15,73,109,0120,2020_block_count_centroids
OLMSTED - 0120,25,25,0.7945205479,58,73,109,0120,2020_block_count_centroids
OLMSTED - 0125,24,24,0.4074074074,33,81,109,0125,2020_block_count_centroids
OLMSTED - 0125,25,25,0.5925925926,48,81,109,0125,2020_block_count_centroids
OLMSTED - 0130,24,24,1.0000000000,31,31,109,0130,2020_block_count_centroids
OLMSTED - 0135,24,24,1.0000000000,140,140,109,0135,2020_block_count_centroids
OLMSTED - 0136,24,24,1.0000000000,4,4,109,0136,2020_block_count_centroids
OLMSTED - 0140,25,25,1.0000000000,36,36,109,0140,2020_block_count_centroids
OLMSTED - 0145,24,24,0.0588235294,3,51,109,0145,2020_block_count_centroids
OLMSTED - 0145,25,25,0.9411764706,48,51,109,0145,2020_block_count_centroids
OLMSTED - 0150,24,24,0.5909090909,26,44,109,0150,2020_block_count_centroids
OLMSTED - 0150,25,25,0.4090909091,18,44,109,0150,2020_block_count_centroids
OLMSTED - 0155,24,24,1.0000000000,77,77,109,0155,2020_block_count_centroids
OLMSTED - 0156,24,24,1.0000000000,6,6,109,0156,2020_block_count_centroids
OLMSTED - 0157,24,24,1.0000000000,4,4,109,0157,2020_block_count_centroids
OLMSTED - 0160,25,25,1.0000000000,90,90,109,0160,2020_block_count_centroids
OLMSTED - 0165,25,25,1.0000000000,66,66,109,0165,2020_block_count_centroids
OLMSTED - 0170,25,25,1.0000000000,40,40,109,0170,2020_block_count_centroids
OLMSTED - 0171,20,20,0.0294117647,1,34,109,0171,2020_block_count_centroids
OLMSTED - 0171,24,24,0.6470588235,22,34,109,0171,2020_block_count_centroids
OLMSTED - 0171,25,25,0.3235294118,11,34,109,0171,2020_block_count_centroids
OLMSTED - 0172,24,24,0.2000000000,2,10,109,0172,2020_block_count_centroids
OLMSTED - 0172,25,25,0.8000000000,8,10,109,0172,2020_block_count_centroids
OLMSTED - 0173,25,25,1.0000000000,3,3,109,0173,2020_block_count_centroids
OLMSTED - 0175,25,25,1.0000000000,76,76,109,0175,2020_block_count_centroids
OLMSTED - 0185,25,25,1.0000000000,62,62,109,0185,2020_block_count_centroids
OLMSTED - 0190,25,25,1.0000000000,40,40,109,0190,2020_block_count_centroids
OLMSTED - 0191,25,25,1.0000000000,14,14,109,0191,2020_block_count_centroids
OLMSTED - 0192,25,25,1.0000000000,11,11,109,0192,2020_block_count_centroids
OLMSTED - 0195,25,25,1.0000000000,33,33,109,0195,2020_block_count_centroids
OLMSTED - 0200,25,25,1.0000000000,33,33,109,0200,2020_block_count_centroids
OLMSTED - 0205,25,25,1.0000000000,23,23,109,0205,2020_block_count_centroids
OLMSTED - 0206,25,25,1.0000000000,52,52,109,0206,2020_block_count_centroids
OLMSTED - 0210,24,24,1.0000000000,110,110,109,0210,2020_block_count_centroids
OLMSTED - 0211,24,24,1.0000000000,1,1,109,0211,2020_block_count_centroids
OLMSTED - 0212,24,24,1.0000000000,2,2,109,0212,2020_block_count_centroids
OLMSTED - 0215,24,24,1.0000000000,73,73,109,0215,2020_block_count_centroids
OLMSTED - 0220,24,24,1.0000000000,59,59,109,0220,2020_block_count_centroids
OLMSTED - 0225,24,24,1.0000000000,94,94,109,0225,2020_block_count_centroids
OLMSTED - 0230,20,20,1.0000000000,78,78,109,0230,2020_block_count_centroids
OLMSTED - 0236,25,25,1.0000000000,1,1,109,0236,2020_block_count_centroids
OLMSTED - 0237,25,25,1.0000000000,1,1,109,0237,2020_block_count_centroids
OTTER TAIL - 0005,9,9,1.0000000000,30,30,111,0005,2020_block_count_centroids
OTTER TAIL - 0010,9,9,1.0000000000,60,60,111,0010,2020_block_count_centroids
OTTER TAIL - 0015,9,9,1.0000000000,90,90,111,0015,2020_block_count_centroids
OTTER TAIL - 0020,9,9,1.0000000000,46,46,111,0020,2020_block_count_centroids
OTTER TAIL - 0025,9,9,1.0000000000,43,43,111,0025,2020_block_count_centroids
OTTER TAIL - 0030,9,9,1.0000000000,30,30,111,0030,2020_block_count_centroids
OTTER TAIL - 0035,9,9,1.0000000000,53,53,111,0035,2020_block_count_centroids
OTTER TAIL - 0040,9,9,1.0000000000,57,57,111,0040,2020_block_count_centroids
OTTER TAIL - 0045,9,9,1.0000000000,33,33,111,0045,2020_block_count_centroids
OTTER TAIL - 0050,9,9,1.0000000000,116,116,111,0050,2020_block_count_centroids
OTTER TAIL - 0055,9,9,1.0000000000,37,37,111,0055,2020_block_count_centroids
OTTER TAIL - 0060,9,9,1.0000000000,16,16,111,0060,2020_block_count_centroids
OTTER TAIL - 0065,9,9,1.0000000000,50,50,111,0065,2020_block_count_centroids
OTTER TAIL - 0070,9,9,1.0000000000,54,54,111,0070,2020_block_count_centroids
OTTER TAIL - 0075,9,9,1.0000000000,40,40,111,0075,2020_block_count_centroids
OTTER TAIL - 0080,9,9,1.0000000000,13,13,111,0080,2020_block_count_centroids
OTTER TAIL - 0085,9,9,1.0000000000,73,73,111,0085,2020_block_count_centroids
OTTER TAIL - 0090,9,9,1.0000000000,50,50,111,0090,2020_block_count_centroids
OTTER TAIL - 0095,9,9,1.0000000000,28,28,111,0095,2020_block_count_centroids
OTTER TAIL - 0100,9,9,1.0000000000,59,59,111,0100,2020_block_count_centroids
OTTER TAIL - 0105,9,9,1.0000000000,18,18,111,0105,2020_block_count_centroids
OTTER TAIL - 0110,9,9,1.0000000000,76,76,111,0110,2020_block_count_centroids
OTTER TAIL - 0115,9,9,1.0000000000,77,77,111,0115,2020_block_count_centroids
OTTER TAIL - 0120,9,9,1.0000000000,53,53,111,0120,2020_block_count_centroids
OTTER TAIL - 0125,9,9,1.0000000000,34,34,111,0125,2020_block_count_centroids
OTTER TAIL - 0130,9,9,1.0000000000,57,57,111,0130,2020_block_count_centroids
OTTER TAIL - 0135,9,9,1.0000000000,32,32,111,0135,2020_block_count_centroids
OTTER TAIL - 0140,9,9,1.0000000000,24,24,111,0140,2020_block_count_centroids
OTTER TAIL - 0145,9,9,1.0000000000,53,53,111,0145,2020_block_count_centroids
OTTER TAIL - 0150,9,9,1.0000000000,53,53,111,0150,2020_block_count_centroids
OTTER TAIL - 0155,9,9,1.0000000000,14,14,111,0155,2020_block_count_centroids
OTTER TAIL - 0160,9,9,1.0000000000,39,39,111,0160,2020_block_count_centroids
OTTER TAIL - 0165,9,9,1.0000000000,78,78,111,0165,2020_block_count_centroids
OTTER TAIL - 0170,9,9,1.0000000000,55,55,111,0170,2020_block_count_centroids
OTTER TAIL - 0175,9,9,1.0000000000,47,47,111,0175,2020_block_count_centroids
OTTER TAIL - 0180,9,9,1.0000000000,41,41,111,0180,2020_block_count_centroids
OTTER TAIL - 0185,9,9,1.0000000000,41,41,111,0185,2020_block_count_centroids
OTTER TAIL - 0190,9,9,1.0000000000,40,40,111,0190,2020_block_count_centroids
OTTER TAIL - 0195,9,9,1.0000000000,48,48,111,0195,2020_block_count_centroids
OTTER TAIL - 0200,9,9,1.0000000000,79,79,111,0200,2020_block_count_centroids
OTTER TAIL - 0205,9,9,1.0000000000,51,51,111,0205,2020_block_count_centroids
OTTER TAIL - 0210,9,9,1.0000000000,76,76,111,0210,2020_block_count_centroids
OTTER TAIL - 0215,9,9,1.0000000000,34,34,111,0215,2020_block_count_centroids
OTTER TAIL - 0220,9,9,1.0000000000,72,72,111,0220,2020_block_count_centroids
OTTER TAIL - 0225,9,9,1.0000000000,90,90,111,0225,2020_block_count_centroids
OTTER TAIL - 0230,9,9,1.0000000000,63,63,111,0230,2020_block_count_centroids
OTTER TAIL - 0235,9,9,1.0000000000,48,48,111,0235,2020_block_count_centroids
OTTER TAIL - 0240,9,9,1.0000000000,62,62,111,0240,2020_block_count_centroids
OTTER TAIL - 0245,9,9,1.0000000000,83,83,111,0245,2020_block_count_centroids
OTTER TAIL - 0250,9,9,1.0000000000,23,23,111,0250,2020_block_count_centroids
OTTER TAIL - 0255,9,9,1.0000000000,49,49,111,0255,2020_block_count_centroids
OTTER TAIL - 0260,9,9,1.0000000000,64,64,111,0260,2020_block_count_centroids
OTTER TAIL - 0265,9,9,1.0000000000,49,49,111,0265,2020_block_count_centroids
OTTER TAIL - 0270,9,9,1.0000000000,48,48,111,0270,2020_block_count_centroids
OTTER TAIL - 0275,9,9,1.0000000000,98,98,111,0275,2020_block_count_centroids
OTTER TAIL - 0280,9,9,1.0000000000,25,25,111,0280,2020_block_count_centroids
OTTER TAIL - 0285,9,9,1.0000000000,74,74,111,0285,2020_block_count_centroids
OTTER TAIL - 0290,9,9,1.0000000000,38,38,111,0290,2020_block_count_centroids
OTTER TAIL - 0295,9,9,1.0000000000,59,59,111,0295,2020_block_count_centroids
OTTER TAIL - 0300,9,9,1.0000000000,40,40,111,0300,2020_block_count_centroids
OTTER TAIL - 0305,9,9,1.0000000000,46,46,111,0305,2020_block_count_centroids
OTTER TAIL - 0310,9,9,1.0000000000,43,43,111,0310,2020_block_count_centroids
OTTER TAIL - 0315,9,9,1.0000000000,71,71,111,0315,2020_block_count_centroids
OTTER TAIL - 0320,9,9,1.0000000000,36,36,111,0320,2020_block_count_centroids
OTTER TAIL - 0325,9,9,1.0000000000,55,55,111,0325,2020_block_count_centroids
OTTER TAIL - 0330,9,9,1.0000000000,77,77,111,0330,2020_block_count_centroids
OTTER TAIL - 0335,9,9,1.0000000000,46,46,111,0335,2020_block_count_centroids
OTTER TAIL - 0340,9,9,1.0000000000,63,63,111,0340,2020_block_count_centroids
OTTER TAIL - 0345,9,9,1.0000000000,45,45,111,0345,2020_block_count_centroids
OTTER TAIL - 0350,9,9,1.0000000000,60,60,111,0350,2020_block_count_centroids
OTTER TAIL - 0355,9,9,1.0000000000,79,79,111,0355,2020_block_count_centroids
OTTER TAIL - 0360,9,9,1.0000000000,145,145,111,0360,2020_block_count_centroids
OTTER TAIL - 0365,9,9,1.0000000000,113,113,111,0365,2020_block_count_centroids
OTTER TAIL - 0370,9,9,1.0000000000,99,99,111,0370,2020_block_count_centroids
OTTER TAIL - 0375,9,9,1.0000000000,15,15,111,0375,2020_block_count_centroids
OTTER TAIL - 0380,9,9,1.0000000000,18,18,111,0380,2020_block_count_centroids
OTTER TAIL - 0385,9,9,1.0000000000,77,77,111,0385,2020_block_count_centroids
OTTER TAIL - 0390,9,9,1.0000000000,53,53,111,0390,2020_block_count_centroids
OTTER TAIL - 0395,9,9,1.0000000000,46,46,111,0395,2020_block_count_centroids
OTTER TAIL - 0400,9,9,1.0000000000,74,74,111,0400,2020_block_count_centroids
OTTER TAIL - 0405,9,9,1.0000000000,67,67,111,0405,2020_block_count_centroids
OTTER TAIL - 0410,9,9,1.0000000000,48,48,111,0410,2020_block_count_centroids
OTTER TAIL - 0415,9,9,1.0000000000,41,41,111,0415,2020_block_count_centroids
OTTER TAIL - 0420,9,9,1.0000000000,65,65,111,0420,2020_block_count_centroids
OTTER TAIL - 0425,9,9,1.0000000000,21,21,111,0425,2020_block_count_centroids
OTTER TAIL - 0430,9,9,1.0000000000,5,5,111,0430,2020_block_count_centroids
OTTER TAIL - 0435,9,9,1.0000000000,29,29,111,0435,2020_block_count_centroids
OTTER TAIL - 0440,9,9,1.0000000000,18,18,111,0440,2020_block_count_centroids
OTTER TAIL - 0445,9,9,1.0000000000,3,3,111,0445,2020_block_count_centroids
OTTER TAIL - 0450,9,9,1.0000000000,40,40,111,0450,2020_block_count_centroids
OTTER TAIL - 0455,9,9,1.0000000000,35,35,111,0455,2020_block_count_centroids
PENNINGTON - 0005,1,1,1.0000000000,16,16,113,0005,2020_block_count_centroids
PENNINGTON - 0010,1,1,1.0000000000,15,15,113,0010,2020_block_count_centroids
PENNINGTON - 0015,1,1,1.0000000000,42,42,113,0015,2020_block_count_centroids
PENNINGTON - 0020,1,1,1.0000000000,17,17,113,0020,2020_block_count_centroids
PENNINGTON - 0025,1,1,1.0000000000,22,22,113,0025,2020_block_count_centroids
PENNINGTON - 0030,1,1,1.0000000000,35,35,113,0030,2020_block_count_centroids
PENNINGTON - 0035,1,1,1.0000000000,28,28,113,0035,2020_block_count_centroids
PENNINGTON - 0040,1,1,1.0000000000,47,47,113,0040,2020_block_count_centroids
PENNINGTON - 0045,1,1,1.0000000000,45,45,113,0045,2020_block_count_centroids
PENNINGTON - 0050,1,1,1.0000000000,28,28,113,0050,2020_block_count_centroids
PENNINGTON - 0055,1,1,1.0000000000,29,29,113,0055,2020_block_count_centroids
PENNINGTON - 0060,1,1,1.0000000000,58,58,113,0060,2020_block_count_centroids
PENNINGTON - 0065,1,1,1.0000000000,30,30,113,0065,2020_block_count_centroids
PENNINGTON - 0070,1,1,1.0000000000,18,18,113,0070,2020_block_count_centroids
PENNINGTON - 0075,1,1,1.0000000000,32,32,113,0075,2020_block_count_centroids
PENNINGTON - 0080,1,1,1.0000000000,19,19,113,0080,2020_block_count_centroids
PENNINGTON - 0085,1,1,1.0000000000,40,40,113,0085,2020_block_count_centroids
PENNINGTON - 0090,1,1,1.0000000000,48,48,113,0090,2020_block_count_centroids
PENNINGTON - 0095,1,1,1.0000000000,30,30,113,0095,2020_block_count_centroids
PENNINGTON - 0100,1,1,1.0000000000,27,27,113,0100,2020_block_count_centroids
PENNINGTON - 0105,1,1,1.0000000000,29,29,113,0105,2020_block_count_centroids
PENNINGTON - 0110,1,1,1.0000000000,55,55,113,0110,2020_block_count_centroids
PENNINGTON - 0115,1,1,1.0000000000,39,39,113,0115,2020_block_count_centroids
PENNINGTON - 0120,1,1,1.0000000000,31,31,113,0120,2020_block_count_centroids
PENNINGTON - 0125,1,1,1.0000000000,42,42,113,0125,2020_block_count_centroids
PENNINGTON - 0135,1,1,1.0000000000,22,22,113,0135,2020_block_count_centroids
PENNINGTON - 0140,1,1,1.0000000000,56,56,113,0140,2020_block_count_centroids
PENNINGTON - 0150,1,1,1.0000000000,26,26,113,0150,2020_block_count_centroids
PENNINGTON - 0155,1,1,1.0000000000,37,37,113,0155,2020_block_count_centroids
PENNINGTON - 0165,1,1,1.0000000000,34,34,113,0165,2020_block_count_centroids
PENNINGTON - 0170,1,1,1.0000000000,30,30,113,0170,2020_block_count_centroids
PENNINGTON - 0180,1,1,1.0000000000,22,22,113,0180,2020_block_count_centroids
PENNINGTON - 0185,1,1,1.0000000000,31,31,113,0185,2020_block_count_centroids
PENNINGTON - 0195,1,1,1.0000000000,27,27,113,0195,2020_block_count_centroids
PINE - 0005,11,11,1.0000000000,25,25,115,0005,2020_block_count_centroids
PINE - 0010,11,11,1.0000000000,29,29,115,0010,2020_block_count_centroids
PINE - 0015,11,11,1.0000000000,17,17,115,0015,2020_block_count_centroids
PINE - 0020,11,11,1.0000000000,51,51,115,0020,2020_block_count_centroids
PINE - 0025,11,11,1.0000000000,25,25,115,0025,2020_block_count_centroids
PINE - 0030,11,11,1.0000000000,34,34,115,0030,2020_block_count_centroids
PINE - 0035,11,11,1.0000000000,21,21,115,0035,2020_block_count_centroids
PINE - 0040,11,11,1.0000000000,44,44,115,0040,2020_block_count_centroids
PINE - 0045,11,11,1.0000000000,18,18,115,0045,2020_block_count_centroids
PINE - 0050,11,11,1.0000000000,48,48,115,0050,2020_block_count_centroids
PINE - 0055,11,11,1.0000000000,55,55,115,0055,2020_block_count_centroids
PINE - 0060,11,11,1.0000000000,34,34,115,0060,2020_block_count_centroids
PINE - 0065,11,11,1.0000000000,35,35,115,0065,2020_block_count_centroids
PINE - 0070,11,11,1.0000000000,15,15,115,0070,2020_block_count_centroids
PINE - 0075,11,11,1.0000000000,62,62,115,0075,2020_block_count_centroids
PINE - 0080,11,11,1.0000000000,12,12,115,0080,2020_block_count_centroids
PINE - 0085,11,11,1.0000000000,19,19,115,0085,2020_block_count_centroids
PINE - 0090,11,11,1.0000000000,52,52,115,0090,2020_block_count_centroids
PINE - 0095,11,11,1.0000000000,19,19,115,0095,2020_block_count_centroids
PINE - 0100,11,11,1.0000000000,10,10,115,0100,2020_block_count_centroids
PINE - 0105,11,11,1.0000000000,79,79,115,0105,2020_block_count_centroids
PINE - 0110,11,11,1.0000000000,66,66,115,0110,2020_block_count_centroids
PINE - 0115,11,11,1.0000000000,9,9,115,0115,2020_block_count_centroids
PINE - 0120,11,11,1.0000000000,50,50,115,0120,2020_block_count_centroids
PINE - 0125,11,11,1.0000000000,51,51,115,0125,2020_block_count_centroids
PINE - 0135,11,11,1.0000000000,68,68,115,0135,2020_block_count_centroids
PINE - 0140,11,11,1.0000000000,26,26,115,0140,2020_block_count_centroids
PINE - 0145,11,11,1.0000000000,27,27,115,0145,2020_block_count_centroids
PINE - 0150,11,11,1.0000000000,28,28,115,0150,2020_block_count_centroids
PINE - 0155,11,11,1.0000000000,42,42,115,0155,2020_block_count_centroids
PINE - 0160,11,11,1.0000000000,64,64,115,0160,2020_block_count_centroids
PINE - 0165,11,11,1.0000000000,10,10,115,0165,2020_block_count_centroids
PINE - 0170,11,11,1.0000000000,34,34,115,0170,2020_block_count_centroids
PINE - 0175,11,11,1.0000000000,53,53,115,0175,2020_block_count_centroids
PINE - 0180,11,11,1.0000000000,57,57,115,0180,2020_block_count_centroids
PINE - 0185,11,11,1.0000000000,75,75,115,0185,2020_block_count_centroids
PINE - 0190,11,11,1.0000000000,53,53,115,0190,2020_block_count_centroids
PINE - 0195,11,11,1.0000000000,112,112,115,0195,2020_block_count_centroids
PINE - 0200,11,11,1.0000000000,104,104,115,0200,2020_block_count_centroids
PINE - 0205,11,11,1.0000000000,57,57,115,0205,2020_block_count_centroids
PINE - 0207,11,11,1.0000000000,17,17,115,0207,2020_block_count_centroids
PINE - 0210,11,11,1.0000000000,75,75,115,0210,2020_block_count_centroids
PINE - 0215,11,11,1.0000000000,53,53,115,0215,2020_block_count_centroids
PINE - 0221,11,11,1.0000000000,33,33,115,0221,2020_block_count_centroids
PINE - 0225,11,11,1.0000000000,39,39,115,0225,2020_block_count_centroids
PINE - 0230,11,11,1.0000000000,32,32,115,0230,2020_block_count_centroids
PINE - 0235,11,11,1.0000000000,28,28,115,0235,2020_block_count_centroids
PINE - 0240,11,11,1.0000000000,104,104,115,0240,2020_block_count_centroids
PIPESTONE - 0005,21,21,1.0000000000,43,43,117,0005,2020_block_count_centroids
PIPESTONE - 0010,21,21,1.0000000000,43,43,117,0010,2020_block_count_centroids
PIPESTONE - 0015,21,21,1.0000000000,56,56,117,0015,2020_block_count_centroids
PIPESTONE - 0020,21,21,1.0000000000,71,71,117,0020,2020_block_count_centroids
PIPESTONE - 0025,21,21,1.0000000000,71,71,117,0025,2020_block_count_centroids
PIPESTONE - 0030,21,21,1.0000000000,49,49,117,0030,2020_block_count_centroids
PIPESTONE - 0035,21,21,1.0000000000,47,47,117,0035,2020_block_count_centroids
PIPESTONE - 0040,21,21,1.0000000000,62,62,117,0040,2020_block_count_centroids
PIPESTONE - 0045,21,21,1.0000000000,48,48,117,0045,2020_block_count_centroids
PIPESTONE - 0050,21,21,1.0000000000,15,15,117,0050,2020_block_count_centroids
PIPESTONE - 0055,21,21,1.0000000000,34,34,117,0055,2020_block_count_centroids
PIPESTONE - 0060,21,21,1.0000000000,17,17,117,0060,2020_block_count_centroids
PIPESTONE - 0065,21,21,1.0000000000,42,42,117,0065,2020_block_count_centroids
PIPESTONE - 0070,21,21,1.0000000000,53,53,117,0070,2020_block_count_centroids
PIPESTONE - 0075,21,21,1.0000000000,38,38,117,0075,2020_block_count_centroids
PIPESTONE - 0080,21,21,1.0000000000,44,44,117,0080,2020_block_count_centroids
PIPESTONE - 0090,21,21,1.0000000000,71,71,117,0090,2020_block_count_centroids
PIPESTONE - 0095,21,21,1.0000000000,59,59,117,0095,2020_block_count_centroids
PIPESTONE - 0100,21,21,1.0000000000,59,59,117,0100,2020_block_count_centroids
PIPESTONE - 0105,21,21,1.0000000000,40,40,117,0105,2020_block_count_centroids
PIPESTONE - 0110,21,21,1.0000000000,101,101,117,0110,2020_block_count_centroids
PIPESTONE - 0115,21,21,1.0000000000,18,18,117,0115,2020_block_count_centroids
PIPESTONE - 0120,21,21,1.0000000000,58,58,117,0120,2020_block_count_centroids
PIPESTONE - 0125,21,21,1.0000000000,17,17,117,0125,2020_block_count_centroids
POLK - 0005,1,1,1.0000000000,51,51,119,0005,2020_block_count_centroids
POLK - 0010,1,1,1.0000000000,41,41,119,0010,2020_block_count_centroids
POLK - 0015,1,1,1.0000000000,45,45,119,0015,2020_block_count_centroids
POLK - 0020,1,1,1.0000000000,21,21,119,0020,2020_block_count_centroids
POLK - 0025,1,1,1.0000000000,19,19,119,0025,2020_block_count_centroids
POLK - 0030,1,1,1.0000000000,41,41,119,0030,2020_block_count_centroids
POLK - 0035,1,1,1.0000000000,20,20,119,0035,2020_block_count_centroids
POLK - 0040,1,1,1.0000000000,32,32,119,0040,2020_block_count_centroids
POLK - 0045,1,1,1.0000000000,39,39,119,0045,2020_block_count_centroids
POLK - 0050,1,1,1.0000000000,33,33,119,0050,2020_block_count_centroids
POLK - 0055,1,1,1.0000000000,21,21,119,0055,2020_block_count_centroids
POLK - 0060,1,1,1.0000000000,51,51,119,0060,2020_block_count_centroids
POLK - 0065,1,1,1.0000000000,50,50,119,0065,2020_block_count_centroids
POLK - 0070,1,1,1.0000000000,23,23,119,0070,2020_block_count_centroids
POLK - 0075,1,1,1.0000000000,30,30,119,0075,2020_block_count_centroids
POLK - 0080,1,1,1.0000000000,25,25,119,0080,2020_block_count_centroids
POLK - 0085,1,1,1.0000000000,54,54,119,0085,2020_block_count_centroids
POLK - 0090,1,1,1.0000000000,27,27,119,0090,2020_block_count_centroids
POLK - 0095,1,1,1.0000000000,31,31,119,0095,2020_block_count_centroids
POLK - 0100,1,1,1.0000000000,17,17,119,0100,2020_block_count_centroids
POLK - 0105,1,1,1.0000000000,44,44,119,0105,2020_block_count_centroids
POLK - 0110,1,1,1.0000000000,49,49,119,0110,2020_block_count_centroids
POLK - 0120,1,1,1.0000000000,64,64,119,0120,2020_block_count_centroids
POLK - 0130,1,1,1.0000000000,53,53,119,0130,2020_block_count_centroids
POLK - 0140,1,1,1.0000000000,27,27,119,0140,2020_block_count_centroids
POLK - 0150,1,1,1.0000000000,25,25,119,0150,2020_block_count_centroids
POLK - 0160,1,1,1.0000000000,37,37,119,0160,2020_block_count_centroids
POLK - 0165,1,1,1.0000000000,30,30,119,0165,2020_block_count_centroids
POLK - 0170,1,1,1.0000000000,33,33,119,0170,2020_block_count_centroids
POLK - 0175,1,1,1.0000000000,46,46,119,0175,2020_block_count_centroids
POLK - 0180,1,1,1.0000000000,61,61,119,0180,2020_block_count_centroids
POLK - 0185,1,1,1.0000000000,40,40,119,0185,2020_block_count_centroids
POLK - 0190,1,1,1.0000000000,30,30,119,0190,2020_block_count_centroids
POLK - 0195,1,1,1.0000000000,56,56,119,0195,2020_block_count_centroids
POLK - 0200,1,1,1.0000000000,16,16,119,0200,2020_block_count_centroids
POLK - 0205,1,1,1.0000000000,50,50,119,0205,2020_block_count_centroids
POLK - 0210,1,1,1.0000000000,37,37,119,0210,2020_block_count_centroids
POLK - 0215,1,1,1.0000000000,48,48,119,0215,2020_block_count_centroids
POLK - 0220,1,1,1.0000000000,51,51,119,0220,2020_block_count_centroids
POLK - 0225,1,1,1.0000000000,49,49,119,0225,2020_block_count_centroids
POLK - 0230,1,1,1.0000000000,38,38,119,0230,2020_block_count_centroids
POLK - 0235,1,1,1.0000000000,33,33,119,0235,2020_block_count_centroids
POLK - 0240,1,1,1.0000000000,23,23,119,0240,2020_block_count_centroids
POLK - 0245,1,1,1.0000000000,54,54,119,0245,2020_block_count_centroids
POLK - 0250,1,1,1.0000000000,23,23,119,0250,2020_block_count_centroids
POLK - 0255,1,1,1.0000000000,40,40,119,0255,2020_block_count_centroids
POLK - 0260,1,1,1.0000000000,37,37,119,0260,2020_block_count_centroids
POLK - 0265,1,1,1.0000000000,19,19,119,0265,2020_block_count_centroids
POLK - 0270,1,1,1.0000000000,21,21,119,0270,2020_block_count_centroids
POLK - 0275,1,1,1.0000000000,44,44,119,0275,2020_block_count_centroids
POLK - 0280,1,1,1.0000000000,47,47,119,0280,2020_block_count_centroids
POLK - 0285,1,1,1.0000000000,75,75,119,0285,2020_block_count_centroids
POLK - 0290,1,1,1.0000000000,31,31,119,0290,2020_block_count_centroids
POLK - 0295,1,1,1.0000000000,21,21,119,0295,2020_block_count_centroids
POLK - 0300,1,1,1.0000000000,47,47,119,0300,2020_block_count_centroids
POLK - 0305,1,1,1.0000000000,37,37,119,0305,2020_block_count_centroids
POLK - 0310,1,1,1.0000000000,59,59,119,0310,2020_block_count_centroids
POLK - 0315,1,1,1.0000000000,16,16,119,0315,2020_block_count_centroids
POLK - 0320,1,1,1.0000000000,30,30,119,0320,2020_block_count_centroids
POLK - 0325,1,1,1.0000000000,26,26,119,0325,2020_block_count_centroids
POLK - 0330,1,1,1.0000000000,62,62,119,0330,2020_block_count_centroids
POLK - 0335,1,1,1.0000000000,44,44,119,0335,2020_block_count_centroids
POLK - 0340,1,1,1.0000000000,30,30,119,0340,2020_block_count_centroids
POLK - 0345,1,1,1.0000000000,48,48,119,0345,2020_block_count_centroids
POLK - 0350,1,1,1.0000000000,9,9,119,0350,2020_block_count_centroids
POLK - 0355,1,1,1.0000000000,59,59,119,0355,2020_block_count_centroids
POLK - 0360,1,1,1.0000000000,21,21,119,0360,2020_block_count_centroids
POLK - 0365,1,1,1.0000000000,33,33,119,0365,2020_block_count_centroids
POLK - 0370,1,1,1.0000000000,37,37,119,0370,2020_block_count_centroids
POLK - 0375,1,1,1.0000000000,34,34,119,0375,2020_block_count_centroids
POLK - 0380,1,1,1.0000000000,7,7,119,0380,2020_block_count_centroids
POLK - 0385,1,1,1.0000000000,51,51,119,0385,2020_block_count_centroids
POLK - 0390,1,1,1.0000000000,51,51,119,0390,2020_block_count_centroids
POLK - 0395,1,1,1.0000000000,39,39,119,0395,2020_block_count_centroids
POLK - 0400,1,1,1.0000000000,21,21,119,0400,2020_block_count_centroids
POLK - 0405,1,1,1.0000000000,35,35,119,0405,2020_block_count_centroids
POLK - 0410,1,1,1.0000000000,42,42,119,0410,2020_block_count_centroids
POLK - 0415,1,1,1.0000000000,54,54,119,0415,2020_block_count_centroids
POLK - 0420,1,1,1.0000000000,38,38,119,0420,2020_block_count_centroids
POLK - 0430,1,1,1.0000000000,13,13,119,0430,2020_block_count_centroids
POLK - 0435,1,1,1.0000000000,14,14,119,0435,2020_block_count_centroids
POLK - 0440,1,1,1.0000000000,51,51,119,0440,2020_block_count_centroids
POLK - 0445,1,1,1.0000000000,16,16,119,0445,2020_block_count_centroids
POLK - 0450,1,1,1.0000000000,47,47,119,0450,2020_block_count_centroids
POLK - 0455,1,1,1.0000000000,52,52,119,0455,2020_block_count_centroids
POPE - 0005,12,12,1.0000000000,43,43,121,0005,2020_block_count_centroids
POPE - 0010,12,12,1.0000000000,21,21,121,0010,2020_block_count_centroids
POPE - 0015,12,12,1.0000000000,74,74,121,0015,2020_block_count_centroids
POPE - 0020,12,12,1.0000000000,36,36,121,0020,2020_block_count_centroids
POPE - 0022,12,12,1.0000000000,1,1,121,0022,2020_block_count_centroids
POPE - 0025,12,12,1.0000000000,51,51,121,0025,2020_block_count_centroids
POPE - 0030,12,12,1.0000000000,25,25,121,0030,2020_block_count_centroids
POPE - 0035,12,12,1.0000000000,10,10,121,0035,2020_block_count_centroids
POPE - 0040,12,12,1.0000000000,34,34,121,0040,2020_block_count_centroids
POPE - 0045,12,12,1.0000000000,58,58,121,0045,2020_block_count_centroids
POPE - 0050,12,12,1.0000000000,60,60,121,0050,2020_block_count_centroids
POPE - 0055,12,12,1.0000000000,89,89,121,0055,2020_block_count_centroids
POPE - 0060,12,12,1.0000000000,44,44,121,0060,2020_block_count_centroids
POPE - 0065,12,12,1.0000000000,54,54,121,0065,2020_block_count_centroids
POPE - 0070,12,12,1.0000000000,29,29,121,0070,2020_block_count_centroids
POPE - 0075,12,12,1.0000000000,44,44,121,0075,2020_block_count_centroids
POPE - 0080,12,12,1.0000000000,43,43,121,0080,2020_block_count_centroids
POPE - 0085,12,12,1.0000000000,17,17,121,0085,2020_block_count_centroids
POPE - 0090,12,12,1.0000000000,15,15,121,0090,2020_block_count_centroids
POPE - 0095,12,12,1.0000000000,38,38,121,0095,2020_block_count_centroids
POPE - 0100,12,12,1.0000000000,45,45,121,0100,2020_block_count_centroids
POPE - 0105,12,12,1.0000000000,53,53,121,0105,2020_block_count_centroids
POPE - 0110,12,12,1.0000000000,51,51,121,0110,2020_block_count_centroids
POPE - 0115,12,12,1.0000000000,64,64,121,0115,2020_block_count_centroids
POPE - 0120,12,12,1.0000000000,12,12,121,0120,2020_block_count_centroids
POPE - 0125,12,12,1.0000000000,83,83,121,0125,2020_block_count_centroids
POPE - 0130,12,12,1.0000000000,22,22,121,0130,2020_block_count_centroids
POPE - 0135,12,12,1.0000000000,46,46,121,0135,2020_block_count_centroids
POPE - 0140,12,12,1.0000000000,12,12,121,0140,2020_block_count_centroids
POPE - 0145,12,12,1.0000000000,42,42,121,0145,2020_block_count_centroids
POPE - 0150,12,12,1.0000000000,46,46,121,0150,2020_block_count_centroids
RAMSEY - 0005,40,40,1.0000000000,31,31,123,0005,2020_block_count_centroids
RAMSEY - 0010,40,40,1.0000000000,25,25,123,0010,2020_block_count_centroids
RAMSEY - 0015,39,39,0.1111111111,3,27,123,0015,2020_block_count_centroids
RAMSEY - 0015,40,40,0.8888888889,24,27,123,0015,2020_block_count_centroids
RAMSEY - 0020,40,40,1.0000000000,78,78,123,0020,2020_block_count_centroids
RAMSEY - 0030,40,40,1.0000000000,3,3,123,0030,2020_block_count_centroids
RAMSEY - 0035,66,66,1.0000000000,65,65,123,0035,2020_block_count_centroids
RAMSEY - 0040,66,66,1.0000000000,48,48,123,0040,2020_block_count_centroids
RAMSEY - 0055,36,36,1.0000000000,22,22,123,0055,2020_block_count_centroids
RAMSEY - 0060,66,66,1.0000000000,40,40,123,0060,2020_block_count_centroids
RAMSEY - 0065,44,44,1.0000000000,33,33,123,0065,2020_block_count_centroids
RAMSEY - 0070,44,44,1.0000000000,41,41,123,0070,2020_block_count_centroids
RAMSEY - 0071,44,44,1.0000000000,50,50,123,0071,2020_block_count_centroids
RAMSEY - 0075,44,44,1.0000000000,21,21,123,0075,2020_block_count_centroids
RAMSEY - 0080,44,44,1.0000000000,32,32,123,0080,2020_block_count_centroids
RAMSEY - 0085,44,44,1.0000000000,28,28,123,0085,2020_block_count_centroids
RAMSEY - 0090,44,44,1.0000000000,57,57,123,0090,2020_block_count_centroids
RAMSEY - 0095,44,44,1.0000000000,37,37,123,0095,2020_block_count_centroids
RAMSEY - 0100,44,44,1.0000000000,37,37,123,0100,2020_block_count_centroids
RAMSEY - 0105,44,44,1.0000000000,50,50,123,0105,2020_block_count_centroids
RAMSEY - 0110,44,44,1.0000000000,39,39,123,0110,2020_block_count_centroids
RAMSEY - 0115,44,44,1.0000000000,25,25,123,0115,2020_block_count_centroids
RAMSEY - 0120,44,44,1.0000000000,15,15,123,0120,2020_block_count_centroids
RAMSEY - 0125,44,44,1.0000000000,16,16,123,0125,2020_block_count_centroids
RAMSEY - 0130,44,44,0.6078431373,31,51,123,0130,2020_block_count_centroids
RAMSEY - 0130,47,47,0.3921568627,20,51,123,0130,2020_block_count_centroids
RAMSEY - 0131,44,44,0.2222222222,12,54,123,0131,2020_block_count_centroids
RAMSEY - 0131,47,47,0.7777777778,42,54,123,0131,2020_block_count_centroids
RAMSEY - 0132,47,47,1.0000000000,21,21,123,0132,2020_block_count_centroids
RAMSEY - 0133,47,47,1.0000000000,25,25,123,0133,2020_block_count_centroids
RAMSEY - 0134,47,47,1.0000000000,28,28,123,0134,2020_block_count_centroids
RAMSEY - 0135,39,39,0.0059880240,1,167,123,0135,2020_block_count_centroids
RAMSEY - 0135,40,40,0.9940119760,166,167,123,0135,2020_block_count_centroids
RAMSEY - 0155,39,39,0.7555555556,68,90,123,0155,2020_block_count_centroids
RAMSEY - 0155,40,40,0.2444444444,22,90,123,0155,2020_block_count_centroids
RAMSEY - 0160,40,40,1.0000000000,44,44,123,0160,2020_block_count_centroids
RAMSEY - 0165,39,39,0.9814814815,53,54,123,0165,2020_block_count_centroids
RAMSEY - 0165,40,40,0.0185185185,1,54,123,0165,2020_block_count_centroids
RAMSEY - 0170,39,39,0.0714285714,1,14,123,0170,2020_block_count_centroids
RAMSEY - 0170,40,40,0.9285714286,13,14,123,0170,2020_block_count_centroids
RAMSEY - 0175,39,39,1.0000000000,29,29,123,0175,2020_block_count_centroids
RAMSEY - 0180,40,40,1.0000000000,33,33,123,0180,2020_block_count_centroids
RAMSEY - 0181,39,39,1.0000000000,21,21,123,0181,2020_block_count_centroids
RAMSEY - 0185,36,36,1.0000000000,95,95,123,0185,2020_block_count_centroids
RAMSEY - 0190,44,44,1.0000000000,72,72,123,0190,2020_block_count_centroids
RAMSEY - 0195,44,44,1.0000000000,48,48,123,0195,2020_block_count_centroids
RAMSEY - 0200,44,44,1.0000000000,39,39,123,0200,2020_block_count_centroids
RAMSEY - 0205,44,44,1.0000000000,42,42,123,0205,2020_block_count_centroids
RAMSEY - 0210,40,40,1.0000000000,37,37,123,0210,2020_block_count_centroids
RAMSEY - 0215,40,40,1.0000000000,40,40,123,0215,2020_block_count_centroids
RAMSEY - 0220,40,40,1.0000000000,45,45,123,0220,2020_block_count_centroids
RAMSEY - 0225,40,40,1.0000000000,53,53,123,0225,2020_block_count_centroids
RAMSEY - 0230,40,40,1.0000000000,32,32,123,0230,2020_block_count_centroids
RAMSEY - 0235,40,40,1.0000000000,32,32,123,0235,2020_block_count_centroids
RAMSEY - 0240,40,40,0.0204081633,1,49,123,0240,2020_block_count_centroids
RAMSEY - 0240,66,66,0.9795918367,48,49,123,0240,2020_block_count_centroids
RAMSEY - 0245,40,40,0.5283018868,28,53,123,0245,2020_block_count_centroids
RAMSEY - 0245,66,66,0.4716981132,25,53,123,0245,2020_block_count_centroids
RAMSEY - 0250,40,40,0.3571428571,30,84,123,0250,2020_block_count_centroids
RAMSEY - 0250,66,66,0.6428571429,54,84,123,0250,2020_block_count_centroids
RAMSEY - 0251,40,40,1.0000000000,59,59,123,0251,2020_block_count_centroids
RAMSEY - 0255,39,39,1.0000000000,27,27,123,0255,2020_block_count_centroids
RAMSEY - 0265,65,65,0.6562500000,21,32,123,0265,2020_block_count_centroids
RAMSEY - 0265,66,66,0.3437500000,11,32,123,0265,2020_block_count_centroids
RAMSEY - 0270,65,65,1.0000000000,20,20,123,0270,2020_block_count_centroids
RAMSEY - 0275,65,65,1.0000000000,43,43,123,0275,2020_block_count_centroids
RAMSEY - 0285,65,65,1.0000000000,30,30,123,0285,2020_block_count_centroids
RAMSEY - 0290,65,65,0.6666666667,24,36,123,0290,2020_block_count_centroids
RAMSEY - 0290,66,66,0.3333333333,12,36,123,0290,2020_block_count_centroids
RAMSEY - 0295,65,65,1.0000000000,24,24,123,0295,2020_block_count_centroids
RAMSEY - 0300,65,65,1.0000000000,35,35,123,0300,2020_block_count_centroids
RAMSEY - 0305,65,65,1.0000000000,22,22,123,0305,2020_block_count_centroids
RAMSEY - 0315,65,65,1.0000000000,11,11,123,0315,2020_block_count_centroids
RAMSEY - 0320,65,65,1.0000000000,39,39,123,0320,2020_block_count_centroids
RAMSEY - 0335,65,65,1.0000000000,31,31,123,0335,2020_block_count_centroids
RAMSEY - 0340,64,64,0.7142857143,20,28,123,0340,2020_block_count_centroids
RAMSEY - 0340,65,65,0.2857142857,8,28,123,0340,2020_block_count_centroids
RAMSEY - 0345,65,65,1.0000000000,27,27,123,0345,2020_block_count_centroids
RAMSEY - 0350,65,65,1.0000000000,23,23,123,0350,2020_block_count_centroids
RAMSEY - 0355,64,64,1.0000000000,19,19,123,0355,2020_block_count_centroids
RAMSEY - 0360,64,64,1.0000000000,23,23,123,0360,2020_block_count_centroids
RAMSEY - 0365,64,64,1.0000000000,19,19,123,0365,2020_block_count_centroids
RAMSEY - 0370,64,64,1.0000000000,26,26,123,0370,2020_block_count_centroids
RAMSEY - 0380,64,64,1.0000000000,37,37,123,0380,2020_block_count_centroids
RAMSEY - 0390,64,64,1.0000000000,39,39,123,0390,2020_block_count_centroids
RAMSEY - 0395,64,64,1.0000000000,32,32,123,0395,2020_block_count_centroids
RAMSEY - 0405,65,65,1.0000000000,79,79,123,0405,2020_block_count_centroids
RAMSEY - 0410,65,65,1.0000000000,117,117,123,0410,2020_block_count_centroids
RAMSEY - 0415,64,64,1.0000000000,43,43,123,0415,2020_block_count_centroids
RAMSEY - 0425,64,64,0.6470588235,33,51,123,0425,2020_block_count_centroids
RAMSEY - 0425,65,65,0.3529411765,18,51,123,0425,2020_block_count_centroids
RAMSEY - 0430,65,65,1.0000000000,58,58,123,0430,2020_block_count_centroids
RAMSEY - 0435,64,64,0.1688311688,13,77,123,0435,2020_block_count_centroids
RAMSEY - 0435,65,65,0.8311688312,64,77,123,0435,2020_block_count_centroids
RAMSEY - 0440,64,64,1.0000000000,21,21,123,0440,2020_block_count_centroids
RAMSEY - 0445,64,64,1.0000000000,16,16,123,0445,2020_block_count_centroids
RAMSEY - 0450,64,64,1.0000000000,70,70,123,0450,2020_block_count_centroids
RAMSEY - 0460,65,65,1.0000000000,49,49,123,0460,2020_block_count_centroids
RAMSEY - 0465,65,65,1.0000000000,97,97,123,0465,2020_block_count_centroids
RAMSEY - 0470,65,65,1.0000000000,38,38,123,0470,2020_block_count_centroids
RAMSEY - 0475,65,65,1.0000000000,71,71,123,0475,2020_block_count_centroids
RAMSEY - 0480,65,65,1.0000000000,53,53,123,0480,2020_block_count_centroids
RAMSEY - 0490,64,64,1.0000000000,17,17,123,0490,2020_block_count_centroids
RAMSEY - 0491,64,64,1.0000000000,17,17,123,0491,2020_block_count_centroids
RAMSEY - 0500,64,64,1.0000000000,29,29,123,0500,2020_block_count_centroids
RAMSEY - 0505,64,64,1.0000000000,33,33,123,0505,2020_block_count_centroids
RAMSEY - 0510,64,64,1.0000000000,28,28,123,0510,2020_block_count_centroids
RAMSEY - 0515,64,64,1.0000000000,34,34,123,0515,2020_block_count_centroids
RAMSEY - 0520,64,64,1.0000000000,24,24,123,0520,2020_block_count_centroids
RAMSEY - 0525,64,64,1.0000000000,22,22,123,0525,2020_block_count_centroids
RAMSEY - 0530,64,64,1.0000000000,32,32,123,0530,2020_block_count_centroids
RAMSEY - 0540,64,64,1.0000000000,28,28,123,0540,2020_block_count_centroids
RAMSEY - 0545,64,64,1.0000000000,26,26,123,0545,2020_block_count_centroids
RAMSEY - 0550,64,64,1.0000000000,27,27,123,0550,2020_block_count_centroids
RAMSEY - 0560,64,64,1.0000000000,38,38,123,0560,2020_block_count_centroids
RAMSEY - 0570,64,64,1.0000000000,23,23,123,0570,2020_block_count_centroids
RAMSEY - 0580,64,64,1.0000000000,28,28,123,0580,2020_block_count_centroids
RAMSEY - 0585,64,64,1.0000000000,35,35,123,0585,2020_block_count_centroids
RAMSEY - 0595,64,64,1.0000000000,41,41,123,0595,2020_block_count_centroids
RAMSEY - 0600,64,64,1.0000000000,30,30,123,0600,2020_block_count_centroids
RAMSEY - 0610,66,66,1.0000000000,57,57,123,0610,2020_block_count_centroids
RAMSEY - 0615,66,66,1.0000000000,46,46,123,0615,2020_block_count_centroids
RAMSEY - 0620,66,66,1.0000000000,32,32,123,0620,2020_block_count_centroids
RAMSEY - 0625,66,66,1.0000000000,22,22,123,0625,2020_block_count_centroids
RAMSEY - 0630,66,66,1.0000000000,95,95,123,0630,2020_block_count_centroids
RAMSEY - 0635,66,66,1.0000000000,42,42,123,0635,2020_block_count_centroids
RAMSEY - 0645,66,66,1.0000000000,32,32,123,0645,2020_block_count_centroids
RAMSEY - 0650,65,65,0.6388888889,23,36,123,0650,2020_block_count_centroids
RAMSEY - 0650,66,66,0.3611111111,13,36,123,0650,2020_block_count_centroids
RAMSEY - 0655,65,65,0.5714285714,16,28,123,0655,2020_block_count_centroids
RAMSEY - 0655,66,66,0.4285714286,12,28,123,0655,2020_block_count_centroids
RAMSEY - 0660,64,64,0.9791666667,47,48,123,0660,2020_block_count_centroids
RAMSEY - 0660,66,66,0.0208333333,1,48,123,0660,2020_block_count_centroids
RAMSEY - 0670,65,65,0.1081081081,4,37,123,0670,2020_block_count_centroids
RAMSEY - 0670,66,66,0.8918918919,33,37,123,0670,2020_block_count_centroids
RAMSEY - 0675,64,64,0.9272727273,51,55,123,0675,2020_block_count_centroids
RAMSEY - 0675,65,65,0.0727272727,4,55,123,0675,2020_block_count_centroids
RAMSEY - 0680,64,64,0.9117647059,31,34,123,0680,2020_block_count_centroids
RAMSEY - 0680,66,66,0.0882352941,3,34,123,0680,2020_block_count_centroids
RAMSEY - 0685,64,64,1.0000000000,25,25,123,0685,2020_block_count_centroids
RAMSEY - 0690,64,64,0.9787234043,46,47,123,0690,2020_block_count_centroids
RAMSEY - 0690,66,66,0.0212765957,1,47,123,0690,2020_block_count_centroids
RAMSEY - 0695,64,64,1.0000000000,27,27,123,0695,2020_block_count_centroids
RAMSEY - 0705,64,64,1.0000000000,57,57,123,0705,2020_block_count_centroids
RAMSEY - 0715,64,64,1.0000000000,20,20,123,0715,2020_block_count_centroids
RAMSEY - 0720,66,66,1.0000000000,22,22,123,0720,2020_block_count_centroids
RAMSEY - 0725,66,66,1.0000000000,46,46,123,0725,2020_block_count_centroids
RAMSEY - 0735,66,66,1.0000000000,20,20,123,0735,2020_block_count_centroids
RAMSEY - 0740,66,66,1.0000000000,35,35,123,0740,2020_block_count_centroids
RAMSEY - 0745,66,66,1.0000000000,20,20,123,0745,2020_block_count_centroids
RAMSEY - 0750,65,65,0.5588235294,19,34,123,0750,2020_block_count_centroids
RAMSEY - 0750,66,66,0.4411764706,15,34,123,0750,2020_block_count_centroids
RAMSEY - 0755,65,65,0.1000000000,2,20,123,0755,2020_block_count_centroids
RAMSEY - 0755,66,66,0.9000000000,18,20,123,0755,2020_block_count_centroids
RAMSEY - 0760,66,66,1.0000000000,24,24,123,0760,2020_block_count_centroids
RAMSEY - 0770,66,66,1.0000000000,51,51,123,0770,2020_block_count_centroids
RAMSEY - 0775,66,66,1.0000000000,39,39,123,0775,2020_block_count_centroids
RAMSEY - 0780,65,65,0.8600000000,43,50,123,0780,2020_block_count_centroids
RAMSEY - 0780,66,66,0.1400000000,7,50,123,0780,2020_block_count_centroids
RAMSEY - 0795,65,65,0.2156862745,11,51,123,0795,2020_block_count_centroids
RAMSEY - 0795,66,66,0.7843137255,40,51,123,0795,2020_block_count_centroids
RAMSEY - 0800,65,65,0.9302325581,40,43,123,0800,2020_block_count_centroids
RAMSEY - 0800,66,66,0.0697674419,3,43,123,0800,2020_block_count_centroids
RAMSEY - 0805,65,65,1.0000000000,45,45,123,0805,2020_block_count_centroids
RAMSEY - 0810,65,65,0.2272727273,10,44,123,0810,2020_block_count_centroids
RAMSEY - 0810,66,66,0.7727272727,34,44,123,0810,2020_block_count_centroids
RAMSEY - 0815,66,66,1.0000000000,24,24,123,0815,2020_block_count_centroids
RAMSEY - 0820,66,66,1.0000000000,46,46,123,0820,2020_block_count_centroids
RAMSEY - 0825,66,66,0.9056603774,48,53,123,0825,2020_block_count_centroids
RAMSEY - 0825,67,67,0.0943396226,5,53,123,0825,2020_block_count_centroids
RAMSEY - 0830,67,67,1.0000000000,38,38,123,0830,2020_block_count_centroids
RAMSEY - 0840,67,67,1.0000000000,39,39,123,0840,2020_block_count_centroids
RAMSEY - 0845,67,67,1.0000000000,34,34,123,0845,2020_block_count_centroids
RAMSEY - 0850,67,67,1.0000000000,49,49,123,0850,2020_block_count_centroids
RAMSEY - 0855,66,66,1.0000000000,38,38,123,0855,2020_block_count_centroids
RAMSEY - 0860,67,67,1.0000000000,26,26,123,0860,2020_block_count_centroids
RAMSEY - 0865,67,67,1.0000000000,19,19,123,0865,2020_block_count_centroids
RAMSEY - 0870,67,67,1.0000000000,41,41,123,0870,2020_block_count_centroids
RAMSEY - 0890,66,66,0.6363636364,21,33,123,0890,2020_block_count_centroids
RAMSEY - 0890,67,67,0.3636363636,12,33,123,0890,2020_block_count_centroids
RAMSEY - 0895,66,66,0.6388888889,23,36,123,0895,2020_block_count_centroids
RAMSEY - 0895,67,67,0.3611111111,13,36,123,0895,2020_block_count_centroids
RAMSEY - 0900,67,67,1.0000000000,40,40,123,0900,2020_block_count_centroids
RAMSEY - 0905,65,65,0.7941176471,27,34,123,0905,2020_block_count_centroids
RAMSEY - 0905,67,67,0.2058823529,7,34,123,0905,2020_block_count_centroids
RAMSEY - 0910,67,67,1.0000000000,16,16,123,0910,2020_block_count_centroids
RAMSEY - 0915,67,67,1.0000000000,34,34,123,0915,2020_block_count_centroids
RAMSEY - 0920,67,67,1.0000000000,42,42,123,0920,2020_block_count_centroids
RAMSEY - 0925,67,67,1.0000000000,42,42,123,0925,2020_block_count_centroids
RAMSEY - 0930,67,67,1.0000000000,46,46,123,0930,2020_block_count_centroids
RAMSEY - 0940,67,67,1.0000000000,48,48,123,0940,2020_block_count_centroids
RAMSEY - 0945,67,67,1.0000000000,39,39,123,0945,2020_block_count_centroids
RAMSEY - 0950,67,67,1.0000000000,54,54,123,0950,2020_block_count_centroids
RAMSEY - 0955,67,67,1.0000000000,45,45,123,0955,2020_block_count_centroids
RAMSEY - 0960,67,67,1.0000000000,20,20,123,0960,2020_block_count_centroids
RAMSEY - 0965,47,47,0.0416666667,1,24,123,0965,2020_block_count_centroids
RAMSEY - 0965,67,67,0.9583333333,23,24,123,0965,2020_block_count_centroids
RAMSEY - 0970,67,67,1.0000000000,21,21,123,0970,2020_block_count_centroids
RAMSEY - 0975,67,67,1.0000000000,32,32,123,0975,2020_block_count_centroids
RAMSEY - 0985,67,67,1.0000000000,28,28,123,0985,2020_block_count_centroids
RAMSEY - 0990,67,67,1.0000000000,79,79,123,0990,2020_block_count_centroids
RAMSEY - 0995,67,67,1.0000000000,22,22,123,0995,2020_block_count_centroids
RAMSEY - 1005,67,67,1.0000000000,27,27,123,1005,2020_block_count_centroids
RAMSEY - 1010,67,67,1.0000000000,22,22,123,1010,2020_block_count_centroids
RAMSEY - 1015,40,40,1.0000000000,30,30,123,1015,2020_block_count_centroids
RAMSEY - 1020,40,40,1.0000000000,48,48,123,1020,2020_block_count_centroids
RAMSEY - 1025,40,40,1.0000000000,34,34,123,1025,2020_block_count_centroids
RAMSEY - 1030,40,40,1.0000000000,42,42,123,1030,2020_block_count_centroids
RAMSEY - 1035,40,40,1.0000000000,57,57,123,1035,2020_block_count_centroids
RAMSEY - 1040,40,40,1.0000000000,89,89,123,1040,2020_block_count_centroids
RAMSEY - 1050,39,39,0.6666666667,2,3,123,1050,2020_block_count_centroids
RAMSEY - 1050,40,40,0.3333333333,1,3,123,1050,2020_block_count_centroids
RAMSEY - 1055,36,36,0.9534883721,41,43,123,1055,2020_block_count_centroids
RAMSEY - 1055,44,44,0.0465116279,2,43,123,1055,2020_block_count_centroids
RAMSEY - 1060,36,36,1.0000000000,62,62,123,1060,2020_block_count_centroids
RAMSEY - 1065,36,36,1.0000000000,41,41,123,1065,2020_block_count_centroids
RAMSEY - 1070,36,36,0.9642857143,27,28,123,1070,2020_block_count_centroids
RAMSEY - 1070,44,44,0.0357142857,1,28,123,1070,2020_block_count_centroids
RAMSEY - 1075,36,36,1.0000000000,70,70,123,1075,2020_block_count_centroids
RAMSEY - 1076,36,36,1.0000000000,27,27,123,1076,2020_block_count_centroids
RAMSEY - 1080,36,36,1.0000000000,124,124,123,1080,2020_block_count_centroids
RAMSEY - 1085,36,36,1.0000000000,59,59,123,1085,2020_block_count_centroids
RAMSEY - 1090,36,36,0.9807692308,51,52,123,1090,2020_block_count_centroids
RAMSEY - 1090,44,44,0.0192307692,1,52,123,1090,2020_block_count_centroids
RAMSEY - 1095,36,36,1.0000000000,74,74,123,1095,2020_block_count_centroids
RAMSEY - 1100,36,36,1.0000000000,49,49,123,1100,2020_block_count_centroids
RAMSEY - 1105,36,36,1.0000000000,92,92,123,1105,2020_block_count_centroids
RAMSEY - 1110,36,36,1.0000000000,27,27,123,1110,2020_block_count_centroids
RAMSEY - 1115,36,36,1.0000000000,14,14,123,1115,2020_block_count_centroids
RAMSEY - 1120,36,36,1.0000000000,7,7,123,1120,2020_block_count_centroids
RED LAKE - 0005,1,1,1.0000000000,19,19,125,0005,2020_block_count_centroids
RED LAKE - 0010,1,1,1.0000000000,11,11,125,0010,2020_block_count_centroids
RED LAKE - 0015,1,1,1.0000000000,46,46,125,0015,2020_block_count_centroids
RED LAKE - 0020,1,1,1.0000000000,54,54,125,0020,2020_block_count_centroids
RED LAKE - 0025,1,1,1.0000000000,51,51,125,0025,2020_block_count_centroids
RED LAKE - 0030,1,1,1.0000000000,31,31,125,0030,2020_block_count_centroids
RED LAKE - 0035,1,1,1.0000000000,36,36,125,0035,2020_block_count_centroids
RED LAKE - 0040,1,1,1.0000000000,47,47,125,0040,2020_block_count_centroids
RED LAKE - 0045,1,1,1.0000000000,40,40,125,0045,2020_block_count_centroids
RED LAKE - 0050,1,1,1.0000000000,35,35,125,0050,2020_block_count_centroids
RED LAKE - 0055,1,1,1.0000000000,26,26,125,0055,2020_block_count_centroids
RED LAKE - 0060,1,1,1.0000000000,64,64,125,0060,2020_block_count_centroids
RED LAKE - 0065,1,1,1.0000000000,27,27,125,0065,2020_block_count_centroids
RED LAKE - 0070,1,1,1.0000000000,26,26,125,0070,2020_block_count_centroids
RED LAKE - 0075,1,1,1.0000000000,31,31,125,0075,2020_block_count_centroids
RED LAKE - 0080,1,1,1.0000000000,16,16,125,0080,2020_block_count_centroids
RED LAKE - 0085,1,1,1.0000000000,24,24,125,0085,2020_block_count_centroids
RED LAKE - 0090,1,1,1.0000000000,16,16,125,0090,2020_block_count_centroids
RED LAKE - 0095,1,1,1.0000000000,39,39,125,0095,2020_block_count_centroids
RED LAKE - 0100,1,1,1.0000000000,12,12,125,0100,2020_block_count_centroids
REDWOOD - 0005,15,15,1.0000000000,21,21,127,0005,2020_block_count_centroids
REDWOOD - 0010,15,15,1.0000000000,51,51,127,0010,2020_block_count_centroids
REDWOOD - 0015,15,15,1.0000000000,55,55,127,0015,2020_block_count_centroids
REDWOOD - 0020,15,15,1.0000000000,22,22,127,0020,2020_block_count_centroids
REDWOOD - 0025,15,15,1.0000000000,22,22,127,0025,2020_block_count_centroids
REDWOOD - 0030,15,15,1.0000000000,51,51,127,0030,2020_block_count_centroids
REDWOOD - 0035,15,15,1.0000000000,68,68,127,0035,2020_block_count_centroids
REDWOOD - 0040,15,15,1.0000000000,60,60,127,0040,2020_block_count_centroids
REDWOOD - 0045,15,15,1.0000000000,20,20,127,0045,2020_block_count_centroids
REDWOOD - 0050,15,15,1.0000000000,48,48,127,0050,2020_block_count_centroids
REDWOOD - 0055,15,15,1.0000000000,47,47,127,0055,2020_block_count_centroids
REDWOOD - 0060,15,15,1.0000000000,82,82,127,0060,2020_block_count_centroids
REDWOOD - 0065,15,15,1.0000000000,49,49,127,0065,2020_block_count_centroids
REDWOOD - 0070,15,15,1.0000000000,13,13,127,0070,2020_block_count_centroids
REDWOOD - 0075,15,15,1.0000000000,24,24,127,0075,2020_block_count_centroids
REDWOOD - 0080,15,15,1.0000000000,47,47,127,0080,2020_block_count_centroids
REDWOOD - 0085,15,15,1.0000000000,39,39,127,0085,2020_block_count_centroids
REDWOOD - 0090,15,15,1.0000000000,55,55,127,0090,2020_block_count_centroids
REDWOOD - 0095,15,15,1.0000000000,58,58,127,0095,2020_block_count_centroids
REDWOOD - 0105,15,15,1.0000000000,114,114,127,0105,2020_block_count_centroids
REDWOOD - 0110,15,15,1.0000000000,77,77,127,0110,2020_block_count_centroids
REDWOOD - 0115,15,15,1.0000000000,61,61,127,0115,2020_block_count_centroids
REDWOOD - 0120,15,15,1.0000000000,81,81,127,0120,2020_block_count_centroids
REDWOOD - 0125,15,15,1.0000000000,49,49,127,0125,2020_block_count_centroids
REDWOOD - 0130,15,15,1.0000000000,17,17,127,0130,2020_block_count_centroids
REDWOOD - 0135,15,15,1.0000000000,50,50,127,0135,2020_block_count_centroids
REDWOOD - 0140,15,15,1.0000000000,20,20,127,0140,2020_block_count_centroids
REDWOOD - 0145,15,15,1.0000000000,77,77,127,0145,2020_block_count_centroids
REDWOOD - 0150,15,15,1.0000000000,44,44,127,0150,2020_block_count_centroids
REDWOOD - 0155,15,15,1.0000000000,54,54,127,0155,2020_block_count_centroids
REDWOOD - 0160,15,15,1.0000000000,60,60,127,0160,2020_block_count_centroids
REDWOOD - 0165,15,15,1.0000000000,21,21,127,0165,2020_block_count_centroids
REDWOOD - 0170,15,15,1.0000000000,51,51,127,0170,2020_block_count_centroids
REDWOOD - 0175,15,15,1.0000000000,64,64,127,0175,2020_block_count_centroids
REDWOOD - 0180,15,15,1.0000000000,48,48,127,0180,2020_block_count_centroids
REDWOOD - 0185,15,15,1.0000000000,34,34,127,0185,2020_block_count_centroids
REDWOOD - 0190,15,15,1.0000000000,78,78,127,0190,2020_block_count_centroids
REDWOOD - 0195,15,15,1.0000000000,46,46,127,0195,2020_block_count_centroids
REDWOOD - 0200,15,15,1.0000000000,51,51,127,0200,2020_block_count_centroids
REDWOOD - 0205,15,15,1.0000000000,18,18,127,0205,2020_block_count_centroids
REDWOOD - 0210,15,15,1.0000000000,50,50,127,0210,2020_block_count_centroids
REDWOOD - 0215,15,15,1.0000000000,47,47,127,0215,2020_block_count_centroids
REDWOOD - 0220,15,15,1.0000000000,51,51,127,0220,2020_block_count_centroids
RENVILLE - 0005,16,16,1.0000000000,53,53,129,0005,2020_block_count_centroids
RENVILLE - 0010,16,16,1.0000000000,47,47,129,0010,2020_block_count_centroids
RENVILLE - 0015,16,16,1.0000000000,53,53,129,0015,2020_block_count_centroids
RENVILLE - 0020,16,16,1.0000000000,83,83,129,0020,2020_block_count_centroids
RENVILLE - 0025,16,16,1.0000000000,41,41,129,0025,2020_block_count_centroids
RENVILLE - 0030,16,16,1.0000000000,55,55,129,0030,2020_block_count_centroids
RENVILLE - 0035,16,16,1.0000000000,54,54,129,0035,2020_block_count_centroids
RENVILLE - 0040,16,16,1.0000000000,55,55,129,0040,2020_block_count_centroids
RENVILLE - 0045,16,16,1.0000000000,58,58,129,0045,2020_block_count_centroids
RENVILLE - 0050,16,16,1.0000000000,71,71,129,0050,2020_block_count_centroids
RENVILLE - 0055,16,16,1.0000000000,55,55,129,0055,2020_block_count_centroids
RENVILLE - 0060,16,16,1.0000000000,29,29,129,0060,2020_block_count_centroids
RENVILLE - 0065,16,16,1.0000000000,54,54,129,0065,2020_block_count_centroids
RENVILLE - 0070,16,16,1.0000000000,49,49,129,0070,2020_block_count_centroids
RENVILLE - 0075,16,16,1.0000000000,84,84,129,0075,2020_block_count_centroids
RENVILLE - 0080,16,16,1.0000000000,81,81,129,0080,2020_block_count_centroids
RENVILLE - 0085,16,16,1.0000000000,41,41,129,0085,2020_block_count_centroids
RENVILLE - 0090,16,16,1.0000000000,53,53,129,0090,2020_block_count_centroids
RENVILLE - 0095,16,16,1.0000000000,81,81,129,0095,2020_block_count_centroids
RENVILLE - 0100,16,16,1.0000000000,57,57,129,0100,2020_block_count_centroids
RENVILLE - 0105,16,16,1.0000000000,63,63,129,0105,2020_block_count_centroids
RENVILLE - 0110,16,16,1.0000000000,30,30,129,0110,2020_block_count_centroids
RENVILLE - 0115,16,16,1.0000000000,44,44,129,0115,2020_block_count_centroids
RENVILLE - 0120,16,16,1.0000000000,56,56,129,0120,2020_block_count_centroids
RENVILLE - 0125,16,16,1.0000000000,39,39,129,0125,2020_block_count_centroids
RENVILLE - 0130,16,16,1.0000000000,42,42,129,0130,2020_block_count_centroids
RENVILLE - 0135,16,16,1.0000000000,134,134,129,0135,2020_block_count_centroids
RENVILLE - 0140,16,16,1.0000000000,55,55,129,0140,2020_block_count_centroids
RENVILLE - 0145,16,16,1.0000000000,41,41,129,0145,2020_block_count_centroids
RENVILLE - 0150,16,16,1.0000000000,57,57,129,0150,2020_block_count_centroids
RENVILLE - 0155,16,16,1.0000000000,69,69,129,0155,2020_block_count_centroids
RENVILLE - 0160,16,16,1.0000000000,52,52,129,0160,2020_block_count_centroids
RENVILLE - 0165,16,16,1.0000000000,69,69,129,0165,2020_block_count_centroids
RENVILLE - 0170,16,16,1.0000000000,64,64,129,0170,2020_block_count_centroids
RENVILLE - 0175,16,16,1.0000000000,71,71,129,0175,2020_block_count_centroids
RENVILLE - 0180,16,16,1.0000000000,63,63,129,0180,2020_block_count_centroids
RENVILLE - 0185,16,16,1.0000000000,50,50,129,0185,2020_block_count_centroids
RICE - 0005,58,58,1.0000000000,102,102,131,0005,2020_block_count_centroids
RICE - 0010,19,19,1.0000000000,57,57,131,0010,2020_block_count_centroids
RICE - 0012,58,58,1.0000000000,2,2,131,0012,2020_block_count_centroids
RICE - 0015,58,58,1.0000000000,50,50,131,0015,2020_block_count_centroids
RICE - 0020,22,22,1.0000000000,57,57,131,0020,2020_block_count_centroids
RICE - 0025,19,19,1.0000000000,87,87,131,0025,2020_block_count_centroids
RICE - 0030,19,19,1.0000000000,68,68,131,0030,2020_block_count_centroids
RICE - 0035,19,19,1.0000000000,166,166,131,0035,2020_block_count_centroids
RICE - 0040,19,19,1.0000000000,69,69,131,0040,2020_block_count_centroids
RICE - 0045,19,19,1.0000000000,47,47,131,0045,2020_block_count_centroids
RICE - 0050,19,19,1.0000000000,77,77,131,0050,2020_block_count_centroids
RICE - 0055,58,58,1.0000000000,63,63,131,0055,2020_block_count_centroids
RICE - 0060,58,58,1.0000000000,78,78,131,0060,2020_block_count_centroids
RICE - 0065,19,19,1.0000000000,34,34,131,0065,2020_block_count_centroids
RICE - 0070,19,19,1.0000000000,61,61,131,0070,2020_block_count_centroids
RICE - 0075,19,19,1.0000000000,12,12,131,0075,2020_block_count_centroids
RICE - 0080,58,58,1.0000000000,29,29,131,0080,2020_block_count_centroids
RICE - 0085,58,58,1.0000000000,91,91,131,0085,2020_block_count_centroids
RICE - 0090,58,58,1.0000000000,56,56,131,0090,2020_block_count_centroids
RICE - 0095,58,58,1.0000000000,49,49,131,0095,2020_block_count_centroids
RICE - 0105,58,58,1.0000000000,30,30,131,0105,2020_block_count_centroids
RICE - 0110,58,58,1.0000000000,15,15,131,0110,2020_block_count_centroids
RICE - 0112,58,58,1.0000000000,1,1,131,0112,2020_block_count_centroids
RICE - 0115,58,58,1.0000000000,60,60,131,0115,2020_block_count_centroids
RICE - 0120,19,19,1.0000000000,51,51,131,0120,2020_block_count_centroids
RICE - 0125,19,19,0.9859154930,70,71,131,0125,2020_block_count_centroids
RICE - 0125,22,22,0.0140845070,1,71,131,0125,2020_block_count_centroids
RICE - 0130,19,19,1.0000000000,92,92,131,0130,2020_block_count_centroids
RICE - 0135,19,19,1.0000000000,100,100,131,0135,2020_block_count_centroids
RICE - 0140,58,58,1.0000000000,79,79,131,0140,2020_block_count_centroids
RICE - 0145,19,19,1.0000000000,98,98,131,0145,2020_block_count_centroids
RICE - 0150,58,58,1.0000000000,102,102,131,0150,2020_block_count_centroids
RICE - 0155,19,19,1.0000000000,39,39,131,0155,2020_block_count_centroids
ROCK - 0005,21,21,1.0000000000,46,46,133,0005,2020_block_count_centroids
ROCK - 0010,21,21,1.0000000000,26,26,133,0010,2020_block_count_centroids
ROCK - 0015,21,21,1.0000000000,93,93,133,0015,2020_block_count_centroids
ROCK - 0020,21,21,1.0000000000,44,44,133,0020,2020_block_count_centroids
ROCK - 0025,21,21,1.0000000000,46,46,133,0025,2020_block_count_centroids
ROCK - 0030,21,21,1.0000000000,16,16,133,0030,2020_block_count_centroids
ROCK - 0035,21,21,1.0000000000,50,50,133,0035,2020_block_count_centroids
ROCK - 0040,21,21,1.0000000000,9,9,133,0040,2020_block_count_centroids
ROCK - 0045,21,21,1.0000000000,44,44,133,0045,2020_block_count_centroids
ROCK - 0050,21,21,1.0000000000,8,8,133,0050,2020_block_count_centroids
ROCK - 0055,21,21,1.0000000000,75,75,133,0055,2020_block_count_centroids
ROCK - 0060,21,21,1.0000000000,12,12,133,0060,2020_block_count_centroids
ROCK - 0065,21,21,1.0000000000,100,100,133,0065,2020_block_count_centroids
ROCK - 0070,21,21,1.0000000000,13,13,133,0070,2020_block_count_centroids
ROCK - 0075,21,21,1.0000000000,66,66,133,0075,2020_block_count_centroids
ROCK - 0080,21,21,1.0000000000,20,20,133,0080,2020_block_count_centroids
ROCK - 0085,21,21,1.0000000000,63,63,133,0085,2020_block_count_centroids
ROCK - 0090,21,21,1.0000000000,60,60,133,0090,2020_block_count_centroids
ROCK - 0095,21,21,1.0000000000,44,44,133,0095,2020_block_count_centroids
ROCK - 0100,21,21,1.0000000000,55,55,133,0100,2020_block_count_centroids
ROCK - 0105,21,21,1.0000000000,58,58,133,0105,2020_block_count_centroids
ROCK - 0110,21,21,1.0000000000,13,13,133,0110,2020_block_count_centroids
ROCK - 0115,21,21,1.0000000000,47,47,133,0115,2020_block_count_centroids
ROSEAU - 0005,1,1,1.0000000000,38,38,135,0005,2020_block_count_centroids
ROSEAU - 0010,1,1,1.0000000000,42,42,135,0010,2020_block_count_centroids
ROSEAU - 0015,1,1,1.0000000000,41,41,135,0015,2020_block_count_centroids
ROSEAU - 0020,1,1,1.0000000000,24,24,135,0020,2020_block_count_centroids
ROSEAU - 0025,1,1,1.0000000000,22,22,135,0025,2020_block_count_centroids
ROSEAU - 0030,1,1,1.0000000000,40,40,135,0030,2020_block_count_centroids
ROSEAU - 0035,1,1,1.0000000000,26,26,135,0035,2020_block_count_centroids
ROSEAU - 0040,1,1,1.0000000000,44,44,135,0040,2020_block_count_centroids
ROSEAU - 0045,1,1,1.0000000000,41,41,135,0045,2020_block_count_centroids
ROSEAU - 0050,1,1,1.0000000000,32,32,135,0050,2020_block_count_centroids
ROSEAU - 0055,1,1,1.0000000000,26,26,135,0055,2020_block_count_centroids
ROSEAU - 0060,1,1,1.0000000000,71,71,135,0060,2020_block_count_centroids
ROSEAU - 0065,1,1,1.0000000000,29,29,135,0065,2020_block_count_centroids
ROSEAU - 0070,1,1,1.0000000000,45,45,135,0070,2020_block_count_centroids
ROSEAU - 0075,1,1,1.0000000000,28,28,135,0075,2020_block_count_centroids
ROSEAU - 0080,1,1,1.0000000000,68,68,135,0080,2020_block_count_centroids
ROSEAU - 0085,1,1,1.0000000000,88,88,135,0085,2020_block_count_centroids
ROSEAU - 0090,1,1,1.0000000000,35,35,135,0090,2020_block_count_centroids
ROSEAU - 0095,1,1,1.0000000000,28,28,135,0095,2020_block_count_centroids
ROSEAU - 0100,1,1,1.0000000000,41,41,135,0100,2020_block_count_centroids
ROSEAU - 0105,1,1,1.0000000000,39,39,135,0105,2020_block_count_centroids
ROSEAU - 0110,1,1,1.0000000000,29,29,135,0110,2020_block_count_centroids
ROSEAU - 0115,1,1,1.0000000000,48,48,135,0115,2020_block_count_centroids
ROSEAU - 0120,1,1,1.0000000000,27,27,135,0120,2020_block_count_centroids
ROSEAU - 0121,1,1,1.0000000000,27,27,135,0121,2020_block_count_centroids
ROSEAU - 0122,1,1,1.0000000000,37,37,135,0122,2020_block_count_centroids
ROSEAU - 0125,1,1,1.0000000000,22,22,135,0125,2020_block_count_centroids
ROSEAU - 0130,1,1,1.0000000000,37,37,135,0130,2020_block_count_centroids
ROSEAU - 0135,1,1,1.0000000000,27,27,135,0135,2020_block_count_centroids
ROSEAU - 0140,1,1,1.0000000000,24,24,135,0140,2020_block_count_centroids
ROSEAU - 0145,1,1,1.0000000000,30,30,135,0145,2020_block_count_centroids
ROSEAU - 0150,1,1,1.0000000000,11,11,135,0150,2020_block_count_centroids
ROSEAU - 0155,1,1,1.0000000000,143,143,135,0155,2020_block_count_centroids
ROSEAU - 0160,1,1,1.0000000000,50,50,135,0160,2020_block_count_centroids
ROSEAU - 0165,1,1,1.0000000000,46,46,135,0165,2020_block_count_centroids
ROSEAU - 0170,1,1,1.0000000000,25,25,135,0170,2020_block_count_centroids
ROSEAU - 0175,1,1,1.0000000000,42,42,135,0175,2020_block_count_centroids
ROSEAU - 0176,1,1,1.0000000000,92,92,135,0176,2020_block_count_centroids
ROSEAU - 0180,1,1,1.0000000000,41,41,135,0180,2020_block_count_centroids
ROSEAU - 0185,1,1,1.0000000000,35,35,135,0185,2020_block_count_centroids
ROSEAU - 0190,1,1,1.0000000000,9,9,135,0190,2020_block_count_centroids
ROSEAU - 0195,1,1,1.0000000000,98,98,135,0195,2020_block_count_centroids
SCOTT - 0005,17,17,0.0134228188,2,149,139,0005,2020_block_count_centroids
SCOTT - 0005,22,22,0.9865771812,147,149,139,0005,2020_block_count_centroids
SCOTT - 0010,22,22,1.0000000000,92,92,139,0010,2020_block_count_centroids
SCOTT - 0015,22,22,1.0000000000,56,56,139,0015,2020_block_count_centroids
SCOTT - 0020,54,54,0.0229885057,2,87,139,0020,2020_block_count_centroids
SCOTT - 0020,58,58,0.9770114943,85,87,139,0020,2020_block_count_centroids
SCOTT - 0025,54,54,0.0232558140,2,86,139,0025,2020_block_count_centroids
SCOTT - 0025,55,55,0.0116279070,1,86,139,0025,2020_block_count_centroids
SCOTT - 0025,57,57,0.9651162791,83,86,139,0025,2020_block_count_centroids
SCOTT - 0035,57,57,1.0000000000,22,22,139,0035,2020_block_count_centroids
SCOTT - 0040,58,58,1.0000000000,103,103,139,0040,2020_block_count_centroids
SCOTT - 0045,54,54,1.0000000000,72,72,139,0045,2020_block_count_centroids
SCOTT - 0050,54,54,1.0000000000,49,49,139,0050,2020_block_count_centroids
SCOTT - 0055,54,54,1.0000000000,57,57,139,0055,2020_block_count_centroids
SCOTT - 0060,54,54,1.0000000000,44,44,139,0060,2020_block_count_centroids
SCOTT - 0065,57,57,1.0000000000,23,23,139,0065,2020_block_count_centroids
SCOTT - 0070,57,57,1.0000000000,135,135,139,0070,2020_block_count_centroids
SCOTT - 0075,58,58,1.0000000000,86,86,139,0075,2020_block_count_centroids
SCOTT - 0080,54,54,1.0000000000,34,34,139,0080,2020_block_count_centroids
SCOTT - 0085,54,54,0.9871794872,77,78,139,0085,2020_block_count_centroids
SCOTT - 0085,57,57,0.0128205128,1,78,139,0085,2020_block_count_centroids
SCOTT - 0090,54,54,1.0000000000,56,56,139,0090,2020_block_count_centroids
SCOTT - 0091,54,54,1.0000000000,124,124,139,0091,2020_block_count_centroids
SCOTT - 0092,54,54,1.0000000000,57,57,139,0092,2020_block_count_centroids
SCOTT - 0095,22,22,0.8372093023,36,43,139,0095,2020_block_count_centroids
SCOTT - 0095,54,54,0.1627906977,7,43,139,0095,2020_block_count_centroids
SCOTT - 0100,54,54,1.0000000000,85,85,139,0100,2020_block_count_centroids
SCOTT - 0105,55,55,1.0000000000,122,122,139,0105,2020_block_count_centroids
SCOTT - 0110,55,55,1.0000000000,38,38,139,0110,2020_block_count_centroids
SCOTT - 0111,55,55,1.0000000000,41,41,139,0111,2020_block_count_centroids
SCOTT - 0112,55,55,1.0000000000,59,59,139,0112,2020_block_count_centroids
SCOTT - 0113,54,54,0.0305343511,4,131,139,0113,2020_block_count_centroids
SCOTT - 0113,55,55,0.9694656489,127,131,139,0113,2020_block_count_centroids
SCOTT - 0115,54,54,1.0000000000,69,69,139,0115,2020_block_count_centroids
SCOTT - 0120,54,54,1.0000000000,68,68,139,0120,2020_block_count_centroids
SCOTT - 0125,54,54,1.0000000000,54,54,139,0125,2020_block_count_centroids
SCOTT - 0130,49,49,0.0074626866,2,268,139,0130,2020_block_count_centroids
SCOTT - 0130,54,54,0.9925373134,266,268,139,0130,2020_block_count_centroids
SCOTT - 0135,54,54,1.0000000000,67,67,139,0135,2020_block_count_centroids
SCOTT - 0136,54,54,1.0000000000,6,6,139,0136,2020_block_count_centroids
SCOTT - 0137,54,54,1.0000000000,47,47,139,0137,2020_block_count_centroids
SCOTT - 0138,54,54,1.0000000000,26,26,139,0138,2020_block_count_centroids
SCOTT - 0140,54,54,1.0000000000,129,129,139,0140,2020_block_count_centroids
SHERBURNE - 0005,27,27,1.0000000000,147,147,141,0005,2020_block_count_centroids
SHERBURNE - 0010,27,27,1.0000000000,106,106,141,0010,2020_block_count_centroids
SHERBURNE - 0015,27,27,1.0000000000,168,168,141,0015,2020_block_count_centroids
SHERBURNE - 0020,27,27,1.0000000000,147,147,141,0020,2020_block_count_centroids
SHERBURNE - 0025,27,27,0.9846153846,64,65,141,0025,2020_block_count_centroids
SHERBURNE - 0025,30,30,0.0153846154,1,65,141,0025,2020_block_count_centroids
SHERBURNE - 0030,27,27,1.0000000000,93,93,141,0030,2020_block_count_centroids
SHERBURNE - 0035,27,27,1.0000000000,25,25,141,0035,2020_block_count_centroids
SHERBURNE - 0040,27,27,1.0000000000,102,102,141,0040,2020_block_count_centroids
SHERBURNE - 0045,30,30,1.0000000000,94,94,141,0045,2020_block_count_centroids
SHERBURNE - 0050,30,30,1.0000000000,93,93,141,0050,2020_block_count_centroids
SHERBURNE - 0055,30,30,1.0000000000,76,76,141,0055,2020_block_count_centroids
SHERBURNE - 0060,30,30,1.0000000000,123,123,141,0060,2020_block_count_centroids
SHERBURNE - 0065,14,14,0.2500000000,22,88,141,0065,2020_block_count_centroids
SHERBURNE - 0065,27,27,0.7500000000,66,88,141,0065,2020_block_count_centroids
SHERBURNE - 0070,27,27,1.0000000000,134,134,141,0070,2020_block_count_centroids
SHERBURNE - 0075,27,27,1.0000000000,107,107,141,0075,2020_block_count_centroids
SHERBURNE - 0080,27,27,1.0000000000,31,31,141,0080,2020_block_count_centroids
SHERBURNE - 0082,27,27,1.0000000000,62,62,141,0082,2020_block_count_centroids
SHERBURNE - 0085,27,27,1.0000000000,6,6,141,0085,2020_block_count_centroids
SHERBURNE - 0086,27,27,1.0000000000,10,10,141,0086,2020_block_count_centroids
SHERBURNE - 0090,14,14,1.0000000000,32,32,141,0090,2020_block_count_centroids
SHERBURNE - 0095,14,14,1.0000000000,60,60,141,0095,2020_block_count_centroids
SHERBURNE - 0100,14,14,1.0000000000,27,27,141,0100,2020_block_count_centroids
SHERBURNE - 0105,27,27,1.0000000000,77,77,141,0105,2020_block_count_centroids
SHERBURNE - 0110,27,27,1.0000000000,82,82,141,0110,2020_block_count_centroids
SHERBURNE - 0120,27,27,1.0000000000,246,246,141,0120,2020_block_count_centroids
SIBLEY - 0005,17,17,1.0000000000,59,59,143,0005,2020_block_count_centroids
SIBLEY - 0010,17,17,1.0000000000,112,112,143,0010,2020_block_count_centroids
SIBLEY - 0015,17,17,1.0000000000,61,61,143,0015,2020_block_count_centroids
SIBLEY - 0020,17,17,1.0000000000,35,35,143,0020,2020_block_count_centroids
SIBLEY - 0025,17,17,1.0000000000,70,70,143,0025,2020_block_count_centroids
SIBLEY - 0030,17,17,1.0000000000,58,58,143,0030,2020_block_count_centroids
SIBLEY - 0035,17,17,1.0000000000,34,34,143,0035,2020_block_count_centroids
SIBLEY - 0040,17,17,1.0000000000,102,102,143,0040,2020_block_count_centroids
SIBLEY - 0045,17,17,1.0000000000,55,55,143,0045,2020_block_count_centroids
SIBLEY - 0050,17,17,1.0000000000,57,57,143,0050,2020_block_count_centroids
SIBLEY - 0055,17,17,1.0000000000,28,28,143,0055,2020_block_count_centroids
SIBLEY - 0060,17,17,1.0000000000,46,46,143,0060,2020_block_count_centroids
SIBLEY - 0065,17,17,1.0000000000,42,42,143,0065,2020_block_count_centroids
SIBLEY - 0070,17,17,0.8600000000,43,50,143,0070,2020_block_count_centroids
SIBLEY - 0070,22,22,0.1400000000,7,50,143,0070,2020_block_count_centroids
SIBLEY - 0075,17,17,1.0000000000,44,44,143,0075,2020_block_count_centroids
SIBLEY - 0080,17,17,1.0000000000,52,52,143,0080,2020_block_count_centroids
SIBLEY - 0082,17,17,1.0000000000,11,11,143,0082,2020_block_count_centroids
SIBLEY - 0085,17,17,1.0000000000,55,55,143,0085,2020_block_count_centroids
SIBLEY - 0090,17,17,1.0000000000,28,28,143,0090,2020_block_count_centroids
SIBLEY - 0095,17,17,1.0000000000,46,46,143,0095,2020_block_count_centroids
SIBLEY - 0100,17,17,1.0000000000,47,47,143,0100,2020_block_count_centroids
SIBLEY - 0105,17,17,1.0000000000,47,47,143,0105,2020_block_count_centroids
SIBLEY - 0110,17,17,1.0000000000,48,48,143,0110,2020_block_count_centroids
SIBLEY - 0115,17,17,1.0000000000,58,58,143,0115,2020_block_count_centroids
SIBLEY - 0120,17,17,1.0000000000,94,94,143,0120,2020_block_count_centroids
ST. LOUIS - 0005,7,7,1.0000000000,27,27,137,0005,2020_block_count_centroids
ST. LOUIS - 0010,7,7,1.0000000000,28,28,137,0010,2020_block_count_centroids
ST. LOUIS - 0015,3,3,1.0000000000,24,24,137,0015,2020_block_count_centroids
ST. LOUIS - 0020,7,7,1.0000000000,44,44,137,0020,2020_block_count_centroids
ST. LOUIS - 0025,11,11,1.0000000000,30,30,137,0025,2020_block_count_centroids
ST. LOUIS - 0030,3,3,1.0000000000,52,52,137,0030,2020_block_count_centroids
ST. LOUIS - 0031,3,3,0.9846153846,64,65,137,0031,2020_block_count_centroids
ST. LOUIS - 0031,7,7,0.0153846154,1,65,137,0031,2020_block_count_centroids
ST. LOUIS - 0035,3,3,1.0000000000,116,116,137,0035,2020_block_count_centroids
ST. LOUIS - 0040,7,7,1.0000000000,85,85,137,0040,2020_block_count_centroids
ST. LOUIS - 0045,3,3,1.0000000000,81,81,137,0045,2020_block_count_centroids
ST. LOUIS - 0050,3,3,1.0000000000,53,53,137,0050,2020_block_count_centroids
ST. LOUIS - 0055,7,7,1.0000000000,56,56,137,0055,2020_block_count_centroids
ST. LOUIS - 0060,7,7,1.0000000000,83,83,137,0060,2020_block_count_centroids
ST. LOUIS - 0065,3,3,1.0000000000,73,73,137,0065,2020_block_count_centroids
ST. LOUIS - 0066,3,3,1.0000000000,31,31,137,0066,2020_block_count_centroids
ST. LOUIS - 0070,11,11,1.0000000000,82,82,137,0070,2020_block_count_centroids
ST. LOUIS - 0075,11,11,1.0000000000,12,12,137,0075,2020_block_count_centroids
ST. LOUIS - 0080,7,7,1.0000000000,66,66,137,0080,2020_block_count_centroids
ST. LOUIS - 0085,3,3,1.0000000000,51,51,137,0085,2020_block_count_centroids
ST. LOUIS - 0090,7,7,1.0000000000,44,44,137,0090,2020_block_count_centroids
ST. LOUIS - 0095,7,7,1.0000000000,66,66,137,0095,2020_block_count_centroids
ST. LOUIS - 0100,7,7,1.0000000000,201,201,137,0100,2020_block_count_centroids
ST. LOUIS - 0115,7,7,1.0000000000,111,111,137,0115,2020_block_count_centroids
ST. LOUIS - 0120,3,3,0.0217391304,1,46,137,0120,2020_block_count_centroids
ST. LOUIS - 0120,7,7,0.9782608696,45,46,137,0120,2020_block_count_centroids
ST. LOUIS - 0125,3,3,1.0000000000,37,37,137,0125,2020_block_count_centroids
ST. LOUIS - 0130,7,7,1.0000000000,88,88,137,0130,2020_block_count_centroids
ST. LOUIS - 0135,11,11,1.0000000000,45,45,137,0135,2020_block_count_centroids
ST. LOUIS - 0140,8,8,1.0000000000,98,98,137,0140,2020_block_count_centroids
ST. LOUIS - 0145,8,8,1.0000000000,42,42,137,0145,2020_block_count_centroids
ST. LOUIS - 0150,8,8,1.0000000000,54,54,137,0150,2020_block_count_centroids
ST. LOUIS - 0155,8,8,1.0000000000,51,51,137,0155,2020_block_count_centroids
ST. LOUIS - 0160,8,8,1.0000000000,53,53,137,0160,2020_block_count_centroids
ST. LOUIS - 0165,8,8,1.0000000000,36,36,137,0165,2020_block_count_centroids
ST. LOUIS - 0170,8,8,1.0000000000,45,45,137,0170,2020_block_count_centroids
ST. LOUIS - 0175,8,8,1.0000000000,26,26,137,0175,2020_block_count_centroids
ST. LOUIS - 0180,8,8,1.0000000000,35,35,137,0180,2020_block_count_centroids
ST. LOUIS - 0190,8,8,1.0000000000,68,68,137,0190,2020_block_count_centroids
ST. LOUIS - 0195,8,8,1.0000000000,41,41,137,0195,2020_block_count_centroids
ST. LOUIS - 0200,8,8,1.0000000000,49,49,137,0200,2020_block_count_centroids
ST. LOUIS - 0205,8,8,1.0000000000,16,16,137,0205,2020_block_count_centroids
ST. LOUIS - 0210,8,8,1.0000000000,47,47,137,0210,2020_block_count_centroids
ST. LOUIS - 0215,8,8,1.0000000000,27,27,137,0215,2020_block_count_centroids
ST. LOUIS - 0220,8,8,1.0000000000,26,26,137,0220,2020_block_count_centroids
ST. LOUIS - 0225,8,8,1.0000000000,38,38,137,0225,2020_block_count_centroids
ST. LOUIS - 0230,8,8,1.0000000000,28,28,137,0230,2020_block_count_centroids
ST. LOUIS - 0235,8,8,1.0000000000,35,35,137,0235,2020_block_count_centroids
ST. LOUIS - 0240,8,8,1.0000000000,37,37,137,0240,2020_block_count_centroids
ST. LOUIS - 0245,8,8,1.0000000000,24,24,137,0245,2020_block_count_centroids
ST. LOUIS - 0250,8,8,1.0000000000,44,44,137,0250,2020_block_count_centroids
ST. LOUIS - 0255,8,8,1.0000000000,43,43,137,0255,2020_block_count_centroids
ST. LOUIS - 0260,8,8,1.0000000000,70,70,137,0260,2020_block_count_centroids
ST. LOUIS - 0265,8,8,1.0000000000,16,16,137,0265,2020_block_count_centroids
ST. LOUIS - 0270,8,8,1.0000000000,47,47,137,0270,2020_block_count_centroids
ST. LOUIS - 0275,3,3,0.0084033613,1,119,137,0275,2020_block_count_centroids
ST. LOUIS - 0275,8,8,0.9915966387,118,119,137,0275,2020_block_count_centroids
ST. LOUIS - 0280,8,8,1.0000000000,75,75,137,0280,2020_block_count_centroids
ST. LOUIS - 0285,8,8,1.0000000000,49,49,137,0285,2020_block_count_centroids
ST. LOUIS - 0290,8,8,1.0000000000,33,33,137,0290,2020_block_count_centroids
ST. LOUIS - 0295,8,8,1.0000000000,39,39,137,0295,2020_block_count_centroids
ST. LOUIS - 0300,8,8,1.0000000000,85,85,137,0300,2020_block_count_centroids
ST. LOUIS - 0305,8,8,1.0000000000,35,35,137,0305,2020_block_count_centroids
ST. LOUIS - 0315,8,8,1.0000000000,46,46,137,0315,2020_block_count_centroids
ST. LOUIS - 0320,8,8,1.0000000000,67,67,137,0320,2020_block_count_centroids
ST. LOUIS - 0325,8,8,1.0000000000,65,65,137,0325,2020_block_count_centroids
ST. LOUIS - 0330,8,8,1.0000000000,68,68,137,0330,2020_block_count_centroids
ST. LOUIS - 0335,3,3,0.0200000000,1,50,137,0335,2020_block_count_centroids
ST. LOUIS - 0335,8,8,0.9800000000,49,50,137,0335,2020_block_count_centroids
ST. LOUIS - 0340,3,3,0.0256410256,1,39,137,0340,2020_block_count_centroids
ST. LOUIS - 0340,8,8,0.9743589744,38,39,137,0340,2020_block_count_centroids
ST. LOUIS - 0345,8,8,1.0000000000,45,45,137,0345,2020_block_count_centroids
ST. LOUIS - 0350,3,3,0.3092783505,30,97,137,0350,2020_block_count_centroids
ST. LOUIS - 0350,8,8,0.6907216495,67,97,137,0350,2020_block_count_centroids
ST. LOUIS - 0355,3,3,1.0000000000,20,20,137,0355,2020_block_count_centroids
ST. LOUIS - 0435,3,3,0.9803921569,100,102,137,0435,2020_block_count_centroids
ST. LOUIS - 0435,8,8,0.0196078431,2,102,137,0435,2020_block_count_centroids
ST. LOUIS - 0437,3,3,1.0000000000,38,38,137,0437,2020_block_count_centroids
ST. LOUIS - 0440,7,7,1.0000000000,44,44,137,0440,2020_block_count_centroids
ST. LOUIS - 0445,7,7,1.0000000000,42,42,137,0445,2020_block_count_centroids
ST. LOUIS - 0450,3,3,1.0000000000,50,50,137,0450,2020_block_count_centroids
ST. LOUIS - 0455,3,3,1.0000000000,36,36,137,0455,2020_block_count_centroids
ST. LOUIS - 0460,3,3,1.0000000000,40,40,137,0460,2020_block_count_centroids
ST. LOUIS - 0465,3,3,1.0000000000,55,55,137,0465,2020_block_count_centroids
ST. LOUIS - 0470,3,3,0.0208333333,1,48,137,0470,2020_block_count_centroids
ST. LOUIS - 0470,7,7,0.9791666667,47,48,137,0470,2020_block_count_centroids
ST. LOUIS - 0475,7,7,1.0000000000,22,22,137,0475,2020_block_count_centroids
ST. LOUIS - 0480,7,7,1.0000000000,20,20,137,0480,2020_block_count_centroids
ST. LOUIS - 0485,7,7,1.0000000000,15,15,137,0485,2020_block_count_centroids
ST. LOUIS - 0490,7,7,1.0000000000,38,38,137,0490,2020_block_count_centroids
ST. LOUIS - 0495,7,7,1.0000000000,25,25,137,0495,2020_block_count_centroids
ST. LOUIS - 0500,7,7,1.0000000000,20,20,137,0500,2020_block_count_centroids
ST. LOUIS - 0505,3,3,1.0000000000,57,57,137,0505,2020_block_count_centroids
ST. LOUIS - 0510,7,7,1.0000000000,78,78,137,0510,2020_block_count_centroids
ST. LOUIS - 0515,3,3,1.0000000000,62,62,137,0515,2020_block_count_centroids
ST. LOUIS - 0520,7,7,1.0000000000,28,28,137,0520,2020_block_count_centroids
ST. LOUIS - 0525,7,7,1.0000000000,42,42,137,0525,2020_block_count_centroids
ST. LOUIS - 0530,7,7,1.0000000000,69,69,137,0530,2020_block_count_centroids
ST. LOUIS - 0540,3,3,1.0000000000,43,43,137,0540,2020_block_count_centroids
ST. LOUIS - 0545,7,7,1.0000000000,47,47,137,0545,2020_block_count_centroids
ST. LOUIS - 0550,7,7,1.0000000000,45,45,137,0550,2020_block_count_centroids
ST. LOUIS - 0555,7,7,1.0000000000,67,67,137,0555,2020_block_count_centroids
ST. LOUIS - 0560,7,7,1.0000000000,15,15,137,0560,2020_block_count_centroids
ST. LOUIS - 0565,3,3,1.0000000000,73,73,137,0565,2020_block_count_centroids
ST. LOUIS - 0570,3,3,1.0000000000,103,103,137,0570,2020_block_count_centroids
ST. LOUIS - 0575,7,7,1.0000000000,97,97,137,0575,2020_block_count_centroids
ST. LOUIS - 0580,7,7,1.0000000000,21,21,137,0580,2020_block_count_centroids
ST. LOUIS - 0585,3,3,1.0000000000,101,101,137,0585,2020_block_count_centroids
ST. LOUIS - 0590,7,7,1.0000000000,23,23,137,0590,2020_block_count_centroids
ST. LOUIS - 0591,7,7,1.0000000000,18,18,137,0591,2020_block_count_centroids
ST. LOUIS - 0595,3,3,0.9491525424,56,59,137,0595,2020_block_count_centroids
ST. LOUIS - 0595,8,8,0.0508474576,3,59,137,0595,2020_block_count_centroids
ST. LOUIS - 0600,3,3,1.0000000000,52,52,137,0600,2020_block_count_centroids
ST. LOUIS - 0605,3,3,1.0000000000,43,43,137,0605,2020_block_count_centroids
ST. LOUIS - 0615,7,7,1.0000000000,88,88,137,0615,2020_block_count_centroids
ST. LOUIS - 0620,7,7,1.0000000000,20,20,137,0620,2020_block_count_centroids
ST. LOUIS - 0625,7,7,1.0000000000,33,33,137,0625,2020_block_count_centroids
ST. LOUIS - 0630,7,7,1.0000000000,58,58,137,0630,2020_block_count_centroids
ST. LOUIS - 0635,7,7,1.0000000000,39,39,137,0635,2020_block_count_centroids
ST. LOUIS - 0640,7,7,1.0000000000,28,28,137,0640,2020_block_count_centroids
ST. LOUIS - 0645,7,7,1.0000000000,64,64,137,0645,2020_block_count_centroids
ST. LOUIS - 0650,7,7,1.0000000000,71,71,137,0650,2020_block_count_centroids
ST. LOUIS - 0655,7,7,1.0000000000,111,111,137,0655,2020_block_count_centroids
ST. LOUIS - 0660,7,7,1.0000000000,122,122,137,0660,2020_block_count_centroids
ST. LOUIS - 0665,7,7,1.0000000000,93,93,137,0665,2020_block_count_centroids
ST. LOUIS - 0735,3,3,1.0000000000,93,93,137,0735,2020_block_count_centroids
ST. LOUIS - 0750,7,7,1.0000000000,74,74,137,0750,2020_block_count_centroids
ST. LOUIS - 0755,7,7,1.0000000000,7,7,137,0755,2020_block_count_centroids
ST. LOUIS - 0760,7,7,1.0000000000,48,48,137,0760,2020_block_count_centroids
ST. LOUIS - 0765,3,3,1.0000000000,35,35,137,0765,2020_block_count_centroids
ST. LOUIS - 0770,3,3,0.9833333333,59,60,137,0770,2020_block_count_centroids
ST. LOUIS - 0770,8,8,0.0166666667,1,60,137,0770,2020_block_count_centroids
ST. LOUIS - 0775,7,7,1.0000000000,76,76,137,0775,2020_block_count_centroids
ST. LOUIS - 0780,3,3,1.0000000000,73,73,137,0780,2020_block_count_centroids
ST. LOUIS - 0785,7,7,1.0000000000,7,7,137,0785,2020_block_count_centroids
ST. LOUIS - 0790,3,3,1.0000000000,30,30,137,0790,2020_block_count_centroids
ST. LOUIS - 0792,3,3,1.0000000000,22,22,137,0792,2020_block_count_centroids
ST. LOUIS - 0795,7,7,1.0000000000,107,107,137,0795,2020_block_count_centroids
ST. LOUIS - 0797,7,7,1.0000000000,17,17,137,0797,2020_block_count_centroids
ST. LOUIS - 0799,7,7,1.0000000000,13,13,137,0799,2020_block_count_centroids
ST. LOUIS - 0800,7,7,1.0000000000,47,47,137,0800,2020_block_count_centroids
ST. LOUIS - 0805,3,3,0.9565217391,88,92,137,0805,2020_block_count_centroids
ST. LOUIS - 0805,8,8,0.0434782609,4,92,137,0805,2020_block_count_centroids
ST. LOUIS - 0810,7,7,1.0000000000,22,22,137,0810,2020_block_count_centroids
ST. LOUIS - 0815,3,3,1.0000000000,160,160,137,0815,2020_block_count_centroids
ST. LOUIS - 0820,7,7,1.0000000000,86,86,137,0820,2020_block_count_centroids
ST. LOUIS - 0821,3,3,1.0000000000,66,66,137,0821,2020_block_count_centroids
ST. LOUIS - 0825,7,7,1.0000000000,99,99,137,0825,2020_block_count_centroids
ST. LOUIS - 0840,7,7,1.0000000000,31,31,137,0840,2020_block_count_centroids
ST. LOUIS - 0845,7,7,1.0000000000,37,37,137,0845,2020_block_count_centroids
ST. LOUIS - 0850,3,3,1.0000000000,18,18,137,0850,2020_block_count_centroids
ST. LOUIS - 0852,3,3,1.0000000000,27,27,137,0852,2020_block_count_centroids
ST. LOUIS - 0855,7,7,1.0000000000,33,33,137,0855,2020_block_count_centroids
ST. LOUIS - 0857,3,3,1.0000000000,56,56,137,0857,2020_block_count_centroids
ST. LOUIS - 0860,3,3,1.0000000000,12,12,137,0860,2020_block_count_centroids
ST. LOUIS - 0865,3,3,1.0000000000,37,37,137,0865,2020_block_count_centroids
ST. LOUIS - 0870,7,7,1.0000000000,24,24,137,0870,2020_block_count_centroids
ST. LOUIS - 0875,3,3,1.0000000000,19,19,137,0875,2020_block_count_centroids
ST. LOUIS - 0880,7,7,1.0000000000,44,44,137,0880,2020_block_count_centroids
ST. LOUIS - 0881,7,7,1.0000000000,11,11,137,0881,2020_block_count_centroids
ST. LOUIS - 0885,3,3,1.0000000000,74,74,137,0885,2020_block_count_centroids
ST. LOUIS - 0886,3,3,1.0000000000,7,7,137,0886,2020_block_count_centroids
ST. LOUIS - 0890,7,7,1.0000000000,8,8,137,0890,2020_block_count_centroids
ST. LOUIS - 0895,3,3,1.0000000000,84,84,137,0895,2020_block_count_centroids
ST. LOUIS - 0910,3,3,0.9756097561,80,82,137,0910,2020_block_count_centroids
ST. LOUIS - 0910,8,8,0.0243902439,2,82,137,0910,2020_block_count_centroids
ST. LOUIS - 0915,7,7,1.0000000000,45,45,137,0915,2020_block_count_centroids
ST. LOUIS - 0920,3,3,1.0000000000,85,85,137,0920,2020_block_count_centroids
ST. LOUIS - 0925,11,11,1.0000000000,25,25,137,0925,2020_block_count_centroids
ST. LOUIS - 0930,7,7,1.0000000000,33,33,137,0930,2020_block_count_centroids
ST. LOUIS - 0935,7,7,1.0000000000,52,52,137,0935,2020_block_count_centroids
ST. LOUIS - 0940,3,3,1.0000000000,34,34,137,0940,2020_block_count_centroids
ST. LOUIS - 0945,7,7,1.0000000000,29,29,137,0945,2020_block_count_centroids
ST. LOUIS - 0950,7,7,1.0000000000,39,39,137,0950,2020_block_count_centroids
ST. LOUIS - 0960,7,7,1.0000000000,68,68,137,0960,2020_block_count_centroids
ST. LOUIS - 0962,3,3,0.9333333333,14,15,137,0962,2020_block_count_centroids
ST. LOUIS - 0962,7,7,0.0666666667,1,15,137,0962,2020_block_count_centroids
ST. LOUIS - 0965,7,7,1.0000000000,44,44,137,0965,2020_block_count_centroids
ST. LOUIS - 0970,7,7,1.0000000000,70,70,137,0970,2020_block_count_centroids
ST. LOUIS - 0971,7,7,1.0000000000,32,32,137,0971,2020_block_count_centroids
ST. LOUIS - 0972,7,7,1.0000000000,18,18,137,0972,2020_block_count_centroids
ST. LOUIS - 0973,7,7,1.0000000000,30,30,137,0973,2020_block_count_centroids
ST. LOUIS - 0975,3,3,1.0000000000,79,79,137,0975,2020_block_count_centroids
ST. LOUIS - 0976,3,3,1.0000000000,8,8,137,0976,2020_block_count_centroids
ST. LOUIS - 0979,7,7,1.0000000000,13,13,137,0979,2020_block_count_centroids
ST. LOUIS - 0990,3,3,1.0000000000,12,12,137,0990,2020_block_count_centroids
ST. LOUIS - 0999,3,3,1.0000000000,26,26,137,0999,2020_block_count_centroids
ST. LOUIS - 1000,3,3,0.9945945946,184,185,137,1000,2020_block_count_centroids
ST. LOUIS - 1000,7,7,0.0054054054,1,185,137,1000,2020_block_count_centroids
ST. LOUIS - 1001,3,3,1.0000000000,21,21,137,1001,2020_block_count_centroids
ST. LOUIS - 1002,3,3,1.0000000000,260,260,137,1002,2020_block_count_centroids
ST. LOUIS - 1011,3,3,1.0000000000,11,11,137,1011,2020_block_count_centroids
ST. LOUIS - 1030,7,7,1.0000000000,41,41,137,1030,2020_block_count_centroids
ST. LOUIS - 1035,3,3,0.9729729730,36,37,137,1035,2020_block_count_centroids
ST. LOUIS - 1035,7,7,0.0270270270,1,37,137,1035,2020_block_count_centroids
ST. LOUIS - 1040,7,7,1.0000000000,53,53,137,1040,2020_block_count_centroids
ST. LOUIS - 1045,7,7,1.0000000000,71,71,137,1045,2020_block_count_centroids
ST. LOUIS - 1050,7,7,1.0000000000,41,41,137,1050,2020_block_count_centroids
ST. LOUIS - 1055,7,7,1.0000000000,47,47,137,1055,2020_block_count_centroids
ST. LOUIS - 1060,7,7,1.0000000000,70,70,137,1060,2020_block_count_centroids
ST. LOUIS - 1125,3,3,1.0000000000,25,25,137,1125,2020_block_count_centroids
ST. LOUIS - 1130,7,7,1.0000000000,69,69,137,1130,2020_block_count_centroids
ST. LOUIS - 1135,7,7,1.0000000000,77,77,137,1135,2020_block_count_centroids
ST. LOUIS - 1136,7,7,1.0000000000,105,105,137,1136,2020_block_count_centroids
ST. LOUIS - 1140,3,3,1.0000000000,22,22,137,1140,2020_block_count_centroids
ST. LOUIS - 1145,3,3,1.0000000000,13,13,137,1145,2020_block_count_centroids
ST. LOUIS - 1150,7,7,1.0000000000,61,61,137,1150,2020_block_count_centroids
ST. LOUIS - 1155,7,7,1.0000000000,31,31,137,1155,2020_block_count_centroids
ST. LOUIS - 1160,3,3,1.0000000000,21,21,137,1160,2020_block_count_centroids
STEARNS - 0005,13,13,1.0000000000,85,85,145,0005,2020_block_count_centroids
STEARNS - 0010,13,13,1.0000000000,89,89,145,0010,2020_block_count_centroids
STEARNS - 0015,12,12,1.0000000000,42,42,145,0015,2020_block_count_centroids
STEARNS - 0020,13,13,1.0000000000,48,48,145,0020,2020_block_count_centroids
STEARNS - 0025,13,13,1.0000000000,131,131,145,0025,2020_block_count_centroids
STEARNS - 0030,12,12,1.0000000000,40,40,145,0030,2020_block_count_centroids
STEARNS - 0035,13,13,1.0000000000,96,96,145,0035,2020_block_count_centroids
STEARNS - 0040,12,12,1.0000000000,57,57,145,0040,2020_block_count_centroids
STEARNS - 0042,13,13,1.0000000000,2,2,145,0042,2020_block_count_centroids
STEARNS - 0045,13,13,1.0000000000,112,112,145,0045,2020_block_count_centroids
STEARNS - 0050,13,13,1.0000000000,80,80,145,0050,2020_block_count_centroids
STEARNS - 0055,13,13,1.0000000000,15,15,145,0055,2020_block_count_centroids
STEARNS - 0060,12,12,1.0000000000,45,45,145,0060,2020_block_count_centroids
STEARNS - 0065,12,12,1.0000000000,53,53,145,0065,2020_block_count_centroids
STEARNS - 0070,13,13,1.0000000000,88,88,145,0070,2020_block_count_centroids
STEARNS - 0072,13,13,1.0000000000,3,3,145,0072,2020_block_count_centroids
STEARNS - 0075,13,13,1.0000000000,13,13,145,0075,2020_block_count_centroids
STEARNS - 0080,12,12,1.0000000000,18,18,145,0080,2020_block_count_centroids
STEARNS - 0085,13,13,1.0000000000,82,82,145,0085,2020_block_count_centroids
STEARNS - 0090,13,13,1.0000000000,61,61,145,0090,2020_block_count_centroids
STEARNS - 0095,12,12,1.0000000000,20,20,145,0095,2020_block_count_centroids
STEARNS - 0100,12,12,1.0000000000,63,63,145,0100,2020_block_count_centroids
STEARNS - 0105,12,12,1.0000000000,16,16,145,0105,2020_block_count_centroids
STEARNS - 0110,12,12,1.0000000000,52,52,145,0110,2020_block_count_centroids
STEARNS - 0115,13,13,1.0000000000,59,59,145,0115,2020_block_count_centroids
STEARNS - 0120,13,13,1.0000000000,29,29,145,0120,2020_block_count_centroids
STEARNS - 0125,13,13,1.0000000000,29,29,145,0125,2020_block_count_centroids
STEARNS - 0130,13,13,1.0000000000,90,90,145,0130,2020_block_count_centroids
STEARNS - 0135,12,12,1.0000000000,38,38,145,0135,2020_block_count_centroids
STEARNS - 0137,12,12,1.0000000000,4,4,145,0137,2020_block_count_centroids
STEARNS - 0140,12,12,1.0000000000,50,50,145,0140,2020_block_count_centroids
STEARNS - 0145,13,13,0.9425287356,164,174,145,0145,2020_block_count_centroids
STEARNS - 0145,14,14,0.0574712644,10,174,145,0145,2020_block_count_centroids
STEARNS - 0150,13,13,1.0000000000,51,51,145,0150,2020_block_count_centroids
STEARNS - 0155,13,13,0.9904761905,104,105,145,0155,2020_block_count_centroids
STEARNS - 0155,14,14,0.0095238095,1,105,145,0155,2020_block_count_centroids
STEARNS - 0160,13,13,1.0000000000,96,96,145,0160,2020_block_count_centroids
STEARNS - 0165,12,12,1.0000000000,3,3,145,0165,2020_block_count_centroids
STEARNS - 0170,12,12,1.0000000000,112,112,145,0170,2020_block_count_centroids
STEARNS - 0180,12,12,1.0000000000,75,75,145,0180,2020_block_count_centroids
STEARNS - 0185,12,12,1.0000000000,59,59,145,0185,2020_block_count_centroids
STEARNS - 0190,13,13,1.0000000000,141,141,145,0190,2020_block_count_centroids
STEARNS - 0195,12,12,1.0000000000,17,17,145,0195,2020_block_count_centroids
STEARNS - 0200,12,12,1.0000000000,49,49,145,0200,2020_block_count_centroids
STEARNS - 0205,12,12,1.0000000000,83,83,145,0205,2020_block_count_centroids
STEARNS - 0210,13,13,1.0000000000,76,76,145,0210,2020_block_count_centroids
STEARNS - 0215,13,13,1.0000000000,109,109,145,0215,2020_block_count_centroids
STEARNS - 0220,13,13,1.0000000000,5,5,145,0220,2020_block_count_centroids
STEARNS - 0225,12,12,1.0000000000,68,68,145,0225,2020_block_count_centroids
STEARNS - 0230,13,13,1.0000000000,82,82,145,0230,2020_block_count_centroids
STEARNS - 0235,13,13,1.0000000000,12,12,145,0235,2020_block_count_centroids
STEARNS - 0240,13,13,1.0000000000,91,91,145,0240,2020_block_count_centroids
STEARNS - 0245,13,13,1.0000000000,9,9,145,0245,2020_block_count_centroids
STEARNS - 0250,13,13,1.0000000000,7,7,145,0250,2020_block_count_centroids
STEARNS - 0255,14,14,1.0000000000,134,134,145,0255,2020_block_count_centroids
STEARNS - 0260,14,14,1.0000000000,7,7,145,0260,2020_block_count_centroids
STEARNS - 0265,14,14,1.0000000000,64,64,145,0265,2020_block_count_centroids
STEARNS - 0270,14,14,1.0000000000,61,61,145,0270,2020_block_count_centroids
STEARNS - 0280,14,14,1.0000000000,73,73,145,0280,2020_block_count_centroids
STEARNS - 0285,14,14,1.0000000000,54,54,145,0285,2020_block_count_centroids
STEARNS - 0290,14,14,1.0000000000,26,26,145,0290,2020_block_count_centroids
STEARNS - 0295,14,14,1.0000000000,39,39,145,0295,2020_block_count_centroids
STEARNS - 0300,14,14,1.0000000000,76,76,145,0300,2020_block_count_centroids
STEARNS - 0305,14,14,1.0000000000,54,54,145,0305,2020_block_count_centroids
STEARNS - 0310,14,14,1.0000000000,38,38,145,0310,2020_block_count_centroids
STEARNS - 0315,14,14,1.0000000000,36,36,145,0315,2020_block_count_centroids
STEARNS - 0320,14,14,1.0000000000,18,18,145,0320,2020_block_count_centroids
STEARNS - 0325,14,14,1.0000000000,47,47,145,0325,2020_block_count_centroids
STEARNS - 0327,14,14,1.0000000000,14,14,145,0327,2020_block_count_centroids
STEARNS - 0330,14,14,1.0000000000,25,25,145,0330,2020_block_count_centroids
STEARNS - 0335,14,14,1.0000000000,35,35,145,0335,2020_block_count_centroids
STEARNS - 0340,14,14,1.0000000000,29,29,145,0340,2020_block_count_centroids
STEARNS - 0345,14,14,1.0000000000,46,46,145,0345,2020_block_count_centroids
STEARNS - 0350,14,14,1.0000000000,35,35,145,0350,2020_block_count_centroids
STEARNS - 0355,14,14,1.0000000000,53,53,145,0355,2020_block_count_centroids
STEARNS - 0360,13,13,0.0937500000,3,32,145,0360,2020_block_count_centroids
STEARNS - 0360,14,14,0.9062500000,29,32,145,0360,2020_block_count_centroids
STEARNS - 0365,13,13,0.0093457944,1,107,145,0365,2020_block_count_centroids
STEARNS - 0365,14,14,0.9906542056,106,107,145,0365,2020_block_count_centroids
STEARNS - 0366,14,14,1.0000000000,9,9,145,0366,2020_block_count_centroids
STEARNS - 0367,14,14,1.0000000000,70,70,145,0367,2020_block_count_centroids
STEARNS - 0380,13,13,1.0000000000,28,28,145,0380,2020_block_count_centroids
STEARNS - 0385,13,13,0.2343750000,15,64,145,0385,2020_block_count_centroids
STEARNS - 0385,14,14,0.7656250000,49,64,145,0385,2020_block_count_centroids
STEARNS - 0386,13,13,1.0000000000,7,7,145,0386,2020_block_count_centroids
STEARNS - 0390,13,13,0.7000000000,126,180,145,0390,2020_block_count_centroids
STEARNS - 0390,14,14,0.3000000000,54,180,145,0390,2020_block_count_centroids
STEARNS - 0399,12,12,1.0000000000,16,16,145,0399,2020_block_count_centroids
STEARNS - 0400,12,12,1.0000000000,54,54,145,0400,2020_block_count_centroids
STEARNS - 0404,12,12,1.0000000000,4,4,145,0404,2020_block_count_centroids
STEARNS - 0405,13,13,1.0000000000,15,15,145,0405,2020_block_count_centroids
STEARNS - 0410,13,13,1.0000000000,99,99,145,0410,2020_block_count_centroids
STEARNS - 0416,13,13,1.0000000000,96,96,145,0416,2020_block_count_centroids
STEARNS - 0418,13,13,1.0000000000,72,72,145,0418,2020_block_count_centroids
STEARNS - 0420,12,12,1.0000000000,134,134,145,0420,2020_block_count_centroids
STEARNS - 0430,12,12,1.0000000000,87,87,145,0430,2020_block_count_centroids
STEARNS - 0434,12,12,1.0000000000,5,5,145,0434,2020_block_count_centroids
STEARNS - 0435,12,12,1.0000000000,52,52,145,0435,2020_block_count_centroids
STEARNS - 0440,14,14,1.0000000000,68,68,145,0440,2020_block_count_centroids
STEARNS - 0441,14,14,1.0000000000,78,78,145,0441,2020_block_count_centroids
STEARNS - 0445,13,13,1.0000000000,143,143,145,0445,2020_block_count_centroids
STEARNS - 0450,12,12,1.0000000000,45,45,145,0450,2020_block_count_centroids
STEELE - 0005,23,23,1.0000000000,55,55,147,0005,2020_block_count_centroids
STEELE - 0010,23,23,1.0000000000,34,34,147,0010,2020_block_count_centroids
STEELE - 0015,23,23,1.0000000000,80,80,147,0015,2020_block_count_centroids
STEELE - 0020,23,23,1.0000000000,59,59,147,0020,2020_block_count_centroids
STEELE - 0025,19,19,1.0000000000,89,89,147,0025,2020_block_count_centroids
STEELE - 0030,19,19,1.0000000000,52,52,147,0030,2020_block_count_centroids
STEELE - 0035,23,23,1.0000000000,41,41,147,0035,2020_block_count_centroids
STEELE - 0040,19,19,0.9838709677,61,62,147,0040,2020_block_count_centroids
STEELE - 0040,24,24,0.0161290323,1,62,147,0040,2020_block_count_centroids
STEELE - 0045,23,23,1.0000000000,54,54,147,0045,2020_block_count_centroids
STEELE - 0050,19,19,1.0000000000,46,46,147,0050,2020_block_count_centroids
STEELE - 0055,19,19,1.0000000000,62,62,147,0055,2020_block_count_centroids
STEELE - 0060,19,19,1.0000000000,68,68,147,0060,2020_block_count_centroids
STEELE - 0065,19,19,1.0000000000,39,39,147,0065,2020_block_count_centroids
STEELE - 0070,19,19,1.0000000000,38,38,147,0070,2020_block_count_centroids
STEELE - 0075,19,19,1.0000000000,60,60,147,0075,2020_block_count_centroids
STEELE - 0085,19,19,1.0000000000,26,26,147,0085,2020_block_count_centroids
STEELE - 0090,19,19,1.0000000000,45,45,147,0090,2020_block_count_centroids
STEELE - 0100,19,19,1.0000000000,103,103,147,0100,2020_block_count_centroids
STEELE - 0105,19,19,1.0000000000,59,59,147,0105,2020_block_count_centroids
STEELE - 0115,19,19,1.0000000000,32,32,147,0115,2020_block_count_centroids
STEELE - 0120,19,19,1.0000000000,37,37,147,0120,2020_block_count_centroids
STEELE - 0130,19,19,1.0000000000,26,26,147,0130,2020_block_count_centroids
STEELE - 0135,19,19,1.0000000000,35,35,147,0135,2020_block_count_centroids
STEELE - 0145,19,19,1.0000000000,141,141,147,0145,2020_block_count_centroids
STEELE - 0150,23,23,1.0000000000,72,72,147,0150,2020_block_count_centroids
STEELE - 0155,23,23,1.0000000000,88,88,147,0155,2020_block_count_centroids
STEVENS - 0005,12,12,1.0000000000,12,12,149,0005,2020_block_count_centroids
STEVENS - 0010,12,12,1.0000000000,36,36,149,0010,2020_block_count_centroids
STEVENS - 0015,12,12,1.0000000000,29,29,149,0015,2020_block_count_centroids
STEVENS - 0020,12,12,1.0000000000,48,48,149,0020,2020_block_count_centroids
STEVENS - 0025,12,12,1.0000000000,36,36,149,0025,2020_block_count_centroids
STEVENS - 0030,12,12,1.0000000000,48,48,149,0030,2020_block_count_centroids
STEVENS - 0035,12,12,1.0000000000,55,55,149,0035,2020_block_count_centroids
STEVENS - 0040,12,12,1.0000000000,32,32,149,0040,2020_block_count_centroids
STEVENS - 0045,12,12,1.0000000000,45,45,149,0045,2020_block_count_centroids
STEVENS - 0050,12,12,1.0000000000,63,63,149,0050,2020_block_count_centroids
STEVENS - 0055,12,12,1.0000000000,39,39,149,0055,2020_block_count_centroids
STEVENS - 0060,12,12,1.0000000000,41,41,149,0060,2020_block_count_centroids
STEVENS - 0065,12,12,1.0000000000,43,43,149,0065,2020_block_count_centroids
STEVENS - 0072,12,12,1.0000000000,38,38,149,0072,2020_block_count_centroids
STEVENS - 0073,12,12,1.0000000000,19,19,149,0073,2020_block_count_centroids
STEVENS - 0075,12,12,1.0000000000,51,51,149,0075,2020_block_count_centroids
STEVENS - 0076,12,12,1.0000000000,7,7,149,0076,2020_block_count_centroids
STEVENS - 0080,12,12,1.0000000000,60,60,149,0080,2020_block_count_centroids
STEVENS - 0085,12,12,1.0000000000,43,43,149,0085,2020_block_count_centroids
STEVENS - 0090,12,12,1.0000000000,37,37,149,0090,2020_block_count_centroids
STEVENS - 0095,12,12,1.0000000000,35,35,149,0095,2020_block_count_centroids
STEVENS - 0100,12,12,1.0000000000,39,39,149,0100,2020_block_count_centroids
STEVENS - 0105,12,12,1.0000000000,37,37,149,0105,2020_block_count_centroids
STEVENS - 0110,12,12,1.0000000000,37,37,149,0110,2020_block_count_centroids
STEVENS - 0115,12,12,1.0000000000,30,30,149,0115,2020_block_count_centroids
SWIFT - 0005,12,12,1.0000000000,167,167,151,0005,2020_block_count_centroids
SWIFT - 0010,12,12,1.0000000000,65,65,151,0010,2020_block_count_centroids
SWIFT - 0015,12,12,1.0000000000,132,132,151,0015,2020_block_count_centroids
SWIFT - 0020,12,12,1.0000000000,123,123,151,0020,2020_block_count_centroids
SWIFT - 0025,12,12,1.0000000000,30,30,151,0025,2020_block_count_centroids
SWIFT - 0030,12,12,1.0000000000,34,34,151,0030,2020_block_count_centroids
SWIFT - 0035,12,12,1.0000000000,55,55,151,0035,2020_block_count_centroids
SWIFT - 0040,12,12,1.0000000000,19,19,151,0040,2020_block_count_centroids
SWIFT - 0045,12,12,1.0000000000,34,34,151,0045,2020_block_count_centroids
SWIFT - 0050,12,12,1.0000000000,16,16,151,0050,2020_block_count_centroids
SWIFT - 0055,12,12,1.0000000000,26,26,151,0055,2020_block_count_centroids
SWIFT - 0060,12,12,1.0000000000,47,47,151,0060,2020_block_count_centroids
SWIFT - 0065,12,12,1.0000000000,39,39,151,0065,2020_block_count_centroids
SWIFT - 0070,12,12,1.0000000000,44,44,151,0070,2020_block_count_centroids
SWIFT - 0075,12,12,1.0000000000,38,38,151,0075,2020_block_count_centroids
SWIFT - 0080,12,12,1.0000000000,33,33,151,0080,2020_block_count_centroids
SWIFT - 0085,12,12,1.0000000000,23,23,151,0085,2020_block_count_centroids
SWIFT - 0090,12,12,1.0000000000,70,70,151,0090,2020_block_count_centroids
SWIFT - 0095,12,12,1.0000000000,53,53,151,0095,2020_block_count_centroids
SWIFT - 0100,12,12,1.0000000000,50,50,151,0100,2020_block_count_centroids
SWIFT - 0105,12,12,1.0000000000,54,54,151,0105,2020_block_count_centroids
SWIFT - 0110,12,12,1.0000000000,46,46,151,0110,2020_block_count_centroids
SWIFT - 0115,12,12,1.0000000000,30,30,151,0115,2020_block_count_centroids
SWIFT - 0120,12,12,1.0000000000,65,65,151,0120,2020_block_count_centroids
SWIFT - 0125,12,12,1.0000000000,39,39,151,0125,2020_block_count_centroids
SWIFT - 0130,12,12,1.0000000000,51,51,151,0130,2020_block_count_centroids
SWIFT - 0135,12,12,1.0000000000,53,53,151,0135,2020_block_count_centroids
SWIFT - 0140,12,12,1.0000000000,43,43,151,0140,2020_block_count_centroids
SWIFT - 0145,12,12,1.0000000000,62,62,151,0145,2020_block_count_centroids
SWIFT - 0150,12,12,1.0000000000,62,62,151,0150,2020_block_count_centroids
TODD - 0005,5,5,1.0000000000,77,77,153,0005,2020_block_count_centroids
TODD - 0010,5,5,1.0000000000,22,22,153,0010,2020_block_count_centroids
TODD - 0015,5,5,1.0000000000,36,36,153,0015,2020_block_count_centroids
TODD - 0020,5,5,1.0000000000,58,58,153,0020,2020_block_count_centroids
TODD - 0025,5,5,1.0000000000,35,35,153,0025,2020_block_count_centroids
TODD - 0030,5,5,1.0000000000,49,49,153,0030,2020_block_count_centroids
TODD - 0035,5,5,1.0000000000,36,36,153,0035,2020_block_count_centroids
TODD - 0040,5,5,1.0000000000,90,90,153,0040,2020_block_count_centroids
TODD - 0045,5,5,1.0000000000,13,13,153,0045,2020_block_count_centroids
TODD - 0050,5,5,1.0000000000,42,42,153,0050,2020_block_count_centroids
TODD - 0055,5,5,1.0000000000,34,34,153,0055,2020_block_count_centroids
TODD - 0060,5,5,1.0000000000,60,60,153,0060,2020_block_count_centroids
TODD - 0065,5,5,1.0000000000,63,63,153,0065,2020_block_count_centroids
TODD - 0070,5,5,1.0000000000,42,42,153,0070,2020_block_count_centroids
TODD - 0075,5,5,1.0000000000,47,47,153,0075,2020_block_count_centroids
TODD - 0080,5,5,1.0000000000,25,25,153,0080,2020_block_count_centroids
TODD - 0085,5,5,1.0000000000,52,52,153,0085,2020_block_count_centroids
TODD - 0090,5,5,1.0000000000,64,64,153,0090,2020_block_count_centroids
TODD - 0095,5,5,1.0000000000,22,22,153,0095,2020_block_count_centroids
TODD - 0100,5,5,1.0000000000,54,54,153,0100,2020_block_count_centroids
TODD - 0105,5,5,1.0000000000,37,37,153,0105,2020_block_count_centroids
TODD - 0110,5,5,1.0000000000,76,76,153,0110,2020_block_count_centroids
TODD - 0115,5,5,1.0000000000,40,40,153,0115,2020_block_count_centroids
TODD - 0120,5,5,1.0000000000,71,71,153,0120,2020_block_count_centroids
TODD - 0126,5,5,1.0000000000,118,118,153,0126,2020_block_count_centroids
TODD - 0135,5,5,1.0000000000,55,55,153,0135,2020_block_count_centroids
TODD - 0140,5,5,1.0000000000,71,71,153,0140,2020_block_count_centroids
TODD - 0145,5,5,1.0000000000,13,13,153,0145,2020_block_count_centroids
TODD - 0150,5,5,1.0000000000,38,38,153,0150,2020_block_count_centroids
TODD - 0155,5,5,1.0000000000,48,48,153,0155,2020_block_count_centroids
TODD - 0160,5,5,1.0000000000,154,154,153,0160,2020_block_count_centroids
TODD - 0165,5,5,1.0000000000,73,73,153,0165,2020_block_count_centroids
TODD - 0170,5,5,1.0000000000,66,66,153,0170,2020_block_count_centroids
TODD - 0175,5,5,1.0000000000,44,44,153,0175,2020_block_count_centroids
TODD - 0180,5,5,1.0000000000,64,64,153,0180,2020_block_count_centroids
TODD - 0185,5,5,1.0000000000,64,64,153,0185,2020_block_count_centroids
TODD - 0187,5,5,1.0000000000,12,12,153,0187,2020_block_count_centroids
TODD - 0190,5,5,1.0000000000,68,68,153,0190,2020_block_count_centroids
TODD - 0195,5,5,1.0000000000,39,39,153,0195,2020_block_count_centroids
TRAVERSE - 0005,9,9,1.0000000000,38,38,155,0005,2020_block_count_centroids
TRAVERSE - 0010,9,9,1.0000000000,67,67,155,0010,2020_block_count_centroids
TRAVERSE - 0015,9,9,1.0000000000,44,44,155,0015,2020_block_count_centroids
TRAVERSE - 0020,9,9,1.0000000000,38,38,155,0020,2020_block_count_centroids
TRAVERSE - 0025,9,9,1.0000000000,37,37,155,0025,2020_block_count_centroids
TRAVERSE - 0027,9,9,1.0000000000,17,17,155,0027,2020_block_count_centroids
TRAVERSE - 0030,9,9,1.0000000000,25,25,155,0030,2020_block_count_centroids
TRAVERSE - 0035,9,9,1.0000000000,71,71,155,0035,2020_block_count_centroids
TRAVERSE - 0040,9,9,1.0000000000,35,35,155,0040,2020_block_count_centroids
TRAVERSE - 0045,9,9,1.0000000000,70,70,155,0045,2020_block_count_centroids
TRAVERSE - 0050,9,9,1.0000000000,36,36,155,0050,2020_block_count_centroids
TRAVERSE - 0055,9,9,1.0000000000,54,54,155,0055,2020_block_count_centroids
TRAVERSE - 0060,9,9,1.0000000000,30,30,155,0060,2020_block_count_centroids
TRAVERSE - 0065,9,9,1.0000000000,57,57,155,0065,2020_block_count_centroids
TRAVERSE - 0070,9,9,1.0000000000,18,18,155,0070,2020_block_count_centroids
TRAVERSE - 0075,9,9,1.0000000000,38,38,155,0075,2020_block_count_centroids
TRAVERSE - 0080,9,9,1.0000000000,31,31,155,0080,2020_block_count_centroids
TRAVERSE - 0085,9,9,1.0000000000,87,87,155,0085,2020_block_count_centroids
TRAVERSE - 0090,9,9,1.0000000000,57,57,155,0090,2020_block_count_centroids
TRAVERSE - 0095,9,9,1.0000000000,20,20,155,0095,2020_block_count_centroids
WABASHA - 0005,20,20,1.0000000000,2,2,157,0005,2020_block_count_centroids
WABASHA - 0010,20,20,1.0000000000,53,53,157,0010,2020_block_count_centroids
WABASHA - 0015,20,20,1.0000000000,41,41,157,0015,2020_block_count_centroids
WABASHA - 0020,20,20,1.0000000000,51,51,157,0020,2020_block_count_centroids
WABASHA - 0025,20,20,1.0000000000,45,45,157,0025,2020_block_count_centroids
WABASHA - 0030,20,20,1.0000000000,54,54,157,0030,2020_block_count_centroids
WABASHA - 0035,20,20,1.0000000000,92,92,157,0035,2020_block_count_centroids
WABASHA - 0040,20,20,1.0000000000,12,12,157,0040,2020_block_count_centroids
WABASHA - 0045,20,20,1.0000000000,32,32,157,0045,2020_block_count_centroids
WABASHA - 0050,20,20,1.0000000000,53,53,157,0050,2020_block_count_centroids
WABASHA - 0055,20,20,1.0000000000,42,42,157,0055,2020_block_count_centroids
WABASHA - 0060,20,20,1.0000000000,44,44,157,0060,2020_block_count_centroids
WABASHA - 0065,20,20,1.0000000000,85,85,157,0065,2020_block_count_centroids
WABASHA - 0070,20,20,1.0000000000,74,74,157,0070,2020_block_count_centroids
WABASHA - 0075,20,20,1.0000000000,47,47,157,0075,2020_block_count_centroids
WABASHA - 0080,20,20,1.0000000000,49,49,157,0080,2020_block_count_centroids
WABASHA - 0085,20,20,1.0000000000,41,41,157,0085,2020_block_count_centroids
WABASHA - 0090,20,20,1.0000000000,13,13,157,0090,2020_block_count_centroids
WABASHA - 0095,20,20,1.0000000000,8,8,157,0095,2020_block_count_centroids
WABASHA - 0100,20,20,1.0000000000,62,62,157,0100,2020_block_count_centroids
WABASHA - 0105,20,20,1.0000000000,31,31,157,0105,2020_block_count_centroids
WABASHA - 0110,20,20,1.0000000000,34,34,157,0110,2020_block_count_centroids
WABASHA - 0115,20,20,1.0000000000,43,43,157,0115,2020_block_count_centroids
WABASHA - 0120,20,20,1.0000000000,54,54,157,0120,2020_block_count_centroids
WABASHA - 0125,20,20,1.0000000000,44,44,157,0125,2020_block_count_centroids
WABASHA - 0130,20,20,1.0000000000,45,45,157,0130,2020_block_count_centroids
WABASHA - 0140,20,20,1.0000000000,72,72,157,0140,2020_block_count_centroids
WABASHA - 0145,20,20,1.0000000000,55,55,157,0145,2020_block_count_centroids
WABASHA - 0150,20,20,1.0000000000,65,65,157,0150,2020_block_count_centroids
WABASHA - 0155,20,20,1.0000000000,39,39,157,0155,2020_block_count_centroids
WABASHA - 0160,20,20,1.0000000000,51,51,157,0160,2020_block_count_centroids
WABASHA - 0165,20,20,1.0000000000,93,93,157,0165,2020_block_count_centroids
WABASHA - 0170,20,20,1.0000000000,12,12,157,0170,2020_block_count_centroids
WADENA - 0005,5,5,1.0000000000,19,19,159,0005,2020_block_count_centroids
WADENA - 0010,5,5,1.0000000000,69,69,159,0010,2020_block_count_centroids
WADENA - 0015,5,5,1.0000000000,51,51,159,0015,2020_block_count_centroids
WADENA - 0020,5,5,1.0000000000,30,30,159,0020,2020_block_count_centroids
WADENA - 0025,5,5,1.0000000000,34,34,159,0025,2020_block_count_centroids
WADENA - 0030,5,5,1.0000000000,43,43,159,0030,2020_block_count_centroids
WADENA - 0035,5,5,1.0000000000,44,44,159,0035,2020_block_count_centroids
WADENA - 0040,5,5,1.0000000000,45,45,159,0040,2020_block_count_centroids
WADENA - 0045,5,5,1.0000000000,64,64,159,0045,2020_block_count_centroids
WADENA - 0050,5,5,1.0000000000,9,9,159,0050,2020_block_count_centroids
WADENA - 0055,5,5,1.0000000000,28,28,159,0055,2020_block_count_centroids
WADENA - 0060,5,5,1.0000000000,40,40,159,0060,2020_block_count_centroids
WADENA - 0065,5,5,1.0000000000,50,50,159,0065,2020_block_count_centroids
WADENA - 0070,5,5,1.0000000000,31,31,159,0070,2020_block_count_centroids
WADENA - 0075,5,5,1.0000000000,57,57,159,0075,2020_block_count_centroids
WADENA - 0080,5,5,1.0000000000,42,42,159,0080,2020_block_count_centroids
WADENA - 0085,5,5,1.0000000000,23,23,159,0085,2020_block_count_centroids
WADENA - 0090,5,5,1.0000000000,81,81,159,0090,2020_block_count_centroids
WADENA - 0095,5,5,1.0000000000,43,43,159,0095,2020_block_count_centroids
WADENA - 0100,5,5,1.0000000000,79,79,159,0100,2020_block_count_centroids
WADENA - 0105,5,5,1.0000000000,86,86,159,0105,2020_block_count_centroids
WADENA - 0110,5,5,1.0000000000,57,57,159,0110,2020_block_count_centroids
WADENA - 0115,5,5,1.0000000000,1,1,159,0115,2020_block_count_centroids
WADENA - 0116,5,5,1.0000000000,3,3,159,0116,2020_block_count_centroids
WADENA - 0120,5,5,1.0000000000,86,86,159,0120,2020_block_count_centroids
WADENA - 0125,5,5,1.0000000000,52,52,159,0125,2020_block_count_centroids
WASECA - 0005,19,19,1.0000000000,54,54,161,0005,2020_block_count_centroids
WASECA - 0010,19,19,1.0000000000,41,41,161,0010,2020_block_count_centroids
WASECA - 0015,23,23,1.0000000000,53,53,161,0015,2020_block_count_centroids
WASECA - 0020,19,19,1.0000000000,1,1,161,0020,2020_block_count_centroids
WASECA - 0025,23,23,1.0000000000,44,44,161,0025,2020_block_count_centroids
WASECA - 0030,19,19,1.0000000000,52,52,161,0030,2020_block_count_centroids
WASECA - 0035,19,19,1.0000000000,77,77,161,0035,2020_block_count_centroids
WASECA - 0045,19,19,1.0000000000,76,76,161,0045,2020_block_count_centroids
WASECA - 0050,23,23,1.0000000000,56,56,161,0050,2020_block_count_centroids
WASECA - 0055,23,23,1.0000000000,56,56,161,0055,2020_block_count_centroids
WASECA - 0060,23,23,1.0000000000,69,69,161,0060,2020_block_count_centroids
WASECA - 0065,19,19,1.0000000000,69,69,161,0065,2020_block_count_centroids
WASECA - 0070,23,23,1.0000000000,44,44,161,0070,2020_block_count_centroids
WASECA - 0075,23,23,1.0000000000,28,28,161,0075,2020_block_count_centroids
WASECA - 0080,19,19,1.0000000000,34,34,161,0080,2020_block_count_centroids
WASECA - 0085,19,19,1.0000000000,43,43,161,0085,2020_block_count_centroids
WASECA - 0090,19,19,1.0000000000,40,40,161,0090,2020_block_count_centroids
WASECA - 0095,19,19,1.0000000000,28,28,161,0095,2020_block_count_centroids
WASECA - 0100,19,19,1.0000000000,38,38,161,0100,2020_block_count_centroids
WASECA - 0105,19,19,1.0000000000,39,39,161,0105,2020_block_count_centroids
WASECA - 0110,23,23,1.0000000000,52,52,161,0110,2020_block_count_centroids
WASECA - 0115,19,19,1.0000000000,74,74,161,0115,2020_block_count_centroids
WASHINGTON - 0006,41,41,1.0000000000,18,18,163,0006,2020_block_count_centroids
WASHINGTON - 0011,41,41,1.0000000000,16,16,163,0011,2020_block_count_centroids
WASHINGTON - 0016,41,41,1.0000000000,13,13,163,0016,2020_block_count_centroids
WASHINGTON - 0021,41,41,1.0000000000,15,15,163,0021,2020_block_count_centroids
WASHINGTON - 0035,33,33,1.0000000000,106,106,163,0035,2020_block_count_centroids
WASHINGTON - 0045,33,33,0.1081081081,4,37,163,0045,2020_block_count_centroids
WASHINGTON - 0045,41,41,0.8918918919,33,37,163,0045,2020_block_count_centroids
WASHINGTON - 0050,36,36,1.0000000000,8,8,163,0050,2020_block_count_centroids
WASHINGTON - 0055,41,41,1.0000000000,45,45,163,0055,2020_block_count_centroids
WASHINGTON - 0060,41,41,0.5333333333,32,60,163,0060,2020_block_count_centroids
WASHINGTON - 0060,53,53,0.4666666667,28,60,163,0060,2020_block_count_centroids
WASHINGTON - 0065,53,53,1.0000000000,38,38,163,0065,2020_block_count_centroids
WASHINGTON - 0070,41,41,1.0000000000,27,27,163,0070,2020_block_count_centroids
WASHINGTON - 0075,41,41,0.8611111111,31,36,163,0075,2020_block_count_centroids
WASHINGTON - 0075,53,53,0.1388888889,5,36,163,0075,2020_block_count_centroids
WASHINGTON - 0080,41,41,1.0000000000,15,15,163,0080,2020_block_count_centroids
WASHINGTON - 0085,41,41,1.0000000000,24,24,163,0085,2020_block_count_centroids
WASHINGTON - 0090,41,41,0.9047619048,57,63,163,0090,2020_block_count_centroids
WASHINGTON - 0090,53,53,0.0952380952,6,63,163,0090,2020_block_count_centroids
WASHINGTON - 0095,41,41,1.0000000000,24,24,163,0095,2020_block_count_centroids
WASHINGTON - 0100,41,41,1.0000000000,28,28,163,0100,2020_block_count_centroids
WASHINGTON - 0105,41,41,1.0000000000,32,32,163,0105,2020_block_count_centroids
WASHINGTON - 0110,41,41,1.0000000000,24,24,163,0110,2020_block_count_centroids
WASHINGTON - 0115,33,33,1.0000000000,35,35,163,0115,2020_block_count_centroids
WASHINGTON - 0120,41,41,1.0000000000,53,53,163,0120,2020_block_count_centroids
WASHINGTON - 0125,33,33,1.0000000000,104,104,163,0125,2020_block_count_centroids
WASHINGTON - 0130,33,33,1.0000000000,61,61,163,0130,2020_block_count_centroids
WASHINGTON - 0135,33,33,1.0000000000,168,168,163,0135,2020_block_count_centroids
WASHINGTON - 0140,33,33,0.5849056604,62,106,163,0140,2020_block_count_centroids
WASHINGTON - 0140,41,41,0.4150943396,44,106,163,0140,2020_block_count_centroids
WASHINGTON - 0150,41,41,0.0740740741,2,27,163,0150,2020_block_count_centroids
WASHINGTON - 0150,53,53,0.9259259259,25,27,163,0150,2020_block_count_centroids
WASHINGTON - 0155,41,41,1.0000000000,14,14,163,0155,2020_block_count_centroids
WASHINGTON - 0160,33,33,1.0000000000,77,77,163,0160,2020_block_count_centroids
WASHINGTON - 0165,33,33,1.0000000000,88,88,163,0165,2020_block_count_centroids
WASHINGTON - 0170,33,33,1.0000000000,22,22,163,0170,2020_block_count_centroids
WASHINGTON - 0171,33,33,1.0000000000,30,30,163,0171,2020_block_count_centroids
WASHINGTON - 0175,41,41,0.9396551724,109,116,163,0175,2020_block_count_centroids
WASHINGTON - 0175,44,44,0.0258620690,3,116,163,0175,2020_block_count_centroids
WASHINGTON - 0175,47,47,0.0344827586,4,116,163,0175,2020_block_count_centroids
WASHINGTON - 0180,41,41,0.9230769231,72,78,163,0180,2020_block_count_centroids
WASHINGTON - 0180,44,44,0.0769230769,6,78,163,0180,2020_block_count_centroids
WASHINGTON - 0182,33,33,0.3076923077,4,13,163,0182,2020_block_count_centroids
WASHINGTON - 0182,41,41,0.6923076923,9,13,163,0182,2020_block_count_centroids
WASHINGTON - 0185,41,41,1.0000000000,63,63,163,0185,2020_block_count_centroids
WASHINGTON - 0190,41,41,1.0000000000,11,11,163,0190,2020_block_count_centroids
WASHINGTON - 0195,41,41,1.0000000000,64,64,163,0195,2020_block_count_centroids
WASHINGTON - 0200,44,44,1.0000000000,19,19,163,0200,2020_block_count_centroids
WASHINGTON - 0205,33,33,0.9885057471,86,87,163,0205,2020_block_count_centroids
WASHINGTON - 0205,36,36,0.0114942529,1,87,163,0205,2020_block_count_centroids
WASHINGTON - 0206,33,33,0.9259259259,50,54,163,0206,2020_block_count_centroids
WASHINGTON - 0206,36,36,0.0185185185,1,54,163,0206,2020_block_count_centroids
WASHINGTON - 0206,44,44,0.0555555556,3,54,163,0206,2020_block_count_centroids
WASHINGTON - 0210,33,33,1.0000000000,34,34,163,0210,2020_block_count_centroids
WASHINGTON - 0215,33,33,1.0000000000,98,98,163,0215,2020_block_count_centroids
WASHINGTON - 0220,53,53,1.0000000000,44,44,163,0220,2020_block_count_centroids
WASHINGTON - 0225,47,47,0.0256410256,2,78,163,0225,2020_block_count_centroids
WASHINGTON - 0225,53,53,0.9743589744,76,78,163,0225,2020_block_count_centroids
WASHINGTON - 0230,33,33,1.0000000000,110,110,163,0230,2020_block_count_centroids
WASHINGTON - 0235,44,44,0.9761904762,41,42,163,0235,2020_block_count_centroids
WASHINGTON - 0235,47,47,0.0238095238,1,42,163,0235,2020_block_count_centroids
WASHINGTON - 0240,44,44,1.0000000000,34,34,163,0240,2020_block_count_centroids
WASHINGTON - 0245,44,44,1.0000000000,45,45,163,0245,2020_block_count_centroids
WASHINGTON - 0250,44,44,1.0000000000,70,70,163,0250,2020_block_count_centroids
WASHINGTON - 0255,44,44,1.0000000000,57,57,163,0255,2020_block_count_centroids
WASHINGTON - 0260,41,41,0.0120481928,1,83,163,0260,2020_block_count_centroids
WASHINGTON - 0260,44,44,0.9518072289,79,83,163,0260,2020_block_count_centroids
WASHINGTON - 0260,47,47,0.0361445783,3,83,163,0260,2020_block_count_centroids
WASHINGTON - 0265,33,33,1.0000000000,53,53,163,0265,2020_block_count_centroids
WASHINGTON - 0266,33,33,0.9500000000,57,60,163,0266,2020_block_count_centroids
WASHINGTON - 0266,41,41,0.0500000000,3,60,163,0266,2020_block_count_centroids
WASHINGTON - 0270,33,33,0.1071428571,3,28,163,0270,2020_block_count_centroids
WASHINGTON - 0270,41,41,0.0357142857,1,28,163,0270,2020_block_count_centroids
WASHINGTON - 0270,44,44,0.8571428571,24,28,163,0270,2020_block_count_centroids
WASHINGTON - 0275,41,41,1.0000000000,25,25,163,0275,2020_block_count_centroids
WASHINGTON - 0280,53,53,1.0000000000,91,91,163,0280,2020_block_count_centroids
WASHINGTON - 0285,41,41,0.0208333333,1,48,163,0285,2020_block_count_centroids
WASHINGTON - 0285,53,53,0.9791666667,47,48,163,0285,2020_block_count_centroids
WASHINGTON - 0290,53,53,1.0000000000,41,41,163,0290,2020_block_count_centroids
WASHINGTON - 0296,33,33,1.0000000000,102,102,163,0296,2020_block_count_centroids
WASHINGTON - 0306,33,33,1.0000000000,96,96,163,0306,2020_block_count_centroids
WASHINGTON - 0316,33,33,1.0000000000,65,65,163,0316,2020_block_count_centroids
WASHINGTON - 0326,33,33,1.0000000000,88,88,163,0326,2020_block_count_centroids
WASHINGTON - 0340,33,33,0.9629629630,52,54,163,0340,2020_block_count_centroids
WASHINGTON - 0340,41,41,0.0370370370,2,54,163,0340,2020_block_count_centroids
WASHINGTON - 0350,41,41,1.0000000000,68,68,163,0350,2020_block_count_centroids
WASHINGTON - 0355,36,36,1.0000000000,9,9,163,0355,2020_block_count_centroids
WASHINGTON - 0360,33,33,1.0000000000,37,37,163,0360,2020_block_count_centroids
WASHINGTON - 0365,47,47,1.0000000000,60,60,163,0365,2020_block_count_centroids
WASHINGTON - 0370,47,47,1.0000000000,76,76,163,0370,2020_block_count_centroids
WASHINGTON - 0375,47,47,1.0000000000,55,55,163,0375,2020_block_count_centroids
WASHINGTON - 0380,47,47,1.0000000000,41,41,163,0380,2020_block_count_centroids
WASHINGTON - 0385,47,47,1.0000000000,41,41,163,0385,2020_block_count_centroids
WASHINGTON - 0390,47,47,1.0000000000,50,50,163,0390,2020_block_count_centroids
WASHINGTON - 0395,47,47,1.0000000000,44,44,163,0395,2020_block_count_centroids
WASHINGTON - 0400,47,47,1.0000000000,37,37,163,0400,2020_block_count_centroids
WASHINGTON - 0405,47,47,0.9892473118,92,93,163,0405,2020_block_count_centroids
WASHINGTON - 0405,53,53,0.0107526882,1,93,163,0405,2020_block_count_centroids
WASHINGTON - 0410,47,47,1.0000000000,46,46,163,0410,2020_block_count_centroids
WASHINGTON - 0415,47,47,1.0000000000,204,204,163,0415,2020_block_count_centroids
WATONWAN - 0005,21,21,1.0000000000,49,49,165,0005,2020_block_count_centroids
WATONWAN - 0010,22,22,1.0000000000,44,44,165,0010,2020_block_count_centroids
WATONWAN - 0015,21,21,1.0000000000,45,45,165,0015,2020_block_count_centroids
WATONWAN - 0020,21,21,1.0000000000,55,55,165,0020,2020_block_count_centroids
WATONWAN - 0025,21,21,1.0000000000,23,23,165,0025,2020_block_count_centroids
WATONWAN - 0030,22,22,1.0000000000,56,56,165,0030,2020_block_count_centroids
WATONWAN - 0035,22,22,1.0000000000,7,7,165,0035,2020_block_count_centroids
WATONWAN - 0040,22,22,1.0000000000,28,28,165,0040,2020_block_count_centroids
WATONWAN - 0045,21,21,1.0000000000,54,54,165,0045,2020_block_count_centroids
WATONWAN - 0050,22,22,1.0000000000,46,46,165,0050,2020_block_count_centroids
WATONWAN - 0055,22,22,1.0000000000,55,55,165,0055,2020_block_count_centroids
WATONWAN - 0060,22,22,1.0000000000,62,62,165,0060,2020_block_count_centroids
WATONWAN - 0065,21,21,1.0000000000,61,61,165,0065,2020_block_count_centroids
WATONWAN - 0070,21,21,1.0000000000,16,16,165,0070,2020_block_count_centroids
WATONWAN - 0075,21,21,1.0000000000,50,50,165,0075,2020_block_count_centroids
WATONWAN - 0080,21,21,1.0000000000,6,6,165,0080,2020_block_count_centroids
WATONWAN - 0085,22,22,1.0000000000,54,54,165,0085,2020_block_count_centroids
WATONWAN - 0090,21,21,0.0357142857,2,56,165,0090,2020_block_count_centroids
WATONWAN - 0090,22,22,0.9642857143,54,56,165,0090,2020_block_count_centroids
WATONWAN - 0095,21,21,1.0000000000,84,84,165,0095,2020_block_count_centroids
WATONWAN - 0110,21,21,0.9892473118,92,93,165,0110,2020_block_count_centroids
WATONWAN - 0110,22,22,0.0107526882,1,93,165,0110,2020_block_count_centroids
WATONWAN - 0125,21,21,1.0000000000,55,55,165,0125,2020_block_count_centroids
WATONWAN - 0135,22,22,1.0000000000,51,51,165,0135,2020_block_count_centroids
WILKIN - 0005,9,9,1.0000000000,34,34,167,0005,2020_block_count_centroids
WILKIN - 0010,9,9,1.0000000000,43,43,167,0010,2020_block_count_centroids
WILKIN - 0015,9,9,1.0000000000,45,45,167,0015,2020_block_count_centroids
WILKIN - 0020,9,9,1.0000000000,35,35,167,0020,2020_block_count_centroids
WILKIN - 0025,9,9,1.0000000000,67,67,167,0025,2020_block_count_centroids
WILKIN - 0030,9,9,1.0000000000,58,58,167,0030,2020_block_count_centroids
WILKIN - 0035,9,9,1.0000000000,88,88,167,0035,2020_block_count_centroids
WILKIN - 0040,9,9,1.0000000000,58,58,167,0040,2020_block_count_centroids
WILKIN - 0050,9,9,1.0000000000,38,38,167,0050,2020_block_count_centroids
WILKIN - 0055,9,9,1.0000000000,28,28,167,0055,2020_block_count_centroids
WILKIN - 0060,9,9,1.0000000000,61,61,167,0060,2020_block_count_centroids
WILKIN - 0065,9,9,1.0000000000,47,47,167,0065,2020_block_count_centroids
WILKIN - 0070,9,9,1.0000000000,36,36,167,0070,2020_block_count_centroids
WILKIN - 0075,9,9,1.0000000000,44,44,167,0075,2020_block_count_centroids
WILKIN - 0077,9,9,1.0000000000,14,14,167,0077,2020_block_count_centroids
WILKIN - 0080,9,9,1.0000000000,19,19,167,0080,2020_block_count_centroids
WILKIN - 0085,9,9,1.0000000000,38,38,167,0085,2020_block_count_centroids
WILKIN - 0090,9,9,1.0000000000,13,13,167,0090,2020_block_count_centroids
WILKIN - 0095,9,9,1.0000000000,22,22,167,0095,2020_block_count_centroids
WILKIN - 0100,9,9,1.0000000000,49,49,167,0100,2020_block_count_centroids
WILKIN - 0105,9,9,1.0000000000,42,42,167,0105,2020_block_count_centroids
WILKIN - 0110,9,9,1.0000000000,36,36,167,0110,2020_block_count_centroids
WILKIN - 0112,9,9,1.0000000000,10,10,167,0112,2020_block_count_centroids
WILKIN - 0115,9,9,1.0000000000,40,40,167,0115,2020_block_count_centroids
WILKIN - 0120,9,9,1.0000000000,38,38,167,0120,2020_block_count_centroids
WILKIN - 0125,9,9,1.0000000000,50,50,167,0125,2020_block_count_centroids
WILKIN - 0130,9,9,1.0000000000,27,27,167,0130,2020_block_count_centroids
WILKIN - 0135,9,9,1.0000000000,27,27,167,0135,2020_block_count_centroids
WILKIN - 0140,9,9,1.0000000000,40,40,167,0140,2020_block_count_centroids
WILKIN - 0145,9,9,1.0000000000,33,33,167,0145,2020_block_count_centroids
WILKIN - 0147,9,9,1.0000000000,1,1,167,0147,2020_block_count_centroids
WILKIN - 0150,9,9,1.0000000000,16,16,167,0150,2020_block_count_centroids
WILKIN - 0155,9,9,1.0000000000,47,47,167,0155,2020_block_count_centroids
WINONA - 0005,20,20,1.0000000000,21,21,169,0005,2020_block_count_centroids
WINONA - 0010,26,26,1.0000000000,26,26,169,0010,2020_block_count_centroids
WINONA - 0015,26,26,1.0000000000,33,33,169,0015,2020_block_count_centroids
WINONA - 0020,20,20,1.0000000000,15,15,169,0020,2020_block_count_centroids
WINONA - 0025,20,20,1.0000000000,40,40,169,0025,2020_block_count_centroids
WINONA - 0030,26,26,1.0000000000,48,48,169,0030,2020_block_count_centroids
WINONA - 0035,26,26,1.0000000000,56,56,169,0035,2020_block_count_centroids
WINONA - 0040,26,26,1.0000000000,42,42,169,0040,2020_block_count_centroids
WINONA - 0045,26,26,1.0000000000,31,31,169,0045,2020_block_count_centroids
WINONA - 0050,20,20,0.0270270270,1,37,169,0050,2020_block_count_centroids
WINONA - 0050,26,26,0.9729729730,36,37,169,0050,2020_block_count_centroids
WINONA - 0055,26,26,1.0000000000,58,58,169,0055,2020_block_count_centroids
WINONA - 0057,26,26,1.0000000000,1,1,169,0057,2020_block_count_centroids
WINONA - 0060,26,26,1.0000000000,37,37,169,0060,2020_block_count_centroids
WINONA - 0065,20,20,1.0000000000,10,10,169,0065,2020_block_count_centroids
WINONA - 0070,26,26,1.0000000000,17,17,169,0070,2020_block_count_centroids
WINONA - 0075,20,20,1.0000000000,28,28,169,0075,2020_block_count_centroids
WINONA - 0080,26,26,1.0000000000,68,68,169,0080,2020_block_count_centroids
WINONA - 0085,20,20,1.0000000000,36,36,169,0085,2020_block_count_centroids
WINONA - 0090,26,26,1.0000000000,42,42,169,0090,2020_block_count_centroids
WINONA - 0095,26,26,1.0000000000,34,34,169,0095,2020_block_count_centroids
WINONA - 0100,26,26,1.0000000000,17,17,169,0100,2020_block_count_centroids
WINONA - 0105,26,26,1.0000000000,121,121,169,0105,2020_block_count_centroids
WINONA - 0110,20,20,1.0000000000,141,141,169,0110,2020_block_count_centroids
WINONA - 0115,20,20,1.0000000000,60,60,169,0115,2020_block_count_centroids
WINONA - 0120,20,20,1.0000000000,50,50,169,0120,2020_block_count_centroids
WINONA - 0125,26,26,1.0000000000,30,30,169,0125,2020_block_count_centroids
WINONA - 0130,20,20,1.0000000000,15,15,169,0130,2020_block_count_centroids
WINONA - 0135,20,20,0.0161290323,1,62,169,0135,2020_block_count_centroids
WINONA - 0135,26,26,0.9838709677,61,62,169,0135,2020_block_count_centroids
WINONA - 0140,26,26,1.0000000000,63,63,169,0140,2020_block_count_centroids
WINONA - 0145,20,20,1.0000000000,29,29,169,0145,2020_block_count_centroids
WINONA - 0150,26,26,1.0000000000,65,65,169,0150,2020_block_count_centroids
WINONA - 0155,26,26,1.0000000000,55,55,169,0155,2020_block_count_centroids
WINONA - 0160,26,26,1.0000000000,28,28,169,0160,2020_block_count_centroids
WINONA - 0165,26,26,1.0000000000,40,40,169,0165,2020_block_count_centroids
WINONA - 0170,26,26,1.0000000000,21,21,169,0170,2020_block_count_centroids
WINONA - 0175,26,26,1.0000000000,43,43,169,0175,2020_block_count_centroids
WINONA - 0180,26,26,1.0000000000,44,44,169,0180,2020_block_count_centroids
WINONA - 0185,26,26,1.0000000000,41,41,169,0185,2020_block_count_centroids
WINONA - 0190,26,26,1.0000000000,47,47,169,0190,2020_block_count_centroids
WINONA - 0195,26,26,1.0000000000,112,112,169,0195,2020_block_count_centroids
WINONA - 0200,26,26,1.0000000000,29,29,169,0200,2020_block_count_centroids
WINONA - 0205,26,26,1.0000000000,24,24,169,0205,2020_block_count_centroids
WINONA - 0210,26,26,1.0000000000,57,57,169,0210,2020_block_count_centroids
WINONA - 0215,26,26,1.0000000000,76,76,169,0215,2020_block_count_centroids
WINONA - 0220,26,26,1.0000000000,68,68,169,0220,2020_block_count_centroids
WINONA - 0225,26,26,1.0000000000,87,87,169,0225,2020_block_count_centroids
WINONA - 0230,26,26,1.0000000000,52,52,169,0230,2020_block_count_centroids
WINONA - 0235,26,26,1.0000000000,4,4,169,0235,2020_block_count_centroids
WINONA - 0240,26,26,1.0000000000,34,34,169,0240,2020_block_count_centroids
WRIGHT - 0005,30,30,1.0000000000,103,103,171,0005,2020_block_count_centroids
WRIGHT - 0010,29,29,1.0000000000,79,79,171,0010,2020_block_count_centroids
WRIGHT - 0015,29,29,1.0000000000,70,70,171,0015,2020_block_count_centroids
WRIGHT - 0020,29,29,1.0000000000,109,109,171,0020,2020_block_count_centroids
WRIGHT - 0025,29,29,1.0000000000,97,97,171,0025,2020_block_count_centroids
WRIGHT - 0030,29,29,0.9750000000,39,40,171,0030,2020_block_count_centroids
WRIGHT - 0030,30,30,0.0250000000,1,40,171,0030,2020_block_count_centroids
WRIGHT - 0035,29,29,1.0000000000,79,79,171,0035,2020_block_count_centroids
WRIGHT - 0040,29,29,1.0000000000,71,71,171,0040,2020_block_count_centroids
WRIGHT - 0045,29,29,1.0000000000,39,39,171,0045,2020_block_count_centroids
WRIGHT - 0050,29,29,1.0000000000,95,95,171,0050,2020_block_count_centroids
WRIGHT - 0055,17,17,1.0000000000,55,55,171,0055,2020_block_count_centroids
WRIGHT - 0060,17,17,1.0000000000,83,83,171,0060,2020_block_count_centroids
WRIGHT - 0065,29,29,1.0000000000,87,87,171,0065,2020_block_count_centroids
WRIGHT - 0070,34,34,1.0000000000,2,2,171,0070,2020_block_count_centroids
WRIGHT - 0075,29,29,1.0000000000,83,83,171,0075,2020_block_count_centroids
WRIGHT - 0085,29,29,1.0000000000,132,132,171,0085,2020_block_count_centroids
WRIGHT - 0090,29,29,1.0000000000,89,89,171,0090,2020_block_count_centroids
WRIGHT - 0095,30,30,1.0000000000,43,43,171,0095,2020_block_count_centroids
WRIGHT - 0100,29,29,1.0000000000,61,61,171,0100,2020_block_count_centroids
WRIGHT - 0105,29,29,1.0000000000,60,60,171,0105,2020_block_count_centroids
WRIGHT - 0110,29,29,1.0000000000,108,108,171,0110,2020_block_count_centroids
WRIGHT - 0115,29,29,1.0000000000,121,121,171,0115,2020_block_count_centroids
WRIGHT - 0120,29,29,1.0000000000,80,80,171,0120,2020_block_count_centroids
WRIGHT - 0125,29,29,1.0000000000,185,185,171,0125,2020_block_count_centroids
WRIGHT - 0130,29,29,0.9791666667,188,192,171,0130,2020_block_count_centroids
WRIGHT - 0130,30,30,0.0208333333,4,192,171,0130,2020_block_count_centroids
WRIGHT - 0135,29,29,1.0000000000,21,21,171,0135,2020_block_count_centroids
WRIGHT - 0140,30,30,1.0000000000,279,279,171,0140,2020_block_count_centroids
WRIGHT - 0145,29,29,1.0000000000,62,62,171,0145,2020_block_count_centroids
WRIGHT - 0150,29,29,0.1923076923,35,182,171,0150,2020_block_count_centroids
WRIGHT - 0150,30,30,0.8076923077,147,182,171,0150,2020_block_count_centroids
WRIGHT - 0155,30,30,1.0000000000,271,271,171,0155,2020_block_count_centroids
WRIGHT - 0160,29,29,1.0000000000,116,116,171,0160,2020_block_count_centroids
WRIGHT - 0165,29,29,1.0000000000,19,19,171,0165,2020_block_count_centroids
WRIGHT - 0170,29,29,1.0000000000,85,85,171,0170,2020_block_count_centroids
WRIGHT - 0175,17,17,1.0000000000,51,51,171,0175,2020_block_count_centroids
WRIGHT - 0180,29,29,1.0000000000,63,63,171,0180,2020_block_count_centroids
WRIGHT - 0185,29,29,1.0000000000,33,33,171,0185,2020_block_count_centroids
WRIGHT - 0190,29,29,1.0000000000,118,118,171,0190,2020_block_count_centroids
YELLOW MEDICINE - 0005,15,15,1.0000000000,49,49,173,0005,2020_block_count_centroids
YELLOW MEDICINE - 0010,15,15,1.0000000000,60,60,173,0010,2020_block_count_centroids
YELLOW MEDICINE - 0015,15,15,1.0000000000,74,74,173,0015,2020_block_count_centroids
YELLOW MEDICINE - 0020,15,15,1.0000000000,81,81,173,0020,2020_block_count_centroids
YELLOW MEDICINE - 0025,15,15,1.0000000000,37,37,173,0025,2020_block_count_centroids
YELLOW MEDICINE - 0030,15,15,1.0000000000,52,52,173,0030,2020_block_count_centroids
YELLOW MEDICINE - 0035,15,15,1.0000000000,38,38,173,0035,2020_block_count_centroids
YELLOW MEDICINE - 0040,15,15,1.0000000000,32,32,173,0040,2020_block_count_centroids
YELLOW MEDICINE - 0045,15,15,1.0000000000,59,59,173,0045,2020_block_count_centroids
YELLOW MEDICINE - 0050,15,15,1.0000000000,36,36,173,0050,2020_block_count_centroids
YELLOW MEDICINE - 0055,15,15,1.0000000000,42,42,173,0055,2020_block_count_centroids
YELLOW MEDICINE - 0060,15,15,1.0000000000,31,31,173,0060,2020_block_count_centroids
YELLOW MEDICINE - 0065,15,15,1.0000000000,49,49,173,0065,2020_block_count_centroids
YELLOW MEDICINE - 0070,15,15,1.0000000000,33,33,173,0070,2020_block_count_centroids
YELLOW MEDICINE - 0075,15,15,1.0000000000,7,7,173,0075,2020_block_count_centroids
YELLOW MEDICINE - 0080,15,15,1.0000000000,48,48,173,0080,2020_block_count_centroids
YELLOW MEDICINE - 0085,15,15,1.0000000000,54,54,173,0085,2020_block_count_centroids
YELLOW MEDICINE - 0090,15,15,1.0000000000,98,98,173,0090,2020_block_count_centroids
YELLOW MEDICINE - 0095,15,15,1.0000000000,44,44,173,0095,2020_block_count_centroids
YELLOW MEDICINE - 0100,15,15,1.0000000000,56,56,173,0100,2020_block_count_centroids
YELLOW MEDICINE - 0105,15,15,1.0000000000,51,51,173,0105,2020_block_count_centroids
YELLOW MEDICINE - 0110,15,15,1.0000000000,53,53,173,0110,2020_block_count_centroids
YELLOW MEDICINE - 0115,15,15,1.0000000000,28,28,173,0115,2020_block_count_centroids
YELLOW MEDICINE - 0120,15,15,1.0000000000,50,50,173,0120,2020_block_count_centroids
YELLOW MEDICINE - 0125,15,15,1.0000000000,5,5,173,0125,2020_block_count_centroids
YELLOW MEDICINE - 0130,15,15,1.0000000000,79,79,173,0130,2020_block_count_centroids
YELLOW MEDICINE - 0135,15,15,1.0000000000,60,60,173,0135,2020_block_count_centroids
YELLOW MEDICINE - 0140,15,15,1.0000000000,77,77,173,0140,2020_block_count_centroids
YELLOW MEDICINE - 0145,15,15,1.0000000000,57,57,173,0145,2020_block_count_centroids
YELLOW MEDICINE - 0150,15,15,1.0000000000,53,53,173,0150,2020_block_count_centroids
YELLOW MEDICINE - 0155,15,15,1.0000000000,41,41,173,0155,2020_block_count_centroids
YELLOW MEDICINE - 0160,15,15,1.0000000000,37,37,173,0160,2020_block_count_centroids
YELLOW MEDICINE - 0165,15,15,1.0000000000,63,63,173,0165,2020_block_count_centroids
