vtd00_key,district_num,district_code,area_weight,block_count,total_blocks,countyfp,vtdst00,weight_method
AITKIN - 0005,10A,10A,1.0000000000,87,87,001,0005,2020_block_count_centroids
AITKIN - 0010,07A,07A,0.0119047619,1,84,001,0010,2020_block_count_centroids
AITKIN - 0010,10A,10A,0.9880952381,83,84,001,0010,2020_block_count_centroids
AITKIN - 0015,07A,07A,1.0000000000,50,50,001,0015,2020_block_count_centroids
AITKIN - 0020,07A,07A,1.0000000000,14,14,001,0020,2020_block_count_centroids
AITKIN - 0025,10A,10A,1.0000000000,10,10,001,0025,2020_block_count_centroids
AITKIN - 0030,07A,07A,1.0000000000,29,29,001,0030,2020_block_count_centroids
AITKIN - 0035,07A,07A,1.0000000000,15,15,001,0035,2020_block_count_centroids
AITKIN - 0036,10A,10A,1.0000000000,23,23,001,0036,2020_block_count_centroids
AITKIN - 0040,06A,06A,0.0136986301,1,73,001,0040,2020_block_count_centroids
AITKIN - 0040,10A,10A,0.9863013699,72,73,001,0040,2020_block_count_centroids
AITKIN - 0045,07A,07A,1.0000000000,47,47,001,0045,2020_block_count_centroids
AITKIN - 0050,10A,10A,1.0000000000,32,32,001,0050,2020_block_count_centroids
AITKIN - 0055,07A,07A,1.0000000000,29,29,001,0055,2020_block_count_centroids
AITKIN - 0060,10A,10A,1.0000000000,47,47,001,0060,2020_block_count_centroids
AITKIN - 0065,07A,07A,1.0000000000,58,58,001,0065,2020_block_count_centroids
AITKIN - 0070,07A,07A,1.0000000000,44,44,001,0070,2020_block_count_centroids
AITKIN - 0075,10A,10A,1.0000000000,15,15,001,0075,2020_block_count_centroids
AITKIN - 0080,07A,07A,1.0000000000,32,32,001,0080,2020_block_count_centroids
AITKIN - 0081,10A,10A,1.0000000000,4,4,001,0081,2020_block_count_centroids
AITKIN - 0085,10A,10A,1.0000000000,38,38,001,0085,2020_block_count_centroids
AITKIN - 0090,10A,10A,1.0000000000,50,50,001,0090,2020_block_count_centroids
AITKIN - 0095,10A,10A,1.0000000000,7,7,001,0095,2020_block_count_centroids
AITKIN - 0100,07A,07A,1.0000000000,18,18,001,0100,2020_block_count_centroids
AITKIN - 0105,07A,07A,1.0000000000,17,17,001,0105,2020_block_count_centroids
AITKIN - 0110,07A,07A,1.0000000000,42,42,001,0110,2020_block_count_centroids
AITKIN - 0115,10A,10A,1.0000000000,12,12,001,0115,2020_block_count_centroids
AITKIN - 0120,07A,07A,1.0000000000,24,24,001,0120,2020_block_count_centroids
AITKIN - 0125,07A,07A,1.0000000000,35,35,001,0125,2020_block_count_centroids
AITKIN - 0130,07A,07A,1.0000000000,33,33,001,0130,2020_block_count_centroids
AITKIN - 0132,10A,10A,1.0000000000,7,7,001,0132,2020_block_count_centroids
AITKIN - 0135,10A,10A,1.0000000000,27,27,001,0135,2020_block_count_centroids
AITKIN - 0140,07A,07A,1.0000000000,46,46,001,0140,2020_block_count_centroids
AITKIN - 0145,10A,10A,1.0000000000,58,58,001,0145,2020_block_count_centroids
AITKIN - 0146,07A,07A,1.0000000000,18,18,001,0146,2020_block_count_centroids
AITKIN - 0147,07A,07A,1.0000000000,114,114,001,0147,2020_block_count_centroids
AITKIN - 0150,07A,07A,1.0000000000,17,17,001,0150,2020_block_count_centroids
AITKIN - 0155,10A,10A,1.0000000000,15,15,001,0155,2020_block_count_centroids
AITKIN - 0160,10A,10A,1.0000000000,18,18,001,0160,2020_block_count_centroids
AITKIN - 0165,10A,10A,1.0000000000,24,24,001,0165,2020_block_count_centroids
AITKIN - 0170,10A,10A,1.0000000000,7,7,001,0170,2020_block_count_centroids
AITKIN - 0175,07A,07A,1.0000000000,104,104,001,0175,2020_block_count_centroids
AITKIN - 0176,10A,10A,1.0000000000,5,5,001,0176,2020_block_count_centroids
AITKIN - 0180,10A,10A,1.0000000000,34,34,001,0180,2020_block_count_centroids
AITKIN - 0185,10A,10A,1.0000000000,54,54,001,0185,2020_block_count_centroids
AITKIN - 0190,07A,07A,1.0000000000,14,14,001,0190,2020_block_count_centroids
AITKIN - 0195,07A,07A,1.0000000000,33,33,001,0195,2020_block_count_centroids
AITKIN - 0200,07A,07A,1.0000000000,25,25,001,0200,2020_block_count_centroids
AITKIN - 0205,10A,10A,1.0000000000,27,27,001,0205,2020_block_count_centroids
AITKIN - 0210,07A,07A,1.0000000000,31,31,001,0210,2020_block_count_centroids
AITKIN - 0215,10A,10A,1.0000000000,21,21,001,0215,2020_block_count_centroids
AITKIN - 0220,10A,10A,1.0000000000,13,13,001,0220,2020_block_count_centroids
AITKIN - 0225,10A,10A,1.0000000000,26,26,001,0225,2020_block_count_centroids
AITKIN - 0230,07A,07A,1.0000000000,39,39,001,0230,2020_block_count_centroids
ANOKA - 0005,31A,31A,1.0000000000,68,68,003,0005,2020_block_count_centroids
ANOKA - 0010,31A,31A,0.5254237288,31,59,003,0010,2020_block_count_centroids
ANOKA - 0010,35A,35A,0.0169491525,1,59,003,0010,2020_block_count_centroids
ANOKA - 0010,35B,35B,0.4576271186,27,59,003,0010,2020_block_count_centroids
ANOKA - 0015,35B,35B,1.0000000000,68,68,003,0015,2020_block_count_centroids
ANOKA - 0016,31A,31A,0.7560975610,31,41,003,0016,2020_block_count_centroids
ANOKA - 0016,31B,31B,0.2439024390,10,41,003,0016,2020_block_count_centroids
ANOKA - 0020,31B,31B,1.0000000000,56,56,003,0020,2020_block_count_centroids
ANOKA - 0021,31A,31A,0.9701492537,65,67,003,0021,2020_block_count_centroids
ANOKA - 0021,35A,35A,0.0298507463,2,67,003,0021,2020_block_count_centroids
ANOKA - 0022,31A,31A,1.0000000000,18,18,003,0022,2020_block_count_centroids
ANOKA - 0023,31A,31A,1.0000000000,31,31,003,0023,2020_block_count_centroids
ANOKA - 0024,31B,31B,1.0000000000,63,63,003,0024,2020_block_count_centroids
ANOKA - 0025,35A,35A,1.0000000000,48,48,003,0025,2020_block_count_centroids
ANOKA - 0030,35A,35A,1.0000000000,30,30,003,0030,2020_block_count_centroids
ANOKA - 0035,31A,31A,0.0178571429,1,56,003,0035,2020_block_count_centroids
ANOKA - 0035,35A,35A,0.9821428571,55,56,003,0035,2020_block_count_centroids
ANOKA - 0040,35A,35A,1.0000000000,43,43,003,0040,2020_block_count_centroids
ANOKA - 0045,35A,35A,1.0000000000,39,39,003,0045,2020_block_count_centroids
ANOKA - 0050,31A,31A,0.0235294118,2,85,003,0050,2020_block_count_centroids
ANOKA - 0050,35A,35A,0.9764705882,83,85,003,0050,2020_block_count_centroids
ANOKA - 0055,31A,31A,0.0384615385,1,26,003,0055,2020_block_count_centroids
ANOKA - 0055,35A,35A,0.9615384615,25,26,003,0055,2020_block_count_centroids
ANOKA - 0056,31A,31A,0.1538461538,4,26,003,0056,2020_block_count_centroids
ANOKA - 0056,35A,35A,0.8461538462,22,26,003,0056,2020_block_count_centroids
ANOKA - 0060,27B,27B,0.9473684211,18,19,003,0060,2020_block_count_centroids
ANOKA - 0060,31B,31B,0.0526315789,1,19,003,0060,2020_block_count_centroids
ANOKA - 0065,32B,32B,1.0000000000,36,36,003,0065,2020_block_count_centroids
ANOKA - 0070,32B,32B,1.0000000000,180,180,003,0070,2020_block_count_centroids
ANOKA - 0075,32B,32B,1.0000000000,34,34,003,0075,2020_block_count_centroids
ANOKA - 0080,32B,32B,1.0000000000,45,45,003,0080,2020_block_count_centroids
ANOKA - 0085,32A,32A,0.2342857143,41,175,003,0085,2020_block_count_centroids
ANOKA - 0085,32B,32B,0.7657142857,134,175,003,0085,2020_block_count_centroids
ANOKA - 0086,32B,32B,1.0000000000,24,24,003,0086,2020_block_count_centroids
ANOKA - 0090,32A,32A,0.1489361702,14,94,003,0090,2020_block_count_centroids
ANOKA - 0090,32B,32B,0.8510638298,80,94,003,0090,2020_block_count_centroids
ANOKA - 0091,32A,32A,1.0000000000,27,27,003,0091,2020_block_count_centroids
ANOKA - 0095,32A,32A,0.0851063830,4,47,003,0095,2020_block_count_centroids
ANOKA - 0095,32B,32B,0.9148936170,43,47,003,0095,2020_block_count_centroids
ANOKA - 0100,32B,32B,1.0000000000,36,36,003,0100,2020_block_count_centroids
ANOKA - 0105,32A,32A,1.0000000000,39,39,003,0105,2020_block_count_centroids
ANOKA - 0110,32A,32A,1.0000000000,78,78,003,0110,2020_block_count_centroids
ANOKA - 0111,32A,32A,1.0000000000,12,12,003,0111,2020_block_count_centroids
ANOKA - 0115,32A,32A,1.0000000000,46,46,003,0115,2020_block_count_centroids
ANOKA - 0120,32A,32A,1.0000000000,33,33,003,0120,2020_block_count_centroids
ANOKA - 0121,32A,32A,1.0000000000,26,26,003,0121,2020_block_count_centroids
ANOKA - 0124,32B,32B,1.0000000000,18,18,003,0124,2020_block_count_centroids
ANOKA - 0125,30B,30B,1.0000000000,116,116,003,0125,2020_block_count_centroids
ANOKA - 0126,32B,32B,1.0000000000,14,14,003,0126,2020_block_count_centroids
ANOKA - 0127,32B,32B,1.0000000000,25,25,003,0127,2020_block_count_centroids
ANOKA - 0128,32B,32B,1.0000000000,27,27,003,0128,2020_block_count_centroids
ANOKA - 0129,32A,32A,1.0000000000,23,23,003,0129,2020_block_count_centroids
ANOKA - 0130,36A,36A,1.0000000000,55,55,003,0130,2020_block_count_centroids
ANOKA - 0135,32B,32B,0.1111111111,3,27,003,0135,2020_block_count_centroids
ANOKA - 0135,36A,36A,0.8888888889,24,27,003,0135,2020_block_count_centroids
ANOKA - 0140,32B,32B,0.0512820513,2,39,003,0140,2020_block_count_centroids
ANOKA - 0140,36A,36A,0.9487179487,37,39,003,0140,2020_block_count_centroids
ANOKA - 0145,39B,39B,1.0000000000,44,44,003,0145,2020_block_count_centroids
ANOKA - 0150,39B,39B,1.0000000000,41,41,003,0150,2020_block_count_centroids
ANOKA - 0155,39B,39B,1.0000000000,21,21,003,0155,2020_block_count_centroids
ANOKA - 0160,39A,39A,0.1052631579,4,38,003,0160,2020_block_count_centroids
ANOKA - 0160,39B,39B,0.8947368421,34,38,003,0160,2020_block_count_centroids
ANOKA - 0165,39B,39B,1.0000000000,36,36,003,0165,2020_block_count_centroids
ANOKA - 0170,39A,39A,0.0606060606,2,33,003,0170,2020_block_count_centroids
ANOKA - 0170,39B,39B,0.9393939394,31,33,003,0170,2020_block_count_centroids
ANOKA - 0180,39A,39A,0.8461538462,33,39,003,0180,2020_block_count_centroids
ANOKA - 0180,39B,39B,0.1538461538,6,39,003,0180,2020_block_count_centroids
ANOKA - 0185,39A,39A,1.0000000000,43,43,003,0185,2020_block_count_centroids
ANOKA - 0190,31B,31B,0.0243902439,2,82,003,0190,2020_block_count_centroids
ANOKA - 0190,32A,32A,0.9756097561,80,82,003,0190,2020_block_count_centroids
ANOKA - 0195,35A,35A,1.0000000000,37,37,003,0195,2020_block_count_centroids
ANOKA - 0200,35A,35A,1.0000000000,34,34,003,0200,2020_block_count_centroids
ANOKA - 0205,35A,35A,1.0000000000,28,28,003,0205,2020_block_count_centroids
ANOKA - 0210,35A,35A,1.0000000000,33,33,003,0210,2020_block_count_centroids
ANOKA - 0215,35A,35A,1.0000000000,31,31,003,0215,2020_block_count_centroids
ANOKA - 0220,35A,35A,0.8764044944,78,89,003,0220,2020_block_count_centroids
ANOKA - 0220,35B,35B,0.1235955056,11,89,003,0220,2020_block_count_centroids
ANOKA - 0221,35A,35A,0.2894736842,11,38,003,0221,2020_block_count_centroids
ANOKA - 0221,35B,35B,0.7105263158,27,38,003,0221,2020_block_count_centroids
ANOKA - 0230,35B,35B,1.0000000000,56,56,003,0230,2020_block_count_centroids
ANOKA - 0235,35B,35B,1.0000000000,30,30,003,0235,2020_block_count_centroids
ANOKA - 0240,35B,35B,1.0000000000,33,33,003,0240,2020_block_count_centroids
ANOKA - 0245,34B,34B,0.0612244898,3,49,003,0245,2020_block_count_centroids
ANOKA - 0245,35B,35B,0.9387755102,46,49,003,0245,2020_block_count_centroids
ANOKA - 0250,35B,35B,1.0000000000,45,45,003,0250,2020_block_count_centroids
ANOKA - 0255,35B,35B,1.0000000000,40,40,003,0255,2020_block_count_centroids
ANOKA - 0260,35B,35B,1.0000000000,15,15,003,0260,2020_block_count_centroids
ANOKA - 0265,35A,35A,1.0000000000,22,22,003,0265,2020_block_count_centroids
ANOKA - 0270,35A,35A,1.0000000000,31,31,003,0270,2020_block_count_centroids
ANOKA - 0275,34B,34B,0.1829268293,15,82,003,0275,2020_block_count_centroids
ANOKA - 0275,35B,35B,0.8170731707,67,82,003,0275,2020_block_count_centroids
ANOKA - 0280,34B,34B,0.9833333333,59,60,003,0280,2020_block_count_centroids
ANOKA - 0280,39A,39A,0.0166666667,1,60,003,0280,2020_block_count_centroids
ANOKA - 0285,35A,35A,0.0681818182,3,44,003,0285,2020_block_count_centroids
ANOKA - 0285,35B,35B,0.9318181818,41,44,003,0285,2020_block_count_centroids
ANOKA - 0290,35A,35A,0.0232558140,1,43,003,0290,2020_block_count_centroids
ANOKA - 0290,35B,35B,0.9767441860,42,43,003,0290,2020_block_count_centroids
ANOKA - 0292,35A,35A,0.0714285714,2,28,003,0292,2020_block_count_centroids
ANOKA - 0292,35B,35B,0.9285714286,26,28,003,0292,2020_block_count_centroids
ANOKA - 0295,27B,27B,0.0303030303,2,66,003,0295,2020_block_count_centroids
ANOKA - 0295,31B,31B,0.9696969697,64,66,003,0295,2020_block_count_centroids
ANOKA - 0300,31B,31B,1.0000000000,98,98,003,0300,2020_block_count_centroids
ANOKA - 0301,31B,31B,1.0000000000,47,47,003,0301,2020_block_count_centroids
ANOKA - 0305,39A,39A,1.0000000000,39,39,003,0305,2020_block_count_centroids
ANOKA - 0310,39A,39A,1.0000000000,41,41,003,0310,2020_block_count_centroids
ANOKA - 0315,39A,39A,1.0000000000,47,47,003,0315,2020_block_count_centroids
ANOKA - 0320,39A,39A,1.0000000000,41,41,003,0320,2020_block_count_centroids
ANOKA - 0330,39A,39A,1.0000000000,48,48,003,0330,2020_block_count_centroids
ANOKA - 0335,39A,39A,1.0000000000,28,28,003,0335,2020_block_count_centroids
ANOKA - 0340,39A,39A,1.0000000000,38,38,003,0340,2020_block_count_centroids
ANOKA - 0345,39A,39A,1.0000000000,29,29,003,0345,2020_block_count_centroids
ANOKA - 0350,34B,34B,0.0227272727,2,88,003,0350,2020_block_count_centroids
ANOKA - 0350,39A,39A,0.9772727273,86,88,003,0350,2020_block_count_centroids
ANOKA - 0355,39A,39A,1.0000000000,45,45,003,0355,2020_block_count_centroids
ANOKA - 0360,39A,39A,1.0000000000,33,33,003,0360,2020_block_count_centroids
ANOKA - 0365,39A,39A,1.0000000000,72,72,003,0365,2020_block_count_centroids
ANOKA - 0370,31B,31B,1.0000000000,43,43,003,0370,2020_block_count_centroids
ANOKA - 0375,31B,31B,0.2812500000,9,32,003,0375,2020_block_count_centroids
ANOKA - 0375,32A,32A,0.7187500000,23,32,003,0375,2020_block_count_centroids
ANOKA - 0377,31B,31B,1.0000000000,35,35,003,0377,2020_block_count_centroids
ANOKA - 0378,31B,31B,0.6140350877,35,57,003,0378,2020_block_count_centroids
ANOKA - 0378,32A,32A,0.3859649123,22,57,003,0378,2020_block_count_centroids
ANOKA - 0379,31B,31B,0.0200000000,1,50,003,0379,2020_block_count_centroids
ANOKA - 0379,32A,32A,0.9800000000,49,50,003,0379,2020_block_count_centroids
ANOKA - 0380,39A,39A,1.0000000000,12,12,003,0380,2020_block_count_centroids
ANOKA - 0381,32A,32A,1.0000000000,54,54,003,0381,2020_block_count_centroids
ANOKA - 0385,32B,32B,1.0000000000,35,35,003,0385,2020_block_count_centroids
ANOKA - 0390,36A,36A,1.0000000000,39,39,003,0390,2020_block_count_centroids
ANOKA - 0395,32B,32B,0.0092592593,1,108,003,0395,2020_block_count_centroids
ANOKA - 0395,36A,36A,0.9907407407,107,108,003,0395,2020_block_count_centroids
ANOKA - 0396,36A,36A,1.0000000000,36,36,003,0396,2020_block_count_centroids
ANOKA - 0397,36A,36A,1.0000000000,129,129,003,0397,2020_block_count_centroids
ANOKA - 0400,31B,31B,0.9925373134,133,134,003,0400,2020_block_count_centroids
ANOKA - 0400,32A,32A,0.0074626866,1,134,003,0400,2020_block_count_centroids
ANOKA - 0405,31B,31B,1.0000000000,128,128,003,0405,2020_block_count_centroids
ANOKA - 0406,30B,30B,0.7333333333,55,75,003,0406,2020_block_count_centroids
ANOKA - 0406,31A,31A,0.0133333333,1,75,003,0406,2020_block_count_centroids
ANOKA - 0406,31B,31B,0.2533333333,19,75,003,0406,2020_block_count_centroids
ANOKA - 0410,31A,31A,1.0000000000,121,121,003,0410,2020_block_count_centroids
ANOKA - 0411,31A,31A,0.9903846154,103,104,003,0411,2020_block_count_centroids
ANOKA - 0411,35A,35A,0.0096153846,1,104,003,0411,2020_block_count_centroids
ANOKA - 0415,31A,31A,1.0000000000,98,98,003,0415,2020_block_count_centroids
ANOKA - 0420,31A,31A,1.0000000000,64,64,003,0420,2020_block_count_centroids
ANOKA - 0421,31A,31A,1.0000000000,67,67,003,0421,2020_block_count_centroids
ANOKA - 0425,27B,27B,0.9736842105,111,114,003,0425,2020_block_count_centroids
ANOKA - 0425,30B,30B,0.0263157895,3,114,003,0425,2020_block_count_centroids
ANOKA - 0430,39A,39A,1.0000000000,31,31,003,0430,2020_block_count_centroids
ANOKA - 0435,39A,39A,1.0000000000,58,58,003,0435,2020_block_count_centroids
ANOKA - 0440,39A,39A,1.0000000000,39,39,003,0440,2020_block_count_centroids
ANOKA - 0445,35A,35A,1.0000000000,20,20,003,0445,2020_block_count_centroids
BECKER - 0005,04B,04B,1.0000000000,42,42,005,0005,2020_block_count_centroids
BECKER - 0010,04B,04B,1.0000000000,32,32,005,0010,2020_block_count_centroids
BECKER - 0015,04B,04B,1.0000000000,91,91,005,0015,2020_block_count_centroids
BECKER - 0020,04B,04B,0.0202020202,2,99,005,0020,2020_block_count_centroids
BECKER - 0020,05A,05A,0.9797979798,97,99,005,0020,2020_block_count_centroids
BECKER - 0025,02B,02B,1.0000000000,27,27,005,0025,2020_block_count_centroids
BECKER - 0030,02B,02B,1.0000000000,47,47,005,0030,2020_block_count_centroids
BECKER - 0035,05A,05A,1.0000000000,35,35,005,0035,2020_block_count_centroids
BECKER - 0040,04B,04B,1.0000000000,67,67,005,0040,2020_block_count_centroids
BECKER - 0045,04B,04B,1.0000000000,51,51,005,0045,2020_block_count_centroids
BECKER - 0050,04B,04B,1.0000000000,145,145,005,0050,2020_block_count_centroids
BECKER - 0055,04B,04B,1.0000000000,76,76,005,0055,2020_block_count_centroids
BECKER - 0060,04B,04B,1.0000000000,59,59,005,0060,2020_block_count_centroids
BECKER - 0065,04B,04B,1.0000000000,56,56,005,0065,2020_block_count_centroids
BECKER - 0075,04B,04B,1.0000000000,70,70,005,0075,2020_block_count_centroids
BECKER - 0082,02B,02B,1.0000000000,41,41,005,0082,2020_block_count_centroids
BECKER - 0085,05A,05A,1.0000000000,63,63,005,0085,2020_block_count_centroids
BECKER - 0090,05A,05A,1.0000000000,34,34,005,0090,2020_block_count_centroids
BECKER - 0095,02B,02B,1.0000000000,31,31,005,0095,2020_block_count_centroids
BECKER - 0100,05A,05A,1.0000000000,64,64,005,0100,2020_block_count_centroids
BECKER - 0105,05A,05A,1.0000000000,44,44,005,0105,2020_block_count_centroids
BECKER - 0110,04B,04B,1.0000000000,63,63,005,0110,2020_block_count_centroids
BECKER - 0115,05A,05A,1.0000000000,89,89,005,0115,2020_block_count_centroids
BECKER - 0120,05A,05A,1.0000000000,40,40,005,0120,2020_block_count_centroids
BECKER - 0125,04B,04B,1.0000000000,74,74,005,0125,2020_block_count_centroids
BECKER - 0130,04B,04B,1.0000000000,39,39,005,0130,2020_block_count_centroids
BECKER - 0135,04B,04B,1.0000000000,49,49,005,0135,2020_block_count_centroids
BECKER - 0140,04B,04B,1.0000000000,108,108,005,0140,2020_block_count_centroids
BECKER - 0145,02B,02B,1.0000000000,28,28,005,0145,2020_block_count_centroids
BECKER - 0150,02B,02B,1.0000000000,14,14,005,0150,2020_block_count_centroids
BECKER - 0155,05A,05A,1.0000000000,50,50,005,0155,2020_block_count_centroids
BECKER - 0160,02B,02B,1.0000000000,43,43,005,0160,2020_block_count_centroids
BECKER - 0165,02B,02B,1.0000000000,46,46,005,0165,2020_block_count_centroids
BECKER - 0170,04B,04B,1.0000000000,52,52,005,0170,2020_block_count_centroids
BECKER - 0175,02B,02B,1.0000000000,80,80,005,0175,2020_block_count_centroids
BECKER - 0180,05A,05A,1.0000000000,35,35,005,0180,2020_block_count_centroids
BECKER - 0185,05A,05A,1.0000000000,26,26,005,0185,2020_block_count_centroids
BECKER - 0190,05A,05A,1.0000000000,25,25,005,0190,2020_block_count_centroids
BECKER - 0195,05A,05A,1.0000000000,29,29,005,0195,2020_block_count_centroids
BECKER - 0200,02B,02B,1.0000000000,23,23,005,0200,2020_block_count_centroids
BECKER - 0205,05A,05A,1.0000000000,46,46,005,0205,2020_block_count_centroids
BECKER - 0210,02B,02B,1.0000000000,58,58,005,0210,2020_block_count_centroids
BECKER - 0215,05A,05A,1.0000000000,40,40,005,0215,2020_block_count_centroids
BECKER - 0220,05A,05A,1.0000000000,35,35,005,0220,2020_block_count_centroids
BECKER - 0225,04B,04B,1.0000000000,29,29,005,0225,2020_block_count_centroids
BECKER - 0230,02B,02B,1.0000000000,50,50,005,0230,2020_block_count_centroids
BECKER - 0235,05A,05A,1.0000000000,5,5,005,0235,2020_block_count_centroids
BECKER - 0240,05A,05A,1.0000000000,33,33,005,0240,2020_block_count_centroids
BELTRAMI - 0005,02A,02A,1.0000000000,28,28,007,0005,2020_block_count_centroids
BELTRAMI - 0010,02A,02A,1.0000000000,9,9,007,0010,2020_block_count_centroids
BELTRAMI - 0015,02A,02A,0.9932432432,147,148,007,0015,2020_block_count_centroids
BELTRAMI - 0015,02B,02B,0.0067567568,1,148,007,0015,2020_block_count_centroids
BELTRAMI - 0020,02A,02A,1.0000000000,54,54,007,0020,2020_block_count_centroids
BELTRAMI - 0025,02A,02A,1.0000000000,72,72,007,0025,2020_block_count_centroids
BELTRAMI - 0030,02A,02A,1.0000000000,60,60,007,0030,2020_block_count_centroids
BELTRAMI - 0035,02A,02A,1.0000000000,108,108,007,0035,2020_block_count_centroids
BELTRAMI - 0040,02A,02A,0.9807692308,102,104,007,0040,2020_block_count_centroids
BELTRAMI - 0040,02B,02B,0.0192307692,2,104,007,0040,2020_block_count_centroids
BELTRAMI - 0045,02A,02A,1.0000000000,30,30,007,0045,2020_block_count_centroids
BELTRAMI - 0050,02B,02B,1.0000000000,21,21,007,0050,2020_block_count_centroids
BELTRAMI - 0055,02B,02B,1.0000000000,50,50,007,0055,2020_block_count_centroids
BELTRAMI - 0060,02A,02A,1.0000000000,28,28,007,0060,2020_block_count_centroids
BELTRAMI - 0065,02B,02B,1.0000000000,26,26,007,0065,2020_block_count_centroids
BELTRAMI - 0070,02A,02A,0.9655172414,28,29,007,0070,2020_block_count_centroids
BELTRAMI - 0070,02B,02B,0.0344827586,1,29,007,0070,2020_block_count_centroids
BELTRAMI - 0075,02A,02A,1.0000000000,84,84,007,0075,2020_block_count_centroids
BELTRAMI - 0080,02A,02A,0.0119047619,1,84,007,0080,2020_block_count_centroids
BELTRAMI - 0080,02B,02B,0.9880952381,83,84,007,0080,2020_block_count_centroids
BELTRAMI - 0085,02B,02B,1.0000000000,6,6,007,0085,2020_block_count_centroids
BELTRAMI - 0090,02A,02A,1.0000000000,48,48,007,0090,2020_block_count_centroids
BELTRAMI - 0095,02B,02B,1.0000000000,32,32,007,0095,2020_block_count_centroids
BELTRAMI - 0100,02A,02A,1.0000000000,23,23,007,0100,2020_block_count_centroids
BELTRAMI - 0105,02B,02B,1.0000000000,42,42,007,0105,2020_block_count_centroids
BELTRAMI - 0110,02B,02B,1.0000000000,25,25,007,0110,2020_block_count_centroids
BELTRAMI - 0115,02A,02A,1.0000000000,20,20,007,0115,2020_block_count_centroids
BELTRAMI - 0120,02B,02B,1.0000000000,18,18,007,0120,2020_block_count_centroids
BELTRAMI - 0125,02A,02A,0.0714285714,1,14,007,0125,2020_block_count_centroids
BELTRAMI - 0125,02B,02B,0.9285714286,13,14,007,0125,2020_block_count_centroids
BELTRAMI - 0130,02A,02A,1.0000000000,57,57,007,0130,2020_block_count_centroids
BELTRAMI - 0135,02B,02B,1.0000000000,13,13,007,0135,2020_block_count_centroids
BELTRAMI - 0140,02A,02A,1.0000000000,25,25,007,0140,2020_block_count_centroids
BELTRAMI - 0145,02A,02A,1.0000000000,31,31,007,0145,2020_block_count_centroids
BELTRAMI - 0150,02A,02A,1.0000000000,15,15,007,0150,2020_block_count_centroids
BELTRAMI - 0155,02A,02A,1.0000000000,15,15,007,0155,2020_block_count_centroids
BELTRAMI - 0160,02B,02B,1.0000000000,33,33,007,0160,2020_block_count_centroids
BELTRAMI - 0165,02A,02A,1.0000000000,48,48,007,0165,2020_block_count_centroids
BELTRAMI - 0170,02A,02A,1.0000000000,157,157,007,0170,2020_block_count_centroids
BELTRAMI - 0175,02B,02B,1.0000000000,11,11,007,0175,2020_block_count_centroids
BELTRAMI - 0180,02A,02A,1.0000000000,30,30,007,0180,2020_block_count_centroids
BELTRAMI - 0185,02B,02B,1.0000000000,40,40,007,0185,2020_block_count_centroids
BELTRAMI - 0190,02A,02A,1.0000000000,24,24,007,0190,2020_block_count_centroids
BELTRAMI - 0195,02A,02A,1.0000000000,138,138,007,0195,2020_block_count_centroids
BELTRAMI - 0200,02A,02A,1.0000000000,82,82,007,0200,2020_block_count_centroids
BELTRAMI - 0205,02A,02A,1.0000000000,23,23,007,0205,2020_block_count_centroids
BELTRAMI - 0210,02B,02B,1.0000000000,25,25,007,0210,2020_block_count_centroids
BELTRAMI - 0215,02A,02A,1.0000000000,22,22,007,0215,2020_block_count_centroids
BELTRAMI - 0220,02A,02A,1.0000000000,19,19,007,0220,2020_block_count_centroids
BELTRAMI - 0225,02A,02A,1.0000000000,27,27,007,0225,2020_block_count_centroids
BELTRAMI - 0230,02A,02A,1.0000000000,21,21,007,0230,2020_block_count_centroids
BELTRAMI - 0235,02B,02B,1.0000000000,38,38,007,0235,2020_block_count_centroids
BELTRAMI - 0240,02B,02B,1.0000000000,24,24,007,0240,2020_block_count_centroids
BELTRAMI - 0245,02B,02B,1.0000000000,34,34,007,0245,2020_block_count_centroids
BELTRAMI - 0250,02B,02B,1.0000000000,39,39,007,0250,2020_block_count_centroids
BELTRAMI - 0255,02B,02B,1.0000000000,18,18,007,0255,2020_block_count_centroids
BELTRAMI - 0260,02A,02A,1.0000000000,54,54,007,0260,2020_block_count_centroids
BELTRAMI - 0265,02B,02B,1.0000000000,8,8,007,0265,2020_block_count_centroids
BELTRAMI - 0270,02A,02A,0.0256410256,1,39,007,0270,2020_block_count_centroids
BELTRAMI - 0270,02B,02B,0.9743589744,38,39,007,0270,2020_block_count_centroids
BELTRAMI - 0275,02A,02A,1.0000000000,76,76,007,0275,2020_block_count_centroids
BELTRAMI - 0280,02A,02A,1.0000000000,105,105,007,0280,2020_block_count_centroids
BELTRAMI - 0285,02B,02B,1.0000000000,37,37,007,0285,2020_block_count_centroids
BELTRAMI - 0290,02A,02A,1.0000000000,32,32,007,0290,2020_block_count_centroids
BELTRAMI - 0295,02A,02A,1.0000000000,24,24,007,0295,2020_block_count_centroids
BELTRAMI - 0300,02B,02B,1.0000000000,18,18,007,0300,2020_block_count_centroids
BENTON - 0005,10B,10B,1.0000000000,38,38,009,0005,2020_block_count_centroids
BENTON - 0010,10B,10B,1.0000000000,50,50,009,0010,2020_block_count_centroids
BENTON - 0015,10B,10B,1.0000000000,12,12,009,0015,2020_block_count_centroids
BENTON - 0020,10B,10B,1.0000000000,61,61,009,0020,2020_block_count_centroids
BENTON - 0025,10B,10B,1.0000000000,47,47,009,0025,2020_block_count_centroids
BENTON - 0030,10B,10B,1.0000000000,49,49,009,0030,2020_block_count_centroids
BENTON - 0035,10B,10B,1.0000000000,43,43,009,0035,2020_block_count_centroids
BENTON - 0040,10B,10B,1.0000000000,81,81,009,0040,2020_block_count_centroids
BENTON - 0045,10B,10B,0.9803921569,50,51,009,0045,2020_block_count_centroids
BENTON - 0045,14B,14B,0.0196078431,1,51,009,0045,2020_block_count_centroids
BENTON - 0050,10B,10B,1.0000000000,72,72,009,0050,2020_block_count_centroids
BENTON - 0055,10B,10B,0.0070422535,1,142,009,0055,2020_block_count_centroids
BENTON - 0055,13B,13B,0.1338028169,19,142,009,0055,2020_block_count_centroids
BENTON - 0055,14B,14B,0.8591549296,122,142,009,0055,2020_block_count_centroids
BENTON - 0060,10B,10B,1.0000000000,57,57,009,0060,2020_block_count_centroids
BENTON - 0065,10B,10B,1.0000000000,6,6,009,0065,2020_block_count_centroids
BENTON - 0067,10B,10B,1.0000000000,1,1,009,0067,2020_block_count_centroids
BENTON - 0070,14B,14B,1.0000000000,28,28,009,0070,2020_block_count_centroids
BENTON - 0075,14B,14B,1.0000000000,19,19,009,0075,2020_block_count_centroids
BENTON - 0080,13B,13B,0.0555555556,3,54,009,0080,2020_block_count_centroids
BENTON - 0080,14B,14B,0.9444444444,51,54,009,0080,2020_block_count_centroids
BENTON - 0085,14B,14B,1.0000000000,23,23,009,0085,2020_block_count_centroids
BENTON - 0086,14B,14B,1.0000000000,3,3,009,0086,2020_block_count_centroids
BENTON - 0090,10B,10B,1.0000000000,57,57,009,0090,2020_block_count_centroids
BENTON - 0095,13B,13B,1.0000000000,42,42,009,0095,2020_block_count_centroids
BENTON - 0100,13B,13B,1.0000000000,85,85,009,0100,2020_block_count_centroids
BENTON - 0105,13B,13B,0.9777777778,88,90,009,0105,2020_block_count_centroids
BENTON - 0105,14B,14B,0.0222222222,2,90,009,0105,2020_block_count_centroids
BENTON - 0110,13B,13B,1.0000000000,44,44,009,0110,2020_block_count_centroids
BENTON - 0111,13B,13B,1.0000000000,27,27,009,0111,2020_block_count_centroids
BENTON - 0115,13B,13B,1.0000000000,51,51,009,0115,2020_block_count_centroids
BENTON - 0120,10B,10B,1.0000000000,85,85,009,0120,2020_block_count_centroids
BIG STONE - 0005,12A,12A,1.0000000000,74,74,011,0005,2020_block_count_centroids
BIG STONE - 0010,12A,12A,1.0000000000,34,34,011,0010,2020_block_count_centroids
BIG STONE - 0015,12A,12A,1.0000000000,48,48,011,0015,2020_block_count_centroids
BIG STONE - 0020,12A,12A,1.0000000000,13,13,011,0020,2020_block_count_centroids
BIG STONE - 0025,12A,12A,1.0000000000,50,50,011,0025,2020_block_count_centroids
BIG STONE - 0030,12A,12A,1.0000000000,48,48,011,0030,2020_block_count_centroids
BIG STONE - 0031,12A,12A,1.0000000000,29,29,011,0031,2020_block_count_centroids
BIG STONE - 0035,12A,12A,1.0000000000,31,31,011,0035,2020_block_count_centroids
BIG STONE - 0040,12A,12A,1.0000000000,11,11,011,0040,2020_block_count_centroids
BIG STONE - 0045,12A,12A,1.0000000000,34,34,011,0045,2020_block_count_centroids
BIG STONE - 0050,12A,12A,1.0000000000,53,53,011,0050,2020_block_count_centroids
BIG STONE - 0055,12A,12A,1.0000000000,45,45,011,0055,2020_block_count_centroids
BIG STONE - 0056,12A,12A,1.0000000000,12,12,011,0056,2020_block_count_centroids
BIG STONE - 0060,12A,12A,1.0000000000,27,27,011,0060,2020_block_count_centroids
BIG STONE - 0065,12A,12A,1.0000000000,39,39,011,0065,2020_block_count_centroids
BIG STONE - 0070,12A,12A,1.0000000000,19,19,011,0070,2020_block_count_centroids
BIG STONE - 0075,12A,12A,1.0000000000,43,43,011,0075,2020_block_count_centroids
BIG STONE - 0080,12A,12A,1.0000000000,47,47,011,0080,2020_block_count_centroids
BIG STONE - 0085,12A,12A,1.0000000000,68,68,011,0085,2020_block_count_centroids
BIG STONE - 0086,12A,12A,1.0000000000,22,22,011,0086,2020_block_count_centroids
BIG STONE - 0090,12A,12A,1.0000000000,32,32,011,0090,2020_block_count_centroids
BIG STONE - 0095,12A,12A,1.0000000000,58,58,011,0095,2020_block_count_centroids
BIG STONE - 0100,12A,12A,1.0000000000,32,32,011,0100,2020_block_count_centroids
BLUE EARTH - 0005,22A,22A,1.0000000000,23,23,013,0005,2020_block_count_centroids
BLUE EARTH - 0010,22A,22A,1.0000000000,36,36,013,0010,2020_block_count_centroids
BLUE EARTH - 0015,15B,15B,1.0000000000,45,45,013,0015,2020_block_count_centroids
BLUE EARTH - 0020,15B,15B,1.0000000000,51,51,013,0020,2020_block_count_centroids
BLUE EARTH - 0025,22A,22A,1.0000000000,59,59,013,0025,2020_block_count_centroids
BLUE EARTH - 0030,22A,22A,1.0000000000,54,54,013,0030,2020_block_count_centroids
BLUE EARTH - 0035,22A,22A,0.9701492537,65,67,013,0035,2020_block_count_centroids
BLUE EARTH - 0035,22B,22B,0.0298507463,2,67,013,0035,2020_block_count_centroids
BLUE EARTH - 0040,18A,18A,0.0217391304,1,46,013,0040,2020_block_count_centroids
BLUE EARTH - 0040,18B,18B,0.9130434783,42,46,013,0040,2020_block_count_centroids
BLUE EARTH - 0040,22B,22B,0.0652173913,3,46,013,0040,2020_block_count_centroids
BLUE EARTH - 0045,22A,22A,1.0000000000,86,86,013,0045,2020_block_count_centroids
BLUE EARTH - 0050,22A,22A,1.0000000000,25,25,013,0050,2020_block_count_centroids
BLUE EARTH - 0055,22B,22B,1.0000000000,66,66,013,0055,2020_block_count_centroids
BLUE EARTH - 0060,15B,15B,0.8090909091,89,110,013,0060,2020_block_count_centroids
BLUE EARTH - 0060,22A,22A,0.1909090909,21,110,013,0060,2020_block_count_centroids
BLUE EARTH - 0065,22A,22A,1.0000000000,89,89,013,0065,2020_block_count_centroids
BLUE EARTH - 0070,18B,18B,0.1037735849,11,106,013,0070,2020_block_count_centroids
BLUE EARTH - 0070,22B,22B,0.8962264151,95,106,013,0070,2020_block_count_centroids
BLUE EARTH - 0075,18A,18A,0.9846153846,64,65,013,0075,2020_block_count_centroids
BLUE EARTH - 0075,22B,22B,0.0153846154,1,65,013,0075,2020_block_count_centroids
BLUE EARTH - 0080,22A,22A,1.0000000000,64,64,013,0080,2020_block_count_centroids
BLUE EARTH - 0085,22A,22A,1.0000000000,74,74,013,0085,2020_block_count_centroids
BLUE EARTH - 0090,22A,22A,0.0259740260,2,77,013,0090,2020_block_count_centroids
BLUE EARTH - 0090,22B,22B,0.9740259740,75,77,013,0090,2020_block_count_centroids
BLUE EARTH - 0095,22B,22B,1.0000000000,30,30,013,0095,2020_block_count_centroids
BLUE EARTH - 0100,18A,18A,1.0000000000,26,26,013,0100,2020_block_count_centroids
BLUE EARTH - 0105,18A,18A,0.8793103448,51,58,013,0105,2020_block_count_centroids
BLUE EARTH - 0105,18B,18B,0.1206896552,7,58,013,0105,2020_block_count_centroids
BLUE EARTH - 0106,18A,18A,0.1506849315,11,73,013,0106,2020_block_count_centroids
BLUE EARTH - 0106,18B,18B,0.8493150685,62,73,013,0106,2020_block_count_centroids
BLUE EARTH - 0110,18B,18B,1.0000000000,44,44,013,0110,2020_block_count_centroids
BLUE EARTH - 0115,18B,18B,1.0000000000,28,28,013,0115,2020_block_count_centroids
BLUE EARTH - 0120,18A,18A,0.1607142857,9,56,013,0120,2020_block_count_centroids
BLUE EARTH - 0120,18B,18B,0.8392857143,47,56,013,0120,2020_block_count_centroids
BLUE EARTH - 0125,18B,18B,1.0000000000,12,12,013,0125,2020_block_count_centroids
BLUE EARTH - 0130,18B,18B,1.0000000000,20,20,013,0130,2020_block_count_centroids
BLUE EARTH - 0135,18A,18A,0.1250000000,7,56,013,0135,2020_block_count_centroids
BLUE EARTH - 0135,18B,18B,0.8750000000,49,56,013,0135,2020_block_count_centroids
BLUE EARTH - 0140,18B,18B,1.0000000000,1,1,013,0140,2020_block_count_centroids
BLUE EARTH - 0145,18B,18B,1.0000000000,26,26,013,0145,2020_block_count_centroids
BLUE EARTH - 0150,18A,18A,0.6000000000,45,75,013,0150,2020_block_count_centroids
BLUE EARTH - 0150,18B,18B,0.4000000000,30,75,013,0150,2020_block_count_centroids
BLUE EARTH - 0155,18A,18A,0.5000000000,16,32,013,0155,2020_block_count_centroids
BLUE EARTH - 0155,18B,18B,0.5000000000,16,32,013,0155,2020_block_count_centroids
BLUE EARTH - 0160,18B,18B,1.0000000000,12,12,013,0160,2020_block_count_centroids
BLUE EARTH - 0165,18B,18B,1.0000000000,2,2,013,0165,2020_block_count_centroids
BLUE EARTH - 0170,18B,18B,1.0000000000,20,20,013,0170,2020_block_count_centroids
BLUE EARTH - 0175,18B,18B,1.0000000000,22,22,013,0175,2020_block_count_centroids
BLUE EARTH - 0180,18B,18B,1.0000000000,37,37,013,0180,2020_block_count_centroids
BLUE EARTH - 0185,18B,18B,1.0000000000,15,15,013,0185,2020_block_count_centroids
BLUE EARTH - 0187,18A,18A,1.0000000000,18,18,013,0187,2020_block_count_centroids
BLUE EARTH - 0195,18A,18A,0.2589285714,58,224,013,0195,2020_block_count_centroids
BLUE EARTH - 0195,18B,18B,0.5133928571,115,224,013,0195,2020_block_count_centroids
BLUE EARTH - 0195,22A,22A,0.0044642857,1,224,013,0195,2020_block_count_centroids
BLUE EARTH - 0195,22B,22B,0.2232142857,50,224,013,0195,2020_block_count_centroids
BLUE EARTH - 0200,22A,22A,1.0000000000,63,63,013,0200,2020_block_count_centroids
BLUE EARTH - 0205,22A,22A,1.0000000000,56,56,013,0205,2020_block_count_centroids
BLUE EARTH - 0210,22A,22A,1.0000000000,69,69,013,0210,2020_block_count_centroids
BLUE EARTH - 0212,18A,18A,1.0000000000,2,2,013,0212,2020_block_count_centroids
BLUE EARTH - 0215,22A,22A,1.0000000000,17,17,013,0215,2020_block_count_centroids
BLUE EARTH - 0220,22A,22A,1.0000000000,84,84,013,0220,2020_block_count_centroids
BLUE EARTH - 0225,22A,22A,1.0000000000,73,73,013,0225,2020_block_count_centroids
BLUE EARTH - 0230,22B,22B,1.0000000000,21,21,013,0230,2020_block_count_centroids
BLUE EARTH - 0235,22A,22A,1.0000000000,65,65,013,0235,2020_block_count_centroids
BLUE EARTH - 0240,18B,18B,1.0000000000,3,3,013,0240,2020_block_count_centroids
BLUE EARTH - 0245,22A,22A,1.0000000000,99,99,013,0245,2020_block_count_centroids
BLUE EARTH - 0250,22A,22A,1.0000000000,58,58,013,0250,2020_block_count_centroids
BLUE EARTH - 0255,22A,22A,1.0000000000,21,21,013,0255,2020_block_count_centroids
BLUE EARTH - 0260,22A,22A,1.0000000000,67,67,013,0260,2020_block_count_centroids
BROWN - 0005,15B,15B,1.0000000000,53,53,015,0005,2020_block_count_centroids
BROWN - 0010,15B,15B,1.0000000000,46,46,015,0010,2020_block_count_centroids
BROWN - 0015,15B,15B,1.0000000000,47,47,015,0015,2020_block_count_centroids
BROWN - 0020,15B,15B,1.0000000000,12,12,015,0020,2020_block_count_centroids
BROWN - 0025,15B,15B,1.0000000000,28,28,015,0025,2020_block_count_centroids
BROWN - 0030,15B,15B,1.0000000000,54,54,015,0030,2020_block_count_centroids
BROWN - 0035,15B,15B,1.0000000000,59,59,015,0035,2020_block_count_centroids
BROWN - 0040,15B,15B,1.0000000000,13,13,015,0040,2020_block_count_centroids
BROWN - 0045,15B,15B,1.0000000000,25,25,015,0045,2020_block_count_centroids
BROWN - 0050,15B,15B,1.0000000000,83,83,015,0050,2020_block_count_centroids
BROWN - 0055,15B,15B,1.0000000000,33,33,015,0055,2020_block_count_centroids
BROWN - 0060,15B,15B,1.0000000000,47,47,015,0060,2020_block_count_centroids
BROWN - 0065,15B,15B,1.0000000000,46,46,015,0065,2020_block_count_centroids
BROWN - 0070,15B,15B,1.0000000000,78,78,015,0070,2020_block_count_centroids
BROWN - 0075,15B,15B,1.0000000000,46,46,015,0075,2020_block_count_centroids
BROWN - 0080,15B,15B,1.0000000000,66,66,015,0080,2020_block_count_centroids
BROWN - 0085,15B,15B,1.0000000000,89,89,015,0085,2020_block_count_centroids
BROWN - 0090,15B,15B,1.0000000000,62,62,015,0090,2020_block_count_centroids
BROWN - 0095,15B,15B,1.0000000000,93,93,015,0095,2020_block_count_centroids
BROWN - 0100,15B,15B,1.0000000000,30,30,015,0100,2020_block_count_centroids
BROWN - 0105,15B,15B,1.0000000000,48,48,015,0105,2020_block_count_centroids
BROWN - 0110,15B,15B,1.0000000000,38,38,015,0110,2020_block_count_centroids
BROWN - 0115,15B,15B,1.0000000000,27,27,015,0115,2020_block_count_centroids
BROWN - 0120,15B,15B,1.0000000000,56,56,015,0120,2020_block_count_centroids
BROWN - 0125,15B,15B,1.0000000000,58,58,015,0125,2020_block_count_centroids
BROWN - 0130,15B,15B,1.0000000000,52,52,015,0130,2020_block_count_centroids
BROWN - 0135,15B,15B,1.0000000000,72,72,015,0135,2020_block_count_centroids
BROWN - 0140,15B,15B,1.0000000000,68,68,015,0140,2020_block_count_centroids
BROWN - 0145,15B,15B,1.0000000000,61,61,015,0145,2020_block_count_centroids
BROWN - 0150,15B,15B,1.0000000000,49,49,015,0150,2020_block_count_centroids
BROWN - 0155,15B,15B,1.0000000000,32,32,015,0155,2020_block_count_centroids
BROWN - 0160,15B,15B,1.0000000000,61,61,015,0160,2020_block_count_centroids
CARLTON - 0005,11A,11A,1.0000000000,20,20,017,0005,2020_block_count_centroids
CARLTON - 0010,11A,11A,1.0000000000,30,30,017,0010,2020_block_count_centroids
CARLTON - 0015,11A,11A,1.0000000000,26,26,017,0015,2020_block_count_centroids
CARLTON - 0020,11A,11A,1.0000000000,72,72,017,0020,2020_block_count_centroids
CARLTON - 0025,11A,11A,1.0000000000,12,12,017,0025,2020_block_count_centroids
CARLTON - 0030,11A,11A,1.0000000000,63,63,017,0030,2020_block_count_centroids
CARLTON - 0035,11A,11A,1.0000000000,40,40,017,0035,2020_block_count_centroids
CARLTON - 0040,11A,11A,1.0000000000,72,72,017,0040,2020_block_count_centroids
CARLTON - 0045,11A,11A,1.0000000000,78,78,017,0045,2020_block_count_centroids
CARLTON - 0050,11A,11A,1.0000000000,71,71,017,0050,2020_block_count_centroids
CARLTON - 0055,11A,11A,1.0000000000,60,60,017,0055,2020_block_count_centroids
CARLTON - 0060,11A,11A,1.0000000000,77,77,017,0060,2020_block_count_centroids
CARLTON - 0065,11A,11A,1.0000000000,24,24,017,0065,2020_block_count_centroids
CARLTON - 0070,11A,11A,1.0000000000,21,21,017,0070,2020_block_count_centroids
CARLTON - 0075,11A,11A,1.0000000000,24,24,017,0075,2020_block_count_centroids
CARLTON - 0080,11A,11A,1.0000000000,37,37,017,0080,2020_block_count_centroids
CARLTON - 0085,11A,11A,1.0000000000,84,84,017,0085,2020_block_count_centroids
CARLTON - 0090,11A,11A,1.0000000000,39,39,017,0090,2020_block_count_centroids
CARLTON - 0095,11A,11A,1.0000000000,15,15,017,0095,2020_block_count_centroids
CARLTON - 0100,11A,11A,1.0000000000,26,26,017,0100,2020_block_count_centroids
CARLTON - 0105,11A,11A,1.0000000000,50,50,017,0105,2020_block_count_centroids
CARLTON - 0110,11A,11A,1.0000000000,63,63,017,0110,2020_block_count_centroids
CARLTON - 0115,11A,11A,1.0000000000,59,59,017,0115,2020_block_count_centroids
CARLTON - 0120,11A,11A,1.0000000000,34,34,017,0120,2020_block_count_centroids
CARLTON - 0125,11A,11A,1.0000000000,55,55,017,0125,2020_block_count_centroids
CARLTON - 0130,11A,11A,1.0000000000,32,32,017,0130,2020_block_count_centroids
CARLTON - 0135,11A,11A,1.0000000000,48,48,017,0135,2020_block_count_centroids
CARLTON - 0140,11A,11A,1.0000000000,27,27,017,0140,2020_block_count_centroids
CARLTON - 0145,11A,11A,1.0000000000,33,33,017,0145,2020_block_count_centroids
CARLTON - 0150,11A,11A,1.0000000000,33,33,017,0150,2020_block_count_centroids
CARLTON - 0155,11A,11A,1.0000000000,15,15,017,0155,2020_block_count_centroids
CARLTON - 0160,11A,11A,1.0000000000,28,28,017,0160,2020_block_count_centroids
CARLTON - 0165,11A,11A,1.0000000000,133,133,017,0165,2020_block_count_centroids
CARLTON - 0170,11A,11A,1.0000000000,119,119,017,0170,2020_block_count_centroids
CARLTON - 0175,11A,11A,1.0000000000,9,9,017,0175,2020_block_count_centroids
CARLTON - 0180,11A,11A,1.0000000000,26,26,017,0180,2020_block_count_centroids
CARLTON - 0185,11A,11A,1.0000000000,21,21,017,0185,2020_block_count_centroids
CARVER - 0005,17B,17B,0.0107526882,1,93,019,0005,2020_block_count_centroids
CARVER - 0005,48A,48A,0.9892473118,92,93,019,0005,2020_block_count_centroids
CARVER - 0010,17B,17B,0.9600000000,72,75,019,0010,2020_block_count_centroids
CARVER - 0010,48A,48A,0.0400000000,3,75,019,0010,2020_block_count_centroids
CARVER - 0015,17B,17B,0.9622641509,51,53,019,0015,2020_block_count_centroids
CARVER - 0015,48A,48A,0.0188679245,1,53,019,0015,2020_block_count_centroids
CARVER - 0015,54B,54B,0.0188679245,1,53,019,0015,2020_block_count_centroids
CARVER - 0020,48B,48B,1.0000000000,44,44,019,0020,2020_block_count_centroids
CARVER - 0025,48B,48B,1.0000000000,39,39,019,0025,2020_block_count_centroids
CARVER - 0030,48B,48B,1.0000000000,77,77,019,0030,2020_block_count_centroids
CARVER - 0035,48B,48B,1.0000000000,48,48,019,0035,2020_block_count_centroids
CARVER - 0036,48B,48B,1.0000000000,69,69,019,0036,2020_block_count_centroids
CARVER - 0037,48A,48A,0.0113636364,1,88,019,0037,2020_block_count_centroids
CARVER - 0037,48B,48B,0.9886363636,87,88,019,0037,2020_block_count_centroids
CARVER - 0040,48A,48A,0.8059701493,54,67,019,0040,2020_block_count_centroids
CARVER - 0040,48B,48B,0.1791044776,12,67,019,0040,2020_block_count_centroids
CARVER - 0040,54A,54A,0.0149253731,1,67,019,0040,2020_block_count_centroids
CARVER - 0045,48A,48A,0.6354166667,61,96,019,0045,2020_block_count_centroids
CARVER - 0045,48B,48B,0.3645833333,35,96,019,0045,2020_block_count_centroids
CARVER - 0050,48B,48B,0.9857142857,69,70,019,0050,2020_block_count_centroids
CARVER - 0050,54A,54A,0.0142857143,1,70,019,0050,2020_block_count_centroids
CARVER - 0055,48B,48B,1.0000000000,73,73,019,0055,2020_block_count_centroids
CARVER - 0060,48A,48A,1.0000000000,24,24,019,0060,2020_block_count_centroids
CARVER - 0065,48A,48A,1.0000000000,38,38,019,0065,2020_block_count_centroids
CARVER - 0070,17B,17B,0.9652173913,111,115,019,0070,2020_block_count_centroids
CARVER - 0070,48A,48A,0.0347826087,4,115,019,0070,2020_block_count_centroids
CARVER - 0075,17B,17B,1.0000000000,18,18,019,0075,2020_block_count_centroids
CARVER - 0080,17B,17B,1.0000000000,34,34,019,0080,2020_block_count_centroids
CARVER - 0085,17B,17B,1.0000000000,85,85,019,0085,2020_block_count_centroids
CARVER - 0090,48A,48A,0.8815789474,134,152,019,0090,2020_block_count_centroids
CARVER - 0090,48B,48B,0.1184210526,18,152,019,0090,2020_block_count_centroids
CARVER - 0095,48A,48A,1.0000000000,30,30,019,0095,2020_block_count_centroids
CARVER - 0100,17B,17B,1.0000000000,14,14,019,0100,2020_block_count_centroids
CARVER - 0105,17B,17B,1.0000000000,50,50,019,0105,2020_block_count_centroids
CARVER - 0110,17B,17B,0.9428571429,33,35,019,0110,2020_block_count_centroids
CARVER - 0110,22B,22B,0.0285714286,1,35,019,0110,2020_block_count_centroids
CARVER - 0110,54B,54B,0.0285714286,1,35,019,0110,2020_block_count_centroids
CARVER - 0115,48A,48A,1.0000000000,104,104,019,0115,2020_block_count_centroids
CARVER - 0120,48A,48A,1.0000000000,89,89,019,0120,2020_block_count_centroids
CARVER - 0125,48A,48A,1.0000000000,86,86,019,0125,2020_block_count_centroids
CARVER - 0130,48A,48A,1.0000000000,114,114,019,0130,2020_block_count_centroids
CARVER - 0135,17B,17B,1.0000000000,82,82,019,0135,2020_block_count_centroids
CARVER - 0140,17B,17B,0.9596774194,119,124,019,0140,2020_block_count_centroids
CARVER - 0140,48A,48A,0.0403225806,5,124,019,0140,2020_block_count_centroids
CARVER - 0145,17B,17B,1.0000000000,36,36,019,0145,2020_block_count_centroids
CARVER - 0150,17B,17B,1.0000000000,87,87,019,0150,2020_block_count_centroids
CASS - 0005,05A,05A,1.0000000000,23,23,021,0005,2020_block_count_centroids
CASS - 0010,05A,05A,1.0000000000,26,26,021,0010,2020_block_count_centroids
CASS - 0015,05A,05A,0.9729729730,36,37,021,0015,2020_block_count_centroids
CASS - 0015,06A,06A,0.0270270270,1,37,021,0015,2020_block_count_centroids
CASS - 0020,05B,05B,1.0000000000,33,33,021,0020,2020_block_count_centroids
CASS - 0025,02B,02B,1.0000000000,18,18,021,0025,2020_block_count_centroids
CASS - 0030,06A,06A,1.0000000000,8,8,021,0030,2020_block_count_centroids
CASS - 0035,05A,05A,0.9803921569,50,51,021,0035,2020_block_count_centroids
CASS - 0035,06A,06A,0.0196078431,1,51,021,0035,2020_block_count_centroids
CASS - 0040,06A,06A,1.0000000000,21,21,021,0040,2020_block_count_centroids
CASS - 0045,02B,02B,1.0000000000,20,20,021,0045,2020_block_count_centroids
CASS - 0050,02B,02B,1.0000000000,4,4,021,0050,2020_block_count_centroids
CASS - 0055,02B,02B,1.0000000000,11,11,021,0055,2020_block_count_centroids
CASS - 0060,05A,05A,1.0000000000,21,21,021,0060,2020_block_count_centroids
CASS - 0065,05A,05A,1.0000000000,20,20,021,0065,2020_block_count_centroids
CASS - 0070,05B,05B,1.0000000000,39,39,021,0070,2020_block_count_centroids
CASS - 0075,02B,02B,1.0000000000,98,98,021,0075,2020_block_count_centroids
CASS - 0080,05A,05A,1.0000000000,3,3,021,0080,2020_block_count_centroids
CASS - 0085,06A,06A,1.0000000000,52,52,021,0085,2020_block_count_centroids
CASS - 0090,05A,05A,1.0000000000,17,17,021,0090,2020_block_count_centroids
CASS - 0095,05A,05A,1.0000000000,48,48,021,0095,2020_block_count_centroids
CASS - 0100,05A,05A,1.0000000000,46,46,021,0100,2020_block_count_centroids
CASS - 0105,02B,02B,1.0000000000,27,27,021,0105,2020_block_count_centroids
CASS - 0110,02B,02B,1.0000000000,34,34,021,0110,2020_block_count_centroids
CASS - 0115,05A,05A,1.0000000000,23,23,021,0115,2020_block_count_centroids
CASS - 0118,02B,02B,1.0000000000,11,11,021,0118,2020_block_count_centroids
CASS - 0120,05A,05A,1.0000000000,41,41,021,0120,2020_block_count_centroids
CASS - 0125,05A,05A,1.0000000000,45,45,021,0125,2020_block_count_centroids
CASS - 0130,02B,02B,1.0000000000,35,35,021,0130,2020_block_count_centroids
CASS - 0135,02B,02B,1.0000000000,53,53,021,0135,2020_block_count_centroids
CASS - 0140,05A,05A,1.0000000000,65,65,021,0140,2020_block_count_centroids
CASS - 0145,02B,02B,1.0000000000,32,32,021,0145,2020_block_count_centroids
CASS - 0150,06A,06A,1.0000000000,22,22,021,0150,2020_block_count_centroids
CASS - 0155,02B,02B,1.0000000000,17,17,021,0155,2020_block_count_centroids
CASS - 0160,05A,05A,1.0000000000,25,25,021,0160,2020_block_count_centroids
CASS - 0165,05A,05A,1.0000000000,34,34,021,0165,2020_block_count_centroids
CASS - 0170,05A,05A,1.0000000000,45,45,021,0170,2020_block_count_centroids
CASS - 0175,05B,05B,1.0000000000,83,83,021,0175,2020_block_count_centroids
CASS - 0180,05A,05A,0.0158730159,1,63,021,0180,2020_block_count_centroids
CASS - 0180,05B,05B,0.9841269841,62,63,021,0180,2020_block_count_centroids
CASS - 0184,02B,02B,1.0000000000,27,27,021,0184,2020_block_count_centroids
CASS - 0185,05A,05A,1.0000000000,17,17,021,0185,2020_block_count_centroids
CASS - 0187,05B,05B,1.0000000000,3,3,021,0187,2020_block_count_centroids
CASS - 0190,02B,02B,1.0000000000,79,79,021,0190,2020_block_count_centroids
CASS - 0195,05B,05B,1.0000000000,33,33,021,0195,2020_block_count_centroids
CASS - 0200,02B,02B,1.0000000000,55,55,021,0200,2020_block_count_centroids
CASS - 0205,05A,05A,1.0000000000,63,63,021,0205,2020_block_count_centroids
CASS - 0210,05A,05A,1.0000000000,42,42,021,0210,2020_block_count_centroids
CASS - 0215,06A,06A,1.0000000000,51,51,021,0215,2020_block_count_centroids
CASS - 0220,05A,05A,1.0000000000,36,36,021,0220,2020_block_count_centroids
CASS - 0225,05A,05A,1.0000000000,65,65,021,0225,2020_block_count_centroids
CASS - 0230,06A,06A,1.0000000000,30,30,021,0230,2020_block_count_centroids
CASS - 0235,06A,06A,1.0000000000,19,19,021,0235,2020_block_count_centroids
CASS - 0237,02B,02B,1.0000000000,12,12,021,0237,2020_block_count_centroids
CASS - 0240,02B,02B,1.0000000000,24,24,021,0240,2020_block_count_centroids
CASS - 0245,02B,02B,1.0000000000,13,13,021,0245,2020_block_count_centroids
CASS - 0250,02B,02B,1.0000000000,119,119,021,0250,2020_block_count_centroids
CASS - 0252,02B,02B,1.0000000000,10,10,021,0252,2020_block_count_centroids
CASS - 0255,06A,06A,1.0000000000,16,16,021,0255,2020_block_count_centroids
CASS - 0260,06A,06A,1.0000000000,11,11,021,0260,2020_block_count_centroids
CASS - 0262,02B,02B,1.0000000000,26,26,021,0262,2020_block_count_centroids
CASS - 0265,05B,05B,1.0000000000,118,118,021,0265,2020_block_count_centroids
CASS - 0270,06A,06A,1.0000000000,28,28,021,0270,2020_block_count_centroids
CASS - 0275,06A,06A,1.0000000000,26,26,021,0275,2020_block_count_centroids
CASS - 0280,06A,06A,1.0000000000,28,28,021,0280,2020_block_count_centroids
CASS - 0285,02B,02B,1.0000000000,55,55,021,0285,2020_block_count_centroids
CASS - 0290,02B,02B,0.0238095238,1,42,021,0290,2020_block_count_centroids
CASS - 0290,06A,06A,0.9761904762,41,42,021,0290,2020_block_count_centroids
CASS - 0295,02B,02B,1.0000000000,14,14,021,0295,2020_block_count_centroids
CASS - 0300,05A,05A,1.0000000000,43,43,021,0300,2020_block_count_centroids
CASS - 0305,02B,02B,1.0000000000,47,47,021,0305,2020_block_count_centroids
CASS - 0310,02B,02B,1.0000000000,39,39,021,0310,2020_block_count_centroids
CASS - 0312,06A,06A,1.0000000000,26,26,021,0312,2020_block_count_centroids
CASS - 0315,05A,05A,1.0000000000,36,36,021,0315,2020_block_count_centroids
CASS - 0317,02B,02B,1.0000000000,115,115,021,0317,2020_block_count_centroids
CASS - 0320,02B,02B,0.0243902439,2,82,021,0320,2020_block_count_centroids
CASS - 0320,05A,05A,0.0243902439,2,82,021,0320,2020_block_count_centroids
CASS - 0320,06A,06A,0.9512195122,78,82,021,0320,2020_block_count_centroids
CHIPPEWA - 0005,16A,16A,1.0000000000,54,54,023,0005,2020_block_count_centroids
CHIPPEWA - 0010,16A,16A,1.0000000000,75,75,023,0010,2020_block_count_centroids
CHIPPEWA - 0015,16A,16A,1.0000000000,38,38,023,0015,2020_block_count_centroids
CHIPPEWA - 0020,16A,16A,1.0000000000,51,51,023,0020,2020_block_count_centroids
CHIPPEWA - 0025,15A,15A,0.9756097561,40,41,023,0025,2020_block_count_centroids
CHIPPEWA - 0025,16A,16A,0.0243902439,1,41,023,0025,2020_block_count_centroids
CHIPPEWA - 0030,15A,15A,0.1780821918,13,73,023,0030,2020_block_count_centroids
CHIPPEWA - 0030,16A,16A,0.8219178082,60,73,023,0030,2020_block_count_centroids
CHIPPEWA - 0035,16A,16A,1.0000000000,49,49,023,0035,2020_block_count_centroids
CHIPPEWA - 0040,16A,16A,1.0000000000,65,65,023,0040,2020_block_count_centroids
CHIPPEWA - 0045,16A,16A,1.0000000000,56,56,023,0045,2020_block_count_centroids
CHIPPEWA - 0050,16A,16A,1.0000000000,56,56,023,0050,2020_block_count_centroids
CHIPPEWA - 0055,16A,16A,1.0000000000,45,45,023,0055,2020_block_count_centroids
CHIPPEWA - 0060,16A,16A,1.0000000000,68,68,023,0060,2020_block_count_centroids
CHIPPEWA - 0065,16A,16A,1.0000000000,34,34,023,0065,2020_block_count_centroids
CHIPPEWA - 0070,16A,16A,1.0000000000,28,28,023,0070,2020_block_count_centroids
CHIPPEWA - 0075,16A,16A,1.0000000000,43,43,023,0075,2020_block_count_centroids
CHIPPEWA - 0080,16A,16A,1.0000000000,65,65,023,0080,2020_block_count_centroids
CHIPPEWA - 0085,16A,16A,1.0000000000,45,45,023,0085,2020_block_count_centroids
CHIPPEWA - 0090,16A,16A,1.0000000000,60,60,023,0090,2020_block_count_centroids
CHIPPEWA - 0095,16A,16A,1.0000000000,46,46,023,0095,2020_block_count_centroids
CHIPPEWA - 0100,16A,16A,1.0000000000,51,51,023,0100,2020_block_count_centroids
CHIPPEWA - 0105,16A,16A,1.0000000000,43,43,023,0105,2020_block_count_centroids
CHIPPEWA - 0110,16A,16A,1.0000000000,66,66,023,0110,2020_block_count_centroids
CHIPPEWA - 0115,16A,16A,1.0000000000,90,90,023,0115,2020_block_count_centroids
CHIPPEWA - 0120,16A,16A,1.0000000000,53,53,023,0120,2020_block_count_centroids
CHIPPEWA - 0125,16A,16A,1.0000000000,93,93,023,0125,2020_block_count_centroids
CHIPPEWA - 0130,16A,16A,1.0000000000,23,23,023,0130,2020_block_count_centroids
CHIPPEWA - 0135,16A,16A,1.0000000000,41,41,023,0135,2020_block_count_centroids
CHISAGO - 0005,28B,28B,1.0000000000,45,45,025,0005,2020_block_count_centroids
CHISAGO - 0015,28B,28B,1.0000000000,22,22,025,0015,2020_block_count_centroids
CHISAGO - 0020,28B,28B,1.0000000000,66,66,025,0020,2020_block_count_centroids
CHISAGO - 0025,28B,28B,1.0000000000,115,115,025,0025,2020_block_count_centroids
CHISAGO - 0030,28B,28B,1.0000000000,84,84,025,0030,2020_block_count_centroids
CHISAGO - 0035,28A,28A,1.0000000000,92,92,025,0035,2020_block_count_centroids
CHISAGO - 0040,28B,28B,1.0000000000,63,63,025,0040,2020_block_count_centroids
CHISAGO - 0045,28A,28A,0.9852941176,67,68,025,0045,2020_block_count_centroids
CHISAGO - 0045,28B,28B,0.0147058824,1,68,025,0045,2020_block_count_centroids
CHISAGO - 0050,28B,28B,1.0000000000,97,97,025,0050,2020_block_count_centroids
CHISAGO - 0055,28B,28B,1.0000000000,82,82,025,0055,2020_block_count_centroids
CHISAGO - 0060,11B,11B,1.0000000000,67,67,025,0060,2020_block_count_centroids
CHISAGO - 0065,28A,28A,0.5090909091,56,110,025,0065,2020_block_count_centroids
CHISAGO - 0065,28B,28B,0.4909090909,54,110,025,0065,2020_block_count_centroids
CHISAGO - 0066,28A,28A,0.4716981132,50,106,025,0066,2020_block_count_centroids
CHISAGO - 0066,28B,28B,0.5283018868,56,106,025,0066,2020_block_count_centroids
CHISAGO - 0070,11B,11B,1.0000000000,60,60,025,0070,2020_block_count_centroids
CHISAGO - 0075,11B,11B,1.0000000000,79,79,025,0075,2020_block_count_centroids
CHISAGO - 0080,28B,28B,1.0000000000,15,15,025,0080,2020_block_count_centroids
CHISAGO - 0085,28B,28B,1.0000000000,44,44,025,0085,2020_block_count_centroids
CHISAGO - 0090,28B,28B,1.0000000000,33,33,025,0090,2020_block_count_centroids
CHISAGO - 0095,11B,11B,0.0105263158,1,95,025,0095,2020_block_count_centroids
CHISAGO - 0095,28A,28A,0.0105263158,1,95,025,0095,2020_block_count_centroids
CHISAGO - 0095,28B,28B,0.9789473684,93,95,025,0095,2020_block_count_centroids
CHISAGO - 0100,28B,28B,1.0000000000,35,35,025,0100,2020_block_count_centroids
CHISAGO - 0105,28B,28B,1.0000000000,53,53,025,0105,2020_block_count_centroids
CHISAGO - 0110,28B,28B,1.0000000000,157,157,025,0110,2020_block_count_centroids
CLAY - 0005,04B,04B,1.0000000000,64,64,027,0005,2020_block_count_centroids
CLAY - 0010,04B,04B,1.0000000000,43,43,027,0010,2020_block_count_centroids
CLAY - 0015,04B,04B,1.0000000000,39,39,027,0015,2020_block_count_centroids
CLAY - 0020,04B,04B,1.0000000000,27,27,027,0020,2020_block_count_centroids
CLAY - 0025,04B,04B,1.0000000000,63,63,027,0025,2020_block_count_centroids
CLAY - 0030,04B,04B,1.0000000000,8,8,027,0030,2020_block_count_centroids
CLAY - 0035,04B,04B,1.0000000000,29,29,027,0035,2020_block_count_centroids
CLAY - 0040,04A,04A,0.0198019802,2,101,027,0040,2020_block_count_centroids
CLAY - 0040,04B,04B,0.9801980198,99,101,027,0040,2020_block_count_centroids
CLAY - 0045,04B,04B,1.0000000000,55,55,027,0045,2020_block_count_centroids
CLAY - 0050,04B,04B,1.0000000000,48,48,027,0050,2020_block_count_centroids
CLAY - 0055,04B,04B,1.0000000000,82,82,027,0055,2020_block_count_centroids
CLAY - 0060,01B,01B,1.0000000000,18,18,027,0060,2020_block_count_centroids
CLAY - 0065,01B,01B,1.0000000000,37,37,027,0065,2020_block_count_centroids
CLAY - 0070,04B,04B,1.0000000000,29,29,027,0070,2020_block_count_centroids
CLAY - 0075,04B,04B,1.0000000000,16,16,027,0075,2020_block_count_centroids
CLAY - 0080,04B,04B,1.0000000000,51,51,027,0080,2020_block_count_centroids
CLAY - 0085,04B,04B,1.0000000000,43,43,027,0085,2020_block_count_centroids
CLAY - 0090,04A,04A,0.0294117647,2,68,027,0090,2020_block_count_centroids
CLAY - 0090,04B,04B,0.9705882353,66,68,027,0090,2020_block_count_centroids
CLAY - 0095,04B,04B,1.0000000000,33,33,027,0095,2020_block_count_centroids
CLAY - 0100,01B,01B,1.0000000000,38,38,027,0100,2020_block_count_centroids
CLAY - 0105,04B,04B,1.0000000000,97,97,027,0105,2020_block_count_centroids
CLAY - 0110,04B,04B,1.0000000000,49,49,027,0110,2020_block_count_centroids
CLAY - 0115,04B,04B,1.0000000000,68,68,027,0115,2020_block_count_centroids
CLAY - 0120,04B,04B,1.0000000000,18,18,027,0120,2020_block_count_centroids
CLAY - 0125,04B,04B,1.0000000000,42,42,027,0125,2020_block_count_centroids
CLAY - 0130,04B,04B,1.0000000000,43,43,027,0130,2020_block_count_centroids
CLAY - 0135,04B,04B,1.0000000000,26,26,027,0135,2020_block_count_centroids
CLAY - 0140,04B,04B,1.0000000000,57,57,027,0140,2020_block_count_centroids
CLAY - 0145,04B,04B,1.0000000000,62,62,027,0145,2020_block_count_centroids
CLAY - 0150,04B,04B,1.0000000000,49,49,027,0150,2020_block_count_centroids
CLAY - 0155,04A,04A,0.8076923077,42,52,027,0155,2020_block_count_centroids
CLAY - 0155,04B,04B,0.1923076923,10,52,027,0155,2020_block_count_centroids
CLAY - 0160,04A,04A,0.9814814815,106,108,027,0160,2020_block_count_centroids
CLAY - 0160,04B,04B,0.0185185185,2,108,027,0160,2020_block_count_centroids
CLAY - 0165,04A,04A,1.0000000000,117,117,027,0165,2020_block_count_centroids
CLAY - 0170,04A,04A,1.0000000000,59,59,027,0170,2020_block_count_centroids
CLAY - 0175,04A,04A,1.0000000000,18,18,027,0175,2020_block_count_centroids
CLAY - 0180,04A,04A,1.0000000000,21,21,027,0180,2020_block_count_centroids
CLAY - 0185,04A,04A,1.0000000000,57,57,027,0185,2020_block_count_centroids
CLAY - 0190,04A,04A,1.0000000000,25,25,027,0190,2020_block_count_centroids
CLAY - 0195,04A,04A,1.0000000000,39,39,027,0195,2020_block_count_centroids
CLAY - 0200,04A,04A,1.0000000000,49,49,027,0200,2020_block_count_centroids
CLAY - 0205,04A,04A,1.0000000000,51,51,027,0205,2020_block_count_centroids
CLAY - 0210,04A,04A,1.0000000000,60,60,027,0210,2020_block_count_centroids
CLAY - 0215,04A,04A,0.6457142857,113,175,027,0215,2020_block_count_centroids
CLAY - 0215,04B,04B,0.3542857143,62,175,027,0215,2020_block_count_centroids
CLAY - 0220,04B,04B,1.0000000000,39,39,027,0220,2020_block_count_centroids
CLAY - 0225,04B,04B,1.0000000000,82,82,027,0225,2020_block_count_centroids
CLAY - 0230,04B,04B,1.0000000000,34,34,027,0230,2020_block_count_centroids
CLAY - 0235,04B,04B,1.0000000000,37,37,027,0235,2020_block_count_centroids
CLAY - 0240,04B,04B,1.0000000000,18,18,027,0240,2020_block_count_centroids
CLAY - 0245,04B,04B,1.0000000000,35,35,027,0245,2020_block_count_centroids
CLAY - 0250,04B,04B,1.0000000000,24,24,027,0250,2020_block_count_centroids
CLAY - 0255,04B,04B,1.0000000000,32,32,027,0255,2020_block_count_centroids
CLAY - 0260,01B,01B,1.0000000000,33,33,027,0260,2020_block_count_centroids
CLAY - 0265,01B,01B,1.0000000000,29,29,027,0265,2020_block_count_centroids
CLAY - 0270,04B,04B,1.0000000000,37,37,027,0270,2020_block_count_centroids
CLEARWATER - 0005,02B,02B,1.0000000000,102,102,029,0005,2020_block_count_centroids
CLEARWATER - 0010,02B,02B,1.0000000000,19,19,029,0010,2020_block_count_centroids
CLEARWATER - 0015,02A,02A,1.0000000000,45,45,029,0015,2020_block_count_centroids
CLEARWATER - 0020,02A,02A,1.0000000000,12,12,029,0020,2020_block_count_centroids
CLEARWATER - 0025,02B,02B,1.0000000000,73,73,029,0025,2020_block_count_centroids
CLEARWATER - 0030,02B,02B,1.0000000000,33,33,029,0030,2020_block_count_centroids
CLEARWATER - 0035,02B,02B,1.0000000000,34,34,029,0035,2020_block_count_centroids
CLEARWATER - 0040,02B,02B,1.0000000000,25,25,029,0040,2020_block_count_centroids
CLEARWATER - 0045,02A,02A,1.0000000000,35,35,029,0045,2020_block_count_centroids
CLEARWATER - 0050,02A,02A,1.0000000000,15,15,029,0050,2020_block_count_centroids
CLEARWATER - 0055,02A,02A,1.0000000000,69,69,029,0055,2020_block_count_centroids
CLEARWATER - 0060,02B,02B,1.0000000000,40,40,029,0060,2020_block_count_centroids
CLEARWATER - 0065,02B,02B,1.0000000000,41,41,029,0065,2020_block_count_centroids
CLEARWATER - 0070,02B,02B,1.0000000000,73,73,029,0070,2020_block_count_centroids
CLEARWATER - 0075,02A,02A,1.0000000000,41,41,029,0075,2020_block_count_centroids
CLEARWATER - 0080,02B,02B,1.0000000000,14,14,029,0080,2020_block_count_centroids
CLEARWATER - 0085,02B,02B,1.0000000000,33,33,029,0085,2020_block_count_centroids
CLEARWATER - 0090,02B,02B,1.0000000000,19,19,029,0090,2020_block_count_centroids
CLEARWATER - 0095,02B,02B,1.0000000000,30,30,029,0095,2020_block_count_centroids
CLEARWATER - 0100,02A,02A,1.0000000000,59,59,029,0100,2020_block_count_centroids
CLEARWATER - 0105,02B,02B,1.0000000000,53,53,029,0105,2020_block_count_centroids
CLEARWATER - 0110,02B,02B,1.0000000000,58,58,029,0110,2020_block_count_centroids
CLEARWATER - 0115,02B,02B,1.0000000000,20,20,029,0115,2020_block_count_centroids
CLEARWATER - 0120,02B,02B,1.0000000000,39,39,029,0120,2020_block_count_centroids
CLEARWATER - 0125,02A,02A,1.0000000000,26,26,029,0125,2020_block_count_centroids
CLEARWATER - 0130,02A,02A,1.0000000000,25,25,029,0130,2020_block_count_centroids
CLEARWATER - 0135,02B,02B,1.0000000000,19,19,029,0135,2020_block_count_centroids
CLEARWATER - 0140,02B,02B,1.0000000000,57,57,029,0140,2020_block_count_centroids
COOK - 0001,03A,03A,1.0000000000,66,66,031,0001,2020_block_count_centroids
COOK - 0002,03A,03A,1.0000000000,82,82,031,0002,2020_block_count_centroids
COOK - 0003,03A,03A,1.0000000000,139,139,031,0003,2020_block_count_centroids
COOK - 0004,03A,03A,1.0000000000,261,261,031,0004,2020_block_count_centroids
COOK - 0005,03A,03A,1.0000000000,43,43,031,0005,2020_block_count_centroids
COOK - 0006,03A,03A,1.0000000000,25,25,031,0006,2020_block_count_centroids
COOK - 0007,03A,03A,1.0000000000,83,83,031,0007,2020_block_count_centroids
COOK - 0008,03A,03A,1.0000000000,101,101,031,0008,2020_block_count_centroids
COOK - 0009,03A,03A,1.0000000000,97,97,031,0009,2020_block_count_centroids
COOK - 0010,03A,03A,1.0000000000,100,100,031,0010,2020_block_count_centroids
COOK - 003A,03A,03A,1.0000000000,1,1,031,003A,2020_block_count_centroids
COOK - 005A,03A,03A,1.0000000000,8,8,031,005A,2020_block_count_centroids
COOK - 008A,03A,03A,1.0000000000,27,27,031,008A,2020_block_count_centroids
COOK - ZZZZZZ,03A,03A,1.0000000000,14,14,031,ZZZZZZ,2020_block_count_centroids
COTTONWOOD - 0005,21A,21A,1.0000000000,42,42,033,0005,2020_block_count_centroids
COTTONWOOD - 0010,21A,21A,1.0000000000,49,49,033,0010,2020_block_count_centroids
COTTONWOOD - 0015,21A,21A,1.0000000000,45,45,033,0015,2020_block_count_centroids
COTTONWOOD - 0020,21B,21B,1.0000000000,24,24,033,0020,2020_block_count_centroids
COTTONWOOD - 0025,21A,21A,1.0000000000,48,48,033,0025,2020_block_count_centroids
COTTONWOOD - 0030,21A,21A,1.0000000000,2,2,033,0030,2020_block_count_centroids
COTTONWOOD - 0035,21A,21A,1.0000000000,43,43,033,0035,2020_block_count_centroids
COTTONWOOD - 0040,21A,21A,1.0000000000,53,53,033,0040,2020_block_count_centroids
COTTONWOOD - 0045,21A,21A,1.0000000000,46,46,033,0045,2020_block_count_centroids
COTTONWOOD - 0050,21B,21B,1.0000000000,56,56,033,0050,2020_block_count_centroids
COTTONWOOD - 0055,21A,21A,1.0000000000,45,45,033,0055,2020_block_count_centroids
COTTONWOOD - 0060,21A,21A,1.0000000000,41,41,033,0060,2020_block_count_centroids
COTTONWOOD - 0065,21B,21B,1.0000000000,69,69,033,0065,2020_block_count_centroids
COTTONWOOD - 0070,21A,21A,1.0000000000,58,58,033,0070,2020_block_count_centroids
COTTONWOOD - 0075,21A,21A,1.0000000000,38,38,033,0075,2020_block_count_centroids
COTTONWOOD - 0080,21A,21A,0.9500000000,38,40,033,0080,2020_block_count_centroids
COTTONWOOD - 0080,21B,21B,0.0500000000,2,40,033,0080,2020_block_count_centroids
COTTONWOOD - 0085,21A,21A,0.1132075472,6,53,033,0085,2020_block_count_centroids
COTTONWOOD - 0085,21B,21B,0.8867924528,47,53,033,0085,2020_block_count_centroids
COTTONWOOD - 0090,21A,21A,1.0000000000,45,45,033,0090,2020_block_count_centroids
COTTONWOOD - 0095,21A,21A,1.0000000000,50,50,033,0095,2020_block_count_centroids
COTTONWOOD - 0100,21A,21A,1.0000000000,50,50,033,0100,2020_block_count_centroids
COTTONWOOD - 0105,21B,21B,1.0000000000,57,57,033,0105,2020_block_count_centroids
COTTONWOOD - 0110,21A,21A,1.0000000000,17,17,033,0110,2020_block_count_centroids
COTTONWOOD - 0115,21A,21A,1.0000000000,64,64,033,0115,2020_block_count_centroids
COTTONWOOD - 0120,21A,21A,1.0000000000,82,82,033,0120,2020_block_count_centroids
COTTONWOOD - 0125,21A,21A,1.0000000000,57,57,033,0125,2020_block_count_centroids
COTTONWOOD - 0130,21B,21B,1.0000000000,36,36,033,0130,2020_block_count_centroids
COTTONWOOD - 0135,21B,21B,1.0000000000,27,27,033,0135,2020_block_count_centroids
COTTONWOOD - 0140,21B,21B,1.0000000000,23,23,033,0140,2020_block_count_centroids
COTTONWOOD - 0145,21B,21B,1.0000000000,106,106,033,0145,2020_block_count_centroids
CROW WING - 0005,06B,06B,1.0000000000,170,170,035,0005,2020_block_count_centroids
CROW WING - 0010,06A,06A,1.0000000000,80,80,035,0010,2020_block_count_centroids
CROW WING - 0015,06B,06B,1.0000000000,59,59,035,0015,2020_block_count_centroids
CROW WING - 0016,06B,06B,1.0000000000,37,37,035,0016,2020_block_count_centroids
CROW WING - 0020,06B,06B,1.0000000000,93,93,035,0020,2020_block_count_centroids
CROW WING - 0025,06B,06B,1.0000000000,83,83,035,0025,2020_block_count_centroids
CROW WING - 0035,06B,06B,1.0000000000,107,107,035,0035,2020_block_count_centroids
CROW WING - 0040,06A,06A,0.0185185185,2,108,035,0040,2020_block_count_centroids
CROW WING - 0040,06B,06B,0.9814814815,106,108,035,0040,2020_block_count_centroids
CROW WING - 0045,06A,06A,0.0253164557,2,79,035,0045,2020_block_count_centroids
CROW WING - 0045,06B,06B,0.9746835443,77,79,035,0045,2020_block_count_centroids
CROW WING - 0050,06A,06A,0.0400000000,2,50,035,0050,2020_block_count_centroids
CROW WING - 0050,06B,06B,0.9600000000,48,50,035,0050,2020_block_count_centroids
CROW WING - 0055,06A,06A,0.0127388535,2,157,035,0055,2020_block_count_centroids
CROW WING - 0055,06B,06B,0.9872611465,155,157,035,0055,2020_block_count_centroids
CROW WING - 0060,06B,06B,1.0000000000,77,77,035,0060,2020_block_count_centroids
CROW WING - 0065,06A,06A,1.0000000000,60,60,035,0065,2020_block_count_centroids
CROW WING - 0070,06A,06A,1.0000000000,57,57,035,0070,2020_block_count_centroids
CROW WING - 0075,06A,06A,0.9862068966,143,145,035,0075,2020_block_count_centroids
CROW WING - 0075,06B,06B,0.0137931034,2,145,035,0075,2020_block_count_centroids
CROW WING - 0080,06B,06B,1.0000000000,75,75,035,0080,2020_block_count_centroids
CROW WING - 0085,06A,06A,1.0000000000,22,22,035,0085,2020_block_count_centroids
CROW WING - 0090,10A,10A,1.0000000000,47,47,035,0090,2020_block_count_centroids
CROW WING - 0095,06B,06B,1.0000000000,80,80,035,0095,2020_block_count_centroids
CROW WING - 0100,06A,06A,1.0000000000,22,22,035,0100,2020_block_count_centroids
CROW WING - 0105,06A,06A,1.0000000000,38,38,035,0105,2020_block_count_centroids
CROW WING - 0110,06A,06A,1.0000000000,51,51,035,0110,2020_block_count_centroids
CROW WING - 0115,06A,06A,1.0000000000,57,57,035,0115,2020_block_count_centroids
CROW WING - 0120,06A,06A,1.0000000000,53,53,035,0120,2020_block_count_centroids
CROW WING - 0125,06A,06A,1.0000000000,38,38,035,0125,2020_block_count_centroids
CROW WING - 0130,10A,10A,1.0000000000,14,14,035,0130,2020_block_count_centroids
CROW WING - 0135,10A,10A,1.0000000000,51,51,035,0135,2020_block_count_centroids
CROW WING - 0140,06A,06A,1.0000000000,13,13,035,0140,2020_block_count_centroids
CROW WING - 0145,06A,06A,1.0000000000,21,21,035,0145,2020_block_count_centroids
CROW WING - 0150,06A,06A,1.0000000000,76,76,035,0150,2020_block_count_centroids
CROW WING - 0155,06A,06A,0.9775280899,87,89,035,0155,2020_block_count_centroids
CROW WING - 0155,06B,06B,0.0224719101,2,89,035,0155,2020_block_count_centroids
CROW WING - 0160,06A,06A,1.0000000000,56,56,035,0160,2020_block_count_centroids
CROW WING - 0165,06A,06A,1.0000000000,39,39,035,0165,2020_block_count_centroids
CROW WING - 0170,06A,06A,1.0000000000,61,61,035,0170,2020_block_count_centroids
CROW WING - 0175,06B,06B,1.0000000000,36,36,035,0175,2020_block_count_centroids
CROW WING - 0180,06B,06B,1.0000000000,38,38,035,0180,2020_block_count_centroids
CROW WING - 0185,06B,06B,1.0000000000,93,93,035,0185,2020_block_count_centroids
CROW WING - 0190,06B,06B,1.0000000000,120,120,035,0190,2020_block_count_centroids
CROW WING - 0195,06A,06A,1.0000000000,26,26,035,0195,2020_block_count_centroids
CROW WING - 0200,06B,06B,0.0625000000,4,64,035,0200,2020_block_count_centroids
CROW WING - 0200,10A,10A,0.9375000000,60,64,035,0200,2020_block_count_centroids
CROW WING - 0205,06A,06A,1.0000000000,6,6,035,0205,2020_block_count_centroids
CROW WING - 0210,06A,06A,0.0303030303,1,33,035,0210,2020_block_count_centroids
CROW WING - 0210,10A,10A,0.9696969697,32,33,035,0210,2020_block_count_centroids
CROW WING - 0215,06A,06A,1.0000000000,52,52,035,0215,2020_block_count_centroids
CROW WING - 0220,06B,06B,1.0000000000,96,96,035,0220,2020_block_count_centroids
CROW WING - 0225,06A,06A,1.0000000000,47,47,035,0225,2020_block_count_centroids
CROW WING - 0230,06A,06A,0.8281250000,106,128,035,0230,2020_block_count_centroids
CROW WING - 0230,06B,06B,0.1718750000,22,128,035,0230,2020_block_count_centroids
CROW WING - 0235,06B,06B,1.0000000000,36,36,035,0235,2020_block_count_centroids
CROW WING - 0240,06B,06B,1.0000000000,52,52,035,0240,2020_block_count_centroids
CROW WING - 0245,06A,06A,1.0000000000,31,31,035,0245,2020_block_count_centroids
CROW WING - 0250,10A,10A,1.0000000000,30,30,035,0250,2020_block_count_centroids
CROW WING - 0255,06A,06A,1.0000000000,37,37,035,0255,2020_block_count_centroids
CROW WING - 0257,06A,06A,1.0000000000,13,13,035,0257,2020_block_count_centroids
CROW WING - 0260,10A,10A,1.0000000000,65,65,035,0260,2020_block_count_centroids
CROW WING - 0265,06A,06A,1.0000000000,46,46,035,0265,2020_block_count_centroids
CROW WING - 0270,06B,06B,1.0000000000,52,52,035,0270,2020_block_count_centroids
CROW WING - 0275,10A,10A,1.0000000000,38,38,035,0275,2020_block_count_centroids
CROW WING - 0280,06A,06A,1.0000000000,16,16,035,0280,2020_block_count_centroids
CROW WING - 0285,06A,06A,1.0000000000,21,21,035,0285,2020_block_count_centroids
CROW WING - 0290,06A,06A,1.0000000000,27,27,035,0290,2020_block_count_centroids
DAKOTA - 0005,55B,55B,0.0444444444,2,45,037,0005,2020_block_count_centroids
DAKOTA - 0005,56A,56A,0.9555555556,43,45,037,0005,2020_block_count_centroids
DAKOTA - 0010,56A,56A,1.0000000000,21,21,037,0010,2020_block_count_centroids
DAKOTA - 0015,56A,56A,1.0000000000,25,25,037,0015,2020_block_count_centroids
DAKOTA - 0020,56A,56A,1.0000000000,39,39,037,0020,2020_block_count_centroids
DAKOTA - 0025,52A,52A,0.0909090909,5,55,037,0025,2020_block_count_centroids
DAKOTA - 0025,56A,56A,0.9090909091,50,55,037,0025,2020_block_count_centroids
DAKOTA - 0030,56A,56A,1.0000000000,33,33,037,0030,2020_block_count_centroids
DAKOTA - 0035,56A,56A,1.0000000000,25,25,037,0035,2020_block_count_centroids
DAKOTA - 0040,56A,56A,1.0000000000,36,36,037,0040,2020_block_count_centroids
DAKOTA - 0045,56A,56A,0.2380952381,5,21,037,0045,2020_block_count_centroids
DAKOTA - 0045,56B,56B,0.7619047619,16,21,037,0045,2020_block_count_centroids
DAKOTA - 0050,56B,56B,1.0000000000,27,27,037,0050,2020_block_count_centroids
DAKOTA - 0055,56B,56B,1.0000000000,29,29,037,0055,2020_block_count_centroids
DAKOTA - 0056,56A,56A,1.0000000000,131,131,037,0056,2020_block_count_centroids
DAKOTA - 0057,56A,56A,0.2804878049,23,82,037,0057,2020_block_count_centroids
DAKOTA - 0057,56B,56B,0.7195121951,59,82,037,0057,2020_block_count_centroids
DAKOTA - 0060,52A,52A,0.9245283019,49,53,037,0060,2020_block_count_centroids
DAKOTA - 0060,55B,55B,0.0754716981,4,53,037,0060,2020_block_count_centroids
DAKOTA - 0065,55A,55A,0.9787234043,46,47,037,0065,2020_block_count_centroids
DAKOTA - 0065,55B,55B,0.0212765957,1,47,037,0065,2020_block_count_centroids
DAKOTA - 0070,55A,55A,0.7894736842,30,38,037,0070,2020_block_count_centroids
DAKOTA - 0070,55B,55B,0.2105263158,8,38,037,0070,2020_block_count_centroids
DAKOTA - 0075,55B,55B,1.0000000000,37,37,037,0075,2020_block_count_centroids
DAKOTA - 0080,55B,55B,1.0000000000,37,37,037,0080,2020_block_count_centroids
DAKOTA - 0085,52A,52A,1.0000000000,21,21,037,0085,2020_block_count_centroids
DAKOTA - 0090,55A,55A,1.0000000000,27,27,037,0090,2020_block_count_centroids
DAKOTA - 0095,55B,55B,1.0000000000,47,47,037,0095,2020_block_count_centroids
DAKOTA - 0100,55B,55B,0.9852941176,67,68,037,0100,2020_block_count_centroids
DAKOTA - 0100,56A,56A,0.0147058824,1,68,037,0100,2020_block_count_centroids
DAKOTA - 0105,52A,52A,0.9743589744,38,39,037,0105,2020_block_count_centroids
DAKOTA - 0105,56A,56A,0.0256410256,1,39,037,0105,2020_block_count_centroids
DAKOTA - 0106,55B,55B,1.0000000000,63,63,037,0106,2020_block_count_centroids
DAKOTA - 0107,55B,55B,1.0000000000,60,60,037,0107,2020_block_count_centroids
DAKOTA - 0108,55A,55A,0.0138888889,1,72,037,0108,2020_block_count_centroids
DAKOTA - 0108,55B,55B,0.9861111111,71,72,037,0108,2020_block_count_centroids
DAKOTA - 0110,58B,58B,1.0000000000,69,69,037,0110,2020_block_count_centroids
DAKOTA - 0115,58B,58B,1.0000000000,10,10,037,0115,2020_block_count_centroids
DAKOTA - 0120,20A,20A,1.0000000000,37,37,037,0120,2020_block_count_centroids
DAKOTA - 0125,52A,52A,0.5000000000,61,122,037,0125,2020_block_count_centroids
DAKOTA - 0125,52B,52B,0.4918032787,60,122,037,0125,2020_block_count_centroids
DAKOTA - 0125,53A,53A,0.0081967213,1,122,037,0125,2020_block_count_centroids
DAKOTA - 0130,52A,52A,1.0000000000,10,10,037,0130,2020_block_count_centroids
DAKOTA - 0135,52A,52A,0.2031250000,13,64,037,0135,2020_block_count_centroids
DAKOTA - 0135,52B,52B,0.7968750000,51,64,037,0135,2020_block_count_centroids
DAKOTA - 0140,52A,52A,1.0000000000,34,34,037,0140,2020_block_count_centroids
DAKOTA - 0145,52A,52A,1.0000000000,20,20,037,0145,2020_block_count_centroids
DAKOTA - 0150,52A,52A,1.0000000000,30,30,037,0150,2020_block_count_centroids
DAKOTA - 0155,52A,52A,0.7321428571,41,56,037,0155,2020_block_count_centroids
DAKOTA - 0155,52B,52B,0.2678571429,15,56,037,0155,2020_block_count_centroids
DAKOTA - 0160,52A,52A,0.0937500000,3,32,037,0160,2020_block_count_centroids
DAKOTA - 0160,52B,52B,0.9062500000,29,32,037,0160,2020_block_count_centroids
DAKOTA - 0165,52B,52B,1.0000000000,32,32,037,0165,2020_block_count_centroids
DAKOTA - 0170,52A,52A,0.1379310345,4,29,037,0170,2020_block_count_centroids
DAKOTA - 0170,52B,52B,0.8620689655,25,29,037,0170,2020_block_count_centroids
DAKOTA - 0175,52B,52B,1.0000000000,40,40,037,0175,2020_block_count_centroids
DAKOTA - 0180,52A,52A,1.0000000000,46,46,037,0180,2020_block_count_centroids
DAKOTA - 0185,52A,52A,1.0000000000,25,25,037,0185,2020_block_count_centroids
DAKOTA - 0190,52A,52A,0.7096774194,22,31,037,0190,2020_block_count_centroids
DAKOTA - 0190,52B,52B,0.2903225806,9,31,037,0190,2020_block_count_centroids
DAKOTA - 0191,52B,52B,1.0000000000,14,14,037,0191,2020_block_count_centroids
DAKOTA - 0192,52B,52B,1.0000000000,27,27,037,0192,2020_block_count_centroids
DAKOTA - 0193,52B,52B,0.8387096774,26,31,037,0193,2020_block_count_centroids
DAKOTA - 0193,53A,53A,0.1612903226,5,31,037,0193,2020_block_count_centroids
DAKOTA - 0194,52A,52A,1.0000000000,31,31,037,0194,2020_block_count_centroids
DAKOTA - 0195,57B,57B,0.0095238095,1,105,037,0195,2020_block_count_centroids
DAKOTA - 0195,58B,58B,0.9904761905,104,105,037,0195,2020_block_count_centroids
DAKOTA - 0196,52A,52A,0.5789473684,11,19,037,0196,2020_block_count_centroids
DAKOTA - 0196,56B,56B,0.4210526316,8,19,037,0196,2020_block_count_centroids
DAKOTA - 0197,52B,52B,0.2692307692,14,52,037,0197,2020_block_count_centroids
DAKOTA - 0197,56B,56B,0.7307692308,38,52,037,0197,2020_block_count_centroids
DAKOTA - 0198,52B,52B,1.0000000000,21,21,037,0198,2020_block_count_centroids
DAKOTA - 0200,57A,57A,1.0000000000,66,66,037,0200,2020_block_count_centroids
DAKOTA - 0205,57A,57A,0.0074074074,1,135,037,0205,2020_block_count_centroids
DAKOTA - 0205,58B,58B,0.9925925926,134,135,037,0205,2020_block_count_centroids
DAKOTA - 0210,58B,58B,1.0000000000,64,64,037,0210,2020_block_count_centroids
DAKOTA - 0215,57A,57A,0.0094339623,1,106,037,0215,2020_block_count_centroids
DAKOTA - 0215,58B,58B,0.9905660377,105,106,037,0215,2020_block_count_centroids
DAKOTA - 0220,58A,58A,0.1739130435,8,46,037,0220,2020_block_count_centroids
DAKOTA - 0220,58B,58B,0.8260869565,38,46,037,0220,2020_block_count_centroids
DAKOTA - 0225,58B,58B,1.0000000000,23,23,037,0225,2020_block_count_centroids
DAKOTA - 0230,58B,58B,1.0000000000,66,66,037,0230,2020_block_count_centroids
DAKOTA - 0235,41B,41B,0.9871794872,154,156,037,0235,2020_block_count_centroids
DAKOTA - 0235,58B,58B,0.0128205128,2,156,037,0235,2020_block_count_centroids
DAKOTA - 0240,41B,41B,1.0000000000,115,115,037,0240,2020_block_count_centroids
DAKOTA - 0245,41B,41B,1.0000000000,98,98,037,0245,2020_block_count_centroids
DAKOTA - 0250,41B,41B,1.0000000000,61,61,037,0250,2020_block_count_centroids
DAKOTA - 0255,53A,53A,1.0000000000,40,40,037,0255,2020_block_count_centroids
DAKOTA - 0260,53A,53A,1.0000000000,115,115,037,0260,2020_block_count_centroids
DAKOTA - 0265,53A,53A,0.4909090909,27,55,037,0265,2020_block_count_centroids
DAKOTA - 0265,53B,53B,0.4909090909,27,55,037,0265,2020_block_count_centroids
DAKOTA - 0265,58B,58B,0.0181818182,1,55,037,0265,2020_block_count_centroids
DAKOTA - 0270,53A,53A,0.9863013699,72,73,037,0270,2020_block_count_centroids
DAKOTA - 0270,53B,53B,0.0136986301,1,73,037,0270,2020_block_count_centroids
DAKOTA - 0275,53A,53A,0.2187500000,14,64,037,0275,2020_block_count_centroids
DAKOTA - 0275,53B,53B,0.7812500000,50,64,037,0275,2020_block_count_centroids
DAKOTA - 0280,53A,53A,0.3333333333,16,48,037,0280,2020_block_count_centroids
DAKOTA - 0280,53B,53B,0.6666666667,32,48,037,0280,2020_block_count_centroids
DAKOTA - 0281,53A,53A,1.0000000000,10,10,037,0281,2020_block_count_centroids
DAKOTA - 0285,53A,53A,0.4736842105,18,38,037,0285,2020_block_count_centroids
DAKOTA - 0285,53B,53B,0.5263157895,20,38,037,0285,2020_block_count_centroids
DAKOTA - 0286,53A,53A,1.0000000000,47,47,037,0286,2020_block_count_centroids
DAKOTA - 0287,53A,53A,1.0000000000,10,10,037,0287,2020_block_count_centroids
DAKOTA - 0290,57A,57A,1.0000000000,152,152,037,0290,2020_block_count_centroids
DAKOTA - 0295,57A,57A,1.0000000000,118,118,037,0295,2020_block_count_centroids
DAKOTA - 0300,57A,57A,0.6962025316,55,79,037,0300,2020_block_count_centroids
DAKOTA - 0300,57B,57B,0.3037974684,24,79,037,0300,2020_block_count_centroids
DAKOTA - 0305,57B,57B,1.0000000000,47,47,037,0305,2020_block_count_centroids
DAKOTA - 0310,57B,57B,1.0000000000,43,43,037,0310,2020_block_count_centroids
DAKOTA - 0311,57B,57B,1.0000000000,36,36,037,0311,2020_block_count_centroids
DAKOTA - 0312,57B,57B,1.0000000000,22,22,037,0312,2020_block_count_centroids
DAKOTA - 0313,57A,57A,0.0253807107,5,197,037,0313,2020_block_count_centroids
DAKOTA - 0313,57B,57B,0.9746192893,192,197,037,0313,2020_block_count_centroids
DAKOTA - 0314,57B,57B,1.0000000000,72,72,037,0314,2020_block_count_centroids
DAKOTA - 0315,52B,52B,0.2380952381,5,21,037,0315,2020_block_count_centroids
DAKOTA - 0315,53A,53A,0.7619047619,16,21,037,0315,2020_block_count_centroids
DAKOTA - 0316,57B,57B,1.0000000000,22,22,037,0316,2020_block_count_centroids
DAKOTA - 0317,57A,57A,0.3225806452,10,31,037,0317,2020_block_count_centroids
DAKOTA - 0317,57B,57B,0.6774193548,21,31,037,0317,2020_block_count_centroids
DAKOTA - 0320,41B,41B,0.1458333333,7,48,037,0320,2020_block_count_centroids
DAKOTA - 0320,58B,58B,0.8541666667,41,48,037,0320,2020_block_count_centroids
DAKOTA - 0325,52B,52B,1.0000000000,20,20,037,0325,2020_block_count_centroids
DAKOTA - 0330,52B,52B,0.0384615385,2,52,037,0330,2020_block_count_centroids
DAKOTA - 0330,53A,53A,0.9615384615,50,52,037,0330,2020_block_count_centroids
DAKOTA - 0335,52B,52B,0.9736842105,37,38,037,0335,2020_block_count_centroids
DAKOTA - 0335,53A,53A,0.0263157895,1,38,037,0335,2020_block_count_centroids
DAKOTA - 0340,52A,52A,0.0978260870,9,92,037,0340,2020_block_count_centroids
DAKOTA - 0340,52B,52B,0.9021739130,83,92,037,0340,2020_block_count_centroids
DAKOTA - 0345,52B,52B,1.0000000000,36,36,037,0345,2020_block_count_centroids
DAKOTA - 0347,52B,52B,1.0000000000,30,30,037,0347,2020_block_count_centroids
DAKOTA - 0350,20A,20A,1.0000000000,4,4,037,0350,2020_block_count_centroids
DAKOTA - 0355,58B,58B,1.0000000000,7,7,037,0355,2020_block_count_centroids
DAKOTA - 0360,41B,41B,1.0000000000,39,39,037,0360,2020_block_count_centroids
DAKOTA - 0365,58A,58A,0.8000000000,8,10,037,0365,2020_block_count_centroids
DAKOTA - 0365,58B,58B,0.2000000000,2,10,037,0365,2020_block_count_centroids
DAKOTA - 0366,58A,58A,1.0000000000,3,3,037,0366,2020_block_count_centroids
DAKOTA - 0370,58B,58B,1.0000000000,27,27,037,0370,2020_block_count_centroids
DAKOTA - 0375,58B,58B,1.0000000000,50,50,037,0375,2020_block_count_centroids
DAKOTA - 0380,41B,41B,0.0816326531,4,49,037,0380,2020_block_count_centroids
DAKOTA - 0380,58B,58B,0.9183673469,45,49,037,0380,2020_block_count_centroids
DAKOTA - 0382,58B,58B,1.0000000000,14,14,037,0382,2020_block_count_centroids
DAKOTA - 0385,56B,56B,1.0000000000,73,73,037,0385,2020_block_count_centroids
DAKOTA - 0390,56B,56B,1.0000000000,25,25,037,0390,2020_block_count_centroids
DAKOTA - 0395,56B,56B,1.0000000000,21,21,037,0395,2020_block_count_centroids
DAKOTA - 0400,56B,56B,0.7037037037,38,54,037,0400,2020_block_count_centroids
DAKOTA - 0400,58B,58B,0.2962962963,16,54,037,0400,2020_block_count_centroids
DAKOTA - 0401,56B,56B,0.6685393258,119,178,037,0401,2020_block_count_centroids
DAKOTA - 0401,58B,58B,0.3314606742,59,178,037,0401,2020_block_count_centroids
DAKOTA - 0405,58B,58B,1.0000000000,30,30,037,0405,2020_block_count_centroids
DAKOTA - 0410,53A,53A,0.0178571429,2,112,037,0410,2020_block_count_centroids
DAKOTA - 0410,53B,53B,0.9821428571,110,112,037,0410,2020_block_count_centroids
DAKOTA - 0425,53B,53B,1.0000000000,119,119,037,0425,2020_block_count_centroids
DAKOTA - 0440,53B,53B,1.0000000000,118,118,037,0440,2020_block_count_centroids
DAKOTA - 0455,52B,52B,0.1000000000,1,10,037,0455,2020_block_count_centroids
DAKOTA - 0455,53A,53A,0.9000000000,9,10,037,0455,2020_block_count_centroids
DAKOTA - 0460,58B,58B,1.0000000000,14,14,037,0460,2020_block_count_centroids
DAKOTA - 0465,58B,58B,1.0000000000,75,75,037,0465,2020_block_count_centroids
DAKOTA - 0470,58B,58B,1.0000000000,53,53,037,0470,2020_block_count_centroids
DAKOTA - 0475,65B,65B,1.0000000000,31,31,037,0475,2020_block_count_centroids
DAKOTA - 0480,53A,53A,0.3793103448,11,29,037,0480,2020_block_count_centroids
DAKOTA - 0480,65B,65B,0.6206896552,18,29,037,0480,2020_block_count_centroids
DAKOTA - 0485,53A,53A,1.0000000000,22,22,037,0485,2020_block_count_centroids
DAKOTA - 0490,65B,65B,1.0000000000,41,41,037,0490,2020_block_count_centroids
DAKOTA - 0495,53A,53A,0.0606060606,2,33,037,0495,2020_block_count_centroids
DAKOTA - 0495,65B,65B,0.9393939394,31,33,037,0495,2020_block_count_centroids
DAKOTA - 0500,53A,53A,0.9285714286,13,14,037,0500,2020_block_count_centroids
DAKOTA - 0500,65B,65B,0.0714285714,1,14,037,0500,2020_block_count_centroids
DAKOTA - 0505,65B,65B,1.0000000000,36,36,037,0505,2020_block_count_centroids
DAKOTA - 0510,53A,53A,0.7200000000,18,25,037,0510,2020_block_count_centroids
DAKOTA - 0510,65B,65B,0.2800000000,7,25,037,0510,2020_block_count_centroids
DAKOTA - 0515,53A,53A,1.0000000000,25,25,037,0515,2020_block_count_centroids
DODGE - 0005,24A,24A,1.0000000000,62,62,039,0005,2020_block_count_centroids
DODGE - 0007,24A,24A,1.0000000000,2,2,039,0007,2020_block_count_centroids
DODGE - 0010,24A,24A,1.0000000000,53,53,039,0010,2020_block_count_centroids
DODGE - 0015,24A,24A,1.0000000000,32,32,039,0015,2020_block_count_centroids
DODGE - 0020,24A,24A,1.0000000000,51,51,039,0020,2020_block_count_centroids
DODGE - 0025,24A,24A,1.0000000000,61,61,039,0025,2020_block_count_centroids
DODGE - 0030,24A,24A,1.0000000000,90,90,039,0030,2020_block_count_centroids
DODGE - 0035,24A,24A,1.0000000000,36,36,039,0035,2020_block_count_centroids
DODGE - 0040,24A,24A,1.0000000000,63,63,039,0040,2020_block_count_centroids
DODGE - 0045,24A,24A,1.0000000000,38,38,039,0045,2020_block_count_centroids
DODGE - 0050,24A,24A,1.0000000000,83,83,039,0050,2020_block_count_centroids
DODGE - 0051,24A,24A,1.0000000000,47,47,039,0051,2020_block_count_centroids
DODGE - 0055,24A,24A,1.0000000000,45,45,039,0055,2020_block_count_centroids
DODGE - 0060,24A,24A,1.0000000000,117,117,039,0060,2020_block_count_centroids
DODGE - 0065,24A,24A,1.0000000000,92,92,039,0065,2020_block_count_centroids
DODGE - 0070,24A,24A,1.0000000000,35,35,039,0070,2020_block_count_centroids
DODGE - 0075,24A,24A,1.0000000000,58,58,039,0075,2020_block_count_centroids
DODGE - 0080,24A,24A,1.0000000000,90,90,039,0080,2020_block_count_centroids
DODGE - 0085,24A,24A,1.0000000000,64,64,039,0085,2020_block_count_centroids
DODGE - 0090,24A,24A,1.0000000000,68,68,039,0090,2020_block_count_centroids
DOUGLAS - 0005,12B,12B,1.0000000000,96,96,041,0005,2020_block_count_centroids
DOUGLAS - 0010,12B,12B,1.0000000000,48,48,041,0010,2020_block_count_centroids
DOUGLAS - 0015,12B,12B,1.0000000000,49,49,041,0015,2020_block_count_centroids
DOUGLAS - 0020,12B,12B,1.0000000000,72,72,041,0020,2020_block_count_centroids
DOUGLAS - 0025,12B,12B,1.0000000000,53,53,041,0025,2020_block_count_centroids
DOUGLAS - 0030,12B,12B,1.0000000000,157,157,041,0030,2020_block_count_centroids
DOUGLAS - 0035,12B,12B,1.0000000000,45,45,041,0035,2020_block_count_centroids
DOUGLAS - 0040,09B,09B,1.0000000000,29,29,041,0040,2020_block_count_centroids
DOUGLAS - 0045,09B,09B,1.0000000000,63,63,041,0045,2020_block_count_centroids
DOUGLAS - 0050,12B,12B,1.0000000000,28,28,041,0050,2020_block_count_centroids
DOUGLAS - 0055,12B,12B,1.0000000000,87,87,041,0055,2020_block_count_centroids
DOUGLAS - 0060,09B,09B,1.0000000000,31,31,041,0060,2020_block_count_centroids
DOUGLAS - 0065,09B,09B,1.0000000000,54,54,041,0065,2020_block_count_centroids
DOUGLAS - 0070,12B,12B,1.0000000000,12,12,041,0070,2020_block_count_centroids
DOUGLAS - 0075,09B,09B,1.0000000000,17,17,041,0075,2020_block_count_centroids
DOUGLAS - 0080,09B,09B,0.9833333333,59,60,041,0080,2020_block_count_centroids
DOUGLAS - 0080,12B,12B,0.0166666667,1,60,041,0080,2020_block_count_centroids
DOUGLAS - 0085,12B,12B,1.0000000000,82,82,041,0085,2020_block_count_centroids
DOUGLAS - 0090,09B,09B,0.9264705882,63,68,041,0090,2020_block_count_centroids
DOUGLAS - 0090,12B,12B,0.0735294118,5,68,041,0090,2020_block_count_centroids
DOUGLAS - 0095,09B,09B,1.0000000000,14,14,041,0095,2020_block_count_centroids
DOUGLAS - 0100,12B,12B,1.0000000000,180,180,041,0100,2020_block_count_centroids
DOUGLAS - 0105,12B,12B,1.0000000000,55,55,041,0105,2020_block_count_centroids
DOUGLAS - 0110,09B,09B,1.0000000000,48,48,041,0110,2020_block_count_centroids
DOUGLAS - 0115,09B,09B,1.0000000000,33,33,041,0115,2020_block_count_centroids
DOUGLAS - 0120,09B,09B,1.0000000000,8,8,041,0120,2020_block_count_centroids
DOUGLAS - 0125,09B,09B,1.0000000000,43,43,041,0125,2020_block_count_centroids
DOUGLAS - 0130,09B,09B,1.0000000000,20,20,041,0130,2020_block_count_centroids
DOUGLAS - 0135,09B,09B,1.0000000000,58,58,041,0135,2020_block_count_centroids
DOUGLAS - 0140,09B,09B,1.0000000000,93,93,041,0140,2020_block_count_centroids
DOUGLAS - 0145,12B,12B,1.0000000000,17,17,041,0145,2020_block_count_centroids
DOUGLAS - 0150,12B,12B,1.0000000000,37,37,041,0150,2020_block_count_centroids
DOUGLAS - 0155,12B,12B,1.0000000000,53,53,041,0155,2020_block_count_centroids
DOUGLAS - 0160,12B,12B,1.0000000000,53,53,041,0160,2020_block_count_centroids
DOUGLAS - 0165,09B,09B,1.0000000000,55,55,041,0165,2020_block_count_centroids
DOUGLAS - 0170,12B,12B,1.0000000000,45,45,041,0170,2020_block_count_centroids
DOUGLAS - 0175,09B,09B,1.0000000000,65,65,041,0175,2020_block_count_centroids
FARIBAULT - 0005,23A,23A,1.0000000000,51,51,043,0005,2020_block_count_centroids
FARIBAULT - 0010,22A,22A,1.0000000000,102,102,043,0010,2020_block_count_centroids
FARIBAULT - 0015,22A,22A,1.0000000000,48,48,043,0015,2020_block_count_centroids
FARIBAULT - 0020,22A,22A,1.0000000000,101,101,043,0020,2020_block_count_centroids
FARIBAULT - 0025,22A,22A,1.0000000000,109,109,043,0025,2020_block_count_centroids
FARIBAULT - 0030,23A,23A,1.0000000000,31,31,043,0030,2020_block_count_centroids
FARIBAULT - 0035,23A,23A,1.0000000000,61,61,043,0035,2020_block_count_centroids
FARIBAULT - 0040,23A,23A,1.0000000000,74,74,043,0040,2020_block_count_centroids
FARIBAULT - 0045,22A,22A,1.0000000000,20,20,043,0045,2020_block_count_centroids
FARIBAULT - 0050,22A,22A,1.0000000000,46,46,043,0050,2020_block_count_centroids
FARIBAULT - 0055,23A,23A,1.0000000000,56,56,043,0055,2020_block_count_centroids
FARIBAULT - 0060,23A,23A,1.0000000000,25,25,043,0060,2020_block_count_centroids
FARIBAULT - 0065,23A,23A,1.0000000000,45,45,043,0065,2020_block_count_centroids
FARIBAULT - 0070,23A,23A,1.0000000000,56,56,043,0070,2020_block_count_centroids
FARIBAULT - 0075,23A,23A,1.0000000000,63,63,043,0075,2020_block_count_centroids
FARIBAULT - 0080,23A,23A,1.0000000000,67,67,043,0080,2020_block_count_centroids
FARIBAULT - 0085,23A,23A,1.0000000000,26,26,043,0085,2020_block_count_centroids
FARIBAULT - 0090,22A,22A,1.0000000000,79,79,043,0090,2020_block_count_centroids
FARIBAULT - 0095,23A,23A,1.0000000000,40,40,043,0095,2020_block_count_centroids
FARIBAULT - 0100,23A,23A,1.0000000000,50,50,043,0100,2020_block_count_centroids
FARIBAULT - 0105,23A,23A,1.0000000000,53,53,043,0105,2020_block_count_centroids
FARIBAULT - 0110,23A,23A,1.0000000000,43,43,043,0110,2020_block_count_centroids
FARIBAULT - 0115,23A,23A,1.0000000000,63,63,043,0115,2020_block_count_centroids
FARIBAULT - 0120,22A,22A,1.0000000000,59,59,043,0120,2020_block_count_centroids
FARIBAULT - 0125,22A,22A,1.0000000000,35,35,043,0125,2020_block_count_centroids
FARIBAULT - 0130,23A,23A,1.0000000000,62,62,043,0130,2020_block_count_centroids
FARIBAULT - 0135,23A,23A,1.0000000000,72,72,043,0135,2020_block_count_centroids
FARIBAULT - 0140,22A,22A,1.0000000000,81,81,043,0140,2020_block_count_centroids
FARIBAULT - 0145,23A,23A,1.0000000000,48,48,043,0145,2020_block_count_centroids
FARIBAULT - 0150,23A,23A,1.0000000000,11,11,043,0150,2020_block_count_centroids
FARIBAULT - 0155,23A,23A,1.0000000000,143,143,043,0155,2020_block_count_centroids
FARIBAULT - 0160,22A,22A,1.0000000000,103,103,043,0160,2020_block_count_centroids
FARIBAULT - 0165,22A,22A,1.0000000000,40,40,043,0165,2020_block_count_centroids
FILLMORE - 0005,26B,26B,1.0000000000,64,64,045,0005,2020_block_count_centroids
FILLMORE - 0010,26B,26B,1.0000000000,41,41,045,0010,2020_block_count_centroids
FILLMORE - 0015,26B,26B,1.0000000000,47,47,045,0015,2020_block_count_centroids
FILLMORE - 0020,26B,26B,1.0000000000,47,47,045,0020,2020_block_count_centroids
FILLMORE - 0025,26B,26B,1.0000000000,41,41,045,0025,2020_block_count_centroids
FILLMORE - 0030,26B,26B,1.0000000000,19,19,045,0030,2020_block_count_centroids
FILLMORE - 0035,26B,26B,1.0000000000,46,46,045,0035,2020_block_count_centroids
FILLMORE - 0040,26B,26B,1.0000000000,38,38,045,0040,2020_block_count_centroids
FILLMORE - 0045,26B,26B,1.0000000000,68,68,045,0045,2020_block_count_centroids
FILLMORE - 0050,26B,26B,1.0000000000,71,71,045,0050,2020_block_count_centroids
FILLMORE - 0055,26B,26B,1.0000000000,66,66,045,0055,2020_block_count_centroids
FILLMORE - 0060,26B,26B,1.0000000000,48,48,045,0060,2020_block_count_centroids
FILLMORE - 0065,26B,26B,1.0000000000,43,43,045,0065,2020_block_count_centroids
FILLMORE - 0070,26B,26B,1.0000000000,16,16,045,0070,2020_block_count_centroids
FILLMORE - 0075,26B,26B,1.0000000000,49,49,045,0075,2020_block_count_centroids
FILLMORE - 0080,26B,26B,1.0000000000,75,75,045,0080,2020_block_count_centroids
FILLMORE - 0085,26B,26B,1.0000000000,35,35,045,0085,2020_block_count_centroids
FILLMORE - 0090,26B,26B,1.0000000000,53,53,045,0090,2020_block_count_centroids
FILLMORE - 0095,26B,26B,1.0000000000,44,44,045,0095,2020_block_count_centroids
FILLMORE - 0100,26B,26B,1.0000000000,64,64,045,0100,2020_block_count_centroids
FILLMORE - 0105,26B,26B,1.0000000000,57,57,045,0105,2020_block_count_centroids
FILLMORE - 0110,26B,26B,1.0000000000,39,39,045,0110,2020_block_count_centroids
FILLMORE - 0115,26B,26B,1.0000000000,39,39,045,0115,2020_block_count_centroids
FILLMORE - 0120,26B,26B,1.0000000000,15,15,045,0120,2020_block_count_centroids
FILLMORE - 0125,26B,26B,1.0000000000,21,21,045,0125,2020_block_count_centroids
FILLMORE - 0130,26B,26B,1.0000000000,57,57,045,0130,2020_block_count_centroids
FILLMORE - 0135,26B,26B,1.0000000000,37,37,045,0135,2020_block_count_centroids
FILLMORE - 0140,26B,26B,1.0000000000,28,28,045,0140,2020_block_count_centroids
FILLMORE - 0145,26B,26B,1.0000000000,54,54,045,0145,2020_block_count_centroids
FILLMORE - 0150,26B,26B,1.0000000000,32,32,045,0150,2020_block_count_centroids
FILLMORE - 0155,26B,26B,1.0000000000,67,67,045,0155,2020_block_count_centroids
FILLMORE - 0160,26B,26B,1.0000000000,63,63,045,0160,2020_block_count_centroids
FILLMORE - 0165,26B,26B,1.0000000000,61,61,045,0165,2020_block_count_centroids
FILLMORE - 0170,26B,26B,1.0000000000,49,49,045,0170,2020_block_count_centroids
FILLMORE - 0175,26B,26B,1.0000000000,53,53,045,0175,2020_block_count_centroids
FILLMORE - 0180,26B,26B,1.0000000000,73,73,045,0180,2020_block_count_centroids
FILLMORE - 0185,26B,26B,1.0000000000,17,17,045,0185,2020_block_count_centroids
FILLMORE - 0190,26B,26B,1.0000000000,24,24,045,0190,2020_block_count_centroids
FILLMORE - 0195,26B,26B,1.0000000000,39,39,045,0195,2020_block_count_centroids
FREEBORN - 0005,23A,23A,1.0000000000,84,84,047,0005,2020_block_count_centroids
FREEBORN - 0015,23A,23A,1.0000000000,80,80,047,0015,2020_block_count_centroids
FREEBORN - 0025,23A,23A,1.0000000000,70,70,047,0025,2020_block_count_centroids
FREEBORN - 0035,23A,23A,1.0000000000,93,93,047,0035,2020_block_count_centroids
FREEBORN - 0045,23A,23A,1.0000000000,166,166,047,0045,2020_block_count_centroids
FREEBORN - 0050,23A,23A,1.0000000000,86,86,047,0050,2020_block_count_centroids
FREEBORN - 0060,23A,23A,1.0000000000,122,122,047,0060,2020_block_count_centroids
FREEBORN - 0061,23A,23A,1.0000000000,4,4,047,0061,2020_block_count_centroids
FREEBORN - 0065,23A,23A,1.0000000000,29,29,047,0065,2020_block_count_centroids
FREEBORN - 0070,23A,23A,1.0000000000,61,61,047,0070,2020_block_count_centroids
FREEBORN - 0075,23A,23A,1.0000000000,104,104,047,0075,2020_block_count_centroids
FREEBORN - 0080,23A,23A,1.0000000000,90,90,047,0080,2020_block_count_centroids
FREEBORN - 0085,23A,23A,1.0000000000,57,57,047,0085,2020_block_count_centroids
FREEBORN - 0090,23A,23A,1.0000000000,19,19,047,0090,2020_block_count_centroids
FREEBORN - 0095,23A,23A,1.0000000000,14,14,047,0095,2020_block_count_centroids
FREEBORN - 0100,23A,23A,1.0000000000,20,20,047,0100,2020_block_count_centroids
FREEBORN - 0105,23A,23A,1.0000000000,19,19,047,0105,2020_block_count_centroids
FREEBORN - 0110,23A,23A,1.0000000000,50,50,047,0110,2020_block_count_centroids
FREEBORN - 0115,23A,23A,1.0000000000,71,71,047,0115,2020_block_count_centroids
FREEBORN - 0120,23A,23A,1.0000000000,17,17,047,0120,2020_block_count_centroids
FREEBORN - 0125,23A,23A,1.0000000000,64,64,047,0125,2020_block_count_centroids
FREEBORN - 0130,23A,23A,0.8157894737,62,76,047,0130,2020_block_count_centroids
FREEBORN - 0130,23B,23B,0.1842105263,14,76,047,0130,2020_block_count_centroids
FREEBORN - 0135,23A,23A,1.0000000000,25,25,047,0135,2020_block_count_centroids
FREEBORN - 0140,23A,23A,1.0000000000,75,75,047,0140,2020_block_count_centroids
FREEBORN - 0145,23B,23B,1.0000000000,13,13,047,0145,2020_block_count_centroids
FREEBORN - 0150,23B,23B,1.0000000000,103,103,047,0150,2020_block_count_centroids
FREEBORN - 0155,23A,23A,1.0000000000,17,17,047,0155,2020_block_count_centroids
FREEBORN - 0160,23B,23B,1.0000000000,82,82,047,0160,2020_block_count_centroids
FREEBORN - 0165,23A,23A,1.0000000000,9,9,047,0165,2020_block_count_centroids
FREEBORN - 0170,23A,23A,1.0000000000,98,98,047,0170,2020_block_count_centroids
FREEBORN - 0175,23A,23A,1.0000000000,64,64,047,0175,2020_block_count_centroids
FREEBORN - 0180,23B,23B,1.0000000000,73,73,047,0180,2020_block_count_centroids
FREEBORN - 0185,23B,23B,1.0000000000,4,4,047,0185,2020_block_count_centroids
FREEBORN - 0190,23B,23B,1.0000000000,48,48,047,0190,2020_block_count_centroids
FREEBORN - 0195,23A,23A,1.0000000000,66,66,047,0195,2020_block_count_centroids
FREEBORN - 0200,23B,23B,1.0000000000,73,73,047,0200,2020_block_count_centroids
FREEBORN - 0205,23A,23A,1.0000000000,66,66,047,0205,2020_block_count_centroids
FREEBORN - 0210,23A,23A,1.0000000000,50,50,047,0210,2020_block_count_centroids
FREEBORN - 0215,23B,23B,1.0000000000,78,78,047,0215,2020_block_count_centroids
FREEBORN - 0220,23A,23A,1.0000000000,14,14,047,0220,2020_block_count_centroids
GOODHUE - 0005,20A,20A,1.0000000000,8,8,049,0005,2020_block_count_centroids
GOODHUE - 0010,20A,20A,0.9836065574,60,61,049,0010,2020_block_count_centroids
GOODHUE - 0010,20B,20B,0.0163934426,1,61,049,0010,2020_block_count_centroids
GOODHUE - 0015,20A,20A,1.0000000000,28,28,049,0015,2020_block_count_centroids
GOODHUE - 0020,20A,20A,1.0000000000,47,47,049,0020,2020_block_count_centroids
GOODHUE - 0025,20A,20A,0.9907407407,107,108,049,0025,2020_block_count_centroids
GOODHUE - 0025,58B,58B,0.0092592593,1,108,049,0025,2020_block_count_centroids
GOODHUE - 0030,20A,20A,1.0000000000,61,61,049,0030,2020_block_count_centroids
GOODHUE - 0035,19A,19A,1.0000000000,58,58,049,0035,2020_block_count_centroids
GOODHUE - 0040,58B,58B,1.0000000000,12,12,049,0040,2020_block_count_centroids
GOODHUE - 0045,20A,20A,1.0000000000,66,66,049,0045,2020_block_count_centroids
GOODHUE - 0050,20A,20A,1.0000000000,131,131,049,0050,2020_block_count_centroids
GOODHUE - 0055,20A,20A,1.0000000000,26,26,049,0055,2020_block_count_centroids
GOODHUE - 0060,20A,20A,1.0000000000,51,51,049,0060,2020_block_count_centroids
GOODHUE - 0065,20A,20A,1.0000000000,39,39,049,0065,2020_block_count_centroids
GOODHUE - 0070,19A,19A,1.0000000000,48,48,049,0070,2020_block_count_centroids
GOODHUE - 0075,19A,19A,1.0000000000,62,62,049,0075,2020_block_count_centroids
GOODHUE - 0080,19A,19A,1.0000000000,50,50,049,0080,2020_block_count_centroids
GOODHUE - 0085,20A,20A,1.0000000000,43,43,049,0085,2020_block_count_centroids
GOODHUE - 0090,19A,19A,0.0317460317,2,63,049,0090,2020_block_count_centroids
GOODHUE - 0090,20A,20A,0.9682539683,61,63,049,0090,2020_block_count_centroids
GOODHUE - 0095,19A,19A,0.0163934426,1,61,049,0095,2020_block_count_centroids
GOODHUE - 0095,20B,20B,0.9836065574,60,61,049,0095,2020_block_count_centroids
GOODHUE - 0100,20B,20B,1.0000000000,69,69,049,0100,2020_block_count_centroids
GOODHUE - 0105,20B,20B,1.0000000000,79,79,049,0105,2020_block_count_centroids
GOODHUE - 0110,20A,20A,1.0000000000,27,27,049,0110,2020_block_count_centroids
GOODHUE - 0115,20A,20A,1.0000000000,61,61,049,0115,2020_block_count_centroids
GOODHUE - 0120,20A,20A,1.0000000000,169,169,049,0120,2020_block_count_centroids
GOODHUE - 0125,20A,20A,1.0000000000,34,34,049,0125,2020_block_count_centroids
GOODHUE - 0130,20A,20A,1.0000000000,21,21,049,0130,2020_block_count_centroids
GOODHUE - 0135,20A,20A,1.0000000000,23,23,049,0135,2020_block_count_centroids
GOODHUE - 0140,20A,20A,1.0000000000,16,16,049,0140,2020_block_count_centroids
GOODHUE - 0145,20A,20A,1.0000000000,14,14,049,0145,2020_block_count_centroids
GOODHUE - 0150,20A,20A,1.0000000000,19,19,049,0150,2020_block_count_centroids
GOODHUE - 0155,20A,20A,1.0000000000,36,36,049,0155,2020_block_count_centroids
GOODHUE - 0160,20A,20A,1.0000000000,34,34,049,0160,2020_block_count_centroids
GOODHUE - 0165,20A,20A,1.0000000000,23,23,049,0165,2020_block_count_centroids
GOODHUE - 0170,20B,20B,1.0000000000,64,64,049,0170,2020_block_count_centroids
GOODHUE - 0175,20A,20A,0.1000000000,6,60,049,0175,2020_block_count_centroids
GOODHUE - 0175,58B,58B,0.9000000000,54,60,049,0175,2020_block_count_centroids
GOODHUE - 0180,20A,20A,1.0000000000,94,94,049,0180,2020_block_count_centroids
GOODHUE - 0185,20A,20A,1.0000000000,37,37,049,0185,2020_block_count_centroids
GOODHUE - 0190,19A,19A,1.0000000000,33,33,049,0190,2020_block_count_centroids
GOODHUE - 0195,19A,19A,1.0000000000,45,45,049,0195,2020_block_count_centroids
GOODHUE - 0200,19A,19A,0.0192307692,1,52,049,0200,2020_block_count_centroids
GOODHUE - 0200,58B,58B,0.9807692308,51,52,049,0200,2020_block_count_centroids
GOODHUE - 0205,20A,20A,1.0000000000,108,108,049,0205,2020_block_count_centroids
GOODHUE - 0210,20B,20B,1.0000000000,44,44,049,0210,2020_block_count_centroids
GOODHUE - 0215,20B,20B,1.0000000000,54,54,049,0215,2020_block_count_centroids
GOODHUE - 0220,20B,20B,1.0000000000,50,50,049,0220,2020_block_count_centroids
GRANT - 0005,09A,09A,1.0000000000,19,19,051,0005,2020_block_count_centroids
GRANT - 0010,09A,09A,1.0000000000,26,26,051,0010,2020_block_count_centroids
GRANT - 0015,09A,09A,1.0000000000,33,33,051,0015,2020_block_count_centroids
GRANT - 0020,09A,09A,1.0000000000,75,75,051,0020,2020_block_count_centroids
GRANT - 0025,09A,09A,1.0000000000,28,28,051,0025,2020_block_count_centroids
GRANT - 0030,09A,09A,1.0000000000,53,53,051,0030,2020_block_count_centroids
GRANT - 0035,09A,09A,1.0000000000,57,57,051,0035,2020_block_count_centroids
GRANT - 0040,09A,09A,1.0000000000,54,54,051,0040,2020_block_count_centroids
GRANT - 0045,09A,09A,1.0000000000,47,47,051,0045,2020_block_count_centroids
GRANT - 0050,09A,09A,1.0000000000,34,34,051,0050,2020_block_count_centroids
GRANT - 0055,09A,09A,1.0000000000,38,38,051,0055,2020_block_count_centroids
GRANT - 0060,09A,09A,1.0000000000,41,41,051,0060,2020_block_count_centroids
GRANT - 0065,09A,09A,1.0000000000,36,36,051,0065,2020_block_count_centroids
GRANT - 0070,09A,09A,1.0000000000,43,43,051,0070,2020_block_count_centroids
GRANT - 0075,09A,09A,1.0000000000,22,22,051,0075,2020_block_count_centroids
GRANT - 0080,09A,09A,1.0000000000,21,21,051,0080,2020_block_count_centroids
GRANT - 0085,09A,09A,1.0000000000,52,52,051,0085,2020_block_count_centroids
GRANT - 0090,09A,09A,1.0000000000,65,65,051,0090,2020_block_count_centroids
GRANT - 0095,09A,09A,1.0000000000,44,44,051,0095,2020_block_count_centroids
GRANT - 0100,09A,09A,1.0000000000,41,41,051,0100,2020_block_count_centroids
GRANT - 0105,09A,09A,1.0000000000,52,52,051,0105,2020_block_count_centroids
GRANT - 0110,09A,09A,1.0000000000,40,40,051,0110,2020_block_count_centroids
GRANT - 0115,09A,09A,1.0000000000,17,17,051,0115,2020_block_count_centroids
HENNEPIN - 0010,51B,51B,1.0000000000,36,36,053,0010,2020_block_count_centroids
HENNEPIN - 0015,51B,51B,1.0000000000,37,37,053,0015,2020_block_count_centroids
HENNEPIN - 0020,51B,51B,1.0000000000,29,29,053,0020,2020_block_count_centroids
HENNEPIN - 0025,50B,50B,0.1000000000,5,50,053,0025,2020_block_count_centroids
HENNEPIN - 0025,51B,51B,0.9000000000,45,50,053,0025,2020_block_count_centroids
HENNEPIN - 0030,50B,50B,1.0000000000,24,24,053,0030,2020_block_count_centroids
HENNEPIN - 0035,51B,51B,1.0000000000,38,38,053,0035,2020_block_count_centroids
HENNEPIN - 0055,50B,50B,1.0000000000,31,31,053,0055,2020_block_count_centroids
HENNEPIN - 0065,50B,50B,1.0000000000,39,39,053,0065,2020_block_count_centroids
HENNEPIN - 0075,50B,50B,1.0000000000,22,22,053,0075,2020_block_count_centroids
HENNEPIN - 0080,50B,50B,1.0000000000,44,44,053,0080,2020_block_count_centroids
HENNEPIN - 0085,50B,50B,1.0000000000,30,30,053,0085,2020_block_count_centroids
HENNEPIN - 0090,50B,50B,1.0000000000,33,33,053,0090,2020_block_count_centroids
HENNEPIN - 0095,50B,50B,0.4038461538,21,52,053,0095,2020_block_count_centroids
HENNEPIN - 0095,51B,51B,0.5961538462,31,52,053,0095,2020_block_count_centroids
HENNEPIN - 0100,50A,50A,0.3239436620,23,71,053,0100,2020_block_count_centroids
HENNEPIN - 0100,50B,50B,0.6760563380,48,71,053,0100,2020_block_count_centroids
HENNEPIN - 0105,50A,50A,0.4117647059,21,51,053,0105,2020_block_count_centroids
HENNEPIN - 0105,50B,50B,0.5882352941,30,51,053,0105,2020_block_count_centroids
HENNEPIN - 0110,50A,50A,0.5813953488,50,86,053,0110,2020_block_count_centroids
HENNEPIN - 0110,51B,51B,0.4186046512,36,86,053,0110,2020_block_count_centroids
HENNEPIN - 0115,50B,50B,0.6511627907,28,43,053,0115,2020_block_count_centroids
HENNEPIN - 0115,51B,51B,0.3488372093,15,43,053,0115,2020_block_count_centroids
HENNEPIN - 0120,50B,50B,1.0000000000,25,25,053,0120,2020_block_count_centroids
HENNEPIN - 0125,50B,50B,1.0000000000,28,28,053,0125,2020_block_count_centroids
HENNEPIN - 0135,51A,51A,0.0675675676,5,74,053,0135,2020_block_count_centroids
HENNEPIN - 0135,51B,51B,0.9324324324,69,74,053,0135,2020_block_count_centroids
HENNEPIN - 0140,51B,51B,1.0000000000,65,65,053,0140,2020_block_count_centroids
HENNEPIN - 0145,51B,51B,1.0000000000,58,58,053,0145,2020_block_count_centroids
HENNEPIN - 0150,51B,51B,1.0000000000,97,97,053,0150,2020_block_count_centroids
HENNEPIN - 0155,51B,51B,1.0000000000,63,63,053,0155,2020_block_count_centroids
HENNEPIN - 0160,51B,51B,1.0000000000,15,15,053,0160,2020_block_count_centroids
HENNEPIN - 0180,38B,38B,1.0000000000,79,79,053,0180,2020_block_count_centroids
HENNEPIN - 0185,38B,38B,1.0000000000,97,97,053,0185,2020_block_count_centroids
HENNEPIN - 0190,38B,38B,1.0000000000,72,72,053,0190,2020_block_count_centroids
HENNEPIN - 0195,38B,38B,1.0000000000,63,63,053,0195,2020_block_count_centroids
HENNEPIN - 0200,38B,38B,1.0000000000,35,35,053,0200,2020_block_count_centroids
HENNEPIN - 0205,38B,38B,1.0000000000,66,66,053,0205,2020_block_count_centroids
HENNEPIN - 0210,38B,38B,1.0000000000,29,29,053,0210,2020_block_count_centroids
HENNEPIN - 0215,38B,38B,0.9836065574,60,61,053,0215,2020_block_count_centroids
HENNEPIN - 0215,43A,43A,0.0163934426,1,61,053,0215,2020_block_count_centroids
HENNEPIN - 0225,38B,38B,1.0000000000,26,26,053,0225,2020_block_count_centroids
HENNEPIN - 0230,38A,38A,1.0000000000,12,12,053,0230,2020_block_count_centroids
HENNEPIN - 0235,38A,38A,0.6470588235,22,34,053,0235,2020_block_count_centroids
HENNEPIN - 0235,38B,38B,0.3529411765,12,34,053,0235,2020_block_count_centroids
HENNEPIN - 0240,34B,34B,0.6363636364,56,88,053,0240,2020_block_count_centroids
HENNEPIN - 0240,38A,38A,0.3636363636,32,88,053,0240,2020_block_count_centroids
HENNEPIN - 0245,38A,38A,1.0000000000,27,27,053,0245,2020_block_count_centroids
HENNEPIN - 0250,38A,38A,1.0000000000,23,23,053,0250,2020_block_count_centroids
HENNEPIN - 0251,34B,34B,0.4285714286,6,14,053,0251,2020_block_count_centroids
HENNEPIN - 0251,38A,38A,0.5714285714,8,14,053,0251,2020_block_count_centroids
HENNEPIN - 0255,34B,34B,1.0000000000,15,15,053,0255,2020_block_count_centroids
HENNEPIN - 0260,34B,34B,1.0000000000,16,16,053,0260,2020_block_count_centroids
HENNEPIN - 0265,34B,34B,0.9666666667,58,60,053,0265,2020_block_count_centroids
HENNEPIN - 0265,38A,38A,0.0333333333,2,60,053,0265,2020_block_count_centroids
HENNEPIN - 0270,34B,34B,0.3548387097,11,31,053,0270,2020_block_count_centroids
HENNEPIN - 0270,38B,38B,0.6451612903,20,31,053,0270,2020_block_count_centroids
HENNEPIN - 0275,34B,34B,1.0000000000,31,31,053,0275,2020_block_count_centroids
HENNEPIN - 0276,34B,34B,1.0000000000,115,115,053,0276,2020_block_count_centroids
HENNEPIN - 0277,34B,34B,1.0000000000,26,26,053,0277,2020_block_count_centroids
HENNEPIN - 0280,38A,38A,1.0000000000,43,43,053,0280,2020_block_count_centroids
HENNEPIN - 0285,38A,38A,1.0000000000,44,44,053,0285,2020_block_count_centroids
HENNEPIN - 0290,38A,38A,1.0000000000,66,66,053,0290,2020_block_count_centroids
HENNEPIN - 0295,38A,38A,1.0000000000,34,34,053,0295,2020_block_count_centroids
HENNEPIN - 0300,38A,38A,0.9130434783,21,23,053,0300,2020_block_count_centroids
HENNEPIN - 0300,38B,38B,0.0869565217,2,23,053,0300,2020_block_count_centroids
HENNEPIN - 0305,34B,34B,0.4677419355,58,124,053,0305,2020_block_count_centroids
HENNEPIN - 0305,38A,38A,0.5322580645,66,124,053,0305,2020_block_count_centroids
HENNEPIN - 0306,38A,38A,0.9473684211,36,38,053,0306,2020_block_count_centroids
HENNEPIN - 0306,38B,38B,0.0526315789,2,38,053,0306,2020_block_count_centroids
HENNEPIN - 0310,34A,34A,1.0000000000,57,57,053,0310,2020_block_count_centroids
HENNEPIN - 0315,34A,34A,1.0000000000,29,29,053,0315,2020_block_count_centroids
HENNEPIN - 0316,34A,34A,1.0000000000,13,13,053,0316,2020_block_count_centroids
HENNEPIN - 0330,49A,49A,1.0000000000,9,9,053,0330,2020_block_count_centroids
HENNEPIN - 0335,37A,37A,1.0000000000,44,44,053,0335,2020_block_count_centroids
HENNEPIN - 0340,37A,37A,1.0000000000,66,66,053,0340,2020_block_count_centroids
HENNEPIN - 0345,43A,43A,0.3958333333,19,48,053,0345,2020_block_count_centroids
HENNEPIN - 0345,43B,43B,0.6041666667,29,48,053,0345,2020_block_count_centroids
HENNEPIN - 0350,43A,43A,1.0000000000,33,33,053,0350,2020_block_count_centroids
HENNEPIN - 0355,43A,43A,0.6400000000,32,50,053,0355,2020_block_count_centroids
HENNEPIN - 0355,43B,43B,0.3600000000,18,50,053,0355,2020_block_count_centroids
HENNEPIN - 0360,43A,43A,1.0000000000,38,38,053,0360,2020_block_count_centroids
HENNEPIN - 0365,43A,43A,1.0000000000,16,16,053,0365,2020_block_count_centroids
HENNEPIN - 0370,43A,43A,1.0000000000,1,1,053,0370,2020_block_count_centroids
HENNEPIN - 0375,43A,43A,1.0000000000,59,59,053,0375,2020_block_count_centroids
HENNEPIN - 0380,43A,43A,1.0000000000,56,56,053,0380,2020_block_count_centroids
HENNEPIN - 0385,43A,43A,1.0000000000,19,19,053,0385,2020_block_count_centroids
HENNEPIN - 0390,38B,38B,0.0172413793,1,58,053,0390,2020_block_count_centroids
HENNEPIN - 0390,43A,43A,0.9827586207,57,58,053,0390,2020_block_count_centroids
HENNEPIN - 0395,43A,43A,1.0000000000,62,62,053,0395,2020_block_count_centroids
HENNEPIN - 0400,34A,34A,1.0000000000,37,37,053,0400,2020_block_count_centroids
HENNEPIN - 0405,34A,34A,1.0000000000,23,23,053,0405,2020_block_count_centroids
HENNEPIN - 0410,34A,34A,1.0000000000,49,49,053,0410,2020_block_count_centroids
HENNEPIN - 0415,45B,45B,1.0000000000,38,38,053,0415,2020_block_count_centroids
HENNEPIN - 0420,45B,45B,1.0000000000,46,46,053,0420,2020_block_count_centroids
HENNEPIN - 0430,49A,49A,1.0000000000,38,38,053,0430,2020_block_count_centroids
HENNEPIN - 0435,49A,49A,1.0000000000,24,24,053,0435,2020_block_count_centroids
HENNEPIN - 0440,49A,49A,1.0000000000,18,18,053,0440,2020_block_count_centroids
HENNEPIN - 0450,49A,49A,1.0000000000,23,23,053,0450,2020_block_count_centroids
HENNEPIN - 0465,49A,49A,0.5625000000,36,64,053,0465,2020_block_count_centroids
HENNEPIN - 0465,49B,49B,0.4375000000,28,64,053,0465,2020_block_count_centroids
HENNEPIN - 0466,49A,49A,0.0181818182,1,55,053,0466,2020_block_count_centroids
HENNEPIN - 0466,49B,49B,0.9818181818,54,55,053,0466,2020_block_count_centroids
HENNEPIN - 0467,49B,49B,1.0000000000,40,40,053,0467,2020_block_count_centroids
HENNEPIN - 0485,46B,46B,1.0000000000,43,43,053,0485,2020_block_count_centroids
HENNEPIN - 0490,46B,46B,0.0434782609,3,69,053,0490,2020_block_count_centroids
HENNEPIN - 0490,50A,50A,0.9565217391,66,69,053,0490,2020_block_count_centroids
HENNEPIN - 0495,50A,50A,1.0000000000,35,35,053,0495,2020_block_count_centroids
HENNEPIN - 0500,46B,46B,1.0000000000,56,56,053,0500,2020_block_count_centroids
HENNEPIN - 0505,46B,46B,0.9130434783,42,46,053,0505,2020_block_count_centroids
HENNEPIN - 0505,50A,50A,0.0869565217,4,46,053,0505,2020_block_count_centroids
HENNEPIN - 0510,46B,46B,1.0000000000,37,37,053,0510,2020_block_count_centroids
HENNEPIN - 0515,46B,46B,0.0178571429,1,56,053,0515,2020_block_count_centroids
HENNEPIN - 0515,50A,50A,0.9821428571,55,56,053,0515,2020_block_count_centroids
HENNEPIN - 0520,46B,46B,0.0370370370,2,54,053,0520,2020_block_count_centroids
HENNEPIN - 0520,50A,50A,0.9629629630,52,54,053,0520,2020_block_count_centroids
HENNEPIN - 0525,50A,50A,1.0000000000,38,38,053,0525,2020_block_count_centroids
HENNEPIN - 0530,50A,50A,1.0000000000,52,52,053,0530,2020_block_count_centroids
HENNEPIN - 0535,50A,50A,1.0000000000,44,44,053,0535,2020_block_count_centroids
HENNEPIN - 0540,50A,50A,1.0000000000,12,12,053,0540,2020_block_count_centroids
HENNEPIN - 0545,50A,50A,1.0000000000,54,54,053,0545,2020_block_count_centroids
HENNEPIN - 0550,50A,50A,1.0000000000,28,28,053,0550,2020_block_count_centroids
HENNEPIN - 0555,50A,50A,1.0000000000,71,71,053,0555,2020_block_count_centroids
HENNEPIN - 0560,50A,50A,1.0000000000,20,20,053,0560,2020_block_count_centroids
HENNEPIN - 0565,50A,50A,1.0000000000,12,12,053,0565,2020_block_count_centroids
HENNEPIN - 0570,50A,50A,1.0000000000,22,22,053,0570,2020_block_count_centroids
HENNEPIN - 0575,45A,45A,1.0000000000,52,52,053,0575,2020_block_count_centroids
HENNEPIN - 0580,51A,51A,0.9803921569,100,102,053,0580,2020_block_count_centroids
HENNEPIN - 0580,51B,51B,0.0196078431,2,102,053,0580,2020_block_count_centroids
HENNEPIN - 0585,43B,43B,1.0000000000,63,63,053,0585,2020_block_count_centroids
HENNEPIN - 0590,43B,43B,1.0000000000,65,65,053,0590,2020_block_count_centroids
HENNEPIN - 0595,43B,43B,0.9736842105,74,76,053,0595,2020_block_count_centroids
HENNEPIN - 0595,59B,59B,0.0263157895,2,76,053,0595,2020_block_count_centroids
HENNEPIN - 0600,43B,43B,1.0000000000,55,55,053,0600,2020_block_count_centroids
HENNEPIN - 0605,43B,43B,1.0000000000,52,52,053,0605,2020_block_count_centroids
HENNEPIN - 0610,43B,43B,1.0000000000,65,65,053,0610,2020_block_count_centroids
HENNEPIN - 0615,43B,43B,1.0000000000,39,39,053,0615,2020_block_count_centroids
HENNEPIN - 0620,43B,43B,1.0000000000,93,93,053,0620,2020_block_count_centroids
HENNEPIN - 0625,37A,37A,1.0000000000,71,71,053,0625,2020_block_count_centroids
HENNEPIN - 0630,45A,45A,1.0000000000,16,16,053,0630,2020_block_count_centroids
HENNEPIN - 0635,30A,30A,0.8461538462,11,13,053,0635,2020_block_count_centroids
HENNEPIN - 0635,34A,34A,0.1538461538,2,13,053,0635,2020_block_count_centroids
HENNEPIN - 0640,34A,34A,0.9903846154,103,104,053,0640,2020_block_count_centroids
HENNEPIN - 0640,37A,37A,0.0096153846,1,104,053,0640,2020_block_count_centroids
HENNEPIN - 0650,46B,46B,1.0000000000,27,27,053,0650,2020_block_count_centroids
HENNEPIN - 0655,46B,46B,1.0000000000,41,41,053,0655,2020_block_count_centroids
HENNEPIN - 0660,46B,46B,0.9807692308,51,52,053,0660,2020_block_count_centroids
HENNEPIN - 0660,49A,49A,0.0192307692,1,52,053,0660,2020_block_count_centroids
HENNEPIN - 0665,45B,45B,0.0588235294,2,34,053,0665,2020_block_count_centroids
HENNEPIN - 0665,46B,46B,0.9411764706,32,34,053,0665,2020_block_count_centroids
HENNEPIN - 0670,45B,45B,0.0833333333,3,36,053,0670,2020_block_count_centroids
HENNEPIN - 0670,46A,46A,0.0555555556,2,36,053,0670,2020_block_count_centroids
HENNEPIN - 0670,46B,46B,0.8611111111,31,36,053,0670,2020_block_count_centroids
HENNEPIN - 0675,46B,46B,1.0000000000,42,42,053,0675,2020_block_count_centroids
HENNEPIN - 0685,46B,46B,1.0000000000,8,8,053,0685,2020_block_count_centroids
HENNEPIN - 0686,46B,46B,0.8181818182,9,11,053,0686,2020_block_count_centroids
HENNEPIN - 0686,49A,49A,0.1818181818,2,11,053,0686,2020_block_count_centroids
HENNEPIN - 0690,46B,46B,1.0000000000,19,19,053,0690,2020_block_count_centroids
HENNEPIN - 0695,37A,37A,1.0000000000,107,107,053,0695,2020_block_count_centroids
HENNEPIN - 0700,45A,45A,1.0000000000,43,43,053,0700,2020_block_count_centroids
HENNEPIN - 0705,37A,37A,1.0000000000,15,15,053,0705,2020_block_count_centroids
HENNEPIN - 0710,37B,37B,1.0000000000,39,39,053,0710,2020_block_count_centroids
HENNEPIN - 0715,37B,37B,1.0000000000,70,70,053,0715,2020_block_count_centroids
HENNEPIN - 0720,34A,34A,0.0101010101,1,99,053,0720,2020_block_count_centroids
HENNEPIN - 0720,37A,37A,0.0101010101,1,99,053,0720,2020_block_count_centroids
HENNEPIN - 0720,37B,37B,0.9797979798,97,99,053,0720,2020_block_count_centroids
HENNEPIN - 0725,37B,37B,1.0000000000,47,47,053,0725,2020_block_count_centroids
HENNEPIN - 0730,37A,37A,0.8313253012,69,83,053,0730,2020_block_count_centroids
HENNEPIN - 0730,37B,37B,0.1686746988,14,83,053,0730,2020_block_count_centroids
HENNEPIN - 0735,37A,37A,0.0869565217,8,92,053,0735,2020_block_count_centroids
HENNEPIN - 0735,37B,37B,0.2934782609,27,92,053,0735,2020_block_count_centroids
HENNEPIN - 0735,42A,42A,0.6195652174,57,92,053,0735,2020_block_count_centroids
HENNEPIN - 0740,37B,37B,1.0000000000,20,20,053,0740,2020_block_count_centroids
HENNEPIN - 0745,37B,37B,1.0000000000,35,35,053,0745,2020_block_count_centroids
HENNEPIN - 0750,37B,37B,1.0000000000,15,15,053,0750,2020_block_count_centroids
HENNEPIN - 0755,37B,37B,1.0000000000,34,34,053,0755,2020_block_count_centroids
HENNEPIN - 0760,37A,37A,1.0000000000,39,39,053,0760,2020_block_count_centroids
HENNEPIN - 0765,42B,42B,1.0000000000,5,5,053,0765,2020_block_count_centroids
HENNEPIN - 0770,37A,37A,1.0000000000,159,159,053,0770,2020_block_count_centroids
HENNEPIN - 0775,60A,60A,1.0000000000,47,47,053,0775,2020_block_count_centroids
HENNEPIN - 0780,60A,60A,1.0000000000,50,50,053,0780,2020_block_count_centroids
HENNEPIN - 0785,60A,60A,1.0000000000,55,55,053,0785,2020_block_count_centroids
HENNEPIN - 0790,60A,60A,1.0000000000,40,40,053,0790,2020_block_count_centroids
HENNEPIN - 0795,60A,60A,1.0000000000,42,42,053,0795,2020_block_count_centroids
HENNEPIN - 0800,60A,60A,1.0000000000,69,69,053,0800,2020_block_count_centroids
HENNEPIN - 0805,60A,60A,1.0000000000,87,87,053,0805,2020_block_count_centroids
HENNEPIN - 0810,60A,60A,1.0000000000,37,37,053,0810,2020_block_count_centroids
HENNEPIN - 0815,59B,59B,0.0967741935,3,31,053,0815,2020_block_count_centroids
HENNEPIN - 0815,60A,60A,0.9032258065,28,31,053,0815,2020_block_count_centroids
HENNEPIN - 0820,60A,60A,1.0000000000,27,27,053,0820,2020_block_count_centroids
HENNEPIN - 0825,59B,59B,0.1000000000,4,40,053,0825,2020_block_count_centroids
HENNEPIN - 0825,60B,60B,0.9000000000,36,40,053,0825,2020_block_count_centroids
HENNEPIN - 0830,60B,60B,1.0000000000,41,41,053,0830,2020_block_count_centroids
HENNEPIN - 0835,60A,60A,0.0285714286,1,35,053,0835,2020_block_count_centroids
HENNEPIN - 0835,60B,60B,0.9714285714,34,35,053,0835,2020_block_count_centroids
HENNEPIN - 0840,60B,60B,0.9636363636,53,55,053,0840,2020_block_count_centroids
HENNEPIN - 0840,63A,63A,0.0363636364,2,55,053,0840,2020_block_count_centroids
HENNEPIN - 0845,60B,60B,1.0000000000,51,51,053,0845,2020_block_count_centroids
HENNEPIN - 0850,60B,60B,0.2258064516,7,31,053,0850,2020_block_count_centroids
HENNEPIN - 0850,63A,63A,0.7741935484,24,31,053,0850,2020_block_count_centroids
HENNEPIN - 0855,59B,59B,0.6750000000,27,40,053,0855,2020_block_count_centroids
HENNEPIN - 0855,60B,60B,0.1500000000,6,40,053,0855,2020_block_count_centroids
HENNEPIN - 0855,61A,61A,0.1750000000,7,40,053,0855,2020_block_count_centroids
HENNEPIN - 0860,60B,60B,1.0000000000,15,15,053,0860,2020_block_count_centroids
HENNEPIN - 0865,61A,61A,1.0000000000,5,5,053,0865,2020_block_count_centroids
HENNEPIN - 0870,60B,60B,1.0000000000,4,4,053,0870,2020_block_count_centroids
HENNEPIN - 0875,60B,60B,0.9000000000,45,50,053,0875,2020_block_count_centroids
HENNEPIN - 0875,63A,63A,0.1000000000,5,50,053,0875,2020_block_count_centroids
HENNEPIN - 0880,63A,63A,1.0000000000,15,15,053,0880,2020_block_count_centroids
HENNEPIN - 0885,63A,63A,1.0000000000,54,54,053,0885,2020_block_count_centroids
HENNEPIN - 0890,60A,60A,1.0000000000,52,52,053,0890,2020_block_count_centroids
HENNEPIN - 0895,60A,60A,1.0000000000,70,70,053,0895,2020_block_count_centroids
HENNEPIN - 0900,60A,60A,1.0000000000,74,74,053,0900,2020_block_count_centroids
HENNEPIN - 0905,60A,60A,1.0000000000,60,60,053,0905,2020_block_count_centroids
HENNEPIN - 0910,60A,60A,1.0000000000,42,42,053,0910,2020_block_count_centroids
HENNEPIN - 0915,59B,59B,0.5000000000,2,4,053,0915,2020_block_count_centroids
HENNEPIN - 0915,60A,60A,0.5000000000,2,4,053,0915,2020_block_count_centroids
HENNEPIN - 0920,59A,59A,1.0000000000,67,67,053,0920,2020_block_count_centroids
HENNEPIN - 0925,59A,59A,0.3636363636,12,33,053,0925,2020_block_count_centroids
HENNEPIN - 0925,59B,59B,0.6363636364,21,33,053,0925,2020_block_count_centroids
HENNEPIN - 0930,59A,59A,1.0000000000,59,59,053,0930,2020_block_count_centroids
HENNEPIN - 0935,59A,59A,0.7857142857,55,70,053,0935,2020_block_count_centroids
HENNEPIN - 0935,59B,59B,0.2142857143,15,70,053,0935,2020_block_count_centroids
HENNEPIN - 0955,59A,59A,1.0000000000,56,56,053,0955,2020_block_count_centroids
HENNEPIN - 0960,59A,59A,1.0000000000,44,44,053,0960,2020_block_count_centroids
HENNEPIN - 0965,59A,59A,1.0000000000,44,44,053,0965,2020_block_count_centroids
HENNEPIN - 0970,38B,38B,0.0192307692,1,52,053,0970,2020_block_count_centroids
HENNEPIN - 0970,43B,43B,0.0192307692,1,52,053,0970,2020_block_count_centroids
HENNEPIN - 0970,59A,59A,0.9615384615,50,52,053,0970,2020_block_count_centroids
HENNEPIN - 0975,59A,59A,1.0000000000,32,32,053,0975,2020_block_count_centroids
HENNEPIN - 0980,59A,59A,1.0000000000,36,36,053,0980,2020_block_count_centroids
HENNEPIN - 0985,59A,59A,1.0000000000,32,32,053,0985,2020_block_count_centroids
HENNEPIN - 0990,59A,59A,1.0000000000,24,24,053,0990,2020_block_count_centroids
HENNEPIN - 0995,59A,59A,1.0000000000,47,47,053,0995,2020_block_count_centroids
HENNEPIN - 1000,59A,59A,1.0000000000,56,56,053,1000,2020_block_count_centroids
HENNEPIN - 1005,59A,59A,1.0000000000,29,29,053,1005,2020_block_count_centroids
HENNEPIN - 1025,59A,59A,0.0476190476,1,21,053,1025,2020_block_count_centroids
HENNEPIN - 1025,59B,59B,0.9523809524,20,21,053,1025,2020_block_count_centroids
HENNEPIN - 1030,59B,59B,1.0000000000,47,47,053,1030,2020_block_count_centroids
HENNEPIN - 1035,59B,59B,1.0000000000,56,56,053,1035,2020_block_count_centroids
HENNEPIN - 1040,59B,59B,1.0000000000,42,42,053,1040,2020_block_count_centroids
HENNEPIN - 1045,59B,59B,1.0000000000,58,58,053,1045,2020_block_count_centroids
HENNEPIN - 1050,59B,59B,0.5833333333,49,84,053,1050,2020_block_count_centroids
HENNEPIN - 1050,61A,61A,0.4166666667,35,84,053,1050,2020_block_count_centroids
HENNEPIN - 1055,59B,59B,1.0000000000,76,76,053,1055,2020_block_count_centroids
HENNEPIN - 1060,59B,59B,0.9772727273,43,44,053,1060,2020_block_count_centroids
HENNEPIN - 1060,60A,60A,0.0227272727,1,44,053,1060,2020_block_count_centroids
HENNEPIN - 1065,59B,59B,1.0000000000,16,16,053,1065,2020_block_count_centroids
HENNEPIN - 1070,59B,59B,0.5147058824,35,68,053,1070,2020_block_count_centroids
HENNEPIN - 1070,61A,61A,0.4852941176,33,68,053,1070,2020_block_count_centroids
HENNEPIN - 1075,61A,61A,1.0000000000,18,18,053,1075,2020_block_count_centroids
HENNEPIN - 1080,59B,59B,0.7115384615,37,52,053,1080,2020_block_count_centroids
HENNEPIN - 1080,60B,60B,0.2884615385,15,52,053,1080,2020_block_count_centroids
HENNEPIN - 1120,62A,62A,1.0000000000,35,35,053,1120,2020_block_count_centroids
HENNEPIN - 1125,62A,62A,1.0000000000,40,40,053,1125,2020_block_count_centroids
HENNEPIN - 1130,62A,62A,1.0000000000,15,15,053,1130,2020_block_count_centroids
HENNEPIN - 1135,62A,62A,1.0000000000,20,20,053,1135,2020_block_count_centroids
HENNEPIN - 1140,60B,60B,0.0597014925,4,67,053,1140,2020_block_count_centroids
HENNEPIN - 1140,61A,61A,0.0597014925,4,67,053,1140,2020_block_count_centroids
HENNEPIN - 1140,62A,62A,0.2985074627,20,67,053,1140,2020_block_count_centroids
HENNEPIN - 1140,62B,62B,0.4626865672,31,67,053,1140,2020_block_count_centroids
HENNEPIN - 1140,63A,63A,0.1194029851,8,67,053,1140,2020_block_count_centroids
HENNEPIN - 1145,60B,60B,1.0000000000,3,3,053,1145,2020_block_count_centroids
HENNEPIN - 1150,62A,62A,1.0000000000,14,14,053,1150,2020_block_count_centroids
HENNEPIN - 1155,62B,62B,0.9615384615,25,26,053,1155,2020_block_count_centroids
HENNEPIN - 1155,63A,63A,0.0384615385,1,26,053,1155,2020_block_count_centroids
HENNEPIN - 1160,62B,62B,1.0000000000,29,29,053,1160,2020_block_count_centroids
HENNEPIN - 1165,62B,62B,1.0000000000,35,35,053,1165,2020_block_count_centroids
HENNEPIN - 1185,61A,61A,1.0000000000,83,83,053,1185,2020_block_count_centroids
HENNEPIN - 1190,61A,61A,1.0000000000,50,50,053,1190,2020_block_count_centroids
HENNEPIN - 1195,61A,61A,1.0000000000,37,37,053,1195,2020_block_count_centroids
HENNEPIN - 1200,61A,61A,0.9687500000,31,32,053,1200,2020_block_count_centroids
HENNEPIN - 1200,62A,62A,0.0312500000,1,32,053,1200,2020_block_count_centroids
HENNEPIN - 1205,61A,61A,0.7142857143,10,14,053,1205,2020_block_count_centroids
HENNEPIN - 1205,62A,62A,0.2857142857,4,14,053,1205,2020_block_count_centroids
HENNEPIN - 1210,59B,59B,0.2916666667,14,48,053,1210,2020_block_count_centroids
HENNEPIN - 1210,61A,61A,0.7083333333,34,48,053,1210,2020_block_count_centroids
HENNEPIN - 1215,61A,61A,0.9411764706,48,51,053,1215,2020_block_count_centroids
HENNEPIN - 1215,61B,61B,0.0588235294,3,51,053,1215,2020_block_count_centroids
HENNEPIN - 1220,61A,61A,1.0000000000,23,23,053,1220,2020_block_count_centroids
HENNEPIN - 1225,61A,61A,1.0000000000,30,30,053,1225,2020_block_count_centroids
HENNEPIN - 1230,61A,61A,1.0000000000,30,30,053,1230,2020_block_count_centroids
HENNEPIN - 1235,61A,61A,0.9666666667,29,30,053,1235,2020_block_count_centroids
HENNEPIN - 1235,62A,62A,0.0333333333,1,30,053,1235,2020_block_count_centroids
HENNEPIN - 1240,61A,61A,0.8333333333,10,12,053,1240,2020_block_count_centroids
HENNEPIN - 1240,61B,61B,0.1666666667,2,12,053,1240,2020_block_count_centroids
HENNEPIN - 1245,62A,62A,1.0000000000,12,12,053,1245,2020_block_count_centroids
HENNEPIN - 1265,62A,62A,0.7333333333,11,15,053,1265,2020_block_count_centroids
HENNEPIN - 1265,62B,62B,0.2666666667,4,15,053,1265,2020_block_count_centroids
HENNEPIN - 1270,62A,62A,0.8611111111,31,36,053,1270,2020_block_count_centroids
HENNEPIN - 1270,62B,62B,0.1388888889,5,36,053,1270,2020_block_count_centroids
HENNEPIN - 1275,62A,62A,1.0000000000,28,28,053,1275,2020_block_count_centroids
HENNEPIN - 1280,62A,62A,0.4800000000,12,25,053,1280,2020_block_count_centroids
HENNEPIN - 1280,62B,62B,0.5200000000,13,25,053,1280,2020_block_count_centroids
HENNEPIN - 1285,62A,62A,0.3170731707,13,41,053,1285,2020_block_count_centroids
HENNEPIN - 1285,62B,62B,0.6829268293,28,41,053,1285,2020_block_count_centroids
HENNEPIN - 1290,62A,62A,0.2631578947,5,19,053,1290,2020_block_count_centroids
HENNEPIN - 1290,62B,62B,0.7368421053,14,19,053,1290,2020_block_count_centroids
HENNEPIN - 1295,62B,62B,1.0000000000,44,44,053,1295,2020_block_count_centroids
HENNEPIN - 1300,62B,62B,0.9655172414,28,29,053,1300,2020_block_count_centroids
HENNEPIN - 1300,63A,63A,0.0344827586,1,29,053,1300,2020_block_count_centroids
HENNEPIN - 1305,62B,62B,1.0000000000,42,42,053,1305,2020_block_count_centroids
HENNEPIN - 1310,62B,62B,1.0000000000,38,38,053,1310,2020_block_count_centroids
HENNEPIN - 1315,62B,62B,0.3750000000,18,48,053,1315,2020_block_count_centroids
HENNEPIN - 1315,63B,63B,0.6250000000,30,48,053,1315,2020_block_count_centroids
HENNEPIN - 1320,62A,62A,0.9629629630,26,27,053,1320,2020_block_count_centroids
HENNEPIN - 1320,62B,62B,0.0370370370,1,27,053,1320,2020_block_count_centroids
HENNEPIN - 1340,63A,63A,1.0000000000,80,80,053,1340,2020_block_count_centroids
HENNEPIN - 1345,63A,63A,1.0000000000,65,65,053,1345,2020_block_count_centroids
HENNEPIN - 1350,63A,63A,1.0000000000,40,40,053,1350,2020_block_count_centroids
HENNEPIN - 1355,62B,62B,1.0000000000,29,29,053,1355,2020_block_count_centroids
HENNEPIN - 1360,62B,62B,0.5925925926,16,27,053,1360,2020_block_count_centroids
HENNEPIN - 1360,63A,63A,0.4074074074,11,27,053,1360,2020_block_count_centroids
HENNEPIN - 1365,62B,62B,0.2222222222,10,45,053,1365,2020_block_count_centroids
HENNEPIN - 1365,63A,63A,0.7777777778,35,45,053,1365,2020_block_count_centroids
HENNEPIN - 1370,62B,62B,1.0000000000,20,20,053,1370,2020_block_count_centroids
HENNEPIN - 1375,63A,63A,1.0000000000,43,43,053,1375,2020_block_count_centroids
HENNEPIN - 1380,63A,63A,1.0000000000,43,43,053,1380,2020_block_count_centroids
HENNEPIN - 1385,63A,63A,1.0000000000,56,56,053,1385,2020_block_count_centroids
HENNEPIN - 1425,61A,61A,1.0000000000,27,27,053,1425,2020_block_count_centroids
HENNEPIN - 1430,61A,61A,0.5161290323,16,31,053,1430,2020_block_count_centroids
HENNEPIN - 1430,61B,61B,0.4838709677,15,31,053,1430,2020_block_count_centroids
HENNEPIN - 1435,61B,61B,1.0000000000,27,27,053,1435,2020_block_count_centroids
HENNEPIN - 1440,61B,61B,0.9200000000,23,25,053,1440,2020_block_count_centroids
HENNEPIN - 1440,62A,62A,0.0800000000,2,25,053,1440,2020_block_count_centroids
HENNEPIN - 1445,62A,62A,1.0000000000,21,21,053,1445,2020_block_count_centroids
HENNEPIN - 1450,61B,61B,1.0000000000,18,18,053,1450,2020_block_count_centroids
HENNEPIN - 1455,61B,61B,0.2400000000,6,25,053,1455,2020_block_count_centroids
HENNEPIN - 1455,62A,62A,0.7600000000,19,25,053,1455,2020_block_count_centroids
HENNEPIN - 1460,61B,61B,0.6666666667,16,24,053,1460,2020_block_count_centroids
HENNEPIN - 1460,62A,62A,0.3333333333,8,24,053,1460,2020_block_count_centroids
HENNEPIN - 1465,62A,62A,1.0000000000,21,21,053,1465,2020_block_count_centroids
HENNEPIN - 1470,61B,61B,0.3333333333,12,36,053,1470,2020_block_count_centroids
HENNEPIN - 1470,62B,62B,0.6666666667,24,36,053,1470,2020_block_count_centroids
HENNEPIN - 1475,61A,61A,0.4285714286,3,7,053,1475,2020_block_count_centroids
HENNEPIN - 1475,61B,61B,0.5714285714,4,7,053,1475,2020_block_count_centroids
HENNEPIN - 1485,61B,61B,0.4285714286,18,42,053,1485,2020_block_count_centroids
HENNEPIN - 1485,62B,62B,0.5714285714,24,42,053,1485,2020_block_count_centroids
HENNEPIN - 1490,61B,61B,0.3333333333,10,30,053,1490,2020_block_count_centroids
HENNEPIN - 1490,63B,63B,0.6666666667,20,30,053,1490,2020_block_count_centroids
HENNEPIN - 1495,63B,63B,1.0000000000,48,48,053,1495,2020_block_count_centroids
HENNEPIN - 1500,62B,62B,0.5121951220,21,41,053,1500,2020_block_count_centroids
HENNEPIN - 1500,63B,63B,0.4878048780,20,41,053,1500,2020_block_count_centroids
HENNEPIN - 1505,63B,63B,1.0000000000,19,19,053,1505,2020_block_count_centroids
HENNEPIN - 1510,51A,51A,0.0363636364,2,55,053,1510,2020_block_count_centroids
HENNEPIN - 1510,63B,63B,0.9636363636,53,55,053,1510,2020_block_count_centroids
HENNEPIN - 1515,63B,63B,1.0000000000,45,45,053,1515,2020_block_count_centroids
HENNEPIN - 1520,51A,51A,0.0363636364,2,55,053,1520,2020_block_count_centroids
HENNEPIN - 1520,63B,63B,0.9636363636,53,55,053,1520,2020_block_count_centroids
HENNEPIN - 1525,51A,51A,0.3250000000,13,40,053,1525,2020_block_count_centroids
HENNEPIN - 1525,63B,63B,0.6750000000,27,40,053,1525,2020_block_count_centroids
HENNEPIN - 1530,51A,51A,0.4835164835,44,91,053,1530,2020_block_count_centroids
HENNEPIN - 1530,63B,63B,0.5164835165,47,91,053,1530,2020_block_count_centroids
HENNEPIN - 1535,51A,51A,0.1379310345,4,29,053,1535,2020_block_count_centroids
HENNEPIN - 1535,63B,63B,0.8620689655,25,29,053,1535,2020_block_count_centroids
HENNEPIN - 1550,63A,63A,1.0000000000,58,58,053,1550,2020_block_count_centroids
HENNEPIN - 1555,63A,63A,1.0000000000,64,64,053,1555,2020_block_count_centroids
HENNEPIN - 1560,63A,63A,0.5942028986,41,69,053,1560,2020_block_count_centroids
HENNEPIN - 1560,63B,63B,0.4057971014,28,69,053,1560,2020_block_count_centroids
HENNEPIN - 1565,63A,63A,1.0000000000,58,58,053,1565,2020_block_count_centroids
HENNEPIN - 1570,63B,63B,1.0000000000,72,72,053,1570,2020_block_count_centroids
HENNEPIN - 1575,63B,63B,1.0000000000,52,52,053,1575,2020_block_count_centroids
HENNEPIN - 1580,63B,63B,1.0000000000,11,11,053,1580,2020_block_count_centroids
HENNEPIN - 1585,51A,51A,0.4571428571,16,35,053,1585,2020_block_count_centroids
HENNEPIN - 1585,63B,63B,0.5428571429,19,35,053,1585,2020_block_count_centroids
HENNEPIN - 1590,63B,63B,1.0000000000,40,40,053,1590,2020_block_count_centroids
HENNEPIN - 1595,51A,51A,0.8382352941,57,68,053,1595,2020_block_count_centroids
HENNEPIN - 1595,63B,63B,0.1617647059,11,68,053,1595,2020_block_count_centroids
HENNEPIN - 1610,61B,61B,1.0000000000,27,27,053,1610,2020_block_count_centroids
HENNEPIN - 1615,61B,61B,1.0000000000,58,58,053,1615,2020_block_count_centroids
HENNEPIN - 1620,61B,61B,1.0000000000,53,53,053,1620,2020_block_count_centroids
HENNEPIN - 1625,61B,61B,1.0000000000,52,52,053,1625,2020_block_count_centroids
HENNEPIN - 1630,61B,61B,1.0000000000,60,60,053,1630,2020_block_count_centroids
HENNEPIN - 1635,61B,61B,1.0000000000,42,42,053,1635,2020_block_count_centroids
HENNEPIN - 1640,61B,61B,1.0000000000,52,52,053,1640,2020_block_count_centroids
HENNEPIN - 1645,61B,61B,1.0000000000,46,46,053,1645,2020_block_count_centroids
HENNEPIN - 1650,61B,61B,0.3414634146,14,41,053,1650,2020_block_count_centroids
HENNEPIN - 1650,63B,63B,0.6585365854,27,41,053,1650,2020_block_count_centroids
HENNEPIN - 1655,63B,63B,1.0000000000,43,43,053,1655,2020_block_count_centroids
HENNEPIN - 1660,63B,63B,1.0000000000,25,25,053,1660,2020_block_count_centroids
HENNEPIN - 1685,45A,45A,1.0000000000,16,16,053,1685,2020_block_count_centroids
HENNEPIN - 1690,49A,49A,1.0000000000,45,45,053,1690,2020_block_count_centroids
HENNEPIN - 1695,49A,49A,1.0000000000,40,40,053,1695,2020_block_count_centroids
HENNEPIN - 1700,46B,46B,0.0512820513,2,39,053,1700,2020_block_count_centroids
HENNEPIN - 1700,49A,49A,0.9487179487,37,39,053,1700,2020_block_count_centroids
HENNEPIN - 1705,45B,45B,0.3125000000,10,32,053,1705,2020_block_count_centroids
HENNEPIN - 1705,46B,46B,0.0625000000,2,32,053,1705,2020_block_count_centroids
HENNEPIN - 1705,49A,49A,0.6250000000,20,32,053,1705,2020_block_count_centroids
HENNEPIN - 1710,45B,45B,1.0000000000,36,36,053,1710,2020_block_count_centroids
HENNEPIN - 1715,45B,45B,0.8965517241,26,29,053,1715,2020_block_count_centroids
HENNEPIN - 1715,46A,46A,0.1034482759,3,29,053,1715,2020_block_count_centroids
HENNEPIN - 1720,45B,45B,1.0000000000,42,42,053,1720,2020_block_count_centroids
HENNEPIN - 1725,45B,45B,1.0000000000,44,44,053,1725,2020_block_count_centroids
HENNEPIN - 1730,45B,45B,1.0000000000,63,63,053,1730,2020_block_count_centroids
HENNEPIN - 1735,45B,45B,1.0000000000,48,48,053,1735,2020_block_count_centroids
HENNEPIN - 1740,45B,45B,1.0000000000,41,41,053,1740,2020_block_count_centroids
HENNEPIN - 1745,45B,45B,1.0000000000,36,36,053,1745,2020_block_count_centroids
HENNEPIN - 1750,45B,45B,0.1111111111,2,18,053,1750,2020_block_count_centroids
HENNEPIN - 1750,49A,49A,0.8888888889,16,18,053,1750,2020_block_count_centroids
HENNEPIN - 1755,49A,49A,1.0000000000,31,31,053,1755,2020_block_count_centroids
HENNEPIN - 1760,49A,49A,1.0000000000,36,36,053,1760,2020_block_count_centroids
HENNEPIN - 1765,45B,45B,0.0294117647,1,34,053,1765,2020_block_count_centroids
HENNEPIN - 1765,49A,49A,0.9705882353,33,34,053,1765,2020_block_count_centroids
HENNEPIN - 1770,37A,37A,0.0058479532,1,171,053,1770,2020_block_count_centroids
HENNEPIN - 1770,45A,45A,0.9941520468,170,171,053,1770,2020_block_count_centroids
HENNEPIN - 1775,45A,45A,1.0000000000,35,35,053,1775,2020_block_count_centroids
HENNEPIN - 1785,45A,45A,1.0000000000,68,68,053,1785,2020_block_count_centroids
HENNEPIN - 1790,45A,45A,1.0000000000,35,35,053,1790,2020_block_count_centroids
HENNEPIN - 1795,45A,45A,1.0000000000,30,30,053,1795,2020_block_count_centroids
HENNEPIN - 1805,43A,43A,1.0000000000,24,24,053,1805,2020_block_count_centroids
HENNEPIN - 1810,43A,43A,1.0000000000,29,29,053,1810,2020_block_count_centroids
HENNEPIN - 1815,43A,43A,1.0000000000,21,21,053,1815,2020_block_count_centroids
HENNEPIN - 1820,43A,43A,1.0000000000,23,23,053,1820,2020_block_count_centroids
HENNEPIN - 1825,43A,43A,1.0000000000,37,37,053,1825,2020_block_count_centroids
HENNEPIN - 1830,43A,43A,1.0000000000,31,31,053,1830,2020_block_count_centroids
HENNEPIN - 1835,43A,43A,1.0000000000,29,29,053,1835,2020_block_count_centroids
HENNEPIN - 1840,43A,43A,1.0000000000,8,8,053,1840,2020_block_count_centroids
HENNEPIN - 1845,43A,43A,1.0000000000,18,18,053,1845,2020_block_count_centroids
HENNEPIN - 1850,43A,43A,1.0000000000,21,21,053,1850,2020_block_count_centroids
HENNEPIN - 1860,45A,45A,0.9636363636,53,55,053,1860,2020_block_count_centroids
HENNEPIN - 1860,45B,45B,0.0363636364,2,55,053,1860,2020_block_count_centroids
HENNEPIN - 1865,45A,45A,1.0000000000,50,50,053,1865,2020_block_count_centroids
HENNEPIN - 1870,45A,45A,1.0000000000,42,42,053,1870,2020_block_count_centroids
HENNEPIN - 1875,45A,45A,0.9887640449,88,89,053,1875,2020_block_count_centroids
HENNEPIN - 1875,45B,45B,0.0112359551,1,89,053,1875,2020_block_count_centroids
HENNEPIN - 1880,38A,38A,1.0000000000,81,81,053,1880,2020_block_count_centroids
HENNEPIN - 1895,42A,42A,0.4838709677,60,124,053,1895,2020_block_count_centroids
HENNEPIN - 1895,42B,42B,0.5161290323,64,124,053,1895,2020_block_count_centroids
HENNEPIN - 1896,42A,42A,1.0000000000,22,22,053,1896,2020_block_count_centroids
HENNEPIN - 1897,42A,42A,1.0000000000,33,33,053,1897,2020_block_count_centroids
HENNEPIN - 1900,42A,42A,1.0000000000,30,30,053,1900,2020_block_count_centroids
HENNEPIN - 1905,42A,42A,1.0000000000,15,15,053,1905,2020_block_count_centroids
HENNEPIN - 1910,42A,42A,1.0000000000,26,26,053,1910,2020_block_count_centroids
HENNEPIN - 1915,42A,42A,1.0000000000,25,25,053,1915,2020_block_count_centroids
HENNEPIN - 1920,42A,42A,1.0000000000,20,20,053,1920,2020_block_count_centroids
HENNEPIN - 1925,42A,42A,1.0000000000,35,35,053,1925,2020_block_count_centroids
HENNEPIN - 1930,42A,42A,1.0000000000,29,29,053,1930,2020_block_count_centroids
HENNEPIN - 1935,42A,42A,0.2352941176,4,17,053,1935,2020_block_count_centroids
HENNEPIN - 1935,42B,42B,0.7647058824,13,17,053,1935,2020_block_count_centroids
HENNEPIN - 1940,42B,42B,1.0000000000,34,34,053,1940,2020_block_count_centroids
HENNEPIN - 1941,42B,42B,1.0000000000,24,24,053,1941,2020_block_count_centroids
HENNEPIN - 1945,42A,42A,0.8275862069,48,58,053,1945,2020_block_count_centroids
HENNEPIN - 1945,43B,43B,0.1724137931,10,58,053,1945,2020_block_count_centroids
HENNEPIN - 1950,42A,42A,0.0208333333,1,48,053,1950,2020_block_count_centroids
HENNEPIN - 1950,42B,42B,0.9791666667,47,48,053,1950,2020_block_count_centroids
HENNEPIN - 1955,42B,42B,1.0000000000,35,35,053,1955,2020_block_count_centroids
HENNEPIN - 1960,42B,42B,1.0000000000,20,20,053,1960,2020_block_count_centroids
HENNEPIN - 1962,42B,42B,1.0000000000,27,27,053,1962,2020_block_count_centroids
HENNEPIN - 1963,42B,42B,1.0000000000,35,35,053,1963,2020_block_count_centroids
HENNEPIN - 2010,43B,43B,1.0000000000,37,37,053,2010,2020_block_count_centroids
HENNEPIN - 2015,43B,43B,1.0000000000,47,47,053,2015,2020_block_count_centroids
HENNEPIN - 2020,43B,43B,0.9062500000,29,32,053,2020,2020_block_count_centroids
HENNEPIN - 2020,59A,59A,0.0937500000,3,32,053,2020,2020_block_count_centroids
HENNEPIN - 2025,43B,43B,1.0000000000,44,44,053,2025,2020_block_count_centroids
HENNEPIN - 2030,43B,43B,1.0000000000,37,37,053,2030,2020_block_count_centroids
HENNEPIN - 2035,43B,43B,1.0000000000,21,21,053,2035,2020_block_count_centroids
HENNEPIN - 2040,43B,43B,1.0000000000,23,23,053,2040,2020_block_count_centroids
HENNEPIN - 2045,43B,43B,1.0000000000,40,40,053,2045,2020_block_count_centroids
HENNEPIN - 2050,29A,29A,0.9333333333,14,15,053,2050,2020_block_count_centroids
HENNEPIN - 2050,37A,37A,0.0666666667,1,15,053,2050,2020_block_count_centroids
HENNEPIN - 2055,34A,34A,1.0000000000,82,82,053,2055,2020_block_count_centroids
HENNEPIN - 2060,45A,45A,0.8108108108,30,37,053,2060,2020_block_count_centroids
HENNEPIN - 2060,45B,45B,0.1891891892,7,37,053,2060,2020_block_count_centroids
HENNEPIN - 2065,45A,45A,0.5000000000,27,54,053,2065,2020_block_count_centroids
HENNEPIN - 2065,45B,45B,0.5000000000,27,54,053,2065,2020_block_count_centroids
HENNEPIN - 2070,45A,45A,1.0000000000,23,23,053,2070,2020_block_count_centroids
HENNEPIN - 2075,45A,45A,1.0000000000,11,11,053,2075,2020_block_count_centroids
HENNEPIN - 2080,45A,45A,1.0000000000,22,22,053,2080,2020_block_count_centroids
HENNEPIN - 2085,39B,39B,0.9761904762,41,42,053,2085,2020_block_count_centroids
HENNEPIN - 2085,60A,60A,0.0238095238,1,42,053,2085,2020_block_count_centroids
HENNEPIN - 2090,39B,39B,1.0000000000,51,51,053,2090,2020_block_count_centroids
HENNEPIN - 2100,45A,45A,1.0000000000,32,32,053,2100,2020_block_count_centroids
HENNEPIN - 2105,46A,46A,1.0000000000,46,46,053,2105,2020_block_count_centroids
HENNEPIN - 2110,46A,46A,1.0000000000,36,36,053,2110,2020_block_count_centroids
HENNEPIN - 2115,46A,46A,0.9268292683,38,41,053,2115,2020_block_count_centroids
HENNEPIN - 2115,46B,46B,0.0731707317,3,41,053,2115,2020_block_count_centroids
HENNEPIN - 2120,46A,46A,1.0000000000,29,29,053,2120,2020_block_count_centroids
HENNEPIN - 2125,43B,43B,0.0250000000,1,40,053,2125,2020_block_count_centroids
HENNEPIN - 2125,46A,46A,0.9750000000,39,40,053,2125,2020_block_count_centroids
HENNEPIN - 2126,46A,46A,1.0000000000,15,15,053,2126,2020_block_count_centroids
HENNEPIN - 2130,46A,46A,0.9622641509,51,53,053,2130,2020_block_count_centroids
HENNEPIN - 2130,46B,46B,0.0377358491,2,53,053,2130,2020_block_count_centroids
HENNEPIN - 2135,46A,46A,0.1041666667,5,48,053,2135,2020_block_count_centroids
HENNEPIN - 2135,46B,46B,0.8541666667,41,48,053,2135,2020_block_count_centroids
HENNEPIN - 2135,50A,50A,0.0416666667,2,48,053,2135,2020_block_count_centroids
HENNEPIN - 2140,46B,46B,1.0000000000,32,32,053,2140,2020_block_count_centroids
HENNEPIN - 2145,46B,46B,1.0000000000,57,57,053,2145,2020_block_count_centroids
HENNEPIN - 2150,46A,46A,0.9629629630,26,27,053,2150,2020_block_count_centroids
HENNEPIN - 2150,46B,46B,0.0370370370,1,27,053,2150,2020_block_count_centroids
HENNEPIN - 2155,45B,45B,0.0238095238,1,42,053,2155,2020_block_count_centroids
HENNEPIN - 2155,46A,46A,0.9285714286,39,42,053,2155,2020_block_count_centroids
HENNEPIN - 2155,46B,46B,0.0476190476,2,42,053,2155,2020_block_count_centroids
HENNEPIN - 2160,46A,46A,0.6530612245,32,49,053,2160,2020_block_count_centroids
HENNEPIN - 2160,46B,46B,0.3469387755,17,49,053,2160,2020_block_count_centroids
HENNEPIN - 2165,46A,46A,0.9607843137,49,51,053,2165,2020_block_count_centroids
HENNEPIN - 2165,46B,46B,0.0392156863,2,51,053,2165,2020_block_count_centroids
HENNEPIN - 2170,46A,46A,1.0000000000,24,24,053,2170,2020_block_count_centroids
HENNEPIN - 2175,46A,46A,1.0000000000,24,24,053,2175,2020_block_count_centroids
HENNEPIN - 2180,43B,43B,0.0454545455,1,22,053,2180,2020_block_count_centroids
HENNEPIN - 2180,45B,45B,0.0454545455,1,22,053,2180,2020_block_count_centroids
HENNEPIN - 2180,46A,46A,0.9090909091,20,22,053,2180,2020_block_count_centroids
HENNEPIN - 2185,46A,46A,1.0000000000,18,18,053,2185,2020_block_count_centroids
HENNEPIN - 2190,46A,46A,1.0000000000,16,16,053,2190,2020_block_count_centroids
HENNEPIN - 2195,43B,43B,0.0454545455,1,22,053,2195,2020_block_count_centroids
HENNEPIN - 2195,46A,46A,0.9545454545,21,22,053,2195,2020_block_count_centroids
HENNEPIN - 2200,43B,43B,0.0263157895,1,38,053,2200,2020_block_count_centroids
HENNEPIN - 2200,46A,46A,0.9736842105,37,38,053,2200,2020_block_count_centroids
HENNEPIN - 2205,45A,45A,1.0000000000,29,29,053,2205,2020_block_count_centroids
HENNEPIN - 2210,42A,42A,0.0096153846,1,104,053,2210,2020_block_count_centroids
HENNEPIN - 2210,45A,45A,0.0096153846,1,104,053,2210,2020_block_count_centroids
HENNEPIN - 2210,45B,45B,0.9807692308,102,104,053,2210,2020_block_count_centroids
HENNEPIN - 2215,45B,45B,1.0000000000,10,10,053,2215,2020_block_count_centroids
HENNEPIN - 2216,50B,50B,0.9032258065,28,31,053,2216,2020_block_count_centroids
HENNEPIN - 2216,51B,51B,0.0967741935,3,31,053,2216,2020_block_count_centroids
HENNEPIN - 2217,50B,50B,1.0000000000,35,35,053,2217,2020_block_count_centroids
HENNEPIN - 2218,50B,50B,1.0000000000,38,38,053,2218,2020_block_count_centroids
HENNEPIN - 2219,50B,50B,1.0000000000,14,14,053,2219,2020_block_count_centroids
HENNEPIN - 2220,51B,51B,1.0000000000,63,63,053,2220,2020_block_count_centroids
HENNEPIN - 2221,34B,34B,0.3529411765,6,17,053,2221,2020_block_count_centroids
HENNEPIN - 2221,38B,38B,0.6470588235,11,17,053,2221,2020_block_count_centroids
HENNEPIN - 2222,38B,38B,1.0000000000,15,15,053,2222,2020_block_count_centroids
HENNEPIN - 2223,34B,34B,1.0000000000,28,28,053,2223,2020_block_count_centroids
HENNEPIN - 2224,34A,34A,1.0000000000,44,44,053,2224,2020_block_count_centroids
HENNEPIN - 2225,34A,34A,1.0000000000,50,50,053,2225,2020_block_count_centroids
HENNEPIN - 2226,34A,34A,1.0000000000,47,47,053,2226,2020_block_count_centroids
HENNEPIN - 2227,34A,34A,0.4166666667,20,48,053,2227,2020_block_count_centroids
HENNEPIN - 2227,34B,34B,0.5833333333,28,48,053,2227,2020_block_count_centroids
HENNEPIN - 2228,49A,49A,1.0000000000,35,35,053,2228,2020_block_count_centroids
HENNEPIN - 2229,49A,49A,1.0000000000,35,35,053,2229,2020_block_count_centroids
HENNEPIN - 2230,49A,49A,0.8727272727,48,55,053,2230,2020_block_count_centroids
HENNEPIN - 2230,49B,49B,0.1272727273,7,55,053,2230,2020_block_count_centroids
HENNEPIN - 2232,49B,49B,1.0000000000,41,41,053,2232,2020_block_count_centroids
HENNEPIN - 2233,49B,49B,1.0000000000,38,38,053,2233,2020_block_count_centroids
HENNEPIN - 2234,49B,49B,0.9782608696,45,46,053,2234,2020_block_count_centroids
HENNEPIN - 2234,50B,50B,0.0217391304,1,46,053,2234,2020_block_count_centroids
HENNEPIN - 2235,49B,49B,1.0000000000,40,40,053,2235,2020_block_count_centroids
HENNEPIN - 2236,49B,49B,1.0000000000,100,100,053,2236,2020_block_count_centroids
HENNEPIN - 2237,49B,49B,1.0000000000,15,15,053,2237,2020_block_count_centroids
HENNEPIN - 2238,49B,49B,1.0000000000,25,25,053,2238,2020_block_count_centroids
HENNEPIN - 2239,49B,49B,1.0000000000,52,52,053,2239,2020_block_count_centroids
HENNEPIN - 2240,46B,46B,1.0000000000,37,37,053,2240,2020_block_count_centroids
HENNEPIN - 2241,46B,46B,0.9069767442,39,43,053,2241,2020_block_count_centroids
HENNEPIN - 2241,50A,50A,0.0930232558,4,43,053,2241,2020_block_count_centroids
HENNEPIN - 2242,37B,37B,1.0000000000,44,44,053,2242,2020_block_count_centroids
HENNEPIN - 2243,37B,37B,1.0000000000,62,62,053,2243,2020_block_count_centroids
HENNEPIN - 2244,37B,37B,1.0000000000,117,117,053,2244,2020_block_count_centroids
HENNEPIN - 2245,63A,63A,1.0000000000,19,19,053,2245,2020_block_count_centroids
HENNEPIN - 2246,45B,45B,0.9696969697,32,33,053,2246,2020_block_count_centroids
HENNEPIN - 2246,49A,49A,0.0303030303,1,33,053,2246,2020_block_count_centroids
HENNEPIN - 2247,45B,45B,0.9444444444,17,18,053,2247,2020_block_count_centroids
HENNEPIN - 2247,46B,46B,0.0555555556,1,18,053,2247,2020_block_count_centroids
HENNEPIN - 2248,45B,45B,1.0000000000,45,45,053,2248,2020_block_count_centroids
HENNEPIN - 2249,49A,49A,1.0000000000,16,16,053,2249,2020_block_count_centroids
HENNEPIN - 2251,42B,42B,0.2923076923,19,65,053,2251,2020_block_count_centroids
HENNEPIN - 2251,43B,43B,0.7076923077,46,65,053,2251,2020_block_count_centroids
HENNEPIN - 2252,42B,42B,1.0000000000,23,23,053,2252,2020_block_count_centroids
HENNEPIN - 2253,42B,42B,1.0000000000,19,19,053,2253,2020_block_count_centroids
HENNEPIN - 2254,42B,42B,1.0000000000,27,27,053,2254,2020_block_count_centroids
HENNEPIN - 2255,51A,51A,0.9764705882,83,85,053,2255,2020_block_count_centroids
HENNEPIN - 2255,63B,63B,0.0235294118,2,85,053,2255,2020_block_count_centroids
HENNEPIN - 2256,51A,51A,1.0000000000,83,83,053,2256,2020_block_count_centroids
HENNEPIN - 2257,51A,51A,1.0000000000,43,43,053,2257,2020_block_count_centroids
HENNEPIN - 2258,51A,51A,1.0000000000,70,70,053,2258,2020_block_count_centroids
HENNEPIN - 2259,51A,51A,1.0000000000,76,76,053,2259,2020_block_count_centroids
HENNEPIN - 2260,51A,51A,1.0000000000,95,95,053,2260,2020_block_count_centroids
HENNEPIN - 2261,51A,51A,1.0000000000,69,69,053,2261,2020_block_count_centroids
HENNEPIN - 2262,51A,51A,1.0000000000,73,73,053,2262,2020_block_count_centroids
HENNEPIN - 2263,51A,51A,1.0000000000,69,69,053,2263,2020_block_count_centroids
HENNEPIN - 2264,45A,45A,1.0000000000,32,32,053,2264,2020_block_count_centroids
HENNEPIN - 2265,37A,37A,1.0000000000,95,95,053,2265,2020_block_count_centroids
HENNEPIN - 2266,45A,45A,1.0000000000,20,20,053,2266,2020_block_count_centroids
HOUSTON - 0005,26B,26B,1.0000000000,45,45,055,0005,2020_block_count_centroids
HOUSTON - 0010,26B,26B,1.0000000000,37,37,055,0010,2020_block_count_centroids
HOUSTON - 0015,26B,26B,1.0000000000,41,41,055,0015,2020_block_count_centroids
HOUSTON - 0020,26B,26B,1.0000000000,44,44,055,0020,2020_block_count_centroids
HOUSTON - 0025,26B,26B,1.0000000000,61,61,055,0025,2020_block_count_centroids
HOUSTON - 0030,26B,26B,1.0000000000,41,41,055,0030,2020_block_count_centroids
HOUSTON - 0035,26B,26B,1.0000000000,31,31,055,0035,2020_block_count_centroids
HOUSTON - 0040,26B,26B,1.0000000000,11,11,055,0040,2020_block_count_centroids
HOUSTON - 0045,26B,26B,1.0000000000,28,28,055,0045,2020_block_count_centroids
HOUSTON - 0050,26B,26B,1.0000000000,59,59,055,0050,2020_block_count_centroids
HOUSTON - 0055,26B,26B,1.0000000000,59,59,055,0055,2020_block_count_centroids
HOUSTON - 0060,26B,26B,1.0000000000,55,55,055,0060,2020_block_count_centroids
HOUSTON - 0065,26B,26B,1.0000000000,46,46,055,0065,2020_block_count_centroids
HOUSTON - 0070,26B,26B,1.0000000000,53,53,055,0070,2020_block_count_centroids
HOUSTON - 0075,26B,26B,1.0000000000,47,47,055,0075,2020_block_count_centroids
HOUSTON - 0076,26B,26B,1.0000000000,13,13,055,0076,2020_block_count_centroids
HOUSTON - 0080,26B,26B,1.0000000000,87,87,055,0080,2020_block_count_centroids
HOUSTON - 0085,26B,26B,1.0000000000,27,27,055,0085,2020_block_count_centroids
HOUSTON - 0090,26B,26B,1.0000000000,61,61,055,0090,2020_block_count_centroids
HOUSTON - 0095,26B,26B,1.0000000000,67,67,055,0095,2020_block_count_centroids
HOUSTON - 0100,26B,26B,1.0000000000,37,37,055,0100,2020_block_count_centroids
HOUSTON - 0105,26B,26B,1.0000000000,57,57,055,0105,2020_block_count_centroids
HOUSTON - 0110,26B,26B,1.0000000000,42,42,055,0110,2020_block_count_centroids
HOUSTON - 0115,26B,26B,1.0000000000,27,27,055,0115,2020_block_count_centroids
HOUSTON - 0120,26B,26B,1.0000000000,39,39,055,0120,2020_block_count_centroids
HOUSTON - 0125,26B,26B,1.0000000000,30,30,055,0125,2020_block_count_centroids
HOUSTON - 0130,26B,26B,1.0000000000,59,59,055,0130,2020_block_count_centroids
HUBBARD - 0005,05A,05A,1.0000000000,51,51,057,0005,2020_block_count_centroids
HUBBARD - 0010,05A,05A,1.0000000000,49,49,057,0010,2020_block_count_centroids
HUBBARD - 0015,05A,05A,1.0000000000,32,32,057,0015,2020_block_count_centroids
HUBBARD - 0020,05A,05A,1.0000000000,40,40,057,0020,2020_block_count_centroids
HUBBARD - 0022,05A,05A,1.0000000000,13,13,057,0022,2020_block_count_centroids
HUBBARD - 0025,05A,05A,1.0000000000,16,16,057,0025,2020_block_count_centroids
HUBBARD - 0030,05A,05A,1.0000000000,64,64,057,0030,2020_block_count_centroids
HUBBARD - 0035,02B,02B,1.0000000000,90,90,057,0035,2020_block_count_centroids
HUBBARD - 0040,02B,02B,1.0000000000,36,36,057,0040,2020_block_count_centroids
HUBBARD - 0045,02B,02B,1.0000000000,35,35,057,0045,2020_block_count_centroids
HUBBARD - 0050,02B,02B,1.0000000000,58,58,057,0050,2020_block_count_centroids
HUBBARD - 0055,02B,02B,1.0000000000,48,48,057,0055,2020_block_count_centroids
HUBBARD - 0060,05A,05A,1.0000000000,39,39,057,0060,2020_block_count_centroids
HUBBARD - 0065,05A,05A,1.0000000000,95,95,057,0065,2020_block_count_centroids
HUBBARD - 0070,05A,05A,1.0000000000,76,76,057,0070,2020_block_count_centroids
HUBBARD - 0075,02B,02B,1.0000000000,22,22,057,0075,2020_block_count_centroids
HUBBARD - 0080,05A,05A,1.0000000000,55,55,057,0080,2020_block_count_centroids
HUBBARD - 0085,02B,02B,0.0185185185,1,54,057,0085,2020_block_count_centroids
HUBBARD - 0085,05A,05A,0.9814814815,53,54,057,0085,2020_block_count_centroids
HUBBARD - 0090,02B,02B,1.0000000000,17,17,057,0090,2020_block_count_centroids
HUBBARD - 0095,02B,02B,0.1688311688,13,77,057,0095,2020_block_count_centroids
HUBBARD - 0095,05A,05A,0.8311688312,64,77,057,0095,2020_block_count_centroids
HUBBARD - 0100,05A,05A,1.0000000000,15,15,057,0100,2020_block_count_centroids
HUBBARD - 0105,05A,05A,1.0000000000,69,69,057,0105,2020_block_count_centroids
HUBBARD - 0110,05A,05A,1.0000000000,27,27,057,0110,2020_block_count_centroids
HUBBARD - 0115,05A,05A,1.0000000000,65,65,057,0115,2020_block_count_centroids
HUBBARD - 0120,05A,05A,1.0000000000,111,111,057,0120,2020_block_count_centroids
HUBBARD - 0122,05A,05A,1.0000000000,88,88,057,0122,2020_block_count_centroids
HUBBARD - 0125,02B,02B,1.0000000000,29,29,057,0125,2020_block_count_centroids
HUBBARD - 0130,02B,02B,1.0000000000,27,27,057,0130,2020_block_count_centroids
HUBBARD - 0135,02B,02B,0.0754716981,4,53,057,0135,2020_block_count_centroids
HUBBARD - 0135,05A,05A,0.9245283019,49,53,057,0135,2020_block_count_centroids
HUBBARD - 0140,05A,05A,1.0000000000,65,65,057,0140,2020_block_count_centroids
HUBBARD - 0145,05A,05A,1.0000000000,35,35,057,0145,2020_block_count_centroids
HUBBARD - 0150,05A,05A,1.0000000000,69,69,057,0150,2020_block_count_centroids
HUBBARD - 0155,05A,05A,1.0000000000,50,50,057,0155,2020_block_count_centroids
ISANTI - 0005,27B,27B,0.0272727273,3,110,059,0005,2020_block_count_centroids
ISANTI - 0005,28A,28A,0.0181818182,2,110,059,0005,2020_block_count_centroids
ISANTI - 0005,31B,31B,0.9545454545,105,110,059,0005,2020_block_count_centroids
ISANTI - 0010,28A,28A,1.0000000000,114,114,059,0010,2020_block_count_centroids
ISANTI - 0015,28A,28A,1.0000000000,37,37,059,0015,2020_block_count_centroids
ISANTI - 0020,28A,28A,1.0000000000,219,219,059,0020,2020_block_count_centroids
ISANTI - 0025,28A,28A,1.0000000000,164,164,059,0025,2020_block_count_centroids
ISANTI - 0030,10B,10B,1.0000000000,69,69,059,0030,2020_block_count_centroids
ISANTI - 0035,28A,28A,1.0000000000,89,89,059,0035,2020_block_count_centroids
ISANTI - 0040,28A,28A,1.0000000000,148,148,059,0040,2020_block_count_centroids
ISANTI - 0045,10B,10B,0.0161290323,1,62,059,0045,2020_block_count_centroids
ISANTI - 0045,28A,28A,0.9838709677,61,62,059,0045,2020_block_count_centroids
ISANTI - 0050,28A,28A,1.0000000000,77,77,059,0050,2020_block_count_centroids
ISANTI - 0055,28A,28A,1.0000000000,34,34,059,0055,2020_block_count_centroids
ISANTI - 0060,27B,27B,0.9565217391,88,92,059,0060,2020_block_count_centroids
ISANTI - 0060,28A,28A,0.0434782609,4,92,059,0060,2020_block_count_centroids
ISANTI - 0065,28A,28A,1.0000000000,56,56,059,0065,2020_block_count_centroids
ISANTI - 0070,28A,28A,1.0000000000,91,91,059,0070,2020_block_count_centroids
ISANTI - 0075,27B,27B,0.9555555556,86,90,059,0075,2020_block_count_centroids
ISANTI - 0075,31B,31B,0.0444444444,4,90,059,0075,2020_block_count_centroids
ISANTI - 0080,27B,27B,0.0227272727,2,88,059,0080,2020_block_count_centroids
ISANTI - 0080,28A,28A,0.9772727273,86,88,059,0080,2020_block_count_centroids
ITASCA - 0005,03A,03A,1.0000000000,19,19,061,0005,2020_block_count_centroids
ITASCA - 0010,07A,07A,1.0000000000,39,39,061,0010,2020_block_count_centroids
ITASCA - 0015,03A,03A,1.0000000000,23,23,061,0015,2020_block_count_centroids
ITASCA - 0020,02B,02B,1.0000000000,38,38,061,0020,2020_block_count_centroids
ITASCA - 0025,03A,03A,0.0131578947,1,76,061,0025,2020_block_count_centroids
ITASCA - 0025,07A,07A,0.9868421053,75,76,061,0025,2020_block_count_centroids
ITASCA - 0030,06A,06A,1.0000000000,110,110,061,0030,2020_block_count_centroids
ITASCA - 0035,07A,07A,1.0000000000,49,49,061,0035,2020_block_count_centroids
ITASCA - 0040,03A,03A,1.0000000000,34,34,061,0040,2020_block_count_centroids
ITASCA - 0045,03A,03A,1.0000000000,33,33,061,0045,2020_block_count_centroids
ITASCA - 0050,03A,03A,1.0000000000,33,33,061,0050,2020_block_count_centroids
ITASCA - 0055,06A,06A,0.0178571429,1,56,061,0055,2020_block_count_centroids
ITASCA - 0055,07A,07A,0.9821428571,55,56,061,0055,2020_block_count_centroids
ITASCA - 0060,07A,07A,1.0000000000,57,57,061,0060,2020_block_count_centroids
ITASCA - 0065,02B,02B,1.0000000000,37,37,061,0065,2020_block_count_centroids
ITASCA - 0070,03A,03A,1.0000000000,147,147,061,0070,2020_block_count_centroids
ITASCA - 0076,03A,03A,1.0000000000,40,40,061,0076,2020_block_count_centroids
ITASCA - 0085,07A,07A,1.0000000000,69,69,061,0085,2020_block_count_centroids
ITASCA - 0090,07A,07A,1.0000000000,48,48,061,0090,2020_block_count_centroids
ITASCA - 0095,02B,02B,0.0270270270,1,37,061,0095,2020_block_count_centroids
ITASCA - 0095,07A,07A,0.9729729730,36,37,061,0095,2020_block_count_centroids
ITASCA - 0100,02B,02B,0.0172413793,1,58,061,0100,2020_block_count_centroids
ITASCA - 0100,07A,07A,0.9827586207,57,58,061,0100,2020_block_count_centroids
ITASCA - 0110,03A,03A,1.0000000000,6,6,061,0110,2020_block_count_centroids
ITASCA - 0120,07A,07A,1.0000000000,26,26,061,0120,2020_block_count_centroids
ITASCA - 0125,02B,02B,1.0000000000,28,28,061,0125,2020_block_count_centroids
ITASCA - 0130,07A,07A,1.0000000000,45,45,061,0130,2020_block_count_centroids
ITASCA - 0135,07A,07A,1.0000000000,43,43,061,0135,2020_block_count_centroids
ITASCA - 0140,06A,06A,1.0000000000,96,96,061,0140,2020_block_count_centroids
ITASCA - 0145,06A,06A,1.0000000000,97,97,061,0145,2020_block_count_centroids
ITASCA - 0151,06A,06A,1.0000000000,59,59,061,0151,2020_block_count_centroids
ITASCA - 0152,06A,06A,0.4634146341,19,41,061,0152,2020_block_count_centroids
ITASCA - 0152,07A,07A,0.5365853659,22,41,061,0152,2020_block_count_centroids
ITASCA - 0155,06A,06A,1.0000000000,55,55,061,0155,2020_block_count_centroids
ITASCA - 0161,06A,06A,1.0000000000,67,67,061,0161,2020_block_count_centroids
ITASCA - 0162,06A,06A,1.0000000000,24,24,061,0162,2020_block_count_centroids
ITASCA - 0165,06A,06A,0.4285714286,15,35,061,0165,2020_block_count_centroids
ITASCA - 0165,07A,07A,0.5714285714,20,35,061,0165,2020_block_count_centroids
ITASCA - 0170,06A,06A,1.0000000000,37,37,061,0170,2020_block_count_centroids
ITASCA - 0175,03A,03A,1.0000000000,18,18,061,0175,2020_block_count_centroids
ITASCA - 0184,07A,07A,1.0000000000,49,49,061,0184,2020_block_count_centroids
ITASCA - 0189,07A,07A,1.0000000000,36,36,061,0189,2020_block_count_centroids
ITASCA - 0195,07A,07A,1.0000000000,70,70,061,0195,2020_block_count_centroids
ITASCA - 0200,06A,06A,1.0000000000,56,56,061,0200,2020_block_count_centroids
ITASCA - 0205,02B,02B,1.0000000000,39,39,061,0205,2020_block_count_centroids
ITASCA - 0209,07A,07A,1.0000000000,35,35,061,0209,2020_block_count_centroids
ITASCA - 0215,07A,07A,1.0000000000,88,88,061,0215,2020_block_count_centroids
ITASCA - 0220,03A,03A,1.0000000000,35,35,061,0220,2020_block_count_centroids
ITASCA - 0225,02B,02B,0.9677419355,30,31,061,0225,2020_block_count_centroids
ITASCA - 0225,03A,03A,0.0322580645,1,31,061,0225,2020_block_count_centroids
ITASCA - 0227,06A,06A,1.0000000000,22,22,061,0227,2020_block_count_centroids
ITASCA - 0230,07A,07A,1.0000000000,50,50,061,0230,2020_block_count_centroids
ITASCA - 0235,03A,03A,1.0000000000,18,18,061,0235,2020_block_count_centroids
ITASCA - 0240,07A,07A,1.0000000000,50,50,061,0240,2020_block_count_centroids
ITASCA - 0244,07A,07A,1.0000000000,41,41,061,0244,2020_block_count_centroids
ITASCA - 0245,03A,03A,1.0000000000,35,35,061,0245,2020_block_count_centroids
ITASCA - 0249,03A,03A,1.0000000000,68,68,061,0249,2020_block_count_centroids
ITASCA - 0255,02B,02B,1.0000000000,29,29,061,0255,2020_block_count_centroids
ITASCA - 0260,03A,03A,1.0000000000,79,79,061,0260,2020_block_count_centroids
ITASCA - 0265,03A,03A,1.0000000000,8,8,061,0265,2020_block_count_centroids
ITASCA - 0270,02B,02B,0.9736842105,37,38,061,0270,2020_block_count_centroids
ITASCA - 0270,07A,07A,0.0263157895,1,38,061,0270,2020_block_count_centroids
ITASCA - 0275,07A,07A,1.0000000000,69,69,061,0275,2020_block_count_centroids
ITASCA - 0280,07A,07A,1.0000000000,31,31,061,0280,2020_block_count_centroids
ITASCA - 0285,07A,07A,1.0000000000,40,40,061,0285,2020_block_count_centroids
ITASCA - 0290,03A,03A,1.0000000000,11,11,061,0290,2020_block_count_centroids
ITASCA - 0295,02B,02B,1.0000000000,17,17,061,0295,2020_block_count_centroids
ITASCA - 0300,03A,03A,1.0000000000,14,14,061,0300,2020_block_count_centroids
ITASCA - 0305,07A,07A,1.0000000000,33,33,061,0305,2020_block_count_centroids
ITASCA - 0310,02B,02B,1.0000000000,30,30,061,0310,2020_block_count_centroids
ITASCA - 0320,06A,06A,1.0000000000,22,22,061,0320,2020_block_count_centroids
ITASCA - 0327,07A,07A,1.0000000000,22,22,061,0327,2020_block_count_centroids
ITASCA - 0330,02B,02B,1.0000000000,14,14,061,0330,2020_block_count_centroids
ITASCA - 0335,03A,03A,1.0000000000,49,49,061,0335,2020_block_count_centroids
ITASCA - 0339,07A,07A,1.0000000000,22,22,061,0339,2020_block_count_centroids
ITASCA - 0340,06A,06A,1.0000000000,54,54,061,0340,2020_block_count_centroids
ITASCA - 0345,02B,02B,1.0000000000,25,25,061,0345,2020_block_count_centroids
ITASCA - 0350,07A,07A,1.0000000000,71,71,061,0350,2020_block_count_centroids
ITASCA - 0355,07A,07A,1.0000000000,36,36,061,0355,2020_block_count_centroids
ITASCA - 0360,07A,07A,1.0000000000,28,28,061,0360,2020_block_count_centroids
ITASCA - 0365,07A,07A,1.0000000000,19,19,061,0365,2020_block_count_centroids
ITASCA - 0370,02B,02B,0.5423728814,32,59,061,0370,2020_block_count_centroids
ITASCA - 0370,06A,06A,0.4406779661,26,59,061,0370,2020_block_count_centroids
ITASCA - 0370,07A,07A,0.0169491525,1,59,061,0370,2020_block_count_centroids
ITASCA - 0372,06A,06A,1.0000000000,19,19,061,0372,2020_block_count_centroids
ITASCA - 0375,02B,02B,1.0000000000,107,107,061,0375,2020_block_count_centroids
ITASCA - 0380,03A,03A,1.0000000000,20,20,061,0380,2020_block_count_centroids
ITASCA - 0385,07A,07A,1.0000000000,3,3,061,0385,2020_block_count_centroids
JACKSON - 0005,21B,21B,1.0000000000,81,81,063,0005,2020_block_count_centroids
JACKSON - 0010,21B,21B,1.0000000000,17,17,063,0010,2020_block_count_centroids
JACKSON - 0015,21B,21B,1.0000000000,44,44,063,0015,2020_block_count_centroids
JACKSON - 0020,21B,21B,1.0000000000,48,48,063,0020,2020_block_count_centroids
JACKSON - 0025,21B,21B,1.0000000000,72,72,063,0025,2020_block_count_centroids
JACKSON - 0030,21B,21B,1.0000000000,49,49,063,0030,2020_block_count_centroids
JACKSON - 0035,21B,21B,1.0000000000,49,49,063,0035,2020_block_count_centroids
JACKSON - 0040,21B,21B,1.0000000000,49,49,063,0040,2020_block_count_centroids
JACKSON - 0045,21B,21B,1.0000000000,60,60,063,0045,2020_block_count_centroids
JACKSON - 0050,21B,21B,1.0000000000,52,52,063,0050,2020_block_count_centroids
JACKSON - 0055,21B,21B,1.0000000000,61,61,063,0055,2020_block_count_centroids
JACKSON - 0060,21B,21B,1.0000000000,33,33,063,0060,2020_block_count_centroids
JACKSON - 0065,21B,21B,1.0000000000,36,36,063,0065,2020_block_count_centroids
JACKSON - 0070,21B,21B,1.0000000000,38,38,063,0070,2020_block_count_centroids
JACKSON - 0075,21B,21B,1.0000000000,19,19,063,0075,2020_block_count_centroids
JACKSON - 0080,21B,21B,1.0000000000,74,74,063,0080,2020_block_count_centroids
JACKSON - 0085,21B,21B,1.0000000000,53,53,063,0085,2020_block_count_centroids
JACKSON - 0090,21B,21B,1.0000000000,36,36,063,0090,2020_block_count_centroids
JACKSON - 0095,21B,21B,1.0000000000,47,47,063,0095,2020_block_count_centroids
JACKSON - 0100,21B,21B,1.0000000000,40,40,063,0100,2020_block_count_centroids
JACKSON - 0105,21B,21B,1.0000000000,67,67,063,0105,2020_block_count_centroids
JACKSON - 0110,21B,21B,1.0000000000,15,15,063,0110,2020_block_count_centroids
JACKSON - 0115,21B,21B,1.0000000000,43,43,063,0115,2020_block_count_centroids
JACKSON - 0120,21B,21B,1.0000000000,56,56,063,0120,2020_block_count_centroids
JACKSON - 0125,21B,21B,1.0000000000,41,41,063,0125,2020_block_count_centroids
JACKSON - 0130,21B,21B,1.0000000000,55,55,063,0130,2020_block_count_centroids
JACKSON - 0135,21B,21B,1.0000000000,79,79,063,0135,2020_block_count_centroids
JACKSON - 0140,21B,21B,1.0000000000,43,43,063,0140,2020_block_count_centroids
JACKSON - 0145,21B,21B,1.0000000000,16,16,063,0145,2020_block_count_centroids
JACKSON - 0150,21B,21B,1.0000000000,60,60,063,0150,2020_block_count_centroids
KANABEC - 0005,10A,10A,0.9130434783,21,23,065,0005,2020_block_count_centroids
KANABEC - 0005,10B,10B,0.0869565217,2,23,065,0005,2020_block_count_centroids
KANABEC - 0010,11B,11B,1.0000000000,101,101,065,0010,2020_block_count_centroids
KANABEC - 0015,11B,11B,1.0000000000,1,1,065,0015,2020_block_count_centroids
KANABEC - 0020,11B,11B,1.0000000000,79,79,065,0020,2020_block_count_centroids
KANABEC - 0025,11B,11B,1.0000000000,53,53,065,0025,2020_block_count_centroids
KANABEC - 0030,10A,10A,0.9615384615,25,26,065,0030,2020_block_count_centroids
KANABEC - 0030,11B,11B,0.0384615385,1,26,065,0030,2020_block_count_centroids
KANABEC - 0035,11B,11B,1.0000000000,86,86,065,0035,2020_block_count_centroids
KANABEC - 0040,11B,11B,1.0000000000,13,13,065,0040,2020_block_count_centroids
KANABEC - 0045,10A,10A,1.0000000000,7,7,065,0045,2020_block_count_centroids
KANABEC - 0050,10A,10A,1.0000000000,41,41,065,0050,2020_block_count_centroids
KANABEC - 0055,10B,10B,1.0000000000,59,59,065,0055,2020_block_count_centroids
KANABEC - 0060,11B,11B,1.0000000000,54,54,065,0060,2020_block_count_centroids
KANABEC - 0065,11B,11B,1.0000000000,18,18,065,0065,2020_block_count_centroids
KANABEC - 0070,11B,11B,1.0000000000,86,86,065,0070,2020_block_count_centroids
KANABEC - 0075,11B,11B,1.0000000000,20,20,065,0075,2020_block_count_centroids
KANABEC - 0080,10B,10B,1.0000000000,30,30,065,0080,2020_block_count_centroids
KANABEC - 0085,10A,10A,0.9615384615,50,52,065,0085,2020_block_count_centroids
KANABEC - 0085,11B,11B,0.0384615385,2,52,065,0085,2020_block_count_centroids
KANABEC - 0090,11B,11B,1.0000000000,26,26,065,0090,2020_block_count_centroids
KANABEC - 0095,11B,11B,1.0000000000,13,13,065,0095,2020_block_count_centroids
KANABEC - 0100,10B,10B,1.0000000000,66,66,065,0100,2020_block_count_centroids
KANABEC - 0105,11B,11B,1.0000000000,39,39,065,0105,2020_block_count_centroids
KANDIYOHI - 0005,16B,16B,1.0000000000,51,51,067,0005,2020_block_count_centroids
KANDIYOHI - 0010,16B,16B,1.0000000000,66,66,067,0010,2020_block_count_centroids
KANDIYOHI - 0015,16B,16B,1.0000000000,14,14,067,0015,2020_block_count_centroids
KANDIYOHI - 0020,16B,16B,1.0000000000,56,56,067,0020,2020_block_count_centroids
KANDIYOHI - 0025,16B,16B,1.0000000000,70,70,067,0025,2020_block_count_centroids
KANDIYOHI - 0030,16B,16B,1.0000000000,68,68,067,0030,2020_block_count_centroids
KANDIYOHI - 0035,16A,16A,1.0000000000,55,55,067,0035,2020_block_count_centroids
KANDIYOHI - 0040,16B,16B,1.0000000000,52,52,067,0040,2020_block_count_centroids
KANDIYOHI - 0045,16A,16A,1.0000000000,61,61,067,0045,2020_block_count_centroids
KANDIYOHI - 0050,16B,16B,1.0000000000,36,36,067,0050,2020_block_count_centroids
KANDIYOHI - 0055,16B,16B,1.0000000000,77,77,067,0055,2020_block_count_centroids
KANDIYOHI - 0060,16B,16B,1.0000000000,36,36,067,0060,2020_block_count_centroids
KANDIYOHI - 0065,16B,16B,1.0000000000,67,67,067,0065,2020_block_count_centroids
KANDIYOHI - 0070,16B,16B,1.0000000000,69,69,067,0070,2020_block_count_centroids
KANDIYOHI - 0075,16B,16B,1.0000000000,22,22,067,0075,2020_block_count_centroids
KANDIYOHI - 0080,16B,16B,1.0000000000,58,58,067,0080,2020_block_count_centroids
KANDIYOHI - 0085,16B,16B,1.0000000000,44,44,067,0085,2020_block_count_centroids
KANDIYOHI - 0090,16A,16A,1.0000000000,31,31,067,0090,2020_block_count_centroids
KANDIYOHI - 0095,16A,16A,1.0000000000,19,19,067,0095,2020_block_count_centroids
KANDIYOHI - 0100,16A,16A,1.0000000000,39,39,067,0100,2020_block_count_centroids
KANDIYOHI - 0105,16B,16B,1.0000000000,71,71,067,0105,2020_block_count_centroids
KANDIYOHI - 0110,16B,16B,1.0000000000,47,47,067,0110,2020_block_count_centroids
KANDIYOHI - 0115,16B,16B,1.0000000000,93,93,067,0115,2020_block_count_centroids
KANDIYOHI - 0120,16B,16B,1.0000000000,62,62,067,0120,2020_block_count_centroids
KANDIYOHI - 0125,16B,16B,1.0000000000,30,30,067,0125,2020_block_count_centroids
KANDIYOHI - 0130,16B,16B,1.0000000000,18,18,067,0130,2020_block_count_centroids
KANDIYOHI - 0135,16B,16B,1.0000000000,39,39,067,0135,2020_block_count_centroids
KANDIYOHI - 0140,16B,16B,1.0000000000,8,8,067,0140,2020_block_count_centroids
KANDIYOHI - 0145,16B,16B,1.0000000000,60,60,067,0145,2020_block_count_centroids
KANDIYOHI - 0150,16B,16B,1.0000000000,80,80,067,0150,2020_block_count_centroids
KANDIYOHI - 0155,16B,16B,1.0000000000,60,60,067,0155,2020_block_count_centroids
KANDIYOHI - 0160,16B,16B,1.0000000000,49,49,067,0160,2020_block_count_centroids
KANDIYOHI - 0165,16B,16B,1.0000000000,8,8,067,0165,2020_block_count_centroids
KANDIYOHI - 0170,16B,16B,1.0000000000,41,41,067,0170,2020_block_count_centroids
KANDIYOHI - 0175,16B,16B,1.0000000000,50,50,067,0175,2020_block_count_centroids
KANDIYOHI - 0180,16B,16B,1.0000000000,51,51,067,0180,2020_block_count_centroids
KANDIYOHI - 0185,16B,16B,1.0000000000,37,37,067,0185,2020_block_count_centroids
KANDIYOHI - 0186,16B,16B,1.0000000000,3,3,067,0186,2020_block_count_centroids
KANDIYOHI - 0190,16B,16B,1.0000000000,54,54,067,0190,2020_block_count_centroids
KANDIYOHI - 0195,16B,16B,1.0000000000,33,33,067,0195,2020_block_count_centroids
KANDIYOHI - 0200,16B,16B,1.0000000000,39,39,067,0200,2020_block_count_centroids
KANDIYOHI - 0205,16B,16B,1.0000000000,35,35,067,0205,2020_block_count_centroids
KANDIYOHI - 0210,16B,16B,1.0000000000,37,37,067,0210,2020_block_count_centroids
KANDIYOHI - 0215,16B,16B,1.0000000000,57,57,067,0215,2020_block_count_centroids
KANDIYOHI - 0220,16B,16B,1.0000000000,32,32,067,0220,2020_block_count_centroids
KANDIYOHI - 0225,16B,16B,1.0000000000,29,29,067,0225,2020_block_count_centroids
KANDIYOHI - 0230,16B,16B,1.0000000000,26,26,067,0230,2020_block_count_centroids
KANDIYOHI - 0235,16B,16B,1.0000000000,82,82,067,0235,2020_block_count_centroids
KITTSON - 0005,01A,01A,1.0000000000,25,25,069,0005,2020_block_count_centroids
KITTSON - 0010,01A,01A,1.0000000000,6,6,069,0010,2020_block_count_centroids
KITTSON - 0015,01A,01A,1.0000000000,26,26,069,0015,2020_block_count_centroids
KITTSON - 0020,01A,01A,1.0000000000,48,48,069,0020,2020_block_count_centroids
KITTSON - 0025,01A,01A,1.0000000000,37,37,069,0025,2020_block_count_centroids
KITTSON - 0030,01A,01A,1.0000000000,30,30,069,0030,2020_block_count_centroids
KITTSON - 0035,01A,01A,1.0000000000,13,13,069,0035,2020_block_count_centroids
KITTSON - 0036,01A,01A,1.0000000000,17,17,069,0036,2020_block_count_centroids
KITTSON - 0040,01A,01A,1.0000000000,36,36,069,0040,2020_block_count_centroids
KITTSON - 0045,01A,01A,1.0000000000,105,105,069,0045,2020_block_count_centroids
KITTSON - 0050,01A,01A,1.0000000000,38,38,069,0050,2020_block_count_centroids
KITTSON - 0055,01A,01A,1.0000000000,16,16,069,0055,2020_block_count_centroids
KITTSON - 0060,01A,01A,1.0000000000,38,38,069,0060,2020_block_count_centroids
KITTSON - 0065,01A,01A,1.0000000000,56,56,069,0065,2020_block_count_centroids
KITTSON - 0070,01A,01A,1.0000000000,32,32,069,0070,2020_block_count_centroids
KITTSON - 0075,01A,01A,1.0000000000,12,12,069,0075,2020_block_count_centroids
KITTSON - 0080,01A,01A,1.0000000000,33,33,069,0080,2020_block_count_centroids
KITTSON - 0085,01A,01A,1.0000000000,41,41,069,0085,2020_block_count_centroids
KITTSON - 0090,01A,01A,1.0000000000,28,28,069,0090,2020_block_count_centroids
KITTSON - 0095,01A,01A,1.0000000000,27,27,069,0095,2020_block_count_centroids
KITTSON - 0100,01A,01A,1.0000000000,29,29,069,0100,2020_block_count_centroids
KITTSON - 0105,01A,01A,1.0000000000,7,7,069,0105,2020_block_count_centroids
KITTSON - 0110,01A,01A,1.0000000000,24,24,069,0110,2020_block_count_centroids
KITTSON - 0115,01A,01A,1.0000000000,26,26,069,0115,2020_block_count_centroids
KITTSON - 0120,01A,01A,1.0000000000,20,20,069,0120,2020_block_count_centroids
KITTSON - 0125,01A,01A,1.0000000000,21,21,069,0125,2020_block_count_centroids
KITTSON - 0130,01A,01A,1.0000000000,30,30,069,0130,2020_block_count_centroids
KITTSON - 0135,01A,01A,1.0000000000,36,36,069,0135,2020_block_count_centroids
KITTSON - 0140,01A,01A,1.0000000000,20,20,069,0140,2020_block_count_centroids
KITTSON - 0145,01A,01A,1.0000000000,30,30,069,0145,2020_block_count_centroids
KITTSON - 0150,01A,01A,1.0000000000,66,66,069,0150,2020_block_count_centroids
KITTSON - 0155,01A,01A,1.0000000000,35,35,069,0155,2020_block_count_centroids
KITTSON - 0160,01A,01A,1.0000000000,17,17,069,0160,2020_block_count_centroids
KITTSON - 0165,01A,01A,1.0000000000,35,35,069,0165,2020_block_count_centroids
KITTSON - 0170,01A,01A,1.0000000000,35,35,069,0170,2020_block_count_centroids
KITTSON - 0175,01A,01A,1.0000000000,37,37,069,0175,2020_block_count_centroids
KITTSON - 0180,01A,01A,1.0000000000,33,33,069,0180,2020_block_count_centroids
KITTSON - 0185,01A,01A,1.0000000000,46,46,069,0185,2020_block_count_centroids
KOOCHICHING - 0005,03A,03A,1.0000000000,39,39,071,0005,2020_block_count_centroids
KOOCHICHING - 0010,03A,03A,1.0000000000,13,13,071,0010,2020_block_count_centroids
KOOCHICHING - 0015,03A,03A,1.0000000000,34,34,071,0015,2020_block_count_centroids
KOOCHICHING - 0020,03A,03A,1.0000000000,109,109,071,0020,2020_block_count_centroids
KOOCHICHING - 0025,03A,03A,1.0000000000,34,34,071,0025,2020_block_count_centroids
KOOCHICHING - 0026,03A,03A,1.0000000000,111,111,071,0026,2020_block_count_centroids
KOOCHICHING - 0030,03A,03A,1.0000000000,25,25,071,0030,2020_block_count_centroids
KOOCHICHING - 0035,03A,03A,1.0000000000,22,22,071,0035,2020_block_count_centroids
KOOCHICHING - 0040,03A,03A,1.0000000000,19,19,071,0040,2020_block_count_centroids
KOOCHICHING - 0045,03A,03A,1.0000000000,11,11,071,0045,2020_block_count_centroids
KOOCHICHING - 0050,03A,03A,1.0000000000,150,150,071,0050,2020_block_count_centroids
KOOCHICHING - 0055,03A,03A,1.0000000000,131,131,071,0055,2020_block_count_centroids
KOOCHICHING - 0060,03A,03A,1.0000000000,69,69,071,0060,2020_block_count_centroids
KOOCHICHING - 0070,03A,03A,1.0000000000,33,33,071,0070,2020_block_count_centroids
KOOCHICHING - 0075,03A,03A,1.0000000000,50,50,071,0075,2020_block_count_centroids
KOOCHICHING - 0080,03A,03A,1.0000000000,51,51,071,0080,2020_block_count_centroids
KOOCHICHING - 0081,03A,03A,1.0000000000,42,42,071,0081,2020_block_count_centroids
KOOCHICHING - 0082,03A,03A,1.0000000000,16,16,071,0082,2020_block_count_centroids
KOOCHICHING - 0083,03A,03A,1.0000000000,29,29,071,0083,2020_block_count_centroids
KOOCHICHING - 0085,03A,03A,1.0000000000,17,17,071,0085,2020_block_count_centroids
KOOCHICHING - 0090,03A,03A,1.0000000000,51,51,071,0090,2020_block_count_centroids
KOOCHICHING - 0095,03A,03A,1.0000000000,19,19,071,0095,2020_block_count_centroids
KOOCHICHING - 0100,03A,03A,1.0000000000,15,15,071,0100,2020_block_count_centroids
KOOCHICHING - 0105,03A,03A,1.0000000000,37,37,071,0105,2020_block_count_centroids
KOOCHICHING - 0110,03A,03A,1.0000000000,44,44,071,0110,2020_block_count_centroids
KOOCHICHING - 0115,03A,03A,1.0000000000,22,22,071,0115,2020_block_count_centroids
KOOCHICHING - 0120,03A,03A,1.0000000000,14,14,071,0120,2020_block_count_centroids
KOOCHICHING - 0125,03A,03A,1.0000000000,64,64,071,0125,2020_block_count_centroids
KOOCHICHING - 0130,03A,03A,1.0000000000,19,19,071,0130,2020_block_count_centroids
KOOCHICHING - 0140,03A,03A,1.0000000000,31,31,071,0140,2020_block_count_centroids
KOOCHICHING - 0145,03A,03A,1.0000000000,34,34,071,0145,2020_block_count_centroids
KOOCHICHING - 0155,03A,03A,1.0000000000,15,15,071,0155,2020_block_count_centroids
KOOCHICHING - 0156,03A,03A,1.0000000000,149,149,071,0156,2020_block_count_centroids
KOOCHICHING - 0160,03A,03A,1.0000000000,33,33,071,0160,2020_block_count_centroids
KOOCHICHING - 0165,03A,03A,1.0000000000,44,44,071,0165,2020_block_count_centroids
KOOCHICHING - 0170,03A,03A,1.0000000000,31,31,071,0170,2020_block_count_centroids
LAC QUI PARLE - 0005,15A,15A,1.0000000000,42,42,073,0005,2020_block_count_centroids
LAC QUI PARLE - 0010,15A,15A,1.0000000000,37,37,073,0010,2020_block_count_centroids
LAC QUI PARLE - 0015,15A,15A,1.0000000000,37,37,073,0015,2020_block_count_centroids
LAC QUI PARLE - 0020,15A,15A,1.0000000000,61,61,073,0020,2020_block_count_centroids
LAC QUI PARLE - 0025,15A,15A,1.0000000000,24,24,073,0025,2020_block_count_centroids
LAC QUI PARLE - 0030,15A,15A,1.0000000000,26,26,073,0030,2020_block_count_centroids
LAC QUI PARLE - 0035,15A,15A,1.0000000000,48,48,073,0035,2020_block_count_centroids
LAC QUI PARLE - 0040,15A,15A,1.0000000000,50,50,073,0040,2020_block_count_centroids
LAC QUI PARLE - 0045,15A,15A,1.0000000000,70,70,073,0045,2020_block_count_centroids
LAC QUI PARLE - 0050,15A,15A,1.0000000000,42,42,073,0050,2020_block_count_centroids
LAC QUI PARLE - 0055,15A,15A,1.0000000000,19,19,073,0055,2020_block_count_centroids
LAC QUI PARLE - 0060,15A,15A,1.0000000000,62,62,073,0060,2020_block_count_centroids
LAC QUI PARLE - 0065,15A,15A,1.0000000000,37,37,073,0065,2020_block_count_centroids
LAC QUI PARLE - 0070,15A,15A,1.0000000000,34,34,073,0070,2020_block_count_centroids
LAC QUI PARLE - 0075,15A,15A,1.0000000000,37,37,073,0075,2020_block_count_centroids
LAC QUI PARLE - 0080,15A,15A,1.0000000000,45,45,073,0080,2020_block_count_centroids
LAC QUI PARLE - 0085,15A,15A,1.0000000000,67,67,073,0085,2020_block_count_centroids
LAC QUI PARLE - 0090,15A,15A,1.0000000000,9,9,073,0090,2020_block_count_centroids
LAC QUI PARLE - 0095,15A,15A,1.0000000000,76,76,073,0095,2020_block_count_centroids
LAC QUI PARLE - 0100,15A,15A,1.0000000000,38,38,073,0100,2020_block_count_centroids
LAC QUI PARLE - 0105,15A,15A,1.0000000000,48,48,073,0105,2020_block_count_centroids
LAC QUI PARLE - 0110,15A,15A,1.0000000000,31,31,073,0110,2020_block_count_centroids
LAC QUI PARLE - 0115,15A,15A,1.0000000000,48,48,073,0115,2020_block_count_centroids
LAC QUI PARLE - 0120,15A,15A,1.0000000000,30,30,073,0120,2020_block_count_centroids
LAC QUI PARLE - 0125,15A,15A,1.0000000000,45,45,073,0125,2020_block_count_centroids
LAC QUI PARLE - 0130,15A,15A,1.0000000000,39,39,073,0130,2020_block_count_centroids
LAC QUI PARLE - 0135,15A,15A,1.0000000000,10,10,073,0135,2020_block_count_centroids
LAC QUI PARLE - 0140,15A,15A,1.0000000000,47,47,073,0140,2020_block_count_centroids
LAC QUI PARLE - 0145,15A,15A,1.0000000000,62,62,073,0145,2020_block_count_centroids
LAC QUI PARLE - 0150,15A,15A,1.0000000000,44,44,073,0150,2020_block_count_centroids
LAC QUI PARLE - 0155,15A,15A,1.0000000000,52,52,073,0155,2020_block_count_centroids
LAC QUI PARLE - 0160,15A,15A,1.0000000000,47,47,073,0160,2020_block_count_centroids
LAC QUI PARLE - 0165,15A,15A,1.0000000000,43,43,073,0165,2020_block_count_centroids
LAKE - 0005,03A,03A,1.0000000000,11,11,075,0005,2020_block_count_centroids
LAKE - 0010,03A,03A,1.0000000000,87,87,075,0010,2020_block_count_centroids
LAKE - 0020,03A,03A,1.0000000000,21,21,075,0020,2020_block_count_centroids
LAKE - 0025,03A,03A,1.0000000000,129,129,075,0025,2020_block_count_centroids
LAKE - 0035,03A,03A,1.0000000000,201,201,075,0035,2020_block_count_centroids
LAKE - 0040,03A,03A,1.0000000000,23,23,075,0040,2020_block_count_centroids
LAKE - 0050,03A,03A,1.0000000000,41,41,075,0050,2020_block_count_centroids
LAKE - 0060,03A,03A,0.9534883721,164,172,075,0060,2020_block_count_centroids
LAKE - 0060,03B,03B,0.0465116279,8,172,075,0060,2020_block_count_centroids
LAKE - 0065,03A,03A,1.0000000000,246,246,075,0065,2020_block_count_centroids
LAKE - 0070,03B,03B,1.0000000000,41,41,075,0070,2020_block_count_centroids
LAKE - 0080,03B,03B,1.0000000000,63,63,075,0080,2020_block_count_centroids
LAKE - 0090,03A,03A,0.0384615385,2,52,075,0090,2020_block_count_centroids
LAKE - 0090,03B,03B,0.9615384615,50,52,075,0090,2020_block_count_centroids
LAKE - 0105,03B,03B,1.0000000000,56,56,075,0105,2020_block_count_centroids
LAKE - 0110,03A,03A,1.0000000000,113,113,075,0110,2020_block_count_centroids
LAKE - 0115,03B,03B,1.0000000000,29,29,075,0115,2020_block_count_centroids
LAKE - 0120,03B,03B,1.0000000000,33,33,075,0120,2020_block_count_centroids
LAKE - 0125,03A,03A,0.4533333333,34,75,075,0125,2020_block_count_centroids
LAKE - 0125,03B,03B,0.5466666667,41,75,075,0125,2020_block_count_centroids
LAKE - 0130,03A,03A,1.0000000000,73,73,075,0130,2020_block_count_centroids
LAKE OF THE WOODS - 0005,02A,02A,1.0000000000,16,16,077,0005,2020_block_count_centroids
LAKE OF THE WOODS - 0010,02A,02A,1.0000000000,43,43,077,0010,2020_block_count_centroids
LAKE OF THE WOODS - 0015,02A,02A,1.0000000000,38,38,077,0015,2020_block_count_centroids
LAKE OF THE WOODS - 0017,02A,02A,1.0000000000,15,15,077,0017,2020_block_count_centroids
LAKE OF THE WOODS - 0020,02A,02A,1.0000000000,39,39,077,0020,2020_block_count_centroids
LAKE OF THE WOODS - 0021,02A,02A,1.0000000000,36,36,077,0021,2020_block_count_centroids
LAKE OF THE WOODS - 0022,02A,02A,1.0000000000,36,36,077,0022,2020_block_count_centroids
LAKE OF THE WOODS - 0023,02A,02A,1.0000000000,15,15,077,0023,2020_block_count_centroids
LAKE OF THE WOODS - 0024,02A,02A,1.0000000000,30,30,077,0024,2020_block_count_centroids
LAKE OF THE WOODS - 0025,02A,02A,1.0000000000,23,23,077,0025,2020_block_count_centroids
LAKE OF THE WOODS - 0030,02A,02A,1.0000000000,22,22,077,0030,2020_block_count_centroids
LAKE OF THE WOODS - 0031,02A,02A,1.0000000000,20,20,077,0031,2020_block_count_centroids
LAKE OF THE WOODS - 0032,02A,02A,1.0000000000,46,46,077,0032,2020_block_count_centroids
LAKE OF THE WOODS - 0033,02A,02A,1.0000000000,45,45,077,0033,2020_block_count_centroids
LAKE OF THE WOODS - 0034,02A,02A,1.0000000000,48,48,077,0034,2020_block_count_centroids
LAKE OF THE WOODS - 0035,02A,02A,1.0000000000,275,275,077,0035,2020_block_count_centroids
LAKE OF THE WOODS - 0036,02A,02A,1.0000000000,15,15,077,0036,2020_block_count_centroids
LAKE OF THE WOODS - 0038,02A,02A,1.0000000000,37,37,077,0038,2020_block_count_centroids
LAKE OF THE WOODS - 0040,02A,02A,1.0000000000,41,41,077,0040,2020_block_count_centroids
LAKE OF THE WOODS - 0043,02A,02A,1.0000000000,37,37,077,0043,2020_block_count_centroids
LAKE OF THE WOODS - 0045,02A,02A,1.0000000000,25,25,077,0045,2020_block_count_centroids
LAKE OF THE WOODS - 0048,02A,02A,1.0000000000,33,33,077,0048,2020_block_count_centroids
LAKE OF THE WOODS - 0050,02A,02A,1.0000000000,13,13,077,0050,2020_block_count_centroids
LAKE OF THE WOODS - 0053,02A,02A,1.0000000000,17,17,077,0053,2020_block_count_centroids
LAKE OF THE WOODS - 0054,02A,02A,1.0000000000,6,6,077,0054,2020_block_count_centroids
LAKE OF THE WOODS - 0055,02A,02A,1.0000000000,22,22,077,0055,2020_block_count_centroids
LAKE OF THE WOODS - 0060,02A,02A,1.0000000000,27,27,077,0060,2020_block_count_centroids
LAKE OF THE WOODS - 0065,02A,02A,1.0000000000,2,2,077,0065,2020_block_count_centroids
LAKE OF THE WOODS - 0070,02A,02A,1.0000000000,102,102,077,0070,2020_block_count_centroids
LE SUEUR - 0005,22B,22B,1.0000000000,32,32,079,0005,2020_block_count_centroids
LE SUEUR - 0010,22B,22B,1.0000000000,70,70,079,0010,2020_block_count_centroids
LE SUEUR - 0015,22B,22B,1.0000000000,63,63,079,0015,2020_block_count_centroids
LE SUEUR - 0020,22B,22B,1.0000000000,50,50,079,0020,2020_block_count_centroids
LE SUEUR - 0025,22B,22B,1.0000000000,33,33,079,0025,2020_block_count_centroids
LE SUEUR - 0030,22B,22B,1.0000000000,68,68,079,0030,2020_block_count_centroids
LE SUEUR - 0035,22B,22B,1.0000000000,4,4,079,0035,2020_block_count_centroids
LE SUEUR - 0040,18A,18A,0.9677419355,30,31,079,0040,2020_block_count_centroids
LE SUEUR - 0040,22B,22B,0.0322580645,1,31,079,0040,2020_block_count_centroids
LE SUEUR - 0045,18A,18A,0.3370786517,30,89,079,0045,2020_block_count_centroids
LE SUEUR - 0045,22B,22B,0.6629213483,59,89,079,0045,2020_block_count_centroids
LE SUEUR - 0050,22B,22B,1.0000000000,18,18,079,0050,2020_block_count_centroids
LE SUEUR - 0055,22B,22B,1.0000000000,64,64,079,0055,2020_block_count_centroids
LE SUEUR - 0060,22B,22B,1.0000000000,98,98,079,0060,2020_block_count_centroids
LE SUEUR - 0065,22B,22B,1.0000000000,25,25,079,0065,2020_block_count_centroids
LE SUEUR - 0070,22B,22B,1.0000000000,38,38,079,0070,2020_block_count_centroids
LE SUEUR - 0075,17B,17B,0.0181818182,1,55,079,0075,2020_block_count_centroids
LE SUEUR - 0075,22B,22B,0.9818181818,54,55,079,0075,2020_block_count_centroids
LE SUEUR - 0080,17B,17B,0.0506329114,4,79,079,0080,2020_block_count_centroids
LE SUEUR - 0080,22B,22B,0.9493670886,75,79,079,0080,2020_block_count_centroids
LE SUEUR - 0085,22B,22B,1.0000000000,48,48,079,0085,2020_block_count_centroids
LE SUEUR - 0090,22B,22B,1.0000000000,40,40,079,0090,2020_block_count_centroids
LE SUEUR - 0095,22B,22B,1.0000000000,48,48,079,0095,2020_block_count_centroids
LE SUEUR - 0100,22B,22B,1.0000000000,52,52,079,0100,2020_block_count_centroids
LE SUEUR - 0105,22B,22B,1.0000000000,47,47,079,0105,2020_block_count_centroids
LE SUEUR - 0110,22B,22B,1.0000000000,41,41,079,0110,2020_block_count_centroids
LE SUEUR - 0115,22B,22B,1.0000000000,75,75,079,0115,2020_block_count_centroids
LE SUEUR - 0120,22B,22B,1.0000000000,68,68,079,0120,2020_block_count_centroids
LE SUEUR - 0125,22B,22B,1.0000000000,28,28,079,0125,2020_block_count_centroids
LE SUEUR - 0130,22B,22B,1.0000000000,32,32,079,0130,2020_block_count_centroids
LE SUEUR - 0135,22B,22B,1.0000000000,45,45,079,0135,2020_block_count_centroids
LE SUEUR - 0140,22B,22B,1.0000000000,45,45,079,0140,2020_block_count_centroids
LINCOLN - 0005,21A,21A,1.0000000000,46,46,081,0005,2020_block_count_centroids
LINCOLN - 0010,21A,21A,1.0000000000,27,27,081,0010,2020_block_count_centroids
LINCOLN - 0015,21A,21A,1.0000000000,46,46,081,0015,2020_block_count_centroids
LINCOLN - 0020,21A,21A,1.0000000000,40,40,081,0020,2020_block_count_centroids
LINCOLN - 0025,21A,21A,1.0000000000,40,40,081,0025,2020_block_count_centroids
LINCOLN - 0030,21A,21A,1.0000000000,41,41,081,0030,2020_block_count_centroids
LINCOLN - 0035,21A,21A,1.0000000000,52,52,081,0035,2020_block_count_centroids
LINCOLN - 0040,21A,21A,1.0000000000,49,49,081,0040,2020_block_count_centroids
LINCOLN - 0045,21A,21A,1.0000000000,54,54,081,0045,2020_block_count_centroids
LINCOLN - 0050,21A,21A,1.0000000000,48,48,081,0050,2020_block_count_centroids
LINCOLN - 0055,21A,21A,1.0000000000,44,44,081,0055,2020_block_count_centroids
LINCOLN - 0060,21A,21A,1.0000000000,51,51,081,0060,2020_block_count_centroids
LINCOLN - 0065,21A,21A,1.0000000000,44,44,081,0065,2020_block_count_centroids
LINCOLN - 0070,21A,21A,1.0000000000,41,41,081,0070,2020_block_count_centroids
LINCOLN - 0075,21A,21A,1.0000000000,59,59,081,0075,2020_block_count_centroids
LINCOLN - 0080,21A,21A,1.0000000000,35,35,081,0080,2020_block_count_centroids
LINCOLN - 0085,21A,21A,1.0000000000,49,49,081,0085,2020_block_count_centroids
LINCOLN - 0090,21A,21A,1.0000000000,42,42,081,0090,2020_block_count_centroids
LINCOLN - 0095,21A,21A,1.0000000000,60,60,081,0095,2020_block_count_centroids
LINCOLN - 0100,21A,21A,1.0000000000,54,54,081,0100,2020_block_count_centroids
LYON - 0005,15A,15A,1.0000000000,60,60,083,0005,2020_block_count_centroids
LYON - 0010,15A,15A,1.0000000000,47,47,083,0010,2020_block_count_centroids
LYON - 0015,15A,15A,1.0000000000,59,59,083,0015,2020_block_count_centroids
LYON - 0020,15A,15A,1.0000000000,45,45,083,0020,2020_block_count_centroids
LYON - 0025,15A,15A,1.0000000000,41,41,083,0025,2020_block_count_centroids
LYON - 0030,15A,15A,1.0000000000,45,45,083,0030,2020_block_count_centroids
LYON - 0035,15A,15A,1.0000000000,48,48,083,0035,2020_block_count_centroids
LYON - 0040,15A,15A,1.0000000000,75,75,083,0040,2020_block_count_centroids
LYON - 0045,15A,15A,1.0000000000,14,14,083,0045,2020_block_count_centroids
LYON - 0050,15A,15A,1.0000000000,19,19,083,0050,2020_block_count_centroids
LYON - 0055,15A,15A,1.0000000000,21,21,083,0055,2020_block_count_centroids
LYON - 0060,15A,15A,1.0000000000,71,71,083,0060,2020_block_count_centroids
LYON - 0065,15A,15A,1.0000000000,37,37,083,0065,2020_block_count_centroids
LYON - 0070,15A,15A,1.0000000000,68,68,083,0070,2020_block_count_centroids
LYON - 0075,15A,15A,1.0000000000,57,57,083,0075,2020_block_count_centroids
LYON - 0080,15A,15A,1.0000000000,20,20,083,0080,2020_block_count_centroids
LYON - 0085,15A,15A,1.0000000000,70,70,083,0085,2020_block_count_centroids
LYON - 0090,15A,15A,1.0000000000,51,51,083,0090,2020_block_count_centroids
LYON - 0095,15A,15A,1.0000000000,60,60,083,0095,2020_block_count_centroids
LYON - 0105,15A,15A,1.0000000000,91,91,083,0105,2020_block_count_centroids
LYON - 0115,15A,15A,1.0000000000,129,129,083,0115,2020_block_count_centroids
LYON - 0125,15A,15A,1.0000000000,58,58,083,0125,2020_block_count_centroids
LYON - 0130,15A,15A,1.0000000000,42,42,083,0130,2020_block_count_centroids
LYON - 0135,15A,15A,1.0000000000,33,33,083,0135,2020_block_count_centroids
LYON - 0140,15A,15A,1.0000000000,50,50,083,0140,2020_block_count_centroids
LYON - 0145,15A,15A,1.0000000000,27,27,083,0145,2020_block_count_centroids
LYON - 0150,15A,15A,1.0000000000,60,60,083,0150,2020_block_count_centroids
LYON - 0155,15A,15A,1.0000000000,43,43,083,0155,2020_block_count_centroids
LYON - 0160,15A,15A,1.0000000000,46,46,083,0160,2020_block_count_centroids
LYON - 0165,15A,15A,1.0000000000,17,17,083,0165,2020_block_count_centroids
LYON - 0170,15A,15A,1.0000000000,101,101,083,0170,2020_block_count_centroids
LYON - 0180,15A,15A,1.0000000000,48,48,083,0180,2020_block_count_centroids
LYON - 0185,15A,15A,1.0000000000,47,47,083,0185,2020_block_count_centroids
MAHNOMEN - 0005,02B,02B,1.0000000000,32,32,087,0005,2020_block_count_centroids
MAHNOMEN - 0010,02B,02B,1.0000000000,15,15,087,0010,2020_block_count_centroids
MAHNOMEN - 0015,02B,02B,1.0000000000,29,29,087,0015,2020_block_count_centroids
MAHNOMEN - 0020,02B,02B,1.0000000000,21,21,087,0020,2020_block_count_centroids
MAHNOMEN - 0025,02B,02B,1.0000000000,28,28,087,0025,2020_block_count_centroids
MAHNOMEN - 0030,02B,02B,1.0000000000,20,20,087,0030,2020_block_count_centroids
MAHNOMEN - 0035,02B,02B,1.0000000000,25,25,087,0035,2020_block_count_centroids
MAHNOMEN - 0040,02B,02B,1.0000000000,30,30,087,0040,2020_block_count_centroids
MAHNOMEN - 0045,02B,02B,1.0000000000,27,27,087,0045,2020_block_count_centroids
MAHNOMEN - 0050,02B,02B,1.0000000000,21,21,087,0050,2020_block_count_centroids
MAHNOMEN - 0055,02B,02B,1.0000000000,64,64,087,0055,2020_block_count_centroids
MAHNOMEN - 0060,02B,02B,1.0000000000,27,27,087,0060,2020_block_count_centroids
MAHNOMEN - 0065,02B,02B,1.0000000000,30,30,087,0065,2020_block_count_centroids
MAHNOMEN - 0070,02B,02B,1.0000000000,61,61,087,0070,2020_block_count_centroids
MAHNOMEN - 0075,02B,02B,1.0000000000,29,29,087,0075,2020_block_count_centroids
MAHNOMEN - 0080,02B,02B,1.0000000000,21,21,087,0080,2020_block_count_centroids
MAHNOMEN - 0085,02B,02B,1.0000000000,47,47,087,0085,2020_block_count_centroids
MAHNOMEN - 0090,02B,02B,1.0000000000,40,40,087,0090,2020_block_count_centroids
MAHNOMEN - 0095,02B,02B,1.0000000000,28,28,087,0095,2020_block_count_centroids
MARSHALL - 0005,01A,01A,1.0000000000,27,27,089,0005,2020_block_count_centroids
MARSHALL - 0010,01A,01A,1.0000000000,35,35,089,0010,2020_block_count_centroids
MARSHALL - 0015,01A,01A,1.0000000000,24,24,089,0015,2020_block_count_centroids
MARSHALL - 0020,01A,01A,1.0000000000,59,59,089,0020,2020_block_count_centroids
MARSHALL - 0025,01A,01A,1.0000000000,31,31,089,0025,2020_block_count_centroids
MARSHALL - 0030,01A,01A,1.0000000000,45,45,089,0030,2020_block_count_centroids
MARSHALL - 0035,01A,01A,1.0000000000,39,39,089,0035,2020_block_count_centroids
MARSHALL - 0040,01A,01A,1.0000000000,19,19,089,0040,2020_block_count_centroids
MARSHALL - 0045,01A,01A,1.0000000000,29,29,089,0045,2020_block_count_centroids
MARSHALL - 0050,01A,01A,1.0000000000,13,13,089,0050,2020_block_count_centroids
MARSHALL - 0055,01A,01A,1.0000000000,57,57,089,0055,2020_block_count_centroids
MARSHALL - 0060,01A,01A,1.0000000000,34,34,089,0060,2020_block_count_centroids
MARSHALL - 0065,01A,01A,1.0000000000,22,22,089,0065,2020_block_count_centroids
MARSHALL - 0070,01A,01A,1.0000000000,21,21,089,0070,2020_block_count_centroids
MARSHALL - 0075,01A,01A,1.0000000000,30,30,089,0075,2020_block_count_centroids
MARSHALL - 0080,01A,01A,1.0000000000,26,26,089,0080,2020_block_count_centroids
MARSHALL - 0085,01A,01A,1.0000000000,35,35,089,0085,2020_block_count_centroids
MARSHALL - 0090,01A,01A,1.0000000000,69,69,089,0090,2020_block_count_centroids
MARSHALL - 0095,01A,01A,1.0000000000,55,55,089,0095,2020_block_count_centroids
MARSHALL - 0100,01A,01A,1.0000000000,38,38,089,0100,2020_block_count_centroids
MARSHALL - 0105,01A,01A,1.0000000000,37,37,089,0105,2020_block_count_centroids
MARSHALL - 0110,01A,01A,1.0000000000,19,19,089,0110,2020_block_count_centroids
MARSHALL - 0115,01A,01A,1.0000000000,10,10,089,0115,2020_block_count_centroids
MARSHALL - 0120,01A,01A,1.0000000000,42,42,089,0120,2020_block_count_centroids
MARSHALL - 0125,01A,01A,1.0000000000,19,19,089,0125,2020_block_count_centroids
MARSHALL - 0130,01A,01A,1.0000000000,43,43,089,0130,2020_block_count_centroids
MARSHALL - 0135,01A,01A,1.0000000000,19,19,089,0135,2020_block_count_centroids
MARSHALL - 0140,01A,01A,1.0000000000,57,57,089,0140,2020_block_count_centroids
MARSHALL - 0145,01A,01A,1.0000000000,30,30,089,0145,2020_block_count_centroids
MARSHALL - 0150,01A,01A,1.0000000000,30,30,089,0150,2020_block_count_centroids
MARSHALL - 0155,01A,01A,1.0000000000,44,44,089,0155,2020_block_count_centroids
MARSHALL - 0160,01A,01A,1.0000000000,31,31,089,0160,2020_block_count_centroids
MARSHALL - 0165,01A,01A,1.0000000000,50,50,089,0165,2020_block_count_centroids
MARSHALL - 0166,01A,01A,1.0000000000,22,22,089,0166,2020_block_count_centroids
MARSHALL - 0170,01A,01A,1.0000000000,33,33,089,0170,2020_block_count_centroids
MARSHALL - 0175,01A,01A,1.0000000000,30,30,089,0175,2020_block_count_centroids
MARSHALL - 0180,01A,01A,1.0000000000,50,50,089,0180,2020_block_count_centroids
MARSHALL - 0185,01A,01A,1.0000000000,39,39,089,0185,2020_block_count_centroids
MARSHALL - 0190,01A,01A,1.0000000000,47,47,089,0190,2020_block_count_centroids
MARSHALL - 0195,01A,01A,1.0000000000,53,53,089,0195,2020_block_count_centroids
MARSHALL - 0200,01A,01A,1.0000000000,28,28,089,0200,2020_block_count_centroids
MARSHALL - 0205,01A,01A,1.0000000000,34,34,089,0205,2020_block_count_centroids
MARSHALL - 0210,01A,01A,1.0000000000,46,46,089,0210,2020_block_count_centroids
MARSHALL - 0215,01A,01A,1.0000000000,44,44,089,0215,2020_block_count_centroids
MARSHALL - 0220,01A,01A,1.0000000000,33,33,089,0220,2020_block_count_centroids
MARSHALL - 0225,01A,01A,1.0000000000,45,45,089,0225,2020_block_count_centroids
MARSHALL - 0230,01A,01A,1.0000000000,15,15,089,0230,2020_block_count_centroids
MARSHALL - 0235,01A,01A,1.0000000000,45,45,089,0235,2020_block_count_centroids
MARSHALL - 0240,01A,01A,1.0000000000,23,23,089,0240,2020_block_count_centroids
MARSHALL - 0245,01A,01A,1.0000000000,41,41,089,0245,2020_block_count_centroids
MARSHALL - 0250,01A,01A,1.0000000000,58,58,089,0250,2020_block_count_centroids
MARSHALL - 0255,01A,01A,1.0000000000,23,23,089,0255,2020_block_count_centroids
MARSHALL - 0260,01A,01A,1.0000000000,13,13,089,0260,2020_block_count_centroids
MARSHALL - 0265,01A,01A,1.0000000000,56,56,089,0265,2020_block_count_centroids
MARSHALL - 0270,01A,01A,1.0000000000,35,35,089,0270,2020_block_count_centroids
MARSHALL - 0275,01A,01A,1.0000000000,37,37,089,0275,2020_block_count_centroids
MARSHALL - 0280,01A,01A,1.0000000000,51,51,089,0280,2020_block_count_centroids
MARSHALL - 0285,01A,01A,1.0000000000,50,50,089,0285,2020_block_count_centroids
MARSHALL - 0290,01A,01A,1.0000000000,41,41,089,0290,2020_block_count_centroids
MARSHALL - 0295,01A,01A,1.0000000000,44,44,089,0295,2020_block_count_centroids
MARSHALL - 0300,01A,01A,1.0000000000,43,43,089,0300,2020_block_count_centroids
MARTIN - 0005,21B,21B,1.0000000000,79,79,091,0005,2020_block_count_centroids
MARTIN - 0010,22A,22A,1.0000000000,67,67,091,0010,2020_block_count_centroids
MARTIN - 0015,22A,22A,1.0000000000,34,34,091,0015,2020_block_count_centroids
MARTIN - 0020,22A,22A,1.0000000000,17,17,091,0020,2020_block_count_centroids
MARTIN - 0025,22A,22A,1.0000000000,49,49,091,0025,2020_block_count_centroids
MARTIN - 0030,21B,21B,1.0000000000,40,40,091,0030,2020_block_count_centroids
MARTIN - 0035,22A,22A,1.0000000000,13,13,091,0035,2020_block_count_centroids
MARTIN - 0040,22A,22A,1.0000000000,19,19,091,0040,2020_block_count_centroids
MARTIN - 0050,22A,22A,1.0000000000,33,33,091,0050,2020_block_count_centroids
MARTIN - 0055,22A,22A,1.0000000000,34,34,091,0055,2020_block_count_centroids
MARTIN - 0065,22A,22A,1.0000000000,52,52,091,0065,2020_block_count_centroids
MARTIN - 0070,22A,22A,1.0000000000,41,41,091,0070,2020_block_count_centroids
MARTIN - 0080,22A,22A,1.0000000000,55,55,091,0080,2020_block_count_centroids
MARTIN - 0085,22A,22A,1.0000000000,75,75,091,0085,2020_block_count_centroids
MARTIN - 0095,22A,22A,1.0000000000,50,50,091,0095,2020_block_count_centroids
MARTIN - 0100,21B,21B,1.0000000000,78,78,091,0100,2020_block_count_centroids
MARTIN - 0105,22A,22A,1.0000000000,77,77,091,0105,2020_block_count_centroids
MARTIN - 0110,21B,21B,1.0000000000,69,69,091,0110,2020_block_count_centroids
MARTIN - 0115,22A,22A,1.0000000000,18,18,091,0115,2020_block_count_centroids
MARTIN - 0120,22A,22A,1.0000000000,65,65,091,0120,2020_block_count_centroids
MARTIN - 0125,22A,22A,1.0000000000,46,46,091,0125,2020_block_count_centroids
MARTIN - 0130,22A,22A,1.0000000000,50,50,091,0130,2020_block_count_centroids
MARTIN - 0135,22A,22A,1.0000000000,61,61,091,0135,2020_block_count_centroids
MARTIN - 0140,22A,22A,1.0000000000,51,51,091,0140,2020_block_count_centroids
MARTIN - 0145,22A,22A,1.0000000000,15,15,091,0145,2020_block_count_centroids
MARTIN - 0150,21B,21B,1.0000000000,6,6,091,0150,2020_block_count_centroids
MARTIN - 0155,22A,22A,1.0000000000,61,61,091,0155,2020_block_count_centroids
MARTIN - 0160,22A,22A,1.0000000000,59,59,091,0160,2020_block_count_centroids
MARTIN - 0165,22A,22A,1.0000000000,95,95,091,0165,2020_block_count_centroids
MARTIN - 0170,22A,22A,1.0000000000,72,72,091,0170,2020_block_count_centroids
MARTIN - 0175,22A,22A,1.0000000000,46,46,091,0175,2020_block_count_centroids
MARTIN - 0180,22A,22A,1.0000000000,35,35,091,0180,2020_block_count_centroids
MARTIN - 0185,21B,21B,1.0000000000,53,53,091,0185,2020_block_count_centroids
MARTIN - 0195,22A,22A,1.0000000000,53,53,091,0195,2020_block_count_centroids
MARTIN - 0200,22A,22A,1.0000000000,46,46,091,0200,2020_block_count_centroids
MARTIN - 0205,22A,22A,1.0000000000,55,55,091,0205,2020_block_count_centroids
MARTIN - 0210,22A,22A,1.0000000000,46,46,091,0210,2020_block_count_centroids
MCLEOD - 0005,17A,17A,1.0000000000,52,52,085,0005,2020_block_count_centroids
MCLEOD - 0010,17B,17B,1.0000000000,104,104,085,0010,2020_block_count_centroids
MCLEOD - 0015,17A,17A,1.0000000000,11,11,085,0015,2020_block_count_centroids
MCLEOD - 0020,17A,17A,1.0000000000,49,49,085,0020,2020_block_count_centroids
MCLEOD - 0025,17A,17A,1.0000000000,62,62,085,0025,2020_block_count_centroids
MCLEOD - 0030,17A,17A,1.0000000000,72,72,085,0030,2020_block_count_centroids
MCLEOD - 0035,17A,17A,1.0000000000,47,47,085,0035,2020_block_count_centroids
MCLEOD - 0040,17A,17A,1.0000000000,48,48,085,0040,2020_block_count_centroids
MCLEOD - 0045,17A,17A,1.0000000000,54,54,085,0045,2020_block_count_centroids
MCLEOD - 0050,17A,17A,1.0000000000,49,49,085,0050,2020_block_count_centroids
MCLEOD - 0055,17A,17A,1.0000000000,49,49,085,0055,2020_block_count_centroids
MCLEOD - 0060,17A,17A,1.0000000000,108,108,085,0060,2020_block_count_centroids
MCLEOD - 0065,17A,17A,0.1343283582,9,67,085,0065,2020_block_count_centroids
MCLEOD - 0065,17B,17B,0.8656716418,58,67,085,0065,2020_block_count_centroids
MCLEOD - 0070,17A,17A,1.0000000000,119,119,085,0070,2020_block_count_centroids
MCLEOD - 0075,17A,17A,1.0000000000,105,105,085,0075,2020_block_count_centroids
MCLEOD - 0080,17A,17A,1.0000000000,103,103,085,0080,2020_block_count_centroids
MCLEOD - 0095,17A,17A,1.0000000000,68,68,085,0095,2020_block_count_centroids
MCLEOD - 0100,17B,17B,1.0000000000,38,38,085,0100,2020_block_count_centroids
MCLEOD - 0105,17A,17A,1.0000000000,54,54,085,0105,2020_block_count_centroids
MCLEOD - 0110,17A,17A,1.0000000000,57,57,085,0110,2020_block_count_centroids
MCLEOD - 0115,17B,17B,1.0000000000,20,20,085,0115,2020_block_count_centroids
MCLEOD - 0120,17A,17A,1.0000000000,61,61,085,0120,2020_block_count_centroids
MCLEOD - 0125,17A,17A,1.0000000000,48,48,085,0125,2020_block_count_centroids
MCLEOD - 0130,17A,17A,1.0000000000,42,42,085,0130,2020_block_count_centroids
MCLEOD - 0135,17A,17A,1.0000000000,41,41,085,0135,2020_block_count_centroids
MCLEOD - 0140,17A,17A,1.0000000000,60,60,085,0140,2020_block_count_centroids
MCLEOD - 0145,17B,17B,1.0000000000,55,55,085,0145,2020_block_count_centroids
MCLEOD - 0150,17B,17B,1.0000000000,71,71,085,0150,2020_block_count_centroids
MEEKER - 0005,16A,16A,1.0000000000,53,53,093,0005,2020_block_count_centroids
MEEKER - 0010,16A,16A,1.0000000000,6,6,093,0010,2020_block_count_centroids
MEEKER - 0015,16A,16A,1.0000000000,93,93,093,0015,2020_block_count_centroids
MEEKER - 0020,17A,17A,1.0000000000,67,67,093,0020,2020_block_count_centroids
MEEKER - 0025,16A,16A,1.0000000000,38,38,093,0025,2020_block_count_centroids
MEEKER - 0030,16A,16A,1.0000000000,48,48,093,0030,2020_block_count_centroids
MEEKER - 0035,16A,16A,1.0000000000,46,46,093,0035,2020_block_count_centroids
MEEKER - 0040,17A,17A,1.0000000000,20,20,093,0040,2020_block_count_centroids
MEEKER - 0045,16A,16A,0.0649350649,5,77,093,0045,2020_block_count_centroids
MEEKER - 0045,17A,17A,0.9350649351,72,77,093,0045,2020_block_count_centroids
MEEKER - 0050,17A,17A,1.0000000000,39,39,093,0050,2020_block_count_centroids
MEEKER - 0055,17A,17A,1.0000000000,85,85,093,0055,2020_block_count_centroids
MEEKER - 0060,16A,16A,1.0000000000,34,34,093,0060,2020_block_count_centroids
MEEKER - 0065,17A,17A,1.0000000000,80,80,093,0065,2020_block_count_centroids
MEEKER - 0070,17A,17A,1.0000000000,51,51,093,0070,2020_block_count_centroids
MEEKER - 0075,16A,16A,1.0000000000,94,94,093,0075,2020_block_count_centroids
MEEKER - 0080,16A,16A,1.0000000000,59,59,093,0080,2020_block_count_centroids
MEEKER - 0085,16A,16A,1.0000000000,46,46,093,0085,2020_block_count_centroids
MEEKER - 0090,16A,16A,1.0000000000,66,66,093,0090,2020_block_count_centroids
MEEKER - 0095,29A,29A,1.0000000000,9,9,093,0095,2020_block_count_centroids
MEEKER - 0100,29A,29A,1.0000000000,150,150,093,0100,2020_block_count_centroids
MEEKER - 0105,16A,16A,1.0000000000,47,47,093,0105,2020_block_count_centroids
MEEKER - 0110,16A,16A,1.0000000000,39,39,093,0110,2020_block_count_centroids
MEEKER - 0115,16A,16A,1.0000000000,37,37,093,0115,2020_block_count_centroids
MEEKER - 0120,16A,16A,1.0000000000,55,55,093,0120,2020_block_count_centroids
MEEKER - 0125,16A,16A,1.0000000000,50,50,093,0125,2020_block_count_centroids
MEEKER - 0130,16A,16A,1.0000000000,70,70,093,0130,2020_block_count_centroids
MEEKER - 0135,16A,16A,1.0000000000,114,114,093,0135,2020_block_count_centroids
MEEKER - 0140,16A,16A,1.0000000000,42,42,093,0140,2020_block_count_centroids
MEEKER - 0145,16A,16A,1.0000000000,99,99,093,0145,2020_block_count_centroids
MEEKER - 0150,16A,16A,1.0000000000,27,27,093,0150,2020_block_count_centroids
MILLE LACS - 0005,10B,10B,1.0000000000,11,11,095,0005,2020_block_count_centroids
MILLE LACS - 0010,10B,10B,1.0000000000,101,101,095,0010,2020_block_count_centroids
MILLE LACS - 0015,10B,10B,1.0000000000,72,72,095,0015,2020_block_count_centroids
MILLE LACS - 0020,10A,10A,1.0000000000,11,11,095,0020,2020_block_count_centroids
MILLE LACS - 0025,10B,10B,1.0000000000,29,29,095,0025,2020_block_count_centroids
MILLE LACS - 0030,10A,10A,1.0000000000,45,45,095,0030,2020_block_count_centroids
MILLE LACS - 0035,10B,10B,1.0000000000,26,26,095,0035,2020_block_count_centroids
MILLE LACS - 0040,27B,27B,1.0000000000,67,67,095,0040,2020_block_count_centroids
MILLE LACS - 0045,10B,10B,1.0000000000,31,31,095,0045,2020_block_count_centroids
MILLE LACS - 0050,10A,10A,1.0000000000,40,40,095,0050,2020_block_count_centroids
MILLE LACS - 0055,10A,10A,1.0000000000,53,53,095,0055,2020_block_count_centroids
MILLE LACS - 0060,10A,10A,1.0000000000,113,113,095,0060,2020_block_count_centroids
MILLE LACS - 0065,10A,10A,1.0000000000,19,19,095,0065,2020_block_count_centroids
MILLE LACS - 0070,10B,10B,1.0000000000,92,92,095,0070,2020_block_count_centroids
MILLE LACS - 0075,10B,10B,1.0000000000,67,67,095,0075,2020_block_count_centroids
MILLE LACS - 0080,10B,10B,1.0000000000,89,89,095,0080,2020_block_count_centroids
MILLE LACS - 0085,10A,10A,1.0000000000,18,18,095,0085,2020_block_count_centroids
MILLE LACS - 0090,10A,10A,1.0000000000,55,55,095,0090,2020_block_count_centroids
MILLE LACS - 0095,10A,10A,1.0000000000,55,55,095,0095,2020_block_count_centroids
MILLE LACS - 0100,10B,10B,1.0000000000,39,39,095,0100,2020_block_count_centroids
MILLE LACS - 0105,10B,10B,1.0000000000,8,8,095,0105,2020_block_count_centroids
MILLE LACS - 0110,27B,27B,1.0000000000,173,173,095,0110,2020_block_count_centroids
MILLE LACS - 0115,27B,27B,1.0000000000,117,117,095,0115,2020_block_count_centroids
MILLE LACS - 0120,10A,10A,1.0000000000,65,65,095,0120,2020_block_count_centroids
MILLE LACS - 0125,10A,10A,1.0000000000,16,16,095,0125,2020_block_count_centroids
MORRISON - 0005,10B,10B,1.0000000000,32,32,097,0005,2020_block_count_centroids
MORRISON - 0010,10A,10A,1.0000000000,106,106,097,0010,2020_block_count_centroids
MORRISON - 0015,10B,10B,1.0000000000,108,108,097,0015,2020_block_count_centroids
MORRISON - 0020,10B,10B,1.0000000000,22,22,097,0020,2020_block_count_centroids
MORRISON - 0025,10B,10B,1.0000000000,8,8,097,0025,2020_block_count_centroids
MORRISON - 0030,10B,10B,1.0000000000,105,105,097,0030,2020_block_count_centroids
MORRISON - 0035,10A,10A,1.0000000000,47,47,097,0035,2020_block_count_centroids
MORRISON - 0045,10A,10A,1.0000000000,45,45,097,0045,2020_block_count_centroids
MORRISON - 0050,10A,10A,1.0000000000,146,146,097,0050,2020_block_count_centroids
MORRISON - 0055,10A,10A,1.0000000000,62,62,097,0055,2020_block_count_centroids
MORRISON - 0060,10B,10B,1.0000000000,8,8,097,0060,2020_block_count_centroids
MORRISON - 0065,10B,10B,1.0000000000,69,69,097,0065,2020_block_count_centroids
MORRISON - 0070,10A,10A,1.0000000000,20,20,097,0070,2020_block_count_centroids
MORRISON - 0075,10B,10B,1.0000000000,7,7,097,0075,2020_block_count_centroids
MORRISON - 0080,10A,10A,1.0000000000,50,50,097,0080,2020_block_count_centroids
MORRISON - 0085,10A,10A,1.0000000000,108,108,097,0085,2020_block_count_centroids
MORRISON - 0090,10A,10A,1.0000000000,7,7,097,0090,2020_block_count_centroids
MORRISON - 0095,10A,10A,1.0000000000,8,8,097,0095,2020_block_count_centroids
MORRISON - 0100,10B,10B,1.0000000000,12,12,097,0100,2020_block_count_centroids
MORRISON - 0105,10B,10B,1.0000000000,39,39,097,0105,2020_block_count_centroids
MORRISON - 0110,10A,10A,1.0000000000,12,12,097,0110,2020_block_count_centroids
MORRISON - 0115,10A,10A,1.0000000000,15,15,097,0115,2020_block_count_centroids
MORRISON - 0120,10A,10A,1.0000000000,83,83,097,0120,2020_block_count_centroids
MORRISON - 0125,10A,10A,1.0000000000,127,127,097,0125,2020_block_count_centroids
MORRISON - 0130,10A,10A,1.0000000000,163,163,097,0130,2020_block_count_centroids
MORRISON - 0135,10A,10A,0.9827586207,114,116,097,0135,2020_block_count_centroids
MORRISON - 0135,10B,10B,0.0172413793,2,116,097,0135,2020_block_count_centroids
MORRISON - 0140,10B,10B,1.0000000000,40,40,097,0140,2020_block_count_centroids
MORRISON - 0145,05B,05B,1.0000000000,61,61,097,0145,2020_block_count_centroids
MORRISON - 0150,05B,05B,1.0000000000,29,29,097,0150,2020_block_count_centroids
MORRISON - 0155,10B,10B,1.0000000000,9,9,097,0155,2020_block_count_centroids
MORRISON - 0160,10A,10A,1.0000000000,37,37,097,0160,2020_block_count_centroids
MORRISON - 0165,10B,10B,1.0000000000,44,44,097,0165,2020_block_count_centroids
MORRISON - 0170,10B,10B,1.0000000000,54,54,097,0170,2020_block_count_centroids
MORRISON - 0175,10A,10A,1.0000000000,57,57,097,0175,2020_block_count_centroids
MORRISON - 0180,10A,10A,1.0000000000,21,21,097,0180,2020_block_count_centroids
MORRISON - 0185,10A,10A,1.0000000000,36,36,097,0185,2020_block_count_centroids
MORRISON - 0190,05B,05B,1.0000000000,49,49,097,0190,2020_block_count_centroids
MORRISON - 0195,10A,10A,1.0000000000,38,38,097,0195,2020_block_count_centroids
MORRISON - 0200,10A,10A,1.0000000000,43,43,097,0200,2020_block_count_centroids
MORRISON - 0205,10A,10A,1.0000000000,68,68,097,0205,2020_block_count_centroids
MORRISON - 0210,05B,05B,1.0000000000,35,35,097,0210,2020_block_count_centroids
MORRISON - 0215,10B,10B,1.0000000000,56,56,097,0215,2020_block_count_centroids
MORRISON - 0220,05B,05B,1.0000000000,82,82,097,0220,2020_block_count_centroids
MORRISON - 0225,10B,10B,1.0000000000,11,11,097,0225,2020_block_count_centroids
MORRISON - 0230,10B,10B,1.0000000000,80,80,097,0230,2020_block_count_centroids
MORRISON - 0235,10B,10B,1.0000000000,21,21,097,0235,2020_block_count_centroids
MORRISON - 0240,10B,10B,1.0000000000,68,68,097,0240,2020_block_count_centroids
MORRISON - 0245,10B,10B,1.0000000000,88,88,097,0245,2020_block_count_centroids
MORRISON - 0250,10B,10B,1.0000000000,24,24,097,0250,2020_block_count_centroids
MOWER - 0005,23B,23B,1.0000000000,29,29,099,0005,2020_block_count_centroids
MOWER - 0010,23B,23B,1.0000000000,55,55,099,0010,2020_block_count_centroids
MOWER - 0015,23B,23B,1.0000000000,124,124,099,0015,2020_block_count_centroids
MOWER - 0020,23B,23B,1.0000000000,103,103,099,0020,2020_block_count_centroids
MOWER - 0030,23B,23B,1.0000000000,104,104,099,0030,2020_block_count_centroids
MOWER - 0035,23B,23B,1.0000000000,89,89,099,0035,2020_block_count_centroids
MOWER - 0047,23B,23B,1.0000000000,1,1,099,0047,2020_block_count_centroids
MOWER - 0050,23B,23B,1.0000000000,134,134,099,0050,2020_block_count_centroids
MOWER - 0055,23B,23B,1.0000000000,70,70,099,0055,2020_block_count_centroids
MOWER - 0070,23B,23B,1.0000000000,89,89,099,0070,2020_block_count_centroids
MOWER - 0075,26B,26B,1.0000000000,48,48,099,0075,2020_block_count_centroids
MOWER - 0080,23B,23B,1.0000000000,30,30,099,0080,2020_block_count_centroids
MOWER - 0085,23B,23B,1.0000000000,45,45,099,0085,2020_block_count_centroids
MOWER - 0090,23B,23B,1.0000000000,14,14,099,0090,2020_block_count_centroids
MOWER - 0095,23B,23B,1.0000000000,48,48,099,0095,2020_block_count_centroids
MOWER - 0100,23B,23B,1.0000000000,8,8,099,0100,2020_block_count_centroids
MOWER - 0105,23B,23B,0.0350877193,2,57,099,0105,2020_block_count_centroids
MOWER - 0105,26B,26B,0.9649122807,55,57,099,0105,2020_block_count_centroids
MOWER - 0110,23B,23B,1.0000000000,37,37,099,0110,2020_block_count_centroids
MOWER - 0115,23B,23B,1.0000000000,61,61,099,0115,2020_block_count_centroids
MOWER - 0120,23B,23B,1.0000000000,129,129,099,0120,2020_block_count_centroids
MOWER - 0125,26B,26B,1.0000000000,52,52,099,0125,2020_block_count_centroids
MOWER - 0130,26B,26B,1.0000000000,60,60,099,0130,2020_block_count_centroids
MOWER - 0135,23B,23B,1.0000000000,59,59,099,0135,2020_block_count_centroids
MOWER - 0140,23B,23B,1.0000000000,27,27,099,0140,2020_block_count_centroids
MOWER - 0145,23B,23B,1.0000000000,79,79,099,0145,2020_block_count_centroids
MOWER - 0150,23B,23B,1.0000000000,6,6,099,0150,2020_block_count_centroids
MOWER - 0155,23B,23B,1.0000000000,56,56,099,0155,2020_block_count_centroids
MOWER - 0160,23B,23B,1.0000000000,73,73,099,0160,2020_block_count_centroids
MOWER - 0165,23B,23B,1.0000000000,48,48,099,0165,2020_block_count_centroids
MOWER - 0170,26B,26B,1.0000000000,10,10,099,0170,2020_block_count_centroids
MOWER - 0175,26B,26B,1.0000000000,79,79,099,0175,2020_block_count_centroids
MOWER - 0180,23B,23B,1.0000000000,79,79,099,0180,2020_block_count_centroids
MOWER - 0185,23B,23B,1.0000000000,20,20,099,0185,2020_block_count_centroids
MOWER - 0190,23B,23B,1.0000000000,7,7,099,0190,2020_block_count_centroids
MOWER - 0195,23B,23B,1.0000000000,50,50,099,0195,2020_block_count_centroids
MOWER - 0200,23B,23B,1.0000000000,6,6,099,0200,2020_block_count_centroids
MOWER - 0205,23B,23B,1.0000000000,54,54,099,0205,2020_block_count_centroids
MOWER - 0210,23B,23B,1.0000000000,9,9,099,0210,2020_block_count_centroids
MOWER - 0215,23B,23B,1.0000000000,47,47,099,0215,2020_block_count_centroids
MOWER - 0220,23B,23B,1.0000000000,76,76,099,0220,2020_block_count_centroids
MURRAY - 0005,21A,21A,1.0000000000,26,26,101,0005,2020_block_count_centroids
MURRAY - 0010,21A,21A,1.0000000000,49,49,101,0010,2020_block_count_centroids
MURRAY - 0015,21A,21A,1.0000000000,66,66,101,0015,2020_block_count_centroids
MURRAY - 0020,21A,21A,1.0000000000,42,42,101,0020,2020_block_count_centroids
MURRAY - 0025,21A,21A,1.0000000000,49,49,101,0025,2020_block_count_centroids
MURRAY - 0030,21A,21A,1.0000000000,18,18,101,0030,2020_block_count_centroids
MURRAY - 0035,21A,21A,1.0000000000,27,27,101,0035,2020_block_count_centroids
MURRAY - 0040,21A,21A,1.0000000000,57,57,101,0040,2020_block_count_centroids
MURRAY - 0045,21A,21A,1.0000000000,60,60,101,0045,2020_block_count_centroids
MURRAY - 0050,21A,21A,1.0000000000,48,48,101,0050,2020_block_count_centroids
MURRAY - 0055,21A,21A,1.0000000000,40,40,101,0055,2020_block_count_centroids
MURRAY - 0060,21A,21A,1.0000000000,73,73,101,0060,2020_block_count_centroids
MURRAY - 0065,21A,21A,1.0000000000,7,7,101,0065,2020_block_count_centroids
MURRAY - 0070,21A,21A,1.0000000000,41,41,101,0070,2020_block_count_centroids
MURRAY - 0075,21A,21A,1.0000000000,17,17,101,0075,2020_block_count_centroids
MURRAY - 0080,21A,21A,1.0000000000,46,46,101,0080,2020_block_count_centroids
MURRAY - 0085,21A,21A,1.0000000000,50,50,101,0085,2020_block_count_centroids
MURRAY - 0090,21A,21A,1.0000000000,25,25,101,0090,2020_block_count_centroids
MURRAY - 0095,21A,21A,1.0000000000,39,39,101,0095,2020_block_count_centroids
MURRAY - 0100,21A,21A,1.0000000000,55,55,101,0100,2020_block_count_centroids
MURRAY - 0105,21A,21A,1.0000000000,43,43,101,0105,2020_block_count_centroids
MURRAY - 0110,21A,21A,1.0000000000,51,51,101,0110,2020_block_count_centroids
MURRAY - 0115,21A,21A,1.0000000000,47,47,101,0115,2020_block_count_centroids
MURRAY - 0120,21A,21A,1.0000000000,57,57,101,0120,2020_block_count_centroids
MURRAY - 0125,21A,21A,1.0000000000,40,40,101,0125,2020_block_count_centroids
MURRAY - 0130,21A,21A,1.0000000000,32,32,101,0130,2020_block_count_centroids
MURRAY - 0135,21A,21A,1.0000000000,102,102,101,0135,2020_block_count_centroids
MURRAY - 0140,21A,21A,1.0000000000,49,49,101,0140,2020_block_count_centroids
NICOLLET - 0005,18A,18A,1.0000000000,137,137,103,0005,2020_block_count_centroids
NICOLLET - 0010,18A,18A,1.0000000000,67,67,103,0010,2020_block_count_centroids
NICOLLET - 0015,18A,18A,1.0000000000,20,20,103,0015,2020_block_count_centroids
NICOLLET - 0020,18A,18A,1.0000000000,17,17,103,0020,2020_block_count_centroids
NICOLLET - 0025,18A,18A,1.0000000000,73,73,103,0025,2020_block_count_centroids
NICOLLET - 0030,18A,18A,1.0000000000,36,36,103,0030,2020_block_count_centroids
NICOLLET - 0035,18A,18A,1.0000000000,32,32,103,0035,2020_block_count_centroids
NICOLLET - 0040,18A,18A,1.0000000000,77,77,103,0040,2020_block_count_centroids
NICOLLET - 0045,18A,18A,1.0000000000,96,96,103,0045,2020_block_count_centroids
NICOLLET - 0050,18A,18A,1.0000000000,4,4,103,0050,2020_block_count_centroids
NICOLLET - 0055,18A,18A,1.0000000000,60,60,103,0055,2020_block_count_centroids
NICOLLET - 0060,18A,18A,1.0000000000,52,52,103,0060,2020_block_count_centroids
NICOLLET - 0065,18A,18A,1.0000000000,61,61,103,0065,2020_block_count_centroids
NICOLLET - 0070,18A,18A,1.0000000000,23,23,103,0070,2020_block_count_centroids
NICOLLET - 0075,18A,18A,1.0000000000,33,33,103,0075,2020_block_count_centroids
NICOLLET - 0080,18A,18A,1.0000000000,18,18,103,0080,2020_block_count_centroids
NICOLLET - 0085,18A,18A,1.0000000000,20,20,103,0085,2020_block_count_centroids
NICOLLET - 0090,18A,18A,1.0000000000,16,16,103,0090,2020_block_count_centroids
NICOLLET - 0095,18A,18A,1.0000000000,46,46,103,0095,2020_block_count_centroids
NICOLLET - 0100,18A,18A,1.0000000000,9,9,103,0100,2020_block_count_centroids
NICOLLET - 0105,18A,18A,1.0000000000,10,10,103,0105,2020_block_count_centroids
NICOLLET - 0106,18A,18A,1.0000000000,17,17,103,0106,2020_block_count_centroids
NICOLLET - 0107,18A,18A,1.0000000000,10,10,103,0107,2020_block_count_centroids
NICOLLET - 0110,18A,18A,1.0000000000,58,58,103,0110,2020_block_count_centroids
NICOLLET - 0115,18A,18A,1.0000000000,30,30,103,0115,2020_block_count_centroids
NICOLLET - 0120,18A,18A,1.0000000000,131,131,103,0120,2020_block_count_centroids
NICOLLET - 0125,18A,18A,1.0000000000,50,50,103,0125,2020_block_count_centroids
NICOLLET - 0130,18A,18A,1.0000000000,42,42,103,0130,2020_block_count_centroids
NICOLLET - 0135,18A,18A,1.0000000000,90,90,103,0135,2020_block_count_centroids
NICOLLET - 0140,18A,18A,1.0000000000,79,79,103,0140,2020_block_count_centroids
NICOLLET - 0145,18A,18A,1.0000000000,78,78,103,0145,2020_block_count_centroids
NOBLES - 0005,21A,21A,1.0000000000,88,88,105,0005,2020_block_count_centroids
NOBLES - 0010,21B,21B,1.0000000000,21,21,105,0010,2020_block_count_centroids
NOBLES - 0015,21B,21B,1.0000000000,59,59,105,0015,2020_block_count_centroids
NOBLES - 0020,21B,21B,1.0000000000,40,40,105,0020,2020_block_count_centroids
NOBLES - 0025,21B,21B,1.0000000000,35,35,105,0025,2020_block_count_centroids
NOBLES - 0030,21B,21B,1.0000000000,51,51,105,0030,2020_block_count_centroids
NOBLES - 0035,21B,21B,1.0000000000,12,12,105,0035,2020_block_count_centroids
NOBLES - 0040,21B,21B,1.0000000000,44,44,105,0040,2020_block_count_centroids
NOBLES - 0045,21A,21A,1.0000000000,46,46,105,0045,2020_block_count_centroids
NOBLES - 0050,21B,21B,1.0000000000,59,59,105,0050,2020_block_count_centroids
NOBLES - 0055,21A,21A,1.0000000000,49,49,105,0055,2020_block_count_centroids
NOBLES - 0060,21B,21B,1.0000000000,69,69,105,0060,2020_block_count_centroids
NOBLES - 0065,21B,21B,1.0000000000,40,40,105,0065,2020_block_count_centroids
NOBLES - 0070,21B,21B,1.0000000000,7,7,105,0070,2020_block_count_centroids
NOBLES - 0075,21A,21A,1.0000000000,43,43,105,0075,2020_block_count_centroids
NOBLES - 0080,21A,21A,1.0000000000,82,82,105,0080,2020_block_count_centroids
NOBLES - 0085,21A,21A,1.0000000000,21,21,105,0085,2020_block_count_centroids
NOBLES - 0090,21A,21A,1.0000000000,50,50,105,0090,2020_block_count_centroids
NOBLES - 0095,21A,21A,1.0000000000,53,53,105,0095,2020_block_count_centroids
NOBLES - 0100,21B,21B,1.0000000000,68,68,105,0100,2020_block_count_centroids
NOBLES - 0105,21A,21A,1.0000000000,61,61,105,0105,2020_block_count_centroids
NOBLES - 0110,21B,21B,1.0000000000,41,41,105,0110,2020_block_count_centroids
NOBLES - 0115,21B,21B,1.0000000000,27,27,105,0115,2020_block_count_centroids
NOBLES - 0120,21B,21B,1.0000000000,32,32,105,0120,2020_block_count_centroids
NOBLES - 0125,21B,21B,1.0000000000,59,59,105,0125,2020_block_count_centroids
NOBLES - 0130,21B,21B,1.0000000000,61,61,105,0130,2020_block_count_centroids
NOBLES - 0135,21A,21A,1.0000000000,66,66,105,0135,2020_block_count_centroids
NOBLES - 0140,21A,21A,1.0000000000,25,25,105,0140,2020_block_count_centroids
NOBLES - 0145,21A,21A,1.0000000000,45,45,105,0145,2020_block_count_centroids
NOBLES - 0150,21B,21B,1.0000000000,27,27,105,0150,2020_block_count_centroids
NOBLES - 0155,21B,21B,1.0000000000,33,33,105,0155,2020_block_count_centroids
NOBLES - 0160,21B,21B,1.0000000000,42,42,105,0160,2020_block_count_centroids
NOBLES - 0165,21B,21B,1.0000000000,29,29,105,0165,2020_block_count_centroids
NOBLES - 0166,21B,21B,1.0000000000,38,38,105,0166,2020_block_count_centroids
NOBLES - 0170,21B,21B,1.0000000000,19,19,105,0170,2020_block_count_centroids
NOBLES - 0175,21B,21B,1.0000000000,31,31,105,0175,2020_block_count_centroids
NOBLES - 0180,21B,21B,1.0000000000,25,25,105,0180,2020_block_count_centroids
NOBLES - 0185,21B,21B,1.0000000000,23,23,105,0185,2020_block_count_centroids
NOBLES - 0186,21B,21B,1.0000000000,28,28,105,0186,2020_block_count_centroids
NOBLES - 0190,21B,21B,1.0000000000,69,69,105,0190,2020_block_count_centroids
NORMAN - 0005,01B,01B,1.0000000000,69,69,107,0005,2020_block_count_centroids
NORMAN - 0010,01B,01B,1.0000000000,57,57,107,0010,2020_block_count_centroids
NORMAN - 0015,01B,01B,1.0000000000,49,49,107,0015,2020_block_count_centroids
NORMAN - 0020,01B,01B,1.0000000000,35,35,107,0020,2020_block_count_centroids
NORMAN - 0025,01B,01B,1.0000000000,7,7,107,0025,2020_block_count_centroids
NORMAN - 0030,01B,01B,1.0000000000,48,48,107,0030,2020_block_count_centroids
NORMAN - 0035,01B,01B,1.0000000000,51,51,107,0035,2020_block_count_centroids
NORMAN - 0040,01B,01B,1.0000000000,13,13,107,0040,2020_block_count_centroids
NORMAN - 0045,01B,01B,1.0000000000,35,35,107,0045,2020_block_count_centroids
NORMAN - 0050,01B,01B,1.0000000000,26,26,107,0050,2020_block_count_centroids
NORMAN - 0055,01B,01B,1.0000000000,48,48,107,0055,2020_block_count_centroids
NORMAN - 0060,01B,01B,1.0000000000,66,66,107,0060,2020_block_count_centroids
NORMAN - 0065,01B,01B,1.0000000000,48,48,107,0065,2020_block_count_centroids
NORMAN - 0070,01B,01B,1.0000000000,30,30,107,0070,2020_block_count_centroids
NORMAN - 0075,01B,01B,1.0000000000,50,50,107,0075,2020_block_count_centroids
NORMAN - 0080,01B,01B,1.0000000000,24,24,107,0080,2020_block_count_centroids
NORMAN - 0085,01B,01B,1.0000000000,35,35,107,0085,2020_block_count_centroids
NORMAN - 0090,01B,01B,1.0000000000,60,60,107,0090,2020_block_count_centroids
NORMAN - 0095,01B,01B,1.0000000000,34,34,107,0095,2020_block_count_centroids
NORMAN - 0100,01B,01B,1.0000000000,40,40,107,0100,2020_block_count_centroids
NORMAN - 0105,01B,01B,1.0000000000,42,42,107,0105,2020_block_count_centroids
NORMAN - 0110,01B,01B,1.0000000000,16,16,107,0110,2020_block_count_centroids
NORMAN - 0115,01B,01B,1.0000000000,32,32,107,0115,2020_block_count_centroids
NORMAN - 0120,01B,01B,1.0000000000,17,17,107,0120,2020_block_count_centroids
NORMAN - 0125,01B,01B,1.0000000000,24,24,107,0125,2020_block_count_centroids
NORMAN - 0130,01B,01B,1.0000000000,67,67,107,0130,2020_block_count_centroids
NORMAN - 0135,01B,01B,1.0000000000,21,21,107,0135,2020_block_count_centroids
NORMAN - 0140,01B,01B,1.0000000000,24,24,107,0140,2020_block_count_centroids
NORMAN - 0145,01B,01B,1.0000000000,32,32,107,0145,2020_block_count_centroids
NORMAN - 0150,01B,01B,1.0000000000,71,71,107,0150,2020_block_count_centroids
NORMAN - 0155,01B,01B,1.0000000000,32,32,107,0155,2020_block_count_centroids
NORMAN - 0160,01B,01B,1.0000000000,36,36,107,0160,2020_block_count_centroids
NORMAN - 0165,01B,01B,1.0000000000,30,30,107,0165,2020_block_count_centroids
OLMSTED - 0005,24A,24A,1.0000000000,54,54,109,0005,2020_block_count_centroids
OLMSTED - 0010,24A,24A,0.0054945055,1,182,109,0010,2020_block_count_centroids
OLMSTED - 0010,24B,24B,0.1428571429,26,182,109,0010,2020_block_count_centroids
OLMSTED - 0010,25A,25A,0.8351648352,152,182,109,0010,2020_block_count_centroids
OLMSTED - 0010,25B,25B,0.0164835165,3,182,109,0010,2020_block_count_centroids
OLMSTED - 0015,20B,20B,1.0000000000,38,38,109,0015,2020_block_count_centroids
OLMSTED - 0020,20B,20B,1.0000000000,28,28,109,0020,2020_block_count_centroids
OLMSTED - 0025,20B,20B,1.0000000000,61,61,109,0025,2020_block_count_centroids
OLMSTED - 0030,20B,20B,1.0000000000,50,50,109,0030,2020_block_count_centroids
OLMSTED - 0035,20B,20B,1.0000000000,53,53,109,0035,2020_block_count_centroids
OLMSTED - 0040,20B,20B,1.0000000000,66,66,109,0040,2020_block_count_centroids
OLMSTED - 0045,20B,20B,0.9500000000,38,40,109,0045,2020_block_count_centroids
OLMSTED - 0045,25A,25A,0.0500000000,2,40,109,0045,2020_block_count_centroids
OLMSTED - 0050,20B,20B,0.0500000000,4,80,109,0050,2020_block_count_centroids
OLMSTED - 0050,24B,24B,0.0250000000,2,80,109,0050,2020_block_count_centroids
OLMSTED - 0050,25A,25A,0.8875000000,71,80,109,0050,2020_block_count_centroids
OLMSTED - 0050,25B,25B,0.0375000000,3,80,109,0050,2020_block_count_centroids
OLMSTED - 0055,20B,20B,0.0071942446,1,139,109,0055,2020_block_count_centroids
OLMSTED - 0055,24A,24A,0.9928057554,138,139,109,0055,2020_block_count_centroids
OLMSTED - 0060,24A,24A,0.9529411765,81,85,109,0060,2020_block_count_centroids
OLMSTED - 0060,25A,25A,0.0470588235,4,85,109,0060,2020_block_count_centroids
OLMSTED - 0065,20B,20B,0.5986842105,91,152,109,0065,2020_block_count_centroids
OLMSTED - 0065,24A,24A,0.0197368421,3,152,109,0065,2020_block_count_centroids
OLMSTED - 0065,24B,24B,0.3815789474,58,152,109,0065,2020_block_count_centroids
OLMSTED - 0066,24B,24B,1.0000000000,8,8,109,0066,2020_block_count_centroids
OLMSTED - 0070,20B,20B,0.9900990099,100,101,109,0070,2020_block_count_centroids
OLMSTED - 0070,25A,25A,0.0099009901,1,101,109,0070,2020_block_count_centroids
OLMSTED - 0075,20B,20B,1.0000000000,34,34,109,0075,2020_block_count_centroids
OLMSTED - 0080,25A,25A,1.0000000000,42,42,109,0080,2020_block_count_centroids
OLMSTED - 0085,20B,20B,0.0384615385,4,104,109,0085,2020_block_count_centroids
OLMSTED - 0085,25A,25A,0.9615384615,100,104,109,0085,2020_block_count_centroids
OLMSTED - 0090,20B,20B,1.0000000000,95,95,109,0090,2020_block_count_centroids
OLMSTED - 0095,20B,20B,1.0000000000,54,54,109,0095,2020_block_count_centroids
OLMSTED - 0100,24B,24B,1.0000000000,24,24,109,0100,2020_block_count_centroids
OLMSTED - 0105,24B,24B,1.0000000000,49,49,109,0105,2020_block_count_centroids
OLMSTED - 0110,25B,25B,1.0000000000,48,48,109,0110,2020_block_count_centroids
OLMSTED - 0115,25A,25A,1.0000000000,64,64,109,0115,2020_block_count_centroids
OLMSTED - 0116,24A,24A,1.0000000000,15,15,109,0116,2020_block_count_centroids
OLMSTED - 0117,25A,25A,1.0000000000,37,37,109,0117,2020_block_count_centroids
OLMSTED - 0120,24B,24B,0.2054794521,15,73,109,0120,2020_block_count_centroids
OLMSTED - 0120,25B,25B,0.7945205479,58,73,109,0120,2020_block_count_centroids
OLMSTED - 0125,24B,24B,0.4074074074,33,81,109,0125,2020_block_count_centroids
OLMSTED - 0125,25B,25B,0.5925925926,48,81,109,0125,2020_block_count_centroids
OLMSTED - 0130,24B,24B,1.0000000000,31,31,109,0130,2020_block_count_centroids
OLMSTED - 0135,24A,24A,0.3928571429,55,140,109,0135,2020_block_count_centroids
OLMSTED - 0135,24B,24B,0.6071428571,85,140,109,0135,2020_block_count_centroids
OLMSTED - 0136,24A,24A,1.0000000000,4,4,109,0136,2020_block_count_centroids
OLMSTED - 0140,25A,25A,0.6666666667,24,36,109,0140,2020_block_count_centroids
OLMSTED - 0140,25B,25B,0.3333333333,12,36,109,0140,2020_block_count_centroids
OLMSTED - 0145,24B,24B,0.0588235294,3,51,109,0145,2020_block_count_centroids
OLMSTED - 0145,25A,25A,0.7450980392,38,51,109,0145,2020_block_count_centroids
OLMSTED - 0145,25B,25B,0.1960784314,10,51,109,0145,2020_block_count_centroids
OLMSTED - 0150,24B,24B,0.5909090909,26,44,109,0150,2020_block_count_centroids
OLMSTED - 0150,25B,25B,0.4090909091,18,44,109,0150,2020_block_count_centroids
OLMSTED - 0155,24B,24B,1.0000000000,77,77,109,0155,2020_block_count_centroids
OLMSTED - 0156,24B,24B,1.0000000000,6,6,109,0156,2020_block_count_centroids
OLMSTED - 0157,24B,24B,1.0000000000,4,4,109,0157,2020_block_count_centroids
OLMSTED - 0160,25B,25B,1.0000000000,90,90,109,0160,2020_block_count_centroids
OLMSTED - 0165,25B,25B,1.0000000000,66,66,109,0165,2020_block_count_centroids
OLMSTED - 0170,25B,25B,1.0000000000,40,40,109,0170,2020_block_count_centroids
OLMSTED - 0171,20B,20B,0.0294117647,1,34,109,0171,2020_block_count_centroids
OLMSTED - 0171,24B,24B,0.6470588235,22,34,109,0171,2020_block_count_centroids
OLMSTED - 0171,25B,25B,0.3235294118,11,34,109,0171,2020_block_count_centroids
OLMSTED - 0172,24B,24B,0.2000000000,2,10,109,0172,2020_block_count_centroids
OLMSTED - 0172,25B,25B,0.8000000000,8,10,109,0172,2020_block_count_centroids
OLMSTED - 0173,25B,25B,1.0000000000,3,3,109,0173,2020_block_count_centroids
OLMSTED - 0175,25B,25B,1.0000000000,76,76,109,0175,2020_block_count_centroids
OLMSTED - 0185,25A,25A,0.0322580645,2,62,109,0185,2020_block_count_centroids
OLMSTED - 0185,25B,25B,0.9677419355,60,62,109,0185,2020_block_count_centroids
OLMSTED - 0190,25B,25B,1.0000000000,40,40,109,0190,2020_block_count_centroids
OLMSTED - 0191,25A,25A,0.2857142857,4,14,109,0191,2020_block_count_centroids
OLMSTED - 0191,25B,25B,0.7142857143,10,14,109,0191,2020_block_count_centroids
OLMSTED - 0192,25A,25A,0.5454545455,6,11,109,0192,2020_block_count_centroids
OLMSTED - 0192,25B,25B,0.4545454545,5,11,109,0192,2020_block_count_centroids
OLMSTED - 0195,25A,25A,0.0606060606,2,33,109,0195,2020_block_count_centroids
OLMSTED - 0195,25B,25B,0.9393939394,31,33,109,0195,2020_block_count_centroids
OLMSTED - 0200,25B,25B,1.0000000000,33,33,109,0200,2020_block_count_centroids
OLMSTED - 0205,25B,25B,1.0000000000,23,23,109,0205,2020_block_count_centroids
OLMSTED - 0206,25A,25A,0.9230769231,48,52,109,0206,2020_block_count_centroids
OLMSTED - 0206,25B,25B,0.0769230769,4,52,109,0206,2020_block_count_centroids
OLMSTED - 0210,24A,24A,0.3909090909,43,110,109,0210,2020_block_count_centroids
OLMSTED - 0210,24B,24B,0.6090909091,67,110,109,0210,2020_block_count_centroids
OLMSTED - 0211,24B,24B,1.0000000000,1,1,109,0211,2020_block_count_centroids
OLMSTED - 0212,24B,24B,1.0000000000,2,2,109,0212,2020_block_count_centroids
OLMSTED - 0215,24A,24A,1.0000000000,73,73,109,0215,2020_block_count_centroids
OLMSTED - 0220,24A,24A,1.0000000000,59,59,109,0220,2020_block_count_centroids
OLMSTED - 0225,24A,24A,1.0000000000,94,94,109,0225,2020_block_count_centroids
OLMSTED - 0230,20B,20B,1.0000000000,78,78,109,0230,2020_block_count_centroids
OLMSTED - 0236,25A,25A,1.0000000000,1,1,109,0236,2020_block_count_centroids
OLMSTED - 0237,25A,25A,1.0000000000,1,1,109,0237,2020_block_count_centroids
OTTER TAIL - 0005,09A,09A,1.0000000000,30,30,111,0005,2020_block_count_centroids
OTTER TAIL - 0010,09B,09B,1.0000000000,60,60,111,0010,2020_block_count_centroids
OTTER TAIL - 0015,09A,09A,1.0000000000,90,90,111,0015,2020_block_count_centroids
OTTER TAIL - 0020,09B,09B,1.0000000000,46,46,111,0020,2020_block_count_centroids
OTTER TAIL - 0025,09B,09B,1.0000000000,43,43,111,0025,2020_block_count_centroids
OTTER TAIL - 0030,09B,09B,1.0000000000,30,30,111,0030,2020_block_count_centroids
OTTER TAIL - 0035,09B,09B,1.0000000000,53,53,111,0035,2020_block_count_centroids
OTTER TAIL - 0040,09A,09A,1.0000000000,57,57,111,0040,2020_block_count_centroids
OTTER TAIL - 0045,09B,09B,1.0000000000,33,33,111,0045,2020_block_count_centroids
OTTER TAIL - 0050,09B,09B,1.0000000000,116,116,111,0050,2020_block_count_centroids
OTTER TAIL - 0055,09A,09A,1.0000000000,37,37,111,0055,2020_block_count_centroids
OTTER TAIL - 0060,09B,09B,1.0000000000,16,16,111,0060,2020_block_count_centroids
OTTER TAIL - 0065,09B,09B,1.0000000000,50,50,111,0065,2020_block_count_centroids
OTTER TAIL - 0070,09B,09B,1.0000000000,54,54,111,0070,2020_block_count_centroids
OTTER TAIL - 0075,09B,09B,1.0000000000,40,40,111,0075,2020_block_count_centroids
OTTER TAIL - 0080,09A,09A,1.0000000000,13,13,111,0080,2020_block_count_centroids
OTTER TAIL - 0085,09A,09A,1.0000000000,73,73,111,0085,2020_block_count_centroids
OTTER TAIL - 0090,09B,09B,1.0000000000,50,50,111,0090,2020_block_count_centroids
OTTER TAIL - 0095,09B,09B,1.0000000000,28,28,111,0095,2020_block_count_centroids
OTTER TAIL - 0100,09B,09B,1.0000000000,59,59,111,0100,2020_block_count_centroids
OTTER TAIL - 0105,09B,09B,1.0000000000,18,18,111,0105,2020_block_count_centroids
OTTER TAIL - 0110,09B,09B,1.0000000000,76,76,111,0110,2020_block_count_centroids
OTTER TAIL - 0115,09B,09B,1.0000000000,77,77,111,0115,2020_block_count_centroids
OTTER TAIL - 0120,09B,09B,1.0000000000,53,53,111,0120,2020_block_count_centroids
OTTER TAIL - 0125,09B,09B,1.0000000000,34,34,111,0125,2020_block_count_centroids
OTTER TAIL - 0130,09B,09B,1.0000000000,57,57,111,0130,2020_block_count_centroids
OTTER TAIL - 0135,09B,09B,1.0000000000,32,32,111,0135,2020_block_count_centroids
OTTER TAIL - 0140,09A,09A,1.0000000000,24,24,111,0140,2020_block_count_centroids
OTTER TAIL - 0145,09A,09A,1.0000000000,53,53,111,0145,2020_block_count_centroids
OTTER TAIL - 0150,09B,09B,1.0000000000,53,53,111,0150,2020_block_count_centroids
OTTER TAIL - 0155,09A,09A,1.0000000000,14,14,111,0155,2020_block_count_centroids
OTTER TAIL - 0160,09A,09A,1.0000000000,39,39,111,0160,2020_block_count_centroids
OTTER TAIL - 0165,09B,09B,1.0000000000,78,78,111,0165,2020_block_count_centroids
OTTER TAIL - 0170,09A,09A,1.0000000000,55,55,111,0170,2020_block_count_centroids
OTTER TAIL - 0175,09A,09A,1.0000000000,47,47,111,0175,2020_block_count_centroids
OTTER TAIL - 0180,09A,09A,1.0000000000,41,41,111,0180,2020_block_count_centroids
OTTER TAIL - 0185,09A,09A,1.0000000000,41,41,111,0185,2020_block_count_centroids
OTTER TAIL - 0190,09A,09A,1.0000000000,40,40,111,0190,2020_block_count_centroids
OTTER TAIL - 0195,09A,09A,1.0000000000,48,48,111,0195,2020_block_count_centroids
OTTER TAIL - 0200,09A,09A,1.0000000000,79,79,111,0200,2020_block_count_centroids
OTTER TAIL - 0205,09A,09A,1.0000000000,51,51,111,0205,2020_block_count_centroids
OTTER TAIL - 0210,09A,09A,1.0000000000,76,76,111,0210,2020_block_count_centroids
OTTER TAIL - 0215,09B,09B,1.0000000000,34,34,111,0215,2020_block_count_centroids
OTTER TAIL - 0220,09A,09A,0.9861111111,71,72,111,0220,2020_block_count_centroids
OTTER TAIL - 0220,09B,09B,0.0138888889,1,72,111,0220,2020_block_count_centroids
OTTER TAIL - 0225,09B,09B,1.0000000000,90,90,111,0225,2020_block_count_centroids
OTTER TAIL - 0230,09B,09B,1.0000000000,63,63,111,0230,2020_block_count_centroids
OTTER TAIL - 0235,09B,09B,1.0000000000,48,48,111,0235,2020_block_count_centroids
OTTER TAIL - 0240,09B,09B,1.0000000000,62,62,111,0240,2020_block_count_centroids
OTTER TAIL - 0245,09B,09B,1.0000000000,83,83,111,0245,2020_block_count_centroids
OTTER TAIL - 0250,09B,09B,1.0000000000,23,23,111,0250,2020_block_count_centroids
OTTER TAIL - 0255,09B,09B,1.0000000000,49,49,111,0255,2020_block_count_centroids
OTTER TAIL - 0260,09B,09B,1.0000000000,64,64,111,0260,2020_block_count_centroids
OTTER TAIL - 0265,09B,09B,1.0000000000,49,49,111,0265,2020_block_count_centroids
OTTER TAIL - 0270,09B,09B,1.0000000000,48,48,111,0270,2020_block_count_centroids
OTTER TAIL - 0275,09A,09A,0.0204081633,2,98,111,0275,2020_block_count_centroids
OTTER TAIL - 0275,09B,09B,0.9795918367,96,98,111,0275,2020_block_count_centroids
OTTER TAIL - 0280,09A,09A,0.0400000000,1,25,111,0280,2020_block_count_centroids
OTTER TAIL - 0280,09B,09B,0.9600000000,24,25,111,0280,2020_block_count_centroids
OTTER TAIL - 0285,09B,09B,1.0000000000,74,74,111,0285,2020_block_count_centroids
OTTER TAIL - 0290,09B,09B,1.0000000000,38,38,111,0290,2020_block_count_centroids
OTTER TAIL - 0295,09B,09B,1.0000000000,59,59,111,0295,2020_block_count_centroids
OTTER TAIL - 0300,09A,09A,1.0000000000,40,40,111,0300,2020_block_count_centroids
OTTER TAIL - 0305,09B,09B,1.0000000000,46,46,111,0305,2020_block_count_centroids
OTTER TAIL - 0310,09A,09A,1.0000000000,43,43,111,0310,2020_block_count_centroids
OTTER TAIL - 0315,09A,09A,1.0000000000,71,71,111,0315,2020_block_count_centroids
OTTER TAIL - 0320,09B,09B,1.0000000000,36,36,111,0320,2020_block_count_centroids
OTTER TAIL - 0325,09B,09B,1.0000000000,55,55,111,0325,2020_block_count_centroids
OTTER TAIL - 0330,09B,09B,1.0000000000,77,77,111,0330,2020_block_count_centroids
OTTER TAIL - 0335,09B,09B,1.0000000000,46,46,111,0335,2020_block_count_centroids
OTTER TAIL - 0340,09B,09B,1.0000000000,63,63,111,0340,2020_block_count_centroids
OTTER TAIL - 0345,09B,09B,1.0000000000,45,45,111,0345,2020_block_count_centroids
OTTER TAIL - 0350,09A,09A,1.0000000000,60,60,111,0350,2020_block_count_centroids
OTTER TAIL - 0355,09A,09A,1.0000000000,79,79,111,0355,2020_block_count_centroids
OTTER TAIL - 0360,09B,09B,1.0000000000,145,145,111,0360,2020_block_count_centroids
OTTER TAIL - 0365,09B,09B,1.0000000000,113,113,111,0365,2020_block_count_centroids
OTTER TAIL - 0370,09B,09B,1.0000000000,99,99,111,0370,2020_block_count_centroids
OTTER TAIL - 0375,09B,09B,1.0000000000,15,15,111,0375,2020_block_count_centroids
OTTER TAIL - 0380,09A,09A,1.0000000000,18,18,111,0380,2020_block_count_centroids
OTTER TAIL - 0385,09B,09B,1.0000000000,77,77,111,0385,2020_block_count_centroids
OTTER TAIL - 0390,09A,09A,1.0000000000,53,53,111,0390,2020_block_count_centroids
OTTER TAIL - 0395,09A,09A,1.0000000000,46,46,111,0395,2020_block_count_centroids
OTTER TAIL - 0400,09B,09B,1.0000000000,74,74,111,0400,2020_block_count_centroids
OTTER TAIL - 0405,09B,09B,1.0000000000,67,67,111,0405,2020_block_count_centroids
OTTER TAIL - 0410,09A,09A,0.0208333333,1,48,111,0410,2020_block_count_centroids
OTTER TAIL - 0410,09B,09B,0.9791666667,47,48,111,0410,2020_block_count_centroids
OTTER TAIL - 0415,09A,09A,1.0000000000,41,41,111,0415,2020_block_count_centroids
OTTER TAIL - 0420,09A,09A,1.0000000000,65,65,111,0420,2020_block_count_centroids
OTTER TAIL - 0425,09B,09B,1.0000000000,21,21,111,0425,2020_block_count_centroids
OTTER TAIL - 0430,09B,09B,1.0000000000,5,5,111,0430,2020_block_count_centroids
OTTER TAIL - 0435,09B,09B,1.0000000000,29,29,111,0435,2020_block_count_centroids
OTTER TAIL - 0440,09B,09B,1.0000000000,18,18,111,0440,2020_block_count_centroids
OTTER TAIL - 0445,09B,09B,1.0000000000,3,3,111,0445,2020_block_count_centroids
OTTER TAIL - 0450,09A,09A,1.0000000000,40,40,111,0450,2020_block_count_centroids
OTTER TAIL - 0455,09B,09B,1.0000000000,35,35,111,0455,2020_block_count_centroids
PENNINGTON - 0005,01A,01A,1.0000000000,16,16,113,0005,2020_block_count_centroids
PENNINGTON - 0010,01A,01A,1.0000000000,15,15,113,0010,2020_block_count_centroids
PENNINGTON - 0015,01A,01A,1.0000000000,42,42,113,0015,2020_block_count_centroids
PENNINGTON - 0020,01A,01A,1.0000000000,17,17,113,0020,2020_block_count_centroids
PENNINGTON - 0025,01A,01A,1.0000000000,22,22,113,0025,2020_block_count_centroids
PENNINGTON - 0030,01A,01A,1.0000000000,35,35,113,0030,2020_block_count_centroids
PENNINGTON - 0035,01A,01A,1.0000000000,28,28,113,0035,2020_block_count_centroids
PENNINGTON - 0040,01A,01A,1.0000000000,47,47,113,0040,2020_block_count_centroids
PENNINGTON - 0045,01A,01A,1.0000000000,45,45,113,0045,2020_block_count_centroids
PENNINGTON - 0050,01A,01A,1.0000000000,28,28,113,0050,2020_block_count_centroids
PENNINGTON - 0055,01A,01A,1.0000000000,29,29,113,0055,2020_block_count_centroids
PENNINGTON - 0060,01A,01A,1.0000000000,58,58,113,0060,2020_block_count_centroids
PENNINGTON - 0065,01A,01A,1.0000000000,30,30,113,0065,2020_block_count_centroids
PENNINGTON - 0070,01A,01A,1.0000000000,18,18,113,0070,2020_block_count_centroids
PENNINGTON - 0075,01A,01A,1.0000000000,32,32,113,0075,2020_block_count_centroids
PENNINGTON - 0080,01A,01A,1.0000000000,19,19,113,0080,2020_block_count_centroids
PENNINGTON - 0085,01A,01A,1.0000000000,40,40,113,0085,2020_block_count_centroids
PENNINGTON - 0090,01A,01A,1.0000000000,48,48,113,0090,2020_block_count_centroids
PENNINGTON - 0095,01A,01A,1.0000000000,30,30,113,0095,2020_block_count_centroids
PENNINGTON - 0100,01A,01A,1.0000000000,27,27,113,0100,2020_block_count_centroids
PENNINGTON - 0105,01A,01A,1.0000000000,29,29,113,0105,2020_block_count_centroids
PENNINGTON - 0110,01A,01A,1.0000000000,55,55,113,0110,2020_block_count_centroids
PENNINGTON - 0115,01A,01A,1.0000000000,39,39,113,0115,2020_block_count_centroids
PENNINGTON - 0120,01A,01A,1.0000000000,31,31,113,0120,2020_block_count_centroids
PENNINGTON - 0125,01A,01A,1.0000000000,42,42,113,0125,2020_block_count_centroids
PENNINGTON - 0135,01A,01A,1.0000000000,22,22,113,0135,2020_block_count_centroids
PENNINGTON - 0140,01A,01A,1.0000000000,56,56,113,0140,2020_block_count_centroids
PENNINGTON - 0150,01A,01A,1.0000000000,26,26,113,0150,2020_block_count_centroids
PENNINGTON - 0155,01A,01A,1.0000000000,37,37,113,0155,2020_block_count_centroids
PENNINGTON - 0165,01A,01A,1.0000000000,34,34,113,0165,2020_block_count_centroids
PENNINGTON - 0170,01A,01A,1.0000000000,30,30,113,0170,2020_block_count_centroids
PENNINGTON - 0180,01A,01A,1.0000000000,22,22,113,0180,2020_block_count_centroids
PENNINGTON - 0185,01A,01A,1.0000000000,31,31,113,0185,2020_block_count_centroids
PENNINGTON - 0195,01A,01A,1.0000000000,27,27,113,0195,2020_block_count_centroids
PINE - 0005,11B,11B,1.0000000000,25,25,115,0005,2020_block_count_centroids
PINE - 0010,11B,11B,1.0000000000,29,29,115,0010,2020_block_count_centroids
PINE - 0015,11B,11B,1.0000000000,17,17,115,0015,2020_block_count_centroids
PINE - 0020,11B,11B,1.0000000000,51,51,115,0020,2020_block_count_centroids
PINE - 0025,11A,11A,1.0000000000,25,25,115,0025,2020_block_count_centroids
PINE - 0030,11B,11B,1.0000000000,34,34,115,0030,2020_block_count_centroids
PINE - 0035,11B,11B,1.0000000000,21,21,115,0035,2020_block_count_centroids
PINE - 0040,11B,11B,1.0000000000,44,44,115,0040,2020_block_count_centroids
PINE - 0045,11A,11A,1.0000000000,18,18,115,0045,2020_block_count_centroids
PINE - 0050,11A,11A,1.0000000000,48,48,115,0050,2020_block_count_centroids
PINE - 0055,11B,11B,1.0000000000,55,55,115,0055,2020_block_count_centroids
PINE - 0060,11B,11B,1.0000000000,34,34,115,0060,2020_block_count_centroids
PINE - 0065,11B,11B,1.0000000000,35,35,115,0065,2020_block_count_centroids
PINE - 0070,11B,11B,1.0000000000,15,15,115,0070,2020_block_count_centroids
PINE - 0075,11B,11B,1.0000000000,62,62,115,0075,2020_block_count_centroids
PINE - 0080,11A,11A,1.0000000000,12,12,115,0080,2020_block_count_centroids
PINE - 0085,11B,11B,1.0000000000,19,19,115,0085,2020_block_count_centroids
PINE - 0090,11B,11B,1.0000000000,52,52,115,0090,2020_block_count_centroids
PINE - 0095,11B,11B,1.0000000000,19,19,115,0095,2020_block_count_centroids
PINE - 0100,11B,11B,1.0000000000,10,10,115,0100,2020_block_count_centroids
PINE - 0105,11B,11B,1.0000000000,79,79,115,0105,2020_block_count_centroids
PINE - 0110,11B,11B,1.0000000000,66,66,115,0110,2020_block_count_centroids
PINE - 0115,11A,11A,1.0000000000,9,9,115,0115,2020_block_count_centroids
PINE - 0120,11A,11A,1.0000000000,50,50,115,0120,2020_block_count_centroids
PINE - 0125,11B,11B,1.0000000000,51,51,115,0125,2020_block_count_centroids
PINE - 0135,11B,11B,1.0000000000,68,68,115,0135,2020_block_count_centroids
PINE - 0140,11B,11B,1.0000000000,26,26,115,0140,2020_block_count_centroids
PINE - 0145,11A,11A,1.0000000000,27,27,115,0145,2020_block_count_centroids
PINE - 0150,11A,11A,1.0000000000,28,28,115,0150,2020_block_count_centroids
PINE - 0155,11A,11A,1.0000000000,42,42,115,0155,2020_block_count_centroids
PINE - 0160,11B,11B,1.0000000000,64,64,115,0160,2020_block_count_centroids
PINE - 0165,11A,11A,1.0000000000,10,10,115,0165,2020_block_count_centroids
PINE - 0170,11B,11B,1.0000000000,34,34,115,0170,2020_block_count_centroids
PINE - 0175,11B,11B,1.0000000000,53,53,115,0175,2020_block_count_centroids
PINE - 0180,11B,11B,1.0000000000,57,57,115,0180,2020_block_count_centroids
PINE - 0185,11B,11B,1.0000000000,75,75,115,0185,2020_block_count_centroids
PINE - 0190,11B,11B,1.0000000000,53,53,115,0190,2020_block_count_centroids
PINE - 0195,11B,11B,1.0000000000,112,112,115,0195,2020_block_count_centroids
PINE - 0200,11B,11B,1.0000000000,104,104,115,0200,2020_block_count_centroids
PINE - 0205,11B,11B,1.0000000000,57,57,115,0205,2020_block_count_centroids
PINE - 0207,11B,11B,1.0000000000,17,17,115,0207,2020_block_count_centroids
PINE - 0210,11B,11B,1.0000000000,75,75,115,0210,2020_block_count_centroids
PINE - 0215,11B,11B,1.0000000000,53,53,115,0215,2020_block_count_centroids
PINE - 0221,11A,11A,1.0000000000,33,33,115,0221,2020_block_count_centroids
PINE - 0225,11A,11A,1.0000000000,39,39,115,0225,2020_block_count_centroids
PINE - 0230,11B,11B,1.0000000000,32,32,115,0230,2020_block_count_centroids
PINE - 0235,11B,11B,1.0000000000,28,28,115,0235,2020_block_count_centroids
PINE - 0240,11A,11A,1.0000000000,104,104,115,0240,2020_block_count_centroids
PIPESTONE - 0005,21A,21A,1.0000000000,43,43,117,0005,2020_block_count_centroids
PIPESTONE - 0010,21A,21A,1.0000000000,43,43,117,0010,2020_block_count_centroids
PIPESTONE - 0015,21A,21A,1.0000000000,56,56,117,0015,2020_block_count_centroids
PIPESTONE - 0020,21A,21A,1.0000000000,71,71,117,0020,2020_block_count_centroids
PIPESTONE - 0025,21A,21A,1.0000000000,71,71,117,0025,2020_block_count_centroids
PIPESTONE - 0030,21A,21A,1.0000000000,49,49,117,0030,2020_block_count_centroids
PIPESTONE - 0035,21A,21A,1.0000000000,47,47,117,0035,2020_block_count_centroids
PIPESTONE - 0040,21A,21A,1.0000000000,62,62,117,0040,2020_block_count_centroids
PIPESTONE - 0045,21A,21A,1.0000000000,48,48,117,0045,2020_block_count_centroids
PIPESTONE - 0050,21A,21A,1.0000000000,15,15,117,0050,2020_block_count_centroids
PIPESTONE - 0055,21A,21A,1.0000000000,34,34,117,0055,2020_block_count_centroids
PIPESTONE - 0060,21A,21A,1.0000000000,17,17,117,0060,2020_block_count_centroids
PIPESTONE - 0065,21A,21A,1.0000000000,42,42,117,0065,2020_block_count_centroids
PIPESTONE - 0070,21A,21A,1.0000000000,53,53,117,0070,2020_block_count_centroids
PIPESTONE - 0075,21A,21A,1.0000000000,38,38,117,0075,2020_block_count_centroids
PIPESTONE - 0080,21A,21A,1.0000000000,44,44,117,0080,2020_block_count_centroids
PIPESTONE - 0090,21A,21A,1.0000000000,71,71,117,0090,2020_block_count_centroids
PIPESTONE - 0095,21A,21A,1.0000000000,59,59,117,0095,2020_block_count_centroids
PIPESTONE - 0100,21A,21A,1.0000000000,59,59,117,0100,2020_block_count_centroids
PIPESTONE - 0105,21A,21A,1.0000000000,40,40,117,0105,2020_block_count_centroids
PIPESTONE - 0110,21A,21A,1.0000000000,101,101,117,0110,2020_block_count_centroids
PIPESTONE - 0115,21A,21A,1.0000000000,18,18,117,0115,2020_block_count_centroids
PIPESTONE - 0120,21A,21A,1.0000000000,58,58,117,0120,2020_block_count_centroids
PIPESTONE - 0125,21A,21A,1.0000000000,17,17,117,0125,2020_block_count_centroids
POLK - 0005,01B,01B,1.0000000000,51,51,119,0005,2020_block_count_centroids
POLK - 0010,01B,01B,1.0000000000,41,41,119,0010,2020_block_count_centroids
POLK - 0015,01B,01B,1.0000000000,45,45,119,0015,2020_block_count_centroids
POLK - 0020,01B,01B,1.0000000000,21,21,119,0020,2020_block_count_centroids
POLK - 0025,01B,01B,1.0000000000,19,19,119,0025,2020_block_count_centroids
POLK - 0030,01B,01B,1.0000000000,41,41,119,0030,2020_block_count_centroids
POLK - 0035,01B,01B,1.0000000000,20,20,119,0035,2020_block_count_centroids
POLK - 0040,01B,01B,1.0000000000,32,32,119,0040,2020_block_count_centroids
POLK - 0045,01B,01B,1.0000000000,39,39,119,0045,2020_block_count_centroids
POLK - 0050,01B,01B,1.0000000000,33,33,119,0050,2020_block_count_centroids
POLK - 0055,01B,01B,1.0000000000,21,21,119,0055,2020_block_count_centroids
POLK - 0060,01B,01B,1.0000000000,51,51,119,0060,2020_block_count_centroids
POLK - 0065,01B,01B,1.0000000000,50,50,119,0065,2020_block_count_centroids
POLK - 0070,01B,01B,1.0000000000,23,23,119,0070,2020_block_count_centroids
POLK - 0075,01B,01B,1.0000000000,30,30,119,0075,2020_block_count_centroids
POLK - 0080,01B,01B,1.0000000000,25,25,119,0080,2020_block_count_centroids
POLK - 0085,01B,01B,1.0000000000,54,54,119,0085,2020_block_count_centroids
POLK - 0090,01B,01B,1.0000000000,27,27,119,0090,2020_block_count_centroids
POLK - 0095,01B,01B,1.0000000000,31,31,119,0095,2020_block_count_centroids
POLK - 0100,01B,01B,1.0000000000,17,17,119,0100,2020_block_count_centroids
POLK - 0105,01B,01B,1.0000000000,44,44,119,0105,2020_block_count_centroids
POLK - 0110,01B,01B,1.0000000000,49,49,119,0110,2020_block_count_centroids
POLK - 0120,01B,01B,1.0000000000,64,64,119,0120,2020_block_count_centroids
POLK - 0130,01B,01B,1.0000000000,53,53,119,0130,2020_block_count_centroids
POLK - 0140,01B,01B,1.0000000000,27,27,119,0140,2020_block_count_centroids
POLK - 0150,01B,01B,1.0000000000,25,25,119,0150,2020_block_count_centroids
POLK - 0160,01B,01B,1.0000000000,37,37,119,0160,2020_block_count_centroids
POLK - 0165,01B,01B,1.0000000000,30,30,119,0165,2020_block_count_centroids
POLK - 0170,01B,01B,1.0000000000,33,33,119,0170,2020_block_count_centroids
POLK - 0175,01B,01B,1.0000000000,46,46,119,0175,2020_block_count_centroids
POLK - 0180,01B,01B,1.0000000000,61,61,119,0180,2020_block_count_centroids
POLK - 0185,01B,01B,1.0000000000,40,40,119,0185,2020_block_count_centroids
POLK - 0190,01B,01B,1.0000000000,30,30,119,0190,2020_block_count_centroids
POLK - 0195,01B,01B,1.0000000000,56,56,119,0195,2020_block_count_centroids
POLK - 0200,01B,01B,1.0000000000,16,16,119,0200,2020_block_count_centroids
POLK - 0205,01B,01B,1.0000000000,50,50,119,0205,2020_block_count_centroids
POLK - 0210,01B,01B,1.0000000000,37,37,119,0210,2020_block_count_centroids
POLK - 0215,01B,01B,1.0000000000,48,48,119,0215,2020_block_count_centroids
POLK - 0220,01B,01B,1.0000000000,51,51,119,0220,2020_block_count_centroids
POLK - 0225,01B,01B,1.0000000000,49,49,119,0225,2020_block_count_centroids
POLK - 0230,01B,01B,1.0000000000,38,38,119,0230,2020_block_count_centroids
POLK - 0235,01B,01B,1.0000000000,33,33,119,0235,2020_block_count_centroids
POLK - 0240,01B,01B,1.0000000000,23,23,119,0240,2020_block_count_centroids
POLK - 0245,01B,01B,1.0000000000,54,54,119,0245,2020_block_count_centroids
POLK - 0250,01B,01B,1.0000000000,23,23,119,0250,2020_block_count_centroids
POLK - 0255,01B,01B,1.0000000000,40,40,119,0255,2020_block_count_centroids
POLK - 0260,01B,01B,1.0000000000,37,37,119,0260,2020_block_count_centroids
POLK - 0265,01B,01B,1.0000000000,19,19,119,0265,2020_block_count_centroids
POLK - 0270,01B,01B,1.0000000000,21,21,119,0270,2020_block_count_centroids
POLK - 0275,01B,01B,1.0000000000,44,44,119,0275,2020_block_count_centroids
POLK - 0280,01B,01B,1.0000000000,47,47,119,0280,2020_block_count_centroids
POLK - 0285,01B,01B,1.0000000000,75,75,119,0285,2020_block_count_centroids
POLK - 0290,01B,01B,1.0000000000,31,31,119,0290,2020_block_count_centroids
POLK - 0295,01B,01B,1.0000000000,21,21,119,0295,2020_block_count_centroids
POLK - 0300,01B,01B,1.0000000000,47,47,119,0300,2020_block_count_centroids
POLK - 0305,01B,01B,1.0000000000,37,37,119,0305,2020_block_count_centroids
POLK - 0310,01B,01B,1.0000000000,59,59,119,0310,2020_block_count_centroids
POLK - 0315,01B,01B,1.0000000000,16,16,119,0315,2020_block_count_centroids
POLK - 0320,01B,01B,1.0000000000,30,30,119,0320,2020_block_count_centroids
POLK - 0325,01B,01B,1.0000000000,26,26,119,0325,2020_block_count_centroids
POLK - 0330,01B,01B,1.0000000000,62,62,119,0330,2020_block_count_centroids
POLK - 0335,01B,01B,1.0000000000,44,44,119,0335,2020_block_count_centroids
POLK - 0340,01B,01B,1.0000000000,30,30,119,0340,2020_block_count_centroids
POLK - 0345,01B,01B,1.0000000000,48,48,119,0345,2020_block_count_centroids
POLK - 0350,01B,01B,1.0000000000,9,9,119,0350,2020_block_count_centroids
POLK - 0355,01B,01B,1.0000000000,59,59,119,0355,2020_block_count_centroids
POLK - 0360,01B,01B,1.0000000000,21,21,119,0360,2020_block_count_centroids
POLK - 0365,01B,01B,1.0000000000,33,33,119,0365,2020_block_count_centroids
POLK - 0370,01B,01B,1.0000000000,37,37,119,0370,2020_block_count_centroids
POLK - 0375,01B,01B,1.0000000000,34,34,119,0375,2020_block_count_centroids
POLK - 0380,01B,01B,1.0000000000,7,7,119,0380,2020_block_count_centroids
POLK - 0385,01B,01B,1.0000000000,51,51,119,0385,2020_block_count_centroids
POLK - 0390,01B,01B,1.0000000000,51,51,119,0390,2020_block_count_centroids
POLK - 0395,01B,01B,1.0000000000,39,39,119,0395,2020_block_count_centroids
POLK - 0400,01B,01B,1.0000000000,21,21,119,0400,2020_block_count_centroids
POLK - 0405,01B,01B,1.0000000000,35,35,119,0405,2020_block_count_centroids
POLK - 0410,01B,01B,1.0000000000,42,42,119,0410,2020_block_count_centroids
POLK - 0415,01B,01B,1.0000000000,54,54,119,0415,2020_block_count_centroids
POLK - 0420,01B,01B,1.0000000000,38,38,119,0420,2020_block_count_centroids
POLK - 0430,01B,01B,1.0000000000,13,13,119,0430,2020_block_count_centroids
POLK - 0435,01B,01B,1.0000000000,14,14,119,0435,2020_block_count_centroids
POLK - 0440,01B,01B,1.0000000000,51,51,119,0440,2020_block_count_centroids
POLK - 0445,01B,01B,1.0000000000,16,16,119,0445,2020_block_count_centroids
POLK - 0450,01B,01B,1.0000000000,47,47,119,0450,2020_block_count_centroids
POLK - 0455,01B,01B,1.0000000000,52,52,119,0455,2020_block_count_centroids
POPE - 0005,12A,12A,1.0000000000,43,43,121,0005,2020_block_count_centroids
POPE - 0010,12A,12A,1.0000000000,21,21,121,0010,2020_block_count_centroids
POPE - 0015,12A,12A,0.9864864865,73,74,121,0015,2020_block_count_centroids
POPE - 0015,12B,12B,0.0135135135,1,74,121,0015,2020_block_count_centroids
POPE - 0020,12A,12A,1.0000000000,36,36,121,0020,2020_block_count_centroids
POPE - 0022,12A,12A,1.0000000000,1,1,121,0022,2020_block_count_centroids
POPE - 0025,12A,12A,1.0000000000,51,51,121,0025,2020_block_count_centroids
POPE - 0030,12A,12A,1.0000000000,25,25,121,0030,2020_block_count_centroids
POPE - 0035,12A,12A,1.0000000000,10,10,121,0035,2020_block_count_centroids
POPE - 0040,12A,12A,1.0000000000,34,34,121,0040,2020_block_count_centroids
POPE - 0045,12A,12A,1.0000000000,58,58,121,0045,2020_block_count_centroids
POPE - 0050,12A,12A,1.0000000000,60,60,121,0050,2020_block_count_centroids
POPE - 0055,12A,12A,1.0000000000,89,89,121,0055,2020_block_count_centroids
POPE - 0060,12A,12A,1.0000000000,44,44,121,0060,2020_block_count_centroids
POPE - 0065,12A,12A,1.0000000000,54,54,121,0065,2020_block_count_centroids
POPE - 0070,12A,12A,1.0000000000,29,29,121,0070,2020_block_count_centroids
POPE - 0075,12A,12A,1.0000000000,44,44,121,0075,2020_block_count_centroids
POPE - 0080,12B,12B,1.0000000000,43,43,121,0080,2020_block_count_centroids
POPE - 0085,12A,12A,1.0000000000,17,17,121,0085,2020_block_count_centroids
POPE - 0090,12A,12A,1.0000000000,15,15,121,0090,2020_block_count_centroids
POPE - 0095,12A,12A,0.9736842105,37,38,121,0095,2020_block_count_centroids
POPE - 0095,12B,12B,0.0263157895,1,38,121,0095,2020_block_count_centroids
POPE - 0100,12A,12A,1.0000000000,45,45,121,0100,2020_block_count_centroids
POPE - 0105,12A,12A,1.0000000000,53,53,121,0105,2020_block_count_centroids
POPE - 0110,12A,12A,0.0784313725,4,51,121,0110,2020_block_count_centroids
POPE - 0110,12B,12B,0.9215686275,47,51,121,0110,2020_block_count_centroids
POPE - 0115,12A,12A,1.0000000000,64,64,121,0115,2020_block_count_centroids
POPE - 0120,12A,12A,1.0000000000,12,12,121,0120,2020_block_count_centroids
POPE - 0125,12A,12A,1.0000000000,83,83,121,0125,2020_block_count_centroids
POPE - 0130,12B,12B,1.0000000000,22,22,121,0130,2020_block_count_centroids
POPE - 0135,12A,12A,1.0000000000,46,46,121,0135,2020_block_count_centroids
POPE - 0140,12B,12B,1.0000000000,12,12,121,0140,2020_block_count_centroids
POPE - 0145,12B,12B,1.0000000000,42,42,121,0145,2020_block_count_centroids
POPE - 0150,12A,12A,1.0000000000,46,46,121,0150,2020_block_count_centroids
RAMSEY - 0005,40A,40A,1.0000000000,31,31,123,0005,2020_block_count_centroids
RAMSEY - 0010,40A,40A,1.0000000000,25,25,123,0010,2020_block_count_centroids
RAMSEY - 0015,39B,39B,0.1111111111,3,27,123,0015,2020_block_count_centroids
RAMSEY - 0015,40A,40A,0.8888888889,24,27,123,0015,2020_block_count_centroids
RAMSEY - 0020,40A,40A,1.0000000000,78,78,123,0020,2020_block_count_centroids
RAMSEY - 0030,40A,40A,1.0000000000,3,3,123,0030,2020_block_count_centroids
RAMSEY - 0035,66A,66A,1.0000000000,65,65,123,0035,2020_block_count_centroids
RAMSEY - 0040,66A,66A,1.0000000000,48,48,123,0040,2020_block_count_centroids
RAMSEY - 0055,36B,36B,1.0000000000,22,22,123,0055,2020_block_count_centroids
RAMSEY - 0060,66A,66A,1.0000000000,40,40,123,0060,2020_block_count_centroids
RAMSEY - 0065,44A,44A,1.0000000000,33,33,123,0065,2020_block_count_centroids
RAMSEY - 0070,44A,44A,1.0000000000,41,41,123,0070,2020_block_count_centroids
RAMSEY - 0071,44A,44A,1.0000000000,50,50,123,0071,2020_block_count_centroids
RAMSEY - 0075,44A,44A,1.0000000000,21,21,123,0075,2020_block_count_centroids
RAMSEY - 0080,44A,44A,1.0000000000,32,32,123,0080,2020_block_count_centroids
RAMSEY - 0085,44A,44A,1.0000000000,28,28,123,0085,2020_block_count_centroids
RAMSEY - 0090,44A,44A,1.0000000000,57,57,123,0090,2020_block_count_centroids
RAMSEY - 0095,44A,44A,1.0000000000,37,37,123,0095,2020_block_count_centroids
RAMSEY - 0100,44A,44A,1.0000000000,37,37,123,0100,2020_block_count_centroids
RAMSEY - 0105,44A,44A,1.0000000000,50,50,123,0105,2020_block_count_centroids
RAMSEY - 0110,44A,44A,0.9743589744,38,39,123,0110,2020_block_count_centroids
RAMSEY - 0110,44B,44B,0.0256410256,1,39,123,0110,2020_block_count_centroids
RAMSEY - 0115,44A,44A,1.0000000000,25,25,123,0115,2020_block_count_centroids
RAMSEY - 0120,44A,44A,1.0000000000,15,15,123,0120,2020_block_count_centroids
RAMSEY - 0125,44A,44A,1.0000000000,16,16,123,0125,2020_block_count_centroids
RAMSEY - 0130,44A,44A,0.3921568627,20,51,123,0130,2020_block_count_centroids
RAMSEY - 0130,44B,44B,0.2156862745,11,51,123,0130,2020_block_count_centroids
RAMSEY - 0130,47A,47A,0.3921568627,20,51,123,0130,2020_block_count_centroids
RAMSEY - 0131,44A,44A,0.1851851852,10,54,123,0131,2020_block_count_centroids
RAMSEY - 0131,44B,44B,0.0370370370,2,54,123,0131,2020_block_count_centroids
RAMSEY - 0131,47A,47A,0.7777777778,42,54,123,0131,2020_block_count_centroids
RAMSEY - 0132,47A,47A,1.0000000000,21,21,123,0132,2020_block_count_centroids
RAMSEY - 0133,47A,47A,1.0000000000,25,25,123,0133,2020_block_count_centroids
RAMSEY - 0134,47A,47A,1.0000000000,28,28,123,0134,2020_block_count_centroids
RAMSEY - 0135,39A,39A,0.0059880240,1,167,123,0135,2020_block_count_centroids
RAMSEY - 0135,40A,40A,0.9940119760,166,167,123,0135,2020_block_count_centroids
RAMSEY - 0155,39B,39B,0.7555555556,68,90,123,0155,2020_block_count_centroids
RAMSEY - 0155,40A,40A,0.2333333333,21,90,123,0155,2020_block_count_centroids
RAMSEY - 0155,40B,40B,0.0111111111,1,90,123,0155,2020_block_count_centroids
RAMSEY - 0160,40A,40A,1.0000000000,44,44,123,0160,2020_block_count_centroids
RAMSEY - 0165,39B,39B,0.9814814815,53,54,123,0165,2020_block_count_centroids
RAMSEY - 0165,40A,40A,0.0185185185,1,54,123,0165,2020_block_count_centroids
RAMSEY - 0170,39B,39B,0.0714285714,1,14,123,0170,2020_block_count_centroids
RAMSEY - 0170,40A,40A,0.9285714286,13,14,123,0170,2020_block_count_centroids
RAMSEY - 0175,39B,39B,1.0000000000,29,29,123,0175,2020_block_count_centroids
RAMSEY - 0180,40A,40A,1.0000000000,33,33,123,0180,2020_block_count_centroids
RAMSEY - 0181,39B,39B,1.0000000000,21,21,123,0181,2020_block_count_centroids
RAMSEY - 0185,36A,36A,0.9789473684,93,95,123,0185,2020_block_count_centroids
RAMSEY - 0185,36B,36B,0.0210526316,2,95,123,0185,2020_block_count_centroids
RAMSEY - 0190,44B,44B,1.0000000000,72,72,123,0190,2020_block_count_centroids
RAMSEY - 0195,44B,44B,1.0000000000,48,48,123,0195,2020_block_count_centroids
RAMSEY - 0200,44B,44B,1.0000000000,39,39,123,0200,2020_block_count_centroids
RAMSEY - 0205,44A,44A,0.0238095238,1,42,123,0205,2020_block_count_centroids
RAMSEY - 0205,44B,44B,0.9761904762,41,42,123,0205,2020_block_count_centroids
RAMSEY - 0210,40B,40B,1.0000000000,37,37,123,0210,2020_block_count_centroids
RAMSEY - 0215,40B,40B,1.0000000000,40,40,123,0215,2020_block_count_centroids
RAMSEY - 0220,40B,40B,1.0000000000,45,45,123,0220,2020_block_count_centroids
RAMSEY - 0225,40B,40B,1.0000000000,53,53,123,0225,2020_block_count_centroids
RAMSEY - 0230,40B,40B,1.0000000000,32,32,123,0230,2020_block_count_centroids
RAMSEY - 0235,40B,40B,1.0000000000,32,32,123,0235,2020_block_count_centroids
RAMSEY - 0240,40B,40B,0.0204081633,1,49,123,0240,2020_block_count_centroids
RAMSEY - 0240,66A,66A,0.9795918367,48,49,123,0240,2020_block_count_centroids
RAMSEY - 0245,40B,40B,0.5283018868,28,53,123,0245,2020_block_count_centroids
RAMSEY - 0245,66A,66A,0.4716981132,25,53,123,0245,2020_block_count_centroids
RAMSEY - 0250,40B,40B,0.3571428571,30,84,123,0250,2020_block_count_centroids
RAMSEY - 0250,66A,66A,0.6428571429,54,84,123,0250,2020_block_count_centroids
RAMSEY - 0251,40B,40B,1.0000000000,59,59,123,0251,2020_block_count_centroids
RAMSEY - 0255,39B,39B,1.0000000000,27,27,123,0255,2020_block_count_centroids
RAMSEY - 0265,65A,65A,0.6562500000,21,32,123,0265,2020_block_count_centroids
RAMSEY - 0265,66A,66A,0.3437500000,11,32,123,0265,2020_block_count_centroids
RAMSEY - 0270,65A,65A,1.0000000000,20,20,123,0270,2020_block_count_centroids
RAMSEY - 0275,65A,65A,1.0000000000,43,43,123,0275,2020_block_count_centroids
RAMSEY - 0285,65A,65A,0.9000000000,27,30,123,0285,2020_block_count_centroids
RAMSEY - 0285,65B,65B,0.1000000000,3,30,123,0285,2020_block_count_centroids
RAMSEY - 0290,65A,65A,0.6666666667,24,36,123,0290,2020_block_count_centroids
RAMSEY - 0290,66A,66A,0.3333333333,12,36,123,0290,2020_block_count_centroids
RAMSEY - 0295,65A,65A,1.0000000000,24,24,123,0295,2020_block_count_centroids
RAMSEY - 0300,65A,65A,1.0000000000,35,35,123,0300,2020_block_count_centroids
RAMSEY - 0305,65A,65A,1.0000000000,22,22,123,0305,2020_block_count_centroids
RAMSEY - 0315,65A,65A,1.0000000000,11,11,123,0315,2020_block_count_centroids
RAMSEY - 0320,65A,65A,1.0000000000,39,39,123,0320,2020_block_count_centroids
RAMSEY - 0335,65A,65A,0.9354838710,29,31,123,0335,2020_block_count_centroids
RAMSEY - 0335,65B,65B,0.0645161290,2,31,123,0335,2020_block_count_centroids
RAMSEY - 0340,64A,64A,0.7142857143,20,28,123,0340,2020_block_count_centroids
RAMSEY - 0340,65A,65A,0.2857142857,8,28,123,0340,2020_block_count_centroids
RAMSEY - 0345,65A,65A,1.0000000000,27,27,123,0345,2020_block_count_centroids
RAMSEY - 0350,65A,65A,1.0000000000,23,23,123,0350,2020_block_count_centroids
RAMSEY - 0355,64A,64A,1.0000000000,19,19,123,0355,2020_block_count_centroids
RAMSEY - 0360,64A,64A,1.0000000000,23,23,123,0360,2020_block_count_centroids
RAMSEY - 0365,64A,64A,1.0000000000,19,19,123,0365,2020_block_count_centroids
RAMSEY - 0370,64A,64A,1.0000000000,26,26,123,0370,2020_block_count_centroids
RAMSEY - 0380,64A,64A,1.0000000000,37,37,123,0380,2020_block_count_centroids
RAMSEY - 0390,64A,64A,1.0000000000,39,39,123,0390,2020_block_count_centroids
RAMSEY - 0395,64A,64A,1.0000000000,32,32,123,0395,2020_block_count_centroids
RAMSEY - 0405,65B,65B,1.0000000000,79,79,123,0405,2020_block_count_centroids
RAMSEY - 0410,65B,65B,1.0000000000,117,117,123,0410,2020_block_count_centroids
RAMSEY - 0415,64A,64A,0.0465116279,2,43,123,0415,2020_block_count_centroids
RAMSEY - 0415,64B,64B,0.9534883721,41,43,123,0415,2020_block_count_centroids
RAMSEY - 0425,64A,64A,0.0196078431,1,51,123,0425,2020_block_count_centroids
RAMSEY - 0425,64B,64B,0.6274509804,32,51,123,0425,2020_block_count_centroids
RAMSEY - 0425,65B,65B,0.3529411765,18,51,123,0425,2020_block_count_centroids
RAMSEY - 0430,65B,65B,1.0000000000,58,58,123,0430,2020_block_count_centroids
RAMSEY - 0435,64A,64A,0.1168831169,9,77,123,0435,2020_block_count_centroids
RAMSEY - 0435,64B,64B,0.0519480519,4,77,123,0435,2020_block_count_centroids
RAMSEY - 0435,65B,65B,0.8311688312,64,77,123,0435,2020_block_count_centroids
RAMSEY - 0440,64B,64B,1.0000000000,21,21,123,0440,2020_block_count_centroids
RAMSEY - 0445,64B,64B,1.0000000000,16,16,123,0445,2020_block_count_centroids
RAMSEY - 0450,64B,64B,1.0000000000,70,70,123,0450,2020_block_count_centroids
RAMSEY - 0460,65B,65B,1.0000000000,49,49,123,0460,2020_block_count_centroids
RAMSEY - 0465,65B,65B,1.0000000000,97,97,123,0465,2020_block_count_centroids
RAMSEY - 0470,65B,65B,1.0000000000,38,38,123,0470,2020_block_count_centroids
RAMSEY - 0475,65B,65B,1.0000000000,71,71,123,0475,2020_block_count_centroids
RAMSEY - 0480,65B,65B,1.0000000000,53,53,123,0480,2020_block_count_centroids
RAMSEY - 0490,64A,64A,1.0000000000,17,17,123,0490,2020_block_count_centroids
RAMSEY - 0491,64A,64A,1.0000000000,17,17,123,0491,2020_block_count_centroids
RAMSEY - 0500,64B,64B,1.0000000000,29,29,123,0500,2020_block_count_centroids
RAMSEY - 0505,64A,64A,0.5151515152,17,33,123,0505,2020_block_count_centroids
RAMSEY - 0505,64B,64B,0.4848484848,16,33,123,0505,2020_block_count_centroids
RAMSEY - 0510,64A,64A,1.0000000000,28,28,123,0510,2020_block_count_centroids
RAMSEY - 0515,64B,64B,1.0000000000,34,34,123,0515,2020_block_count_centroids
RAMSEY - 0520,64B,64B,1.0000000000,24,24,123,0520,2020_block_count_centroids
RAMSEY - 0525,64B,64B,1.0000000000,22,22,123,0525,2020_block_count_centroids
RAMSEY - 0530,64B,64B,1.0000000000,32,32,123,0530,2020_block_count_centroids
RAMSEY - 0540,64A,64A,0.4285714286,12,28,123,0540,2020_block_count_centroids
RAMSEY - 0540,64B,64B,0.5714285714,16,28,123,0540,2020_block_count_centroids
RAMSEY - 0545,64B,64B,1.0000000000,26,26,123,0545,2020_block_count_centroids
RAMSEY - 0550,64B,64B,1.0000000000,27,27,123,0550,2020_block_count_centroids
RAMSEY - 0560,64B,64B,1.0000000000,38,38,123,0560,2020_block_count_centroids
RAMSEY - 0570,64B,64B,1.0000000000,23,23,123,0570,2020_block_count_centroids
RAMSEY - 0580,64B,64B,1.0000000000,28,28,123,0580,2020_block_count_centroids
RAMSEY - 0585,64B,64B,1.0000000000,35,35,123,0585,2020_block_count_centroids
RAMSEY - 0595,64B,64B,1.0000000000,41,41,123,0595,2020_block_count_centroids
RAMSEY - 0600,64B,64B,1.0000000000,30,30,123,0600,2020_block_count_centroids
RAMSEY - 0610,66A,66A,1.0000000000,57,57,123,0610,2020_block_count_centroids
RAMSEY - 0615,66A,66A,1.0000000000,46,46,123,0615,2020_block_count_centroids
RAMSEY - 0620,66A,66A,1.0000000000,32,32,123,0620,2020_block_count_centroids
RAMSEY - 0625,66A,66A,1.0000000000,22,22,123,0625,2020_block_count_centroids
RAMSEY - 0630,66A,66A,1.0000000000,95,95,123,0630,2020_block_count_centroids
RAMSEY - 0635,66A,66A,1.0000000000,42,42,123,0635,2020_block_count_centroids
RAMSEY - 0645,66A,66A,1.0000000000,32,32,123,0645,2020_block_count_centroids
RAMSEY - 0650,65A,65A,0.6388888889,23,36,123,0650,2020_block_count_centroids
RAMSEY - 0650,66A,66A,0.3611111111,13,36,123,0650,2020_block_count_centroids
RAMSEY - 0655,65A,65A,0.5714285714,16,28,123,0655,2020_block_count_centroids
RAMSEY - 0655,66A,66A,0.4285714286,12,28,123,0655,2020_block_count_centroids
RAMSEY - 0660,64A,64A,0.9791666667,47,48,123,0660,2020_block_count_centroids
RAMSEY - 0660,66A,66A,0.0208333333,1,48,123,0660,2020_block_count_centroids
RAMSEY - 0670,65A,65A,0.1081081081,4,37,123,0670,2020_block_count_centroids
RAMSEY - 0670,66A,66A,0.8918918919,33,37,123,0670,2020_block_count_centroids
RAMSEY - 0675,64A,64A,0.9272727273,51,55,123,0675,2020_block_count_centroids
RAMSEY - 0675,65A,65A,0.0727272727,4,55,123,0675,2020_block_count_centroids
RAMSEY - 0680,64A,64A,0.9117647059,31,34,123,0680,2020_block_count_centroids
RAMSEY - 0680,66A,66A,0.0882352941,3,34,123,0680,2020_block_count_centroids
RAMSEY - 0685,64A,64A,1.0000000000,25,25,123,0685,2020_block_count_centroids
RAMSEY - 0690,64A,64A,0.9787234043,46,47,123,0690,2020_block_count_centroids
RAMSEY - 0690,66A,66A,0.0212765957,1,47,123,0690,2020_block_count_centroids
RAMSEY - 0695,64A,64A,1.0000000000,27,27,123,0695,2020_block_count_centroids
RAMSEY - 0705,64A,64A,1.0000000000,57,57,123,0705,2020_block_count_centroids
RAMSEY - 0715,64A,64A,1.0000000000,20,20,123,0715,2020_block_count_centroids
RAMSEY - 0720,66A,66A,0.5000000000,11,22,123,0720,2020_block_count_centroids
RAMSEY - 0720,66B,66B,0.5000000000,11,22,123,0720,2020_block_count_centroids
RAMSEY - 0725,66B,66B,1.0000000000,46,46,123,0725,2020_block_count_centroids
RAMSEY - 0735,66B,66B,1.0000000000,20,20,123,0735,2020_block_count_centroids
RAMSEY - 0740,66B,66B,1.0000000000,35,35,123,0740,2020_block_count_centroids
RAMSEY - 0745,66B,66B,1.0000000000,20,20,123,0745,2020_block_count_centroids
RAMSEY - 0750,65A,65A,0.5588235294,19,34,123,0750,2020_block_count_centroids
RAMSEY - 0750,66B,66B,0.4411764706,15,34,123,0750,2020_block_count_centroids
RAMSEY - 0755,65A,65A,0.1000000000,2,20,123,0755,2020_block_count_centroids
RAMSEY - 0755,66B,66B,0.9000000000,18,20,123,0755,2020_block_count_centroids
RAMSEY - 0760,66B,66B,1.0000000000,24,24,123,0760,2020_block_count_centroids
RAMSEY - 0770,66B,66B,1.0000000000,51,51,123,0770,2020_block_count_centroids
RAMSEY - 0775,66B,66B,1.0000000000,39,39,123,0775,2020_block_count_centroids
RAMSEY - 0780,65A,65A,0.8600000000,43,50,123,0780,2020_block_count_centroids
RAMSEY - 0780,66B,66B,0.1400000000,7,50,123,0780,2020_block_count_centroids
RAMSEY - 0795,65A,65A,0.2156862745,11,51,123,0795,2020_block_count_centroids
RAMSEY - 0795,66A,66A,0.1960784314,10,51,123,0795,2020_block_count_centroids
RAMSEY - 0795,66B,66B,0.5882352941,30,51,123,0795,2020_block_count_centroids
RAMSEY - 0800,65A,65A,0.9302325581,40,43,123,0800,2020_block_count_centroids
RAMSEY - 0800,66B,66B,0.0697674419,3,43,123,0800,2020_block_count_centroids
RAMSEY - 0805,65A,65A,1.0000000000,45,45,123,0805,2020_block_count_centroids
RAMSEY - 0810,65A,65A,0.1136363636,5,44,123,0810,2020_block_count_centroids
RAMSEY - 0810,65B,65B,0.1136363636,5,44,123,0810,2020_block_count_centroids
RAMSEY - 0810,66B,66B,0.7727272727,34,44,123,0810,2020_block_count_centroids
RAMSEY - 0815,66B,66B,1.0000000000,24,24,123,0815,2020_block_count_centroids
RAMSEY - 0820,66B,66B,1.0000000000,46,46,123,0820,2020_block_count_centroids
RAMSEY - 0825,66B,66B,0.9056603774,48,53,123,0825,2020_block_count_centroids
RAMSEY - 0825,67A,67A,0.0943396226,5,53,123,0825,2020_block_count_centroids
RAMSEY - 0830,67A,67A,1.0000000000,38,38,123,0830,2020_block_count_centroids
RAMSEY - 0840,67A,67A,1.0000000000,39,39,123,0840,2020_block_count_centroids
RAMSEY - 0845,67A,67A,1.0000000000,34,34,123,0845,2020_block_count_centroids
RAMSEY - 0850,67A,67A,1.0000000000,49,49,123,0850,2020_block_count_centroids
RAMSEY - 0855,66B,66B,1.0000000000,38,38,123,0855,2020_block_count_centroids
RAMSEY - 0860,67A,67A,1.0000000000,26,26,123,0860,2020_block_count_centroids
RAMSEY - 0865,67A,67A,1.0000000000,19,19,123,0865,2020_block_count_centroids
RAMSEY - 0870,67A,67A,1.0000000000,41,41,123,0870,2020_block_count_centroids
RAMSEY - 0890,66B,66B,0.6363636364,21,33,123,0890,2020_block_count_centroids
RAMSEY - 0890,67A,67A,0.3636363636,12,33,123,0890,2020_block_count_centroids
RAMSEY - 0895,66B,66B,0.6388888889,23,36,123,0895,2020_block_count_centroids
RAMSEY - 0895,67A,67A,0.3611111111,13,36,123,0895,2020_block_count_centroids
RAMSEY - 0900,67A,67A,1.0000000000,40,40,123,0900,2020_block_count_centroids
RAMSEY - 0905,65B,65B,0.7941176471,27,34,123,0905,2020_block_count_centroids
RAMSEY - 0905,67A,67A,0.0882352941,3,34,123,0905,2020_block_count_centroids
RAMSEY - 0905,67B,67B,0.1176470588,4,34,123,0905,2020_block_count_centroids
RAMSEY - 0910,67A,67A,1.0000000000,16,16,123,0910,2020_block_count_centroids
RAMSEY - 0915,67A,67A,1.0000000000,34,34,123,0915,2020_block_count_centroids
RAMSEY - 0920,67A,67A,0.7619047619,32,42,123,0920,2020_block_count_centroids
RAMSEY - 0920,67B,67B,0.2380952381,10,42,123,0920,2020_block_count_centroids
RAMSEY - 0925,67A,67A,1.0000000000,42,42,123,0925,2020_block_count_centroids
RAMSEY - 0930,67A,67A,0.1739130435,8,46,123,0930,2020_block_count_centroids
RAMSEY - 0930,67B,67B,0.8260869565,38,46,123,0930,2020_block_count_centroids
RAMSEY - 0940,67A,67A,0.1458333333,7,48,123,0940,2020_block_count_centroids
RAMSEY - 0940,67B,67B,0.8541666667,41,48,123,0940,2020_block_count_centroids
RAMSEY - 0945,67B,67B,1.0000000000,39,39,123,0945,2020_block_count_centroids
RAMSEY - 0950,67A,67A,0.2407407407,13,54,123,0950,2020_block_count_centroids
RAMSEY - 0950,67B,67B,0.7592592593,41,54,123,0950,2020_block_count_centroids
RAMSEY - 0955,67B,67B,1.0000000000,45,45,123,0955,2020_block_count_centroids
RAMSEY - 0960,67B,67B,1.0000000000,20,20,123,0960,2020_block_count_centroids
RAMSEY - 0965,47A,47A,0.0416666667,1,24,123,0965,2020_block_count_centroids
RAMSEY - 0965,67B,67B,0.9583333333,23,24,123,0965,2020_block_count_centroids
RAMSEY - 0970,67B,67B,1.0000000000,21,21,123,0970,2020_block_count_centroids
RAMSEY - 0975,67B,67B,1.0000000000,32,32,123,0975,2020_block_count_centroids
RAMSEY - 0985,67B,67B,1.0000000000,28,28,123,0985,2020_block_count_centroids
RAMSEY - 0990,67B,67B,1.0000000000,79,79,123,0990,2020_block_count_centroids
RAMSEY - 0995,67B,67B,1.0000000000,22,22,123,0995,2020_block_count_centroids
RAMSEY - 1005,67B,67B,1.0000000000,27,27,123,1005,2020_block_count_centroids
RAMSEY - 1010,67B,67B,1.0000000000,22,22,123,1010,2020_block_count_centroids
RAMSEY - 1015,40B,40B,1.0000000000,30,30,123,1015,2020_block_count_centroids
RAMSEY - 1020,40B,40B,1.0000000000,48,48,123,1020,2020_block_count_centroids
RAMSEY - 1025,40B,40B,1.0000000000,34,34,123,1025,2020_block_count_centroids
RAMSEY - 1030,40A,40A,0.0238095238,1,42,123,1030,2020_block_count_centroids
RAMSEY - 1030,40B,40B,0.9761904762,41,42,123,1030,2020_block_count_centroids
RAMSEY - 1035,40A,40A,0.9824561404,56,57,123,1035,2020_block_count_centroids
RAMSEY - 1035,40B,40B,0.0175438596,1,57,123,1035,2020_block_count_centroids
RAMSEY - 1040,40A,40A,1.0000000000,89,89,123,1040,2020_block_count_centroids
RAMSEY - 1050,39A,39A,0.6666666667,2,3,123,1050,2020_block_count_centroids
RAMSEY - 1050,40A,40A,0.3333333333,1,3,123,1050,2020_block_count_centroids
RAMSEY - 1055,36B,36B,0.9534883721,41,43,123,1055,2020_block_count_centroids
RAMSEY - 1055,44A,44A,0.0465116279,2,43,123,1055,2020_block_count_centroids
RAMSEY - 1060,36B,36B,1.0000000000,62,62,123,1060,2020_block_count_centroids
RAMSEY - 1065,36B,36B,1.0000000000,41,41,123,1065,2020_block_count_centroids
RAMSEY - 1070,36B,36B,0.9642857143,27,28,123,1070,2020_block_count_centroids
RAMSEY - 1070,44A,44A,0.0357142857,1,28,123,1070,2020_block_count_centroids
RAMSEY - 1075,36B,36B,1.0000000000,70,70,123,1075,2020_block_count_centroids
RAMSEY - 1076,36B,36B,1.0000000000,27,27,123,1076,2020_block_count_centroids
RAMSEY - 1080,36B,36B,1.0000000000,124,124,123,1080,2020_block_count_centroids
RAMSEY - 1085,36B,36B,1.0000000000,59,59,123,1085,2020_block_count_centroids
RAMSEY - 1090,36B,36B,0.9807692308,51,52,123,1090,2020_block_count_centroids
RAMSEY - 1090,44A,44A,0.0192307692,1,52,123,1090,2020_block_count_centroids
RAMSEY - 1095,36B,36B,1.0000000000,74,74,123,1095,2020_block_count_centroids
RAMSEY - 1100,36A,36A,0.5918367347,29,49,123,1100,2020_block_count_centroids
RAMSEY - 1100,36B,36B,0.4081632653,20,49,123,1100,2020_block_count_centroids
RAMSEY - 1105,36A,36A,0.9565217391,88,92,123,1105,2020_block_count_centroids
RAMSEY - 1105,36B,36B,0.0434782609,4,92,123,1105,2020_block_count_centroids
RAMSEY - 1110,36B,36B,1.0000000000,27,27,123,1110,2020_block_count_centroids
RAMSEY - 1115,36B,36B,1.0000000000,14,14,123,1115,2020_block_count_centroids
RAMSEY - 1120,36B,36B,1.0000000000,7,7,123,1120,2020_block_count_centroids
RED LAKE - 0005,01B,01B,1.0000000000,19,19,125,0005,2020_block_count_centroids
RED LAKE - 0010,01B,01B,1.0000000000,11,11,125,0010,2020_block_count_centroids
RED LAKE - 0015,01B,01B,1.0000000000,46,46,125,0015,2020_block_count_centroids
RED LAKE - 0020,01B,01B,1.0000000000,54,54,125,0020,2020_block_count_centroids
RED LAKE - 0025,01B,01B,1.0000000000,51,51,125,0025,2020_block_count_centroids
RED LAKE - 0030,01B,01B,1.0000000000,31,31,125,0030,2020_block_count_centroids
RED LAKE - 0035,01B,01B,1.0000000000,36,36,125,0035,2020_block_count_centroids
RED LAKE - 0040,01B,01B,1.0000000000,47,47,125,0040,2020_block_count_centroids
RED LAKE - 0045,01B,01B,1.0000000000,40,40,125,0045,2020_block_count_centroids
RED LAKE - 0050,01B,01B,1.0000000000,35,35,125,0050,2020_block_count_centroids
RED LAKE - 0055,01B,01B,1.0000000000,26,26,125,0055,2020_block_count_centroids
RED LAKE - 0060,01B,01B,1.0000000000,64,64,125,0060,2020_block_count_centroids
RED LAKE - 0065,01B,01B,1.0000000000,27,27,125,0065,2020_block_count_centroids
RED LAKE - 0070,01B,01B,1.0000000000,26,26,125,0070,2020_block_count_centroids
RED LAKE - 0075,01B,01B,1.0000000000,31,31,125,0075,2020_block_count_centroids
RED LAKE - 0080,01B,01B,1.0000000000,16,16,125,0080,2020_block_count_centroids
RED LAKE - 0085,01B,01B,1.0000000000,24,24,125,0085,2020_block_count_centroids
RED LAKE - 0090,01B,01B,1.0000000000,16,16,125,0090,2020_block_count_centroids
RED LAKE - 0095,01B,01B,1.0000000000,39,39,125,0095,2020_block_count_centroids
RED LAKE - 0100,01B,01B,1.0000000000,12,12,125,0100,2020_block_count_centroids
REDWOOD - 0005,15B,15B,1.0000000000,21,21,127,0005,2020_block_count_centroids
REDWOOD - 0010,15B,15B,1.0000000000,51,51,127,0010,2020_block_count_centroids
REDWOOD - 0015,15B,15B,1.0000000000,55,55,127,0015,2020_block_count_centroids
REDWOOD - 0020,15B,15B,1.0000000000,22,22,127,0020,2020_block_count_centroids
REDWOOD - 0025,15B,15B,1.0000000000,22,22,127,0025,2020_block_count_centroids
REDWOOD - 0030,15B,15B,1.0000000000,51,51,127,0030,2020_block_count_centroids
REDWOOD - 0035,15B,15B,1.0000000000,68,68,127,0035,2020_block_count_centroids
REDWOOD - 0040,15B,15B,1.0000000000,60,60,127,0040,2020_block_count_centroids
REDWOOD - 0045,15B,15B,1.0000000000,20,20,127,0045,2020_block_count_centroids
REDWOOD - 0050,15B,15B,1.0000000000,48,48,127,0050,2020_block_count_centroids
REDWOOD - 0055,15B,15B,1.0000000000,47,47,127,0055,2020_block_count_centroids
REDWOOD - 0060,15B,15B,1.0000000000,82,82,127,0060,2020_block_count_centroids
REDWOOD - 0065,15B,15B,1.0000000000,49,49,127,0065,2020_block_count_centroids
REDWOOD - 0070,15B,15B,1.0000000000,13,13,127,0070,2020_block_count_centroids
REDWOOD - 0075,15B,15B,1.0000000000,24,24,127,0075,2020_block_count_centroids
REDWOOD - 0080,15B,15B,1.0000000000,47,47,127,0080,2020_block_count_centroids
REDWOOD - 0085,15B,15B,1.0000000000,39,39,127,0085,2020_block_count_centroids
REDWOOD - 0090,15B,15B,1.0000000000,55,55,127,0090,2020_block_count_centroids
REDWOOD - 0095,15B,15B,1.0000000000,58,58,127,0095,2020_block_count_centroids
REDWOOD - 0105,15B,15B,1.0000000000,114,114,127,0105,2020_block_count_centroids
REDWOOD - 0110,15B,15B,1.0000000000,77,77,127,0110,2020_block_count_centroids
REDWOOD - 0115,15B,15B,1.0000000000,61,61,127,0115,2020_block_count_centroids
REDWOOD - 0120,15B,15B,1.0000000000,81,81,127,0120,2020_block_count_centroids
REDWOOD - 0125,15B,15B,1.0000000000,49,49,127,0125,2020_block_count_centroids
REDWOOD - 0130,15B,15B,1.0000000000,17,17,127,0130,2020_block_count_centroids
REDWOOD - 0135,15B,15B,1.0000000000,50,50,127,0135,2020_block_count_centroids
REDWOOD - 0140,15B,15B,1.0000000000,20,20,127,0140,2020_block_count_centroids
REDWOOD - 0145,15B,15B,1.0000000000,77,77,127,0145,2020_block_count_centroids
REDWOOD - 0150,15B,15B,1.0000000000,44,44,127,0150,2020_block_count_centroids
REDWOOD - 0155,15B,15B,1.0000000000,54,54,127,0155,2020_block_count_centroids
REDWOOD - 0160,15B,15B,1.0000000000,60,60,127,0160,2020_block_count_centroids
REDWOOD - 0165,15B,15B,1.0000000000,21,21,127,0165,2020_block_count_centroids
REDWOOD - 0170,15B,15B,1.0000000000,51,51,127,0170,2020_block_count_centroids
REDWOOD - 0175,15B,15B,1.0000000000,64,64,127,0175,2020_block_count_centroids
REDWOOD - 0180,15B,15B,1.0000000000,48,48,127,0180,2020_block_count_centroids
REDWOOD - 0185,15B,15B,1.0000000000,34,34,127,0185,2020_block_count_centroids
REDWOOD - 0190,15B,15B,1.0000000000,78,78,127,0190,2020_block_count_centroids
REDWOOD - 0195,15B,15B,1.0000000000,46,46,127,0195,2020_block_count_centroids
REDWOOD - 0200,15B,15B,1.0000000000,51,51,127,0200,2020_block_count_centroids
REDWOOD - 0205,15B,15B,1.0000000000,18,18,127,0205,2020_block_count_centroids
REDWOOD - 0210,15B,15B,1.0000000000,50,50,127,0210,2020_block_count_centroids
REDWOOD - 0215,15B,15B,1.0000000000,47,47,127,0215,2020_block_count_centroids
REDWOOD - 0220,15B,15B,1.0000000000,51,51,127,0220,2020_block_count_centroids
RENVILLE - 0005,16A,16A,1.0000000000,53,53,129,0005,2020_block_count_centroids
RENVILLE - 0010,16A,16A,1.0000000000,47,47,129,0010,2020_block_count_centroids
RENVILLE - 0015,16A,16A,1.0000000000,53,53,129,0015,2020_block_count_centroids
RENVILLE - 0020,16A,16A,1.0000000000,83,83,129,0020,2020_block_count_centroids
RENVILLE - 0025,16A,16A,1.0000000000,41,41,129,0025,2020_block_count_centroids
RENVILLE - 0030,16A,16A,1.0000000000,55,55,129,0030,2020_block_count_centroids
RENVILLE - 0035,16A,16A,1.0000000000,54,54,129,0035,2020_block_count_centroids
RENVILLE - 0040,16A,16A,1.0000000000,55,55,129,0040,2020_block_count_centroids
RENVILLE - 0045,16A,16A,1.0000000000,58,58,129,0045,2020_block_count_centroids
RENVILLE - 0050,16A,16A,1.0000000000,71,71,129,0050,2020_block_count_centroids
RENVILLE - 0055,16A,16A,1.0000000000,55,55,129,0055,2020_block_count_centroids
RENVILLE - 0060,16A,16A,1.0000000000,29,29,129,0060,2020_block_count_centroids
RENVILLE - 0065,16A,16A,1.0000000000,54,54,129,0065,2020_block_count_centroids
RENVILLE - 0070,16A,16A,1.0000000000,49,49,129,0070,2020_block_count_centroids
RENVILLE - 0075,16A,16A,1.0000000000,84,84,129,0075,2020_block_count_centroids
RENVILLE - 0080,16A,16A,1.0000000000,81,81,129,0080,2020_block_count_centroids
RENVILLE - 0085,16A,16A,1.0000000000,41,41,129,0085,2020_block_count_centroids
RENVILLE - 0090,16A,16A,1.0000000000,53,53,129,0090,2020_block_count_centroids
RENVILLE - 0095,16A,16A,1.0000000000,81,81,129,0095,2020_block_count_centroids
RENVILLE - 0100,16A,16A,1.0000000000,57,57,129,0100,2020_block_count_centroids
RENVILLE - 0105,16A,16A,1.0000000000,63,63,129,0105,2020_block_count_centroids
RENVILLE - 0110,16A,16A,1.0000000000,30,30,129,0110,2020_block_count_centroids
RENVILLE - 0115,16A,16A,1.0000000000,44,44,129,0115,2020_block_count_centroids
RENVILLE - 0120,16A,16A,1.0000000000,56,56,129,0120,2020_block_count_centroids
RENVILLE - 0125,16A,16A,1.0000000000,39,39,129,0125,2020_block_count_centroids
RENVILLE - 0130,16A,16A,1.0000000000,42,42,129,0130,2020_block_count_centroids
RENVILLE - 0135,16A,16A,1.0000000000,134,134,129,0135,2020_block_count_centroids
RENVILLE - 0140,16A,16A,1.0000000000,55,55,129,0140,2020_block_count_centroids
RENVILLE - 0145,16A,16A,1.0000000000,41,41,129,0145,2020_block_count_centroids
RENVILLE - 0150,16A,16A,1.0000000000,57,57,129,0150,2020_block_count_centroids
RENVILLE - 0155,16A,16A,1.0000000000,69,69,129,0155,2020_block_count_centroids
RENVILLE - 0160,16A,16A,1.0000000000,52,52,129,0160,2020_block_count_centroids
RENVILLE - 0165,16A,16A,1.0000000000,69,69,129,0165,2020_block_count_centroids
RENVILLE - 0170,16A,16A,1.0000000000,64,64,129,0170,2020_block_count_centroids
RENVILLE - 0175,16A,16A,1.0000000000,71,71,129,0175,2020_block_count_centroids
RENVILLE - 0180,16A,16A,1.0000000000,63,63,129,0180,2020_block_count_centroids
RENVILLE - 0185,16A,16A,1.0000000000,50,50,129,0185,2020_block_count_centroids
RICE - 0005,58A,58A,0.9901960784,101,102,131,0005,2020_block_count_centroids
RICE - 0005,58B,58B,0.0098039216,1,102,131,0005,2020_block_count_centroids
RICE - 0010,19A,19A,1.0000000000,57,57,131,0010,2020_block_count_centroids
RICE - 0012,58B,58B,1.0000000000,2,2,131,0012,2020_block_count_centroids
RICE - 0015,58A,58A,1.0000000000,50,50,131,0015,2020_block_count_centroids
RICE - 0020,22B,22B,1.0000000000,57,57,131,0020,2020_block_count_centroids
RICE - 0025,19A,19A,1.0000000000,87,87,131,0025,2020_block_count_centroids
RICE - 0030,19A,19A,1.0000000000,68,68,131,0030,2020_block_count_centroids
RICE - 0035,19A,19A,1.0000000000,166,166,131,0035,2020_block_count_centroids
RICE - 0040,19A,19A,1.0000000000,69,69,131,0040,2020_block_count_centroids
RICE - 0045,19A,19A,1.0000000000,47,47,131,0045,2020_block_count_centroids
RICE - 0050,19A,19A,1.0000000000,77,77,131,0050,2020_block_count_centroids
RICE - 0055,58A,58A,1.0000000000,63,63,131,0055,2020_block_count_centroids
RICE - 0060,58A,58A,1.0000000000,78,78,131,0060,2020_block_count_centroids
RICE - 0065,19A,19A,1.0000000000,34,34,131,0065,2020_block_count_centroids
RICE - 0070,19A,19A,1.0000000000,61,61,131,0070,2020_block_count_centroids
RICE - 0075,19A,19A,1.0000000000,12,12,131,0075,2020_block_count_centroids
RICE - 0080,58A,58A,1.0000000000,29,29,131,0080,2020_block_count_centroids
RICE - 0085,58A,58A,1.0000000000,91,91,131,0085,2020_block_count_centroids
RICE - 0090,58A,58A,1.0000000000,56,56,131,0090,2020_block_count_centroids
RICE - 0095,58A,58A,1.0000000000,49,49,131,0095,2020_block_count_centroids
RICE - 0105,58A,58A,0.9666666667,29,30,131,0105,2020_block_count_centroids
RICE - 0105,58B,58B,0.0333333333,1,30,131,0105,2020_block_count_centroids
RICE - 0110,58A,58A,1.0000000000,15,15,131,0110,2020_block_count_centroids
RICE - 0112,58A,58A,1.0000000000,1,1,131,0112,2020_block_count_centroids
RICE - 0115,58A,58A,0.1166666667,7,60,131,0115,2020_block_count_centroids
RICE - 0115,58B,58B,0.8833333333,53,60,131,0115,2020_block_count_centroids
RICE - 0120,19A,19A,1.0000000000,51,51,131,0120,2020_block_count_centroids
RICE - 0125,19A,19A,0.9859154930,70,71,131,0125,2020_block_count_centroids
RICE - 0125,22B,22B,0.0140845070,1,71,131,0125,2020_block_count_centroids
RICE - 0130,19A,19A,1.0000000000,92,92,131,0130,2020_block_count_centroids
RICE - 0135,19A,19A,1.0000000000,100,100,131,0135,2020_block_count_centroids
RICE - 0140,58A,58A,1.0000000000,79,79,131,0140,2020_block_count_centroids
RICE - 0145,19A,19A,1.0000000000,98,98,131,0145,2020_block_count_centroids
RICE - 0150,58A,58A,1.0000000000,102,102,131,0150,2020_block_count_centroids
RICE - 0155,19A,19A,1.0000000000,39,39,131,0155,2020_block_count_centroids
ROCK - 0005,21A,21A,1.0000000000,46,46,133,0005,2020_block_count_centroids
ROCK - 0010,21A,21A,1.0000000000,26,26,133,0010,2020_block_count_centroids
ROCK - 0015,21A,21A,1.0000000000,93,93,133,0015,2020_block_count_centroids
ROCK - 0020,21A,21A,1.0000000000,44,44,133,0020,2020_block_count_centroids
ROCK - 0025,21A,21A,1.0000000000,46,46,133,0025,2020_block_count_centroids
ROCK - 0030,21A,21A,1.0000000000,16,16,133,0030,2020_block_count_centroids
ROCK - 0035,21A,21A,1.0000000000,50,50,133,0035,2020_block_count_centroids
ROCK - 0040,21A,21A,1.0000000000,9,9,133,0040,2020_block_count_centroids
ROCK - 0045,21A,21A,1.0000000000,44,44,133,0045,2020_block_count_centroids
ROCK - 0050,21A,21A,1.0000000000,8,8,133,0050,2020_block_count_centroids
ROCK - 0055,21A,21A,1.0000000000,75,75,133,0055,2020_block_count_centroids
ROCK - 0060,21A,21A,1.0000000000,12,12,133,0060,2020_block_count_centroids
ROCK - 0065,21A,21A,1.0000000000,100,100,133,0065,2020_block_count_centroids
ROCK - 0070,21A,21A,1.0000000000,13,13,133,0070,2020_block_count_centroids
ROCK - 0075,21A,21A,1.0000000000,66,66,133,0075,2020_block_count_centroids
ROCK - 0080,21A,21A,1.0000000000,20,20,133,0080,2020_block_count_centroids
ROCK - 0085,21A,21A,1.0000000000,63,63,133,0085,2020_block_count_centroids
ROCK - 0090,21A,21A,1.0000000000,60,60,133,0090,2020_block_count_centroids
ROCK - 0095,21A,21A,1.0000000000,44,44,133,0095,2020_block_count_centroids
ROCK - 0100,21A,21A,1.0000000000,55,55,133,0100,2020_block_count_centroids
ROCK - 0105,21A,21A,1.0000000000,58,58,133,0105,2020_block_count_centroids
ROCK - 0110,21A,21A,1.0000000000,13,13,133,0110,2020_block_count_centroids
ROCK - 0115,21A,21A,1.0000000000,47,47,133,0115,2020_block_count_centroids
ROSEAU - 0005,01A,01A,1.0000000000,38,38,135,0005,2020_block_count_centroids
ROSEAU - 0010,01A,01A,1.0000000000,42,42,135,0010,2020_block_count_centroids
ROSEAU - 0015,01A,01A,1.0000000000,41,41,135,0015,2020_block_count_centroids
ROSEAU - 0020,01A,01A,1.0000000000,24,24,135,0020,2020_block_count_centroids
ROSEAU - 0025,01A,01A,1.0000000000,22,22,135,0025,2020_block_count_centroids
ROSEAU - 0030,01A,01A,1.0000000000,40,40,135,0030,2020_block_count_centroids
ROSEAU - 0035,01A,01A,1.0000000000,26,26,135,0035,2020_block_count_centroids
ROSEAU - 0040,01A,01A,1.0000000000,44,44,135,0040,2020_block_count_centroids
ROSEAU - 0045,01A,01A,1.0000000000,41,41,135,0045,2020_block_count_centroids
ROSEAU - 0050,01A,01A,1.0000000000,32,32,135,0050,2020_block_count_centroids
ROSEAU - 0055,01A,01A,1.0000000000,26,26,135,0055,2020_block_count_centroids
ROSEAU - 0060,01A,01A,1.0000000000,71,71,135,0060,2020_block_count_centroids
ROSEAU - 0065,01A,01A,1.0000000000,29,29,135,0065,2020_block_count_centroids
ROSEAU - 0070,01A,01A,1.0000000000,45,45,135,0070,2020_block_count_centroids
ROSEAU - 0075,01A,01A,1.0000000000,28,28,135,0075,2020_block_count_centroids
ROSEAU - 0080,01A,01A,1.0000000000,68,68,135,0080,2020_block_count_centroids
ROSEAU - 0085,01A,01A,1.0000000000,88,88,135,0085,2020_block_count_centroids
ROSEAU - 0090,01A,01A,1.0000000000,35,35,135,0090,2020_block_count_centroids
ROSEAU - 0095,01A,01A,1.0000000000,28,28,135,0095,2020_block_count_centroids
ROSEAU - 0100,01A,01A,1.0000000000,41,41,135,0100,2020_block_count_centroids
ROSEAU - 0105,01A,01A,1.0000000000,39,39,135,0105,2020_block_count_centroids
ROSEAU - 0110,01A,01A,1.0000000000,29,29,135,0110,2020_block_count_centroids
ROSEAU - 0115,01A,01A,1.0000000000,48,48,135,0115,2020_block_count_centroids
ROSEAU - 0120,01A,01A,1.0000000000,27,27,135,0120,2020_block_count_centroids
ROSEAU - 0121,01A,01A,1.0000000000,27,27,135,0121,2020_block_count_centroids
ROSEAU - 0122,01A,01A,1.0000000000,37,37,135,0122,2020_block_count_centroids
ROSEAU - 0125,01A,01A,1.0000000000,22,22,135,0125,2020_block_count_centroids
ROSEAU - 0130,01A,01A,1.0000000000,37,37,135,0130,2020_block_count_centroids
ROSEAU - 0135,01A,01A,1.0000000000,27,27,135,0135,2020_block_count_centroids
ROSEAU - 0140,01A,01A,1.0000000000,24,24,135,0140,2020_block_count_centroids
ROSEAU - 0145,01A,01A,1.0000000000,30,30,135,0145,2020_block_count_centroids
ROSEAU - 0150,01A,01A,1.0000000000,11,11,135,0150,2020_block_count_centroids
ROSEAU - 0155,01A,01A,1.0000000000,143,143,135,0155,2020_block_count_centroids
ROSEAU - 0160,01A,01A,1.0000000000,50,50,135,0160,2020_block_count_centroids
ROSEAU - 0165,01A,01A,1.0000000000,46,46,135,0165,2020_block_count_centroids
ROSEAU - 0170,01A,01A,1.0000000000,25,25,135,0170,2020_block_count_centroids
ROSEAU - 0175,01A,01A,1.0000000000,42,42,135,0175,2020_block_count_centroids
ROSEAU - 0176,01A,01A,1.0000000000,92,92,135,0176,2020_block_count_centroids
ROSEAU - 0180,01A,01A,1.0000000000,41,41,135,0180,2020_block_count_centroids
ROSEAU - 0185,01A,01A,1.0000000000,35,35,135,0185,2020_block_count_centroids
ROSEAU - 0190,01A,01A,1.0000000000,9,9,135,0190,2020_block_count_centroids
ROSEAU - 0195,01A,01A,1.0000000000,98,98,135,0195,2020_block_count_centroids
SCOTT - 0005,17B,17B,0.0134228188,2,149,139,0005,2020_block_count_centroids
SCOTT - 0005,22B,22B,0.9865771812,147,149,139,0005,2020_block_count_centroids
SCOTT - 0010,22B,22B,1.0000000000,92,92,139,0010,2020_block_count_centroids
SCOTT - 0015,22B,22B,1.0000000000,56,56,139,0015,2020_block_count_centroids
SCOTT - 0020,54B,54B,0.0229885057,2,87,139,0020,2020_block_count_centroids
SCOTT - 0020,58A,58A,0.9770114943,85,87,139,0020,2020_block_count_centroids
SCOTT - 0025,54B,54B,0.0232558140,2,86,139,0025,2020_block_count_centroids
SCOTT - 0025,55A,55A,0.0116279070,1,86,139,0025,2020_block_count_centroids
SCOTT - 0025,57A,57A,0.9651162791,83,86,139,0025,2020_block_count_centroids
SCOTT - 0035,57A,57A,1.0000000000,22,22,139,0035,2020_block_count_centroids
SCOTT - 0040,58A,58A,1.0000000000,103,103,139,0040,2020_block_count_centroids
SCOTT - 0045,54A,54A,0.8750000000,63,72,139,0045,2020_block_count_centroids
SCOTT - 0045,54B,54B,0.1250000000,9,72,139,0045,2020_block_count_centroids
SCOTT - 0050,54B,54B,1.0000000000,49,49,139,0050,2020_block_count_centroids
SCOTT - 0055,54B,54B,1.0000000000,57,57,139,0055,2020_block_count_centroids
SCOTT - 0060,54B,54B,1.0000000000,44,44,139,0060,2020_block_count_centroids
SCOTT - 0065,57A,57A,1.0000000000,23,23,139,0065,2020_block_count_centroids
SCOTT - 0070,57A,57A,1.0000000000,135,135,139,0070,2020_block_count_centroids
SCOTT - 0075,58A,58A,1.0000000000,86,86,139,0075,2020_block_count_centroids
SCOTT - 0080,54B,54B,1.0000000000,34,34,139,0080,2020_block_count_centroids
SCOTT - 0085,54B,54B,0.9871794872,77,78,139,0085,2020_block_count_centroids
SCOTT - 0085,57A,57A,0.0128205128,1,78,139,0085,2020_block_count_centroids
SCOTT - 0090,54B,54B,1.0000000000,56,56,139,0090,2020_block_count_centroids
SCOTT - 0091,54B,54B,1.0000000000,124,124,139,0091,2020_block_count_centroids
SCOTT - 0092,54B,54B,1.0000000000,57,57,139,0092,2020_block_count_centroids
SCOTT - 0095,22B,22B,0.8372093023,36,43,139,0095,2020_block_count_centroids
SCOTT - 0095,54B,54B,0.1627906977,7,43,139,0095,2020_block_count_centroids
SCOTT - 0100,54B,54B,1.0000000000,85,85,139,0100,2020_block_count_centroids
SCOTT - 0105,55A,55A,1.0000000000,122,122,139,0105,2020_block_count_centroids
SCOTT - 0110,55A,55A,1.0000000000,38,38,139,0110,2020_block_count_centroids
SCOTT - 0111,55A,55A,1.0000000000,41,41,139,0111,2020_block_count_centroids
SCOTT - 0112,55A,55A,1.0000000000,59,59,139,0112,2020_block_count_centroids
SCOTT - 0113,54B,54B,0.0305343511,4,131,139,0113,2020_block_count_centroids
SCOTT - 0113,55A,55A,0.9694656489,127,131,139,0113,2020_block_count_centroids
SCOTT - 0115,54A,54A,1.0000000000,69,69,139,0115,2020_block_count_centroids
SCOTT - 0120,54A,54A,1.0000000000,68,68,139,0120,2020_block_count_centroids
SCOTT - 0125,54A,54A,1.0000000000,54,54,139,0125,2020_block_count_centroids
SCOTT - 0130,49B,49B,0.0074626866,2,268,139,0130,2020_block_count_centroids
SCOTT - 0130,54A,54A,0.7723880597,207,268,139,0130,2020_block_count_centroids
SCOTT - 0130,54B,54B,0.2201492537,59,268,139,0130,2020_block_count_centroids
SCOTT - 0135,54A,54A,1.0000000000,67,67,139,0135,2020_block_count_centroids
SCOTT - 0136,54A,54A,1.0000000000,6,6,139,0136,2020_block_count_centroids
SCOTT - 0137,54A,54A,0.9574468085,45,47,139,0137,2020_block_count_centroids
SCOTT - 0137,54B,54B,0.0425531915,2,47,139,0137,2020_block_count_centroids
SCOTT - 0138,54A,54A,1.0000000000,26,26,139,0138,2020_block_count_centroids
SCOTT - 0140,54B,54B,1.0000000000,129,129,139,0140,2020_block_count_centroids
SHERBURNE - 0005,27B,27B,1.0000000000,147,147,141,0005,2020_block_count_centroids
SHERBURNE - 0010,27A,27A,1.0000000000,106,106,141,0010,2020_block_count_centroids
SHERBURNE - 0015,27A,27A,1.0000000000,168,168,141,0015,2020_block_count_centroids
SHERBURNE - 0020,27A,27A,1.0000000000,147,147,141,0020,2020_block_count_centroids
SHERBURNE - 0025,27A,27A,0.9846153846,64,65,141,0025,2020_block_count_centroids
SHERBURNE - 0025,30B,30B,0.0153846154,1,65,141,0025,2020_block_count_centroids
SHERBURNE - 0030,27B,27B,1.0000000000,93,93,141,0030,2020_block_count_centroids
SHERBURNE - 0035,27A,27A,1.0000000000,25,25,141,0035,2020_block_count_centroids
SHERBURNE - 0040,27A,27A,1.0000000000,102,102,141,0040,2020_block_count_centroids
SHERBURNE - 0045,30B,30B,1.0000000000,94,94,141,0045,2020_block_count_centroids
SHERBURNE - 0050,30B,30B,1.0000000000,93,93,141,0050,2020_block_count_centroids
SHERBURNE - 0055,30B,30B,1.0000000000,76,76,141,0055,2020_block_count_centroids
SHERBURNE - 0060,30B,30B,1.0000000000,123,123,141,0060,2020_block_count_centroids
SHERBURNE - 0065,14B,14B,0.2500000000,22,88,141,0065,2020_block_count_centroids
SHERBURNE - 0065,27A,27A,0.7500000000,66,88,141,0065,2020_block_count_centroids
SHERBURNE - 0070,27B,27B,1.0000000000,134,134,141,0070,2020_block_count_centroids
SHERBURNE - 0075,27A,27A,1.0000000000,107,107,141,0075,2020_block_count_centroids
SHERBURNE - 0080,27A,27A,1.0000000000,31,31,141,0080,2020_block_count_centroids
SHERBURNE - 0082,27A,27A,1.0000000000,62,62,141,0082,2020_block_count_centroids
SHERBURNE - 0085,27B,27B,1.0000000000,6,6,141,0085,2020_block_count_centroids
SHERBURNE - 0086,27B,27B,1.0000000000,10,10,141,0086,2020_block_count_centroids
SHERBURNE - 0090,14B,14B,1.0000000000,32,32,141,0090,2020_block_count_centroids
SHERBURNE - 0095,14B,14B,1.0000000000,60,60,141,0095,2020_block_count_centroids
SHERBURNE - 0100,14B,14B,1.0000000000,27,27,141,0100,2020_block_count_centroids
SHERBURNE - 0105,27A,27A,0.9870129870,76,77,141,0105,2020_block_count_centroids
SHERBURNE - 0105,27B,27B,0.0129870130,1,77,141,0105,2020_block_count_centroids
SHERBURNE - 0110,27B,27B,1.0000000000,82,82,141,0110,2020_block_count_centroids
SHERBURNE - 0120,27A,27A,1.0000000000,246,246,141,0120,2020_block_count_centroids
SIBLEY - 0005,17B,17B,1.0000000000,59,59,143,0005,2020_block_count_centroids
SIBLEY - 0010,17B,17B,1.0000000000,112,112,143,0010,2020_block_count_centroids
SIBLEY - 0015,17B,17B,1.0000000000,61,61,143,0015,2020_block_count_centroids
SIBLEY - 0020,17A,17A,1.0000000000,35,35,143,0020,2020_block_count_centroids
SIBLEY - 0025,17B,17B,1.0000000000,70,70,143,0025,2020_block_count_centroids
SIBLEY - 0030,17B,17B,1.0000000000,58,58,143,0030,2020_block_count_centroids
SIBLEY - 0035,17B,17B,1.0000000000,34,34,143,0035,2020_block_count_centroids
SIBLEY - 0040,17B,17B,1.0000000000,102,102,143,0040,2020_block_count_centroids
SIBLEY - 0045,17B,17B,1.0000000000,55,55,143,0045,2020_block_count_centroids
SIBLEY - 0050,17A,17A,1.0000000000,57,57,143,0050,2020_block_count_centroids
SIBLEY - 0055,17B,17B,1.0000000000,28,28,143,0055,2020_block_count_centroids
SIBLEY - 0060,17B,17B,1.0000000000,46,46,143,0060,2020_block_count_centroids
SIBLEY - 0065,17B,17B,1.0000000000,42,42,143,0065,2020_block_count_centroids
SIBLEY - 0070,17B,17B,0.8600000000,43,50,143,0070,2020_block_count_centroids
SIBLEY - 0070,22B,22B,0.1400000000,7,50,143,0070,2020_block_count_centroids
SIBLEY - 0075,17B,17B,1.0000000000,44,44,143,0075,2020_block_count_centroids
SIBLEY - 0080,17B,17B,1.0000000000,52,52,143,0080,2020_block_count_centroids
SIBLEY - 0082,17B,17B,1.0000000000,11,11,143,0082,2020_block_count_centroids
SIBLEY - 0085,17A,17A,1.0000000000,55,55,143,0085,2020_block_count_centroids
SIBLEY - 0090,17B,17B,1.0000000000,28,28,143,0090,2020_block_count_centroids
SIBLEY - 0095,17B,17B,1.0000000000,46,46,143,0095,2020_block_count_centroids
SIBLEY - 0100,17B,17B,1.0000000000,47,47,143,0100,2020_block_count_centroids
SIBLEY - 0105,17B,17B,1.0000000000,47,47,143,0105,2020_block_count_centroids
SIBLEY - 0110,17B,17B,1.0000000000,48,48,143,0110,2020_block_count_centroids
SIBLEY - 0115,17B,17B,1.0000000000,58,58,143,0115,2020_block_count_centroids
SIBLEY - 0120,17B,17B,1.0000000000,94,94,143,0120,2020_block_count_centroids
ST. LOUIS - 0005,07B,07B,1.0000000000,27,27,137,0005,2020_block_count_centroids
ST. LOUIS - 0010,07B,07B,1.0000000000,28,28,137,0010,2020_block_count_centroids
ST. LOUIS - 0015,03B,03B,1.0000000000,24,24,137,0015,2020_block_count_centroids
ST. LOUIS - 0020,07B,07B,1.0000000000,44,44,137,0020,2020_block_count_centroids
ST. LOUIS - 0025,11A,11A,1.0000000000,30,30,137,0025,2020_block_count_centroids
ST. LOUIS - 0030,03B,03B,1.0000000000,52,52,137,0030,2020_block_count_centroids
ST. LOUIS - 0031,03B,03B,0.9846153846,64,65,137,0031,2020_block_count_centroids
ST. LOUIS - 0031,07B,07B,0.0153846154,1,65,137,0031,2020_block_count_centroids
ST. LOUIS - 0035,03A,03A,1.0000000000,116,116,137,0035,2020_block_count_centroids
ST. LOUIS - 0040,07B,07B,1.0000000000,85,85,137,0040,2020_block_count_centroids
ST. LOUIS - 0045,03A,03A,0.9629629630,78,81,137,0045,2020_block_count_centroids
ST. LOUIS - 0045,03B,03B,0.0370370370,3,81,137,0045,2020_block_count_centroids
ST. LOUIS - 0050,03A,03A,1.0000000000,53,53,137,0050,2020_block_count_centroids
ST. LOUIS - 0055,07B,07B,1.0000000000,56,56,137,0055,2020_block_count_centroids
ST. LOUIS - 0060,07B,07B,1.0000000000,83,83,137,0060,2020_block_count_centroids
ST. LOUIS - 0065,03A,03A,1.0000000000,73,73,137,0065,2020_block_count_centroids
ST. LOUIS - 0066,03A,03A,1.0000000000,31,31,137,0066,2020_block_count_centroids
ST. LOUIS - 0070,11A,11A,1.0000000000,82,82,137,0070,2020_block_count_centroids
ST. LOUIS - 0075,11A,11A,1.0000000000,12,12,137,0075,2020_block_count_centroids
ST. LOUIS - 0080,07B,07B,1.0000000000,66,66,137,0080,2020_block_count_centroids
ST. LOUIS - 0085,03B,03B,1.0000000000,51,51,137,0085,2020_block_count_centroids
ST. LOUIS - 0090,07A,07A,0.9772727273,43,44,137,0090,2020_block_count_centroids
ST. LOUIS - 0090,07B,07B,0.0227272727,1,44,137,0090,2020_block_count_centroids
ST. LOUIS - 0095,07B,07B,1.0000000000,66,66,137,0095,2020_block_count_centroids
ST. LOUIS - 0100,07B,07B,1.0000000000,201,201,137,0100,2020_block_count_centroids
ST. LOUIS - 0115,07B,07B,1.0000000000,111,111,137,0115,2020_block_count_centroids
ST. LOUIS - 0120,03B,03B,0.0217391304,1,46,137,0120,2020_block_count_centroids
ST. LOUIS - 0120,07B,07B,0.9782608696,45,46,137,0120,2020_block_count_centroids
ST. LOUIS - 0125,03A,03A,1.0000000000,37,37,137,0125,2020_block_count_centroids
ST. LOUIS - 0130,07B,07B,1.0000000000,88,88,137,0130,2020_block_count_centroids
ST. LOUIS - 0135,11A,11A,1.0000000000,45,45,137,0135,2020_block_count_centroids
ST. LOUIS - 0140,08B,08B,1.0000000000,98,98,137,0140,2020_block_count_centroids
ST. LOUIS - 0145,08B,08B,1.0000000000,42,42,137,0145,2020_block_count_centroids
ST. LOUIS - 0150,08B,08B,1.0000000000,54,54,137,0150,2020_block_count_centroids
ST. LOUIS - 0155,08B,08B,1.0000000000,51,51,137,0155,2020_block_count_centroids
ST. LOUIS - 0160,08B,08B,1.0000000000,53,53,137,0160,2020_block_count_centroids
ST. LOUIS - 0165,08B,08B,1.0000000000,36,36,137,0165,2020_block_count_centroids
ST. LOUIS - 0170,08B,08B,1.0000000000,45,45,137,0170,2020_block_count_centroids
ST. LOUIS - 0175,08B,08B,1.0000000000,26,26,137,0175,2020_block_count_centroids
ST. LOUIS - 0180,08B,08B,1.0000000000,35,35,137,0180,2020_block_count_centroids
ST. LOUIS - 0190,08B,08B,1.0000000000,68,68,137,0190,2020_block_count_centroids
ST. LOUIS - 0195,08B,08B,1.0000000000,41,41,137,0195,2020_block_count_centroids
ST. LOUIS - 0200,08B,08B,1.0000000000,49,49,137,0200,2020_block_count_centroids
ST. LOUIS - 0205,08B,08B,1.0000000000,16,16,137,0205,2020_block_count_centroids
ST. LOUIS - 0210,08B,08B,1.0000000000,47,47,137,0210,2020_block_count_centroids
ST. LOUIS - 0215,08B,08B,1.0000000000,27,27,137,0215,2020_block_count_centroids
ST. LOUIS - 0220,08B,08B,1.0000000000,26,26,137,0220,2020_block_count_centroids
ST. LOUIS - 0225,08A,08A,0.4210526316,16,38,137,0225,2020_block_count_centroids
ST. LOUIS - 0225,08B,08B,0.5789473684,22,38,137,0225,2020_block_count_centroids
ST. LOUIS - 0230,08A,08A,0.1071428571,3,28,137,0230,2020_block_count_centroids
ST. LOUIS - 0230,08B,08B,0.8928571429,25,28,137,0230,2020_block_count_centroids
ST. LOUIS - 0235,08A,08A,0.1142857143,4,35,137,0235,2020_block_count_centroids
ST. LOUIS - 0235,08B,08B,0.8857142857,31,35,137,0235,2020_block_count_centroids
ST. LOUIS - 0240,08A,08A,0.7567567568,28,37,137,0240,2020_block_count_centroids
ST. LOUIS - 0240,08B,08B,0.2432432432,9,37,137,0240,2020_block_count_centroids
ST. LOUIS - 0245,08A,08A,1.0000000000,24,24,137,0245,2020_block_count_centroids
ST. LOUIS - 0250,08A,08A,1.0000000000,44,44,137,0250,2020_block_count_centroids
ST. LOUIS - 0255,08A,08A,1.0000000000,43,43,137,0255,2020_block_count_centroids
ST. LOUIS - 0260,08A,08A,1.0000000000,70,70,137,0260,2020_block_count_centroids
ST. LOUIS - 0265,08A,08A,1.0000000000,16,16,137,0265,2020_block_count_centroids
ST. LOUIS - 0270,08A,08A,1.0000000000,47,47,137,0270,2020_block_count_centroids
ST. LOUIS - 0275,03B,03B,0.0084033613,1,119,137,0275,2020_block_count_centroids
ST. LOUIS - 0275,08A,08A,0.4957983193,59,119,137,0275,2020_block_count_centroids
ST. LOUIS - 0275,08B,08B,0.4957983193,59,119,137,0275,2020_block_count_centroids
ST. LOUIS - 0280,08A,08A,1.0000000000,75,75,137,0280,2020_block_count_centroids
ST. LOUIS - 0285,08A,08A,1.0000000000,49,49,137,0285,2020_block_count_centroids
ST. LOUIS - 0290,08A,08A,1.0000000000,33,33,137,0290,2020_block_count_centroids
ST. LOUIS - 0295,08A,08A,1.0000000000,39,39,137,0295,2020_block_count_centroids
ST. LOUIS - 0300,08A,08A,1.0000000000,85,85,137,0300,2020_block_count_centroids
ST. LOUIS - 0305,08A,08A,1.0000000000,35,35,137,0305,2020_block_count_centroids
ST. LOUIS - 0315,08A,08A,1.0000000000,46,46,137,0315,2020_block_count_centroids
ST. LOUIS - 0320,08A,08A,1.0000000000,67,67,137,0320,2020_block_count_centroids
ST. LOUIS - 0325,08A,08A,1.0000000000,65,65,137,0325,2020_block_count_centroids
ST. LOUIS - 0330,08A,08A,1.0000000000,68,68,137,0330,2020_block_count_centroids
ST. LOUIS - 0335,03B,03B,0.0200000000,1,50,137,0335,2020_block_count_centroids
ST. LOUIS - 0335,08A,08A,0.9800000000,49,50,137,0335,2020_block_count_centroids
ST. LOUIS - 0340,03B,03B,0.0256410256,1,39,137,0340,2020_block_count_centroids
ST. LOUIS - 0340,08A,08A,0.9743589744,38,39,137,0340,2020_block_count_centroids
ST. LOUIS - 0345,08A,08A,1.0000000000,45,45,137,0345,2020_block_count_centroids
ST. LOUIS - 0350,03B,03B,0.3092783505,30,97,137,0350,2020_block_count_centroids
ST. LOUIS - 0350,08A,08A,0.6907216495,67,97,137,0350,2020_block_count_centroids
ST. LOUIS - 0355,03B,03B,1.0000000000,20,20,137,0355,2020_block_count_centroids
ST. LOUIS - 0435,03B,03B,0.9803921569,100,102,137,0435,2020_block_count_centroids
ST. LOUIS - 0435,08B,08B,0.0196078431,2,102,137,0435,2020_block_count_centroids
ST. LOUIS - 0437,03A,03A,1.0000000000,38,38,137,0437,2020_block_count_centroids
ST. LOUIS - 0440,07B,07B,1.0000000000,44,44,137,0440,2020_block_count_centroids
ST. LOUIS - 0445,07B,07B,1.0000000000,42,42,137,0445,2020_block_count_centroids
ST. LOUIS - 0450,03A,03A,1.0000000000,50,50,137,0450,2020_block_count_centroids
ST. LOUIS - 0455,03A,03A,1.0000000000,36,36,137,0455,2020_block_count_centroids
ST. LOUIS - 0460,03A,03A,1.0000000000,40,40,137,0460,2020_block_count_centroids
ST. LOUIS - 0465,03A,03A,1.0000000000,55,55,137,0465,2020_block_count_centroids
ST. LOUIS - 0470,03A,03A,0.0208333333,1,48,137,0470,2020_block_count_centroids
ST. LOUIS - 0470,07B,07B,0.9791666667,47,48,137,0470,2020_block_count_centroids
ST. LOUIS - 0475,07B,07B,1.0000000000,22,22,137,0475,2020_block_count_centroids
ST. LOUIS - 0480,07B,07B,1.0000000000,20,20,137,0480,2020_block_count_centroids
ST. LOUIS - 0485,07B,07B,1.0000000000,15,15,137,0485,2020_block_count_centroids
ST. LOUIS - 0490,07B,07B,1.0000000000,38,38,137,0490,2020_block_count_centroids
ST. LOUIS - 0495,07B,07B,1.0000000000,25,25,137,0495,2020_block_count_centroids
ST. LOUIS - 0500,07B,07B,1.0000000000,20,20,137,0500,2020_block_count_centroids
ST. LOUIS - 0505,03B,03B,1.0000000000,57,57,137,0505,2020_block_count_centroids
ST. LOUIS - 0510,07B,07B,1.0000000000,78,78,137,0510,2020_block_count_centroids
ST. LOUIS - 0515,03A,03A,1.0000000000,62,62,137,0515,2020_block_count_centroids
ST. LOUIS - 0520,07A,07A,1.0000000000,28,28,137,0520,2020_block_count_centroids
ST. LOUIS - 0525,07A,07A,1.0000000000,42,42,137,0525,2020_block_count_centroids
ST. LOUIS - 0530,07A,07A,1.0000000000,69,69,137,0530,2020_block_count_centroids
ST. LOUIS - 0540,03B,03B,1.0000000000,43,43,137,0540,2020_block_count_centroids
ST. LOUIS - 0545,07B,07B,1.0000000000,47,47,137,0545,2020_block_count_centroids
ST. LOUIS - 0550,07B,07B,1.0000000000,45,45,137,0550,2020_block_count_centroids
ST. LOUIS - 0555,07B,07B,1.0000000000,67,67,137,0555,2020_block_count_centroids
ST. LOUIS - 0560,07B,07B,1.0000000000,15,15,137,0560,2020_block_count_centroids
ST. LOUIS - 0565,03B,03B,1.0000000000,73,73,137,0565,2020_block_count_centroids
ST. LOUIS - 0570,03B,03B,1.0000000000,103,103,137,0570,2020_block_count_centroids
ST. LOUIS - 0575,07B,07B,1.0000000000,97,97,137,0575,2020_block_count_centroids
ST. LOUIS - 0580,07B,07B,1.0000000000,21,21,137,0580,2020_block_count_centroids
ST. LOUIS - 0585,03A,03A,1.0000000000,101,101,137,0585,2020_block_count_centroids
ST. LOUIS - 0590,07A,07A,1.0000000000,23,23,137,0590,2020_block_count_centroids
ST. LOUIS - 0591,07A,07A,1.0000000000,18,18,137,0591,2020_block_count_centroids
ST. LOUIS - 0595,03B,03B,0.9491525424,56,59,137,0595,2020_block_count_centroids
ST. LOUIS - 0595,08B,08B,0.0508474576,3,59,137,0595,2020_block_count_centroids
ST. LOUIS - 0600,03B,03B,1.0000000000,52,52,137,0600,2020_block_count_centroids
ST. LOUIS - 0605,03B,03B,1.0000000000,43,43,137,0605,2020_block_count_centroids
ST. LOUIS - 0615,07A,07A,0.9886363636,87,88,137,0615,2020_block_count_centroids
ST. LOUIS - 0615,07B,07B,0.0113636364,1,88,137,0615,2020_block_count_centroids
ST. LOUIS - 0620,07A,07A,1.0000000000,20,20,137,0620,2020_block_count_centroids
ST. LOUIS - 0625,07A,07A,1.0000000000,33,33,137,0625,2020_block_count_centroids
ST. LOUIS - 0630,07A,07A,1.0000000000,58,58,137,0630,2020_block_count_centroids
ST. LOUIS - 0635,07A,07A,1.0000000000,39,39,137,0635,2020_block_count_centroids
ST. LOUIS - 0640,07A,07A,1.0000000000,28,28,137,0640,2020_block_count_centroids
ST. LOUIS - 0645,07A,07A,0.9843750000,63,64,137,0645,2020_block_count_centroids
ST. LOUIS - 0645,07B,07B,0.0156250000,1,64,137,0645,2020_block_count_centroids
ST. LOUIS - 0650,07A,07A,0.9859154930,70,71,137,0650,2020_block_count_centroids
ST. LOUIS - 0650,07B,07B,0.0140845070,1,71,137,0650,2020_block_count_centroids
ST. LOUIS - 0655,07A,07A,1.0000000000,111,111,137,0655,2020_block_count_centroids
ST. LOUIS - 0660,07A,07A,1.0000000000,122,122,137,0660,2020_block_count_centroids
ST. LOUIS - 0665,07A,07A,1.0000000000,93,93,137,0665,2020_block_count_centroids
ST. LOUIS - 0735,03A,03A,1.0000000000,93,93,137,0735,2020_block_count_centroids
ST. LOUIS - 0750,07B,07B,1.0000000000,74,74,137,0750,2020_block_count_centroids
ST. LOUIS - 0755,07B,07B,1.0000000000,7,7,137,0755,2020_block_count_centroids
ST. LOUIS - 0760,07B,07B,1.0000000000,48,48,137,0760,2020_block_count_centroids
ST. LOUIS - 0765,03A,03A,1.0000000000,35,35,137,0765,2020_block_count_centroids
ST. LOUIS - 0770,03B,03B,0.9833333333,59,60,137,0770,2020_block_count_centroids
ST. LOUIS - 0770,08B,08B,0.0166666667,1,60,137,0770,2020_block_count_centroids
ST. LOUIS - 0775,07A,07A,1.0000000000,76,76,137,0775,2020_block_count_centroids
ST. LOUIS - 0780,03A,03A,1.0000000000,73,73,137,0780,2020_block_count_centroids
ST. LOUIS - 0785,07B,07B,1.0000000000,7,7,137,0785,2020_block_count_centroids
ST. LOUIS - 0790,03A,03A,1.0000000000,30,30,137,0790,2020_block_count_centroids
ST. LOUIS - 0792,03B,03B,1.0000000000,22,22,137,0792,2020_block_count_centroids
ST. LOUIS - 0795,07B,07B,1.0000000000,107,107,137,0795,2020_block_count_centroids
ST. LOUIS - 0797,07B,07B,1.0000000000,17,17,137,0797,2020_block_count_centroids
ST. LOUIS - 0799,07B,07B,1.0000000000,13,13,137,0799,2020_block_count_centroids
ST. LOUIS - 0800,07B,07B,1.0000000000,47,47,137,0800,2020_block_count_centroids
ST. LOUIS - 0805,03B,03B,0.9565217391,88,92,137,0805,2020_block_count_centroids
ST. LOUIS - 0805,08A,08A,0.0434782609,4,92,137,0805,2020_block_count_centroids
ST. LOUIS - 0810,07B,07B,1.0000000000,22,22,137,0810,2020_block_count_centroids
ST. LOUIS - 0815,03A,03A,1.0000000000,160,160,137,0815,2020_block_count_centroids
ST. LOUIS - 0820,07B,07B,1.0000000000,86,86,137,0820,2020_block_count_centroids
ST. LOUIS - 0821,03A,03A,1.0000000000,66,66,137,0821,2020_block_count_centroids
ST. LOUIS - 0825,07B,07B,1.0000000000,99,99,137,0825,2020_block_count_centroids
ST. LOUIS - 0840,07A,07A,0.0322580645,1,31,137,0840,2020_block_count_centroids
ST. LOUIS - 0840,07B,07B,0.9677419355,30,31,137,0840,2020_block_count_centroids
ST. LOUIS - 0845,07B,07B,1.0000000000,37,37,137,0845,2020_block_count_centroids
ST. LOUIS - 0850,03B,03B,1.0000000000,18,18,137,0850,2020_block_count_centroids
ST. LOUIS - 0852,03B,03B,1.0000000000,27,27,137,0852,2020_block_count_centroids
ST. LOUIS - 0855,07B,07B,1.0000000000,33,33,137,0855,2020_block_count_centroids
ST. LOUIS - 0857,03B,03B,1.0000000000,56,56,137,0857,2020_block_count_centroids
ST. LOUIS - 0860,03A,03A,1.0000000000,12,12,137,0860,2020_block_count_centroids
ST. LOUIS - 0865,03A,03A,1.0000000000,37,37,137,0865,2020_block_count_centroids
ST. LOUIS - 0870,07B,07B,1.0000000000,24,24,137,0870,2020_block_count_centroids
ST. LOUIS - 0875,03B,03B,1.0000000000,19,19,137,0875,2020_block_count_centroids
ST. LOUIS - 0880,07B,07B,1.0000000000,44,44,137,0880,2020_block_count_centroids
ST. LOUIS - 0881,07B,07B,1.0000000000,11,11,137,0881,2020_block_count_centroids
ST. LOUIS - 0885,03A,03A,1.0000000000,74,74,137,0885,2020_block_count_centroids
ST. LOUIS - 0886,03A,03A,1.0000000000,7,7,137,0886,2020_block_count_centroids
ST. LOUIS - 0890,07A,07A,1.0000000000,8,8,137,0890,2020_block_count_centroids
ST. LOUIS - 0895,03B,03B,1.0000000000,84,84,137,0895,2020_block_count_centroids
ST. LOUIS - 0910,03B,03B,0.9756097561,80,82,137,0910,2020_block_count_centroids
ST. LOUIS - 0910,08B,08B,0.0243902439,2,82,137,0910,2020_block_count_centroids
ST. LOUIS - 0915,07B,07B,1.0000000000,45,45,137,0915,2020_block_count_centroids
ST. LOUIS - 0920,03B,03B,1.0000000000,85,85,137,0920,2020_block_count_centroids
ST. LOUIS - 0925,11A,11A,1.0000000000,25,25,137,0925,2020_block_count_centroids
ST. LOUIS - 0930,07B,07B,1.0000000000,33,33,137,0930,2020_block_count_centroids
ST. LOUIS - 0935,07A,07A,1.0000000000,52,52,137,0935,2020_block_count_centroids
ST. LOUIS - 0940,03A,03A,1.0000000000,34,34,137,0940,2020_block_count_centroids
ST. LOUIS - 0945,07A,07A,1.0000000000,29,29,137,0945,2020_block_count_centroids
ST. LOUIS - 0950,07B,07B,1.0000000000,39,39,137,0950,2020_block_count_centroids
ST. LOUIS - 0960,07B,07B,1.0000000000,68,68,137,0960,2020_block_count_centroids
ST. LOUIS - 0962,03A,03A,0.0666666667,1,15,137,0962,2020_block_count_centroids
ST. LOUIS - 0962,03B,03B,0.8666666667,13,15,137,0962,2020_block_count_centroids
ST. LOUIS - 0962,07B,07B,0.0666666667,1,15,137,0962,2020_block_count_centroids
ST. LOUIS - 0965,07B,07B,1.0000000000,44,44,137,0965,2020_block_count_centroids
ST. LOUIS - 0970,07B,07B,1.0000000000,70,70,137,0970,2020_block_count_centroids
ST. LOUIS - 0971,07B,07B,1.0000000000,32,32,137,0971,2020_block_count_centroids
ST. LOUIS - 0972,07B,07B,1.0000000000,18,18,137,0972,2020_block_count_centroids
ST. LOUIS - 0973,07B,07B,1.0000000000,30,30,137,0973,2020_block_count_centroids
ST. LOUIS - 0975,03A,03A,1.0000000000,79,79,137,0975,2020_block_count_centroids
ST. LOUIS - 0976,03A,03A,1.0000000000,8,8,137,0976,2020_block_count_centroids
ST. LOUIS - 0979,07B,07B,1.0000000000,13,13,137,0979,2020_block_count_centroids
ST. LOUIS - 0990,03A,03A,1.0000000000,12,12,137,0990,2020_block_count_centroids
ST. LOUIS - 0999,03A,03A,1.0000000000,26,26,137,0999,2020_block_count_centroids
ST. LOUIS - 1000,03A,03A,0.9945945946,184,185,137,1000,2020_block_count_centroids
ST. LOUIS - 1000,07B,07B,0.0054054054,1,185,137,1000,2020_block_count_centroids
ST. LOUIS - 1001,03A,03A,1.0000000000,21,21,137,1001,2020_block_count_centroids
ST. LOUIS - 1002,03A,03A,1.0000000000,260,260,137,1002,2020_block_count_centroids
ST. LOUIS - 1011,03A,03A,1.0000000000,11,11,137,1011,2020_block_count_centroids
ST. LOUIS - 1030,07A,07A,1.0000000000,41,41,137,1030,2020_block_count_centroids
ST. LOUIS - 1035,03A,03A,0.9729729730,36,37,137,1035,2020_block_count_centroids
ST. LOUIS - 1035,07B,07B,0.0270270270,1,37,137,1035,2020_block_count_centroids
ST. LOUIS - 1040,07B,07B,1.0000000000,53,53,137,1040,2020_block_count_centroids
ST. LOUIS - 1045,07B,07B,1.0000000000,71,71,137,1045,2020_block_count_centroids
ST. LOUIS - 1050,07B,07B,1.0000000000,41,41,137,1050,2020_block_count_centroids
ST. LOUIS - 1055,07B,07B,1.0000000000,47,47,137,1055,2020_block_count_centroids
ST. LOUIS - 1060,07B,07B,1.0000000000,70,70,137,1060,2020_block_count_centroids
ST. LOUIS - 1125,03A,03A,1.0000000000,25,25,137,1125,2020_block_count_centroids
ST. LOUIS - 1130,07B,07B,1.0000000000,69,69,137,1130,2020_block_count_centroids
ST. LOUIS - 1135,07B,07B,1.0000000000,77,77,137,1135,2020_block_count_centroids
ST. LOUIS - 1136,07B,07B,1.0000000000,105,105,137,1136,2020_block_count_centroids
ST. LOUIS - 1140,03A,03A,1.0000000000,22,22,137,1140,2020_block_count_centroids
ST. LOUIS - 1145,03A,03A,1.0000000000,13,13,137,1145,2020_block_count_centroids
ST. LOUIS - 1150,07B,07B,1.0000000000,61,61,137,1150,2020_block_count_centroids
ST. LOUIS - 1155,07B,07B,1.0000000000,31,31,137,1155,2020_block_count_centroids
ST. LOUIS - 1160,03A,03A,1.0000000000,21,21,137,1160,2020_block_count_centroids
STEARNS - 0005,13A,13A,1.0000000000,85,85,145,0005,2020_block_count_centroids
STEARNS - 0010,13A,13A,1.0000000000,89,89,145,0010,2020_block_count_centroids
STEARNS - 0015,12B,12B,1.0000000000,42,42,145,0015,2020_block_count_centroids
STEARNS - 0020,13A,13A,1.0000000000,48,48,145,0020,2020_block_count_centroids
STEARNS - 0025,13A,13A,1.0000000000,131,131,145,0025,2020_block_count_centroids
STEARNS - 0030,12A,12A,1.0000000000,40,40,145,0030,2020_block_count_centroids
STEARNS - 0035,13B,13B,1.0000000000,96,96,145,0035,2020_block_count_centroids
STEARNS - 0040,12A,12A,1.0000000000,57,57,145,0040,2020_block_count_centroids
STEARNS - 0042,13A,13A,1.0000000000,2,2,145,0042,2020_block_count_centroids
STEARNS - 0045,13A,13A,1.0000000000,112,112,145,0045,2020_block_count_centroids
STEARNS - 0050,13A,13A,1.0000000000,80,80,145,0050,2020_block_count_centroids
STEARNS - 0055,13A,13A,1.0000000000,15,15,145,0055,2020_block_count_centroids
STEARNS - 0060,12A,12A,1.0000000000,45,45,145,0060,2020_block_count_centroids
STEARNS - 0065,12A,12A,1.0000000000,53,53,145,0065,2020_block_count_centroids
STEARNS - 0070,13A,13A,1.0000000000,88,88,145,0070,2020_block_count_centroids
STEARNS - 0072,13A,13A,1.0000000000,3,3,145,0072,2020_block_count_centroids
STEARNS - 0075,13A,13A,1.0000000000,13,13,145,0075,2020_block_count_centroids
STEARNS - 0080,12A,12A,1.0000000000,18,18,145,0080,2020_block_count_centroids
STEARNS - 0085,13A,13A,1.0000000000,82,82,145,0085,2020_block_count_centroids
STEARNS - 0090,13A,13A,1.0000000000,61,61,145,0090,2020_block_count_centroids
STEARNS - 0095,12A,12A,1.0000000000,20,20,145,0095,2020_block_count_centroids
STEARNS - 0100,12A,12A,0.9841269841,62,63,145,0100,2020_block_count_centroids
STEARNS - 0100,12B,12B,0.0158730159,1,63,145,0100,2020_block_count_centroids
STEARNS - 0105,12B,12B,1.0000000000,16,16,145,0105,2020_block_count_centroids
STEARNS - 0110,12B,12B,1.0000000000,52,52,145,0110,2020_block_count_centroids
STEARNS - 0115,13B,13B,1.0000000000,59,59,145,0115,2020_block_count_centroids
STEARNS - 0120,13B,13B,1.0000000000,29,29,145,0120,2020_block_count_centroids
STEARNS - 0125,13A,13A,1.0000000000,29,29,145,0125,2020_block_count_centroids
STEARNS - 0130,13A,13A,1.0000000000,90,90,145,0130,2020_block_count_centroids
STEARNS - 0135,12A,12A,1.0000000000,38,38,145,0135,2020_block_count_centroids
STEARNS - 0137,12A,12A,1.0000000000,4,4,145,0137,2020_block_count_centroids
STEARNS - 0140,12A,12A,1.0000000000,50,50,145,0140,2020_block_count_centroids
STEARNS - 0145,13B,13B,0.9425287356,164,174,145,0145,2020_block_count_centroids
STEARNS - 0145,14B,14B,0.0574712644,10,174,145,0145,2020_block_count_centroids
STEARNS - 0150,13A,13A,1.0000000000,51,51,145,0150,2020_block_count_centroids
STEARNS - 0155,13A,13A,0.9904761905,104,105,145,0155,2020_block_count_centroids
STEARNS - 0155,14A,14A,0.0095238095,1,105,145,0155,2020_block_count_centroids
STEARNS - 0160,13A,13A,1.0000000000,96,96,145,0160,2020_block_count_centroids
STEARNS - 0165,12B,12B,1.0000000000,3,3,145,0165,2020_block_count_centroids
STEARNS - 0170,12B,12B,1.0000000000,112,112,145,0170,2020_block_count_centroids
STEARNS - 0180,12B,12B,1.0000000000,75,75,145,0180,2020_block_count_centroids
STEARNS - 0185,12A,12A,1.0000000000,59,59,145,0185,2020_block_count_centroids
STEARNS - 0190,13A,13A,1.0000000000,141,141,145,0190,2020_block_count_centroids
STEARNS - 0195,12A,12A,1.0000000000,17,17,145,0195,2020_block_count_centroids
STEARNS - 0200,12A,12A,1.0000000000,49,49,145,0200,2020_block_count_centroids
STEARNS - 0205,12A,12A,1.0000000000,83,83,145,0205,2020_block_count_centroids
STEARNS - 0210,13A,13A,1.0000000000,76,76,145,0210,2020_block_count_centroids
STEARNS - 0215,13A,13A,1.0000000000,109,109,145,0215,2020_block_count_centroids
STEARNS - 0220,13A,13A,1.0000000000,5,5,145,0220,2020_block_count_centroids
STEARNS - 0225,12A,12A,1.0000000000,68,68,145,0225,2020_block_count_centroids
STEARNS - 0230,13A,13A,1.0000000000,82,82,145,0230,2020_block_count_centroids
STEARNS - 0235,13A,13A,1.0000000000,12,12,145,0235,2020_block_count_centroids
STEARNS - 0240,13A,13A,1.0000000000,91,91,145,0240,2020_block_count_centroids
STEARNS - 0245,13A,13A,1.0000000000,9,9,145,0245,2020_block_count_centroids
STEARNS - 0250,13A,13A,1.0000000000,7,7,145,0250,2020_block_count_centroids
STEARNS - 0255,14A,14A,1.0000000000,134,134,145,0255,2020_block_count_centroids
STEARNS - 0260,14A,14A,1.0000000000,7,7,145,0260,2020_block_count_centroids
STEARNS - 0265,14A,14A,1.0000000000,64,64,145,0265,2020_block_count_centroids
STEARNS - 0270,14A,14A,0.6065573770,37,61,145,0270,2020_block_count_centroids
STEARNS - 0270,14B,14B,0.3934426230,24,61,145,0270,2020_block_count_centroids
STEARNS - 0280,14A,14A,0.9178082192,67,73,145,0280,2020_block_count_centroids
STEARNS - 0280,14B,14B,0.0821917808,6,73,145,0280,2020_block_count_centroids
STEARNS - 0285,14A,14A,1.0000000000,54,54,145,0285,2020_block_count_centroids
STEARNS - 0290,14A,14A,1.0000000000,26,26,145,0290,2020_block_count_centroids
STEARNS - 0295,14B,14B,1.0000000000,39,39,145,0295,2020_block_count_centroids
STEARNS - 0300,14A,14A,0.3684210526,28,76,145,0300,2020_block_count_centroids
STEARNS - 0300,14B,14B,0.6315789474,48,76,145,0300,2020_block_count_centroids
STEARNS - 0305,14A,14A,0.6111111111,33,54,145,0305,2020_block_count_centroids
STEARNS - 0305,14B,14B,0.3888888889,21,54,145,0305,2020_block_count_centroids
STEARNS - 0310,14B,14B,1.0000000000,38,38,145,0310,2020_block_count_centroids
STEARNS - 0315,14A,14A,0.1388888889,5,36,145,0315,2020_block_count_centroids
STEARNS - 0315,14B,14B,0.8611111111,31,36,145,0315,2020_block_count_centroids
STEARNS - 0320,14A,14A,1.0000000000,18,18,145,0320,2020_block_count_centroids
STEARNS - 0325,14B,14B,1.0000000000,47,47,145,0325,2020_block_count_centroids
STEARNS - 0327,14A,14A,1.0000000000,14,14,145,0327,2020_block_count_centroids
STEARNS - 0330,14B,14B,1.0000000000,25,25,145,0330,2020_block_count_centroids
STEARNS - 0335,14B,14B,1.0000000000,35,35,145,0335,2020_block_count_centroids
STEARNS - 0340,14B,14B,1.0000000000,29,29,145,0340,2020_block_count_centroids
STEARNS - 0345,14B,14B,1.0000000000,46,46,145,0345,2020_block_count_centroids
STEARNS - 0350,14B,14B,1.0000000000,35,35,145,0350,2020_block_count_centroids
STEARNS - 0355,14B,14B,1.0000000000,53,53,145,0355,2020_block_count_centroids
STEARNS - 0360,13B,13B,0.0937500000,3,32,145,0360,2020_block_count_centroids
STEARNS - 0360,14B,14B,0.9062500000,29,32,145,0360,2020_block_count_centroids
STEARNS - 0365,13B,13B,0.0093457944,1,107,145,0365,2020_block_count_centroids
STEARNS - 0365,14B,14B,0.9906542056,106,107,145,0365,2020_block_count_centroids
STEARNS - 0366,14B,14B,1.0000000000,9,9,145,0366,2020_block_count_centroids
STEARNS - 0367,14A,14A,1.0000000000,70,70,145,0367,2020_block_count_centroids
STEARNS - 0380,13A,13A,1.0000000000,28,28,145,0380,2020_block_count_centroids
STEARNS - 0385,13A,13A,0.2343750000,15,64,145,0385,2020_block_count_centroids
STEARNS - 0385,14A,14A,0.7656250000,49,64,145,0385,2020_block_count_centroids
STEARNS - 0386,13A,13A,1.0000000000,7,7,145,0386,2020_block_count_centroids
STEARNS - 0390,13A,13A,0.7000000000,126,180,145,0390,2020_block_count_centroids
STEARNS - 0390,14A,14A,0.3000000000,54,180,145,0390,2020_block_count_centroids
STEARNS - 0399,12A,12A,1.0000000000,16,16,145,0399,2020_block_count_centroids
STEARNS - 0400,12A,12A,1.0000000000,54,54,145,0400,2020_block_count_centroids
STEARNS - 0404,12A,12A,1.0000000000,4,4,145,0404,2020_block_count_centroids
STEARNS - 0405,13B,13B,1.0000000000,15,15,145,0405,2020_block_count_centroids
STEARNS - 0410,13B,13B,1.0000000000,99,99,145,0410,2020_block_count_centroids
STEARNS - 0416,13B,13B,1.0000000000,96,96,145,0416,2020_block_count_centroids
STEARNS - 0418,13B,13B,1.0000000000,72,72,145,0418,2020_block_count_centroids
STEARNS - 0420,12B,12B,1.0000000000,134,134,145,0420,2020_block_count_centroids
STEARNS - 0430,12B,12B,1.0000000000,87,87,145,0430,2020_block_count_centroids
STEARNS - 0434,12A,12A,1.0000000000,5,5,145,0434,2020_block_count_centroids
STEARNS - 0435,12A,12A,1.0000000000,52,52,145,0435,2020_block_count_centroids
STEARNS - 0440,14A,14A,0.9558823529,65,68,145,0440,2020_block_count_centroids
STEARNS - 0440,14B,14B,0.0441176471,3,68,145,0440,2020_block_count_centroids
STEARNS - 0441,14A,14A,0.9871794872,77,78,145,0441,2020_block_count_centroids
STEARNS - 0441,14B,14B,0.0128205128,1,78,145,0441,2020_block_count_centroids
STEARNS - 0445,13A,13A,1.0000000000,143,143,145,0445,2020_block_count_centroids
STEARNS - 0450,12A,12A,1.0000000000,45,45,145,0450,2020_block_count_centroids
STEELE - 0005,23A,23A,1.0000000000,55,55,147,0005,2020_block_count_centroids
STEELE - 0010,23A,23A,1.0000000000,34,34,147,0010,2020_block_count_centroids
STEELE - 0015,23B,23B,1.0000000000,80,80,147,0015,2020_block_count_centroids
STEELE - 0020,23B,23B,1.0000000000,59,59,147,0020,2020_block_count_centroids
STEELE - 0025,19B,19B,1.0000000000,89,89,147,0025,2020_block_count_centroids
STEELE - 0030,19B,19B,1.0000000000,52,52,147,0030,2020_block_count_centroids
STEELE - 0035,23A,23A,1.0000000000,41,41,147,0035,2020_block_count_centroids
STEELE - 0040,19B,19B,0.9838709677,61,62,147,0040,2020_block_count_centroids
STEELE - 0040,24A,24A,0.0161290323,1,62,147,0040,2020_block_count_centroids
STEELE - 0045,23A,23A,1.0000000000,54,54,147,0045,2020_block_count_centroids
STEELE - 0050,19B,19B,1.0000000000,46,46,147,0050,2020_block_count_centroids
STEELE - 0055,19B,19B,1.0000000000,62,62,147,0055,2020_block_count_centroids
STEELE - 0060,19B,19B,1.0000000000,68,68,147,0060,2020_block_count_centroids
STEELE - 0065,19B,19B,1.0000000000,39,39,147,0065,2020_block_count_centroids
STEELE - 0070,19B,19B,1.0000000000,38,38,147,0070,2020_block_count_centroids
STEELE - 0075,19B,19B,1.0000000000,60,60,147,0075,2020_block_count_centroids
STEELE - 0085,19B,19B,1.0000000000,26,26,147,0085,2020_block_count_centroids
STEELE - 0090,19B,19B,1.0000000000,45,45,147,0090,2020_block_count_centroids
STEELE - 0100,19B,19B,1.0000000000,103,103,147,0100,2020_block_count_centroids
STEELE - 0105,19B,19B,1.0000000000,59,59,147,0105,2020_block_count_centroids
STEELE - 0115,19B,19B,1.0000000000,32,32,147,0115,2020_block_count_centroids
STEELE - 0120,19B,19B,1.0000000000,37,37,147,0120,2020_block_count_centroids
STEELE - 0130,19B,19B,1.0000000000,26,26,147,0130,2020_block_count_centroids
STEELE - 0135,19B,19B,1.0000000000,35,35,147,0135,2020_block_count_centroids
STEELE - 0145,19B,19B,1.0000000000,141,141,147,0145,2020_block_count_centroids
STEELE - 0150,23A,23A,1.0000000000,72,72,147,0150,2020_block_count_centroids
STEELE - 0155,23A,23A,1.0000000000,88,88,147,0155,2020_block_count_centroids
STEVENS - 0005,12A,12A,1.0000000000,12,12,149,0005,2020_block_count_centroids
STEVENS - 0010,12A,12A,1.0000000000,36,36,149,0010,2020_block_count_centroids
STEVENS - 0015,12A,12A,1.0000000000,29,29,149,0015,2020_block_count_centroids
STEVENS - 0020,12A,12A,1.0000000000,48,48,149,0020,2020_block_count_centroids
STEVENS - 0025,12A,12A,1.0000000000,36,36,149,0025,2020_block_count_centroids
STEVENS - 0030,12A,12A,1.0000000000,48,48,149,0030,2020_block_count_centroids
STEVENS - 0035,12A,12A,1.0000000000,55,55,149,0035,2020_block_count_centroids
STEVENS - 0040,12A,12A,1.0000000000,32,32,149,0040,2020_block_count_centroids
STEVENS - 0045,12A,12A,1.0000000000,45,45,149,0045,2020_block_count_centroids
STEVENS - 0050,12A,12A,1.0000000000,63,63,149,0050,2020_block_count_centroids
STEVENS - 0055,12A,12A,1.0000000000,39,39,149,0055,2020_block_count_centroids
STEVENS - 0060,12A,12A,1.0000000000,41,41,149,0060,2020_block_count_centroids
STEVENS - 0065,12A,12A,1.0000000000,43,43,149,0065,2020_block_count_centroids
STEVENS - 0072,12A,12A,1.0000000000,38,38,149,0072,2020_block_count_centroids
STEVENS - 0073,12A,12A,1.0000000000,19,19,149,0073,2020_block_count_centroids
STEVENS - 0075,12A,12A,1.0000000000,51,51,149,0075,2020_block_count_centroids
STEVENS - 0076,12A,12A,1.0000000000,7,7,149,0076,2020_block_count_centroids
STEVENS - 0080,12A,12A,1.0000000000,60,60,149,0080,2020_block_count_centroids
STEVENS - 0085,12A,12A,1.0000000000,43,43,149,0085,2020_block_count_centroids
STEVENS - 0090,12A,12A,1.0000000000,37,37,149,0090,2020_block_count_centroids
STEVENS - 0095,12A,12A,1.0000000000,35,35,149,0095,2020_block_count_centroids
STEVENS - 0100,12A,12A,1.0000000000,39,39,149,0100,2020_block_count_centroids
STEVENS - 0105,12A,12A,1.0000000000,37,37,149,0105,2020_block_count_centroids
STEVENS - 0110,12A,12A,1.0000000000,37,37,149,0110,2020_block_count_centroids
STEVENS - 0115,12A,12A,1.0000000000,30,30,149,0115,2020_block_count_centroids
SWIFT - 0005,12A,12A,1.0000000000,167,167,151,0005,2020_block_count_centroids
SWIFT - 0010,12A,12A,1.0000000000,65,65,151,0010,2020_block_count_centroids
SWIFT - 0015,12A,12A,1.0000000000,132,132,151,0015,2020_block_count_centroids
SWIFT - 0020,12A,12A,1.0000000000,123,123,151,0020,2020_block_count_centroids
SWIFT - 0025,12A,12A,1.0000000000,30,30,151,0025,2020_block_count_centroids
SWIFT - 0030,12A,12A,1.0000000000,34,34,151,0030,2020_block_count_centroids
SWIFT - 0035,12A,12A,1.0000000000,55,55,151,0035,2020_block_count_centroids
SWIFT - 0040,12A,12A,1.0000000000,19,19,151,0040,2020_block_count_centroids
SWIFT - 0045,12A,12A,1.0000000000,34,34,151,0045,2020_block_count_centroids
SWIFT - 0050,12A,12A,1.0000000000,16,16,151,0050,2020_block_count_centroids
SWIFT - 0055,12A,12A,1.0000000000,26,26,151,0055,2020_block_count_centroids
SWIFT - 0060,12A,12A,1.0000000000,47,47,151,0060,2020_block_count_centroids
SWIFT - 0065,12A,12A,1.0000000000,39,39,151,0065,2020_block_count_centroids
SWIFT - 0070,12A,12A,1.0000000000,44,44,151,0070,2020_block_count_centroids
SWIFT - 0075,12A,12A,1.0000000000,38,38,151,0075,2020_block_count_centroids
SWIFT - 0080,12A,12A,1.0000000000,33,33,151,0080,2020_block_count_centroids
SWIFT - 0085,12A,12A,1.0000000000,23,23,151,0085,2020_block_count_centroids
SWIFT - 0090,12A,12A,1.0000000000,70,70,151,0090,2020_block_count_centroids
SWIFT - 0095,12A,12A,1.0000000000,53,53,151,0095,2020_block_count_centroids
SWIFT - 0100,12A,12A,1.0000000000,50,50,151,0100,2020_block_count_centroids
SWIFT - 0105,12A,12A,1.0000000000,54,54,151,0105,2020_block_count_centroids
SWIFT - 0110,12A,12A,1.0000000000,46,46,151,0110,2020_block_count_centroids
SWIFT - 0115,12A,12A,1.0000000000,30,30,151,0115,2020_block_count_centroids
SWIFT - 0120,12A,12A,1.0000000000,65,65,151,0120,2020_block_count_centroids
SWIFT - 0125,12A,12A,1.0000000000,39,39,151,0125,2020_block_count_centroids
SWIFT - 0130,12A,12A,1.0000000000,51,51,151,0130,2020_block_count_centroids
SWIFT - 0135,12A,12A,1.0000000000,53,53,151,0135,2020_block_count_centroids
SWIFT - 0140,12A,12A,1.0000000000,43,43,151,0140,2020_block_count_centroids
SWIFT - 0145,12A,12A,1.0000000000,62,62,151,0145,2020_block_count_centroids
SWIFT - 0150,12A,12A,1.0000000000,62,62,151,0150,2020_block_count_centroids
TODD - 0005,05B,05B,1.0000000000,77,77,153,0005,2020_block_count_centroids
TODD - 0010,05B,05B,1.0000000000,22,22,153,0010,2020_block_count_centroids
TODD - 0015,05B,05B,1.0000000000,36,36,153,0015,2020_block_count_centroids
TODD - 0020,05B,05B,1.0000000000,58,58,153,0020,2020_block_count_centroids
TODD - 0025,05B,05B,1.0000000000,35,35,153,0025,2020_block_count_centroids
TODD - 0030,05B,05B,1.0000000000,49,49,153,0030,2020_block_count_centroids
TODD - 0035,05B,05B,1.0000000000,36,36,153,0035,2020_block_count_centroids
TODD - 0040,05B,05B,1.0000000000,90,90,153,0040,2020_block_count_centroids
TODD - 0045,05B,05B,1.0000000000,13,13,153,0045,2020_block_count_centroids
TODD - 0050,05B,05B,1.0000000000,42,42,153,0050,2020_block_count_centroids
TODD - 0055,05B,05B,1.0000000000,34,34,153,0055,2020_block_count_centroids
TODD - 0060,05B,05B,1.0000000000,60,60,153,0060,2020_block_count_centroids
TODD - 0065,05B,05B,1.0000000000,63,63,153,0065,2020_block_count_centroids
TODD - 0070,05B,05B,1.0000000000,42,42,153,0070,2020_block_count_centroids
TODD - 0075,05B,05B,1.0000000000,47,47,153,0075,2020_block_count_centroids
TODD - 0080,05B,05B,1.0000000000,25,25,153,0080,2020_block_count_centroids
TODD - 0085,05B,05B,1.0000000000,52,52,153,0085,2020_block_count_centroids
TODD - 0090,05B,05B,1.0000000000,64,64,153,0090,2020_block_count_centroids
TODD - 0095,05B,05B,1.0000000000,22,22,153,0095,2020_block_count_centroids
TODD - 0100,05B,05B,1.0000000000,54,54,153,0100,2020_block_count_centroids
TODD - 0105,05B,05B,1.0000000000,37,37,153,0105,2020_block_count_centroids
TODD - 0110,05B,05B,1.0000000000,76,76,153,0110,2020_block_count_centroids
TODD - 0115,05B,05B,1.0000000000,40,40,153,0115,2020_block_count_centroids
TODD - 0120,05B,05B,1.0000000000,71,71,153,0120,2020_block_count_centroids
TODD - 0126,05B,05B,1.0000000000,118,118,153,0126,2020_block_count_centroids
TODD - 0135,05B,05B,1.0000000000,55,55,153,0135,2020_block_count_centroids
TODD - 0140,05B,05B,1.0000000000,71,71,153,0140,2020_block_count_centroids
TODD - 0145,05B,05B,1.0000000000,13,13,153,0145,2020_block_count_centroids
TODD - 0150,05B,05B,1.0000000000,38,38,153,0150,2020_block_count_centroids
TODD - 0155,05B,05B,1.0000000000,48,48,153,0155,2020_block_count_centroids
TODD - 0160,05B,05B,1.0000000000,154,154,153,0160,2020_block_count_centroids
TODD - 0165,05B,05B,1.0000000000,73,73,153,0165,2020_block_count_centroids
TODD - 0170,05B,05B,1.0000000000,66,66,153,0170,2020_block_count_centroids
TODD - 0175,05B,05B,1.0000000000,44,44,153,0175,2020_block_count_centroids
TODD - 0180,05B,05B,1.0000000000,64,64,153,0180,2020_block_count_centroids
TODD - 0185,05B,05B,1.0000000000,64,64,153,0185,2020_block_count_centroids
TODD - 0187,05B,05B,1.0000000000,12,12,153,0187,2020_block_count_centroids
TODD - 0190,05B,05B,1.0000000000,68,68,153,0190,2020_block_count_centroids
TODD - 0195,05B,05B,1.0000000000,39,39,153,0195,2020_block_count_centroids
TRAVERSE - 0005,09A,09A,1.0000000000,38,38,155,0005,2020_block_count_centroids
TRAVERSE - 0010,09A,09A,1.0000000000,67,67,155,0010,2020_block_count_centroids
TRAVERSE - 0015,09A,09A,1.0000000000,44,44,155,0015,2020_block_count_centroids
TRAVERSE - 0020,09A,09A,1.0000000000,38,38,155,0020,2020_block_count_centroids
TRAVERSE - 0025,09A,09A,1.0000000000,37,37,155,0025,2020_block_count_centroids
TRAVERSE - 0027,09A,09A,1.0000000000,17,17,155,0027,2020_block_count_centroids
TRAVERSE - 0030,09A,09A,1.0000000000,25,25,155,0030,2020_block_count_centroids
TRAVERSE - 0035,09A,09A,1.0000000000,71,71,155,0035,2020_block_count_centroids
TRAVERSE - 0040,09A,09A,1.0000000000,35,35,155,0040,2020_block_count_centroids
TRAVERSE - 0045,09A,09A,1.0000000000,70,70,155,0045,2020_block_count_centroids
TRAVERSE - 0050,09A,09A,1.0000000000,36,36,155,0050,2020_block_count_centroids
TRAVERSE - 0055,09A,09A,1.0000000000,54,54,155,0055,2020_block_count_centroids
TRAVERSE - 0060,09A,09A,1.0000000000,30,30,155,0060,2020_block_count_centroids
TRAVERSE - 0065,09A,09A,1.0000000000,57,57,155,0065,2020_block_count_centroids
TRAVERSE - 0070,09A,09A,1.0000000000,18,18,155,0070,2020_block_count_centroids
TRAVERSE - 0075,09A,09A,1.0000000000,38,38,155,0075,2020_block_count_centroids
TRAVERSE - 0080,09A,09A,1.0000000000,31,31,155,0080,2020_block_count_centroids
TRAVERSE - 0085,09A,09A,1.0000000000,87,87,155,0085,2020_block_count_centroids
TRAVERSE - 0090,09A,09A,1.0000000000,57,57,155,0090,2020_block_count_centroids
TRAVERSE - 0095,09A,09A,1.0000000000,20,20,155,0095,2020_block_count_centroids
WABASHA - 0005,20A,20A,1.0000000000,2,2,157,0005,2020_block_count_centroids
WABASHA - 0010,20A,20A,1.0000000000,53,53,157,0010,2020_block_count_centroids
WABASHA - 0015,20B,20B,1.0000000000,41,41,157,0015,2020_block_count_centroids
WABASHA - 0020,20B,20B,1.0000000000,51,51,157,0020,2020_block_count_centroids
WABASHA - 0025,20A,20A,1.0000000000,45,45,157,0025,2020_block_count_centroids
WABASHA - 0030,20A,20A,1.0000000000,54,54,157,0030,2020_block_count_centroids
WABASHA - 0035,20B,20B,1.0000000000,92,92,157,0035,2020_block_count_centroids
WABASHA - 0040,20B,20B,1.0000000000,12,12,157,0040,2020_block_count_centroids
WABASHA - 0045,20B,20B,1.0000000000,32,32,157,0045,2020_block_count_centroids
WABASHA - 0050,20B,20B,1.0000000000,53,53,157,0050,2020_block_count_centroids
WABASHA - 0055,20B,20B,1.0000000000,42,42,157,0055,2020_block_count_centroids
WABASHA - 0060,20A,20A,1.0000000000,44,44,157,0060,2020_block_count_centroids
WABASHA - 0065,20A,20A,1.0000000000,85,85,157,0065,2020_block_count_centroids
WABASHA - 0070,20A,20A,1.0000000000,74,74,157,0070,2020_block_count_centroids
WABASHA - 0075,20A,20A,1.0000000000,47,47,157,0075,2020_block_count_centroids
WABASHA - 0080,20B,20B,1.0000000000,49,49,157,0080,2020_block_count_centroids
WABASHA - 0085,20B,20B,1.0000000000,41,41,157,0085,2020_block_count_centroids
WABASHA - 0090,20B,20B,1.0000000000,13,13,157,0090,2020_block_count_centroids
WABASHA - 0095,20B,20B,1.0000000000,8,8,157,0095,2020_block_count_centroids
WABASHA - 0100,20B,20B,1.0000000000,62,62,157,0100,2020_block_count_centroids
WABASHA - 0105,20A,20A,1.0000000000,31,31,157,0105,2020_block_count_centroids
WABASHA - 0110,20B,20B,1.0000000000,34,34,157,0110,2020_block_count_centroids
WABASHA - 0115,20A,20A,1.0000000000,43,43,157,0115,2020_block_count_centroids
WABASHA - 0120,20B,20B,1.0000000000,54,54,157,0120,2020_block_count_centroids
WABASHA - 0125,20B,20B,1.0000000000,44,44,157,0125,2020_block_count_centroids
WABASHA - 0130,20B,20B,1.0000000000,45,45,157,0130,2020_block_count_centroids
WABASHA - 0140,20A,20A,1.0000000000,72,72,157,0140,2020_block_count_centroids
WABASHA - 0145,20A,20A,1.0000000000,55,55,157,0145,2020_block_count_centroids
WABASHA - 0150,20A,20A,1.0000000000,65,65,157,0150,2020_block_count_centroids
WABASHA - 0155,20B,20B,1.0000000000,39,39,157,0155,2020_block_count_centroids
WABASHA - 0160,20A,20A,1.0000000000,51,51,157,0160,2020_block_count_centroids
WABASHA - 0165,20B,20B,1.0000000000,93,93,157,0165,2020_block_count_centroids
WABASHA - 0170,20A,20A,0.0833333333,1,12,157,0170,2020_block_count_centroids
WABASHA - 0170,20B,20B,0.9166666667,11,12,157,0170,2020_block_count_centroids
WADENA - 0005,05B,05B,1.0000000000,19,19,159,0005,2020_block_count_centroids
WADENA - 0010,05B,05B,1.0000000000,69,69,159,0010,2020_block_count_centroids
WADENA - 0015,05A,05A,1.0000000000,51,51,159,0015,2020_block_count_centroids
WADENA - 0020,05B,05B,1.0000000000,30,30,159,0020,2020_block_count_centroids
WADENA - 0025,05A,05A,1.0000000000,34,34,159,0025,2020_block_count_centroids
WADENA - 0030,05B,05B,1.0000000000,43,43,159,0030,2020_block_count_centroids
WADENA - 0035,05A,05A,1.0000000000,44,44,159,0035,2020_block_count_centroids
WADENA - 0040,05A,05A,1.0000000000,45,45,159,0040,2020_block_count_centroids
WADENA - 0045,05A,05A,1.0000000000,64,64,159,0045,2020_block_count_centroids
WADENA - 0050,05A,05A,1.0000000000,9,9,159,0050,2020_block_count_centroids
WADENA - 0055,05A,05A,1.0000000000,28,28,159,0055,2020_block_count_centroids
WADENA - 0060,05A,05A,1.0000000000,40,40,159,0060,2020_block_count_centroids
WADENA - 0065,05A,05A,1.0000000000,50,50,159,0065,2020_block_count_centroids
WADENA - 0070,05B,05B,1.0000000000,31,31,159,0070,2020_block_count_centroids
WADENA - 0075,05B,05B,1.0000000000,57,57,159,0075,2020_block_count_centroids
WADENA - 0080,05A,05A,1.0000000000,42,42,159,0080,2020_block_count_centroids
WADENA - 0085,05B,05B,1.0000000000,23,23,159,0085,2020_block_count_centroids
WADENA - 0090,05B,05B,1.0000000000,81,81,159,0090,2020_block_count_centroids
WADENA - 0095,05B,05B,1.0000000000,43,43,159,0095,2020_block_count_centroids
WADENA - 0100,05B,05B,1.0000000000,79,79,159,0100,2020_block_count_centroids
WADENA - 0105,05B,05B,1.0000000000,86,86,159,0105,2020_block_count_centroids
WADENA - 0110,05B,05B,1.0000000000,57,57,159,0110,2020_block_count_centroids
WADENA - 0115,05B,05B,1.0000000000,1,1,159,0115,2020_block_count_centroids
WADENA - 0116,05B,05B,1.0000000000,3,3,159,0116,2020_block_count_centroids
WADENA - 0120,05B,05B,1.0000000000,86,86,159,0120,2020_block_count_centroids
WADENA - 0125,05B,05B,1.0000000000,52,52,159,0125,2020_block_count_centroids
WASECA - 0005,19A,19A,1.0000000000,54,54,161,0005,2020_block_count_centroids
WASECA - 0010,19A,19A,1.0000000000,41,41,161,0010,2020_block_count_centroids
WASECA - 0015,23A,23A,1.0000000000,53,53,161,0015,2020_block_count_centroids
WASECA - 0020,19A,19A,1.0000000000,1,1,161,0020,2020_block_count_centroids
WASECA - 0025,23A,23A,1.0000000000,44,44,161,0025,2020_block_count_centroids
WASECA - 0030,19A,19A,1.0000000000,52,52,161,0030,2020_block_count_centroids
WASECA - 0035,19A,19A,1.0000000000,77,77,161,0035,2020_block_count_centroids
WASECA - 0045,19A,19A,1.0000000000,76,76,161,0045,2020_block_count_centroids
WASECA - 0050,23A,23A,1.0000000000,56,56,161,0050,2020_block_count_centroids
WASECA - 0055,23A,23A,1.0000000000,56,56,161,0055,2020_block_count_centroids
WASECA - 0060,23A,23A,1.0000000000,69,69,161,0060,2020_block_count_centroids
WASECA - 0065,19B,19B,1.0000000000,69,69,161,0065,2020_block_count_centroids
WASECA - 0070,23A,23A,1.0000000000,44,44,161,0070,2020_block_count_centroids
WASECA - 0075,23A,23A,1.0000000000,28,28,161,0075,2020_block_count_centroids
WASECA - 0080,19B,19B,1.0000000000,34,34,161,0080,2020_block_count_centroids
WASECA - 0085,19B,19B,1.0000000000,43,43,161,0085,2020_block_count_centroids
WASECA - 0090,19B,19B,1.0000000000,40,40,161,0090,2020_block_count_centroids
WASECA - 0095,19B,19B,1.0000000000,28,28,161,0095,2020_block_count_centroids
WASECA - 0100,19B,19B,1.0000000000,38,38,161,0100,2020_block_count_centroids
WASECA - 0105,19B,19B,1.0000000000,39,39,161,0105,2020_block_count_centroids
WASECA - 0110,23A,23A,1.0000000000,52,52,161,0110,2020_block_count_centroids
WASECA - 0115,19B,19B,1.0000000000,74,74,161,0115,2020_block_count_centroids
WASHINGTON - 0006,41A,41A,1.0000000000,18,18,163,0006,2020_block_count_centroids
WASHINGTON - 0011,41A,41A,1.0000000000,16,16,163,0011,2020_block_count_centroids
WASHINGTON - 0016,41A,41A,1.0000000000,13,13,163,0016,2020_block_count_centroids
WASHINGTON - 0021,41A,41A,1.0000000000,15,15,163,0021,2020_block_count_centroids
WASHINGTON - 0035,33B,33B,1.0000000000,106,106,163,0035,2020_block_count_centroids
WASHINGTON - 0045,33B,33B,0.1081081081,4,37,163,0045,2020_block_count_centroids
WASHINGTON - 0045,41A,41A,0.8918918919,33,37,163,0045,2020_block_count_centroids
WASHINGTON - 0050,36B,36B,1.0000000000,8,8,163,0050,2020_block_count_centroids
WASHINGTON - 0055,41A,41A,0.5111111111,23,45,163,0055,2020_block_count_centroids
WASHINGTON - 0055,41B,41B,0.4888888889,22,45,163,0055,2020_block_count_centroids
WASHINGTON - 0060,41B,41B,0.5333333333,32,60,163,0060,2020_block_count_centroids
WASHINGTON - 0060,53B,53B,0.4666666667,28,60,163,0060,2020_block_count_centroids
WASHINGTON - 0065,53B,53B,1.0000000000,38,38,163,0065,2020_block_count_centroids
WASHINGTON - 0070,41B,41B,1.0000000000,27,27,163,0070,2020_block_count_centroids
WASHINGTON - 0075,41B,41B,0.8611111111,31,36,163,0075,2020_block_count_centroids
WASHINGTON - 0075,53B,53B,0.1388888889,5,36,163,0075,2020_block_count_centroids
WASHINGTON - 0080,41A,41A,0.6666666667,10,15,163,0080,2020_block_count_centroids
WASHINGTON - 0080,41B,41B,0.3333333333,5,15,163,0080,2020_block_count_centroids
WASHINGTON - 0085,41A,41A,0.9166666667,22,24,163,0085,2020_block_count_centroids
WASHINGTON - 0085,41B,41B,0.0833333333,2,24,163,0085,2020_block_count_centroids
WASHINGTON - 0090,41A,41A,0.5555555556,35,63,163,0090,2020_block_count_centroids
WASHINGTON - 0090,41B,41B,0.3492063492,22,63,163,0090,2020_block_count_centroids
WASHINGTON - 0090,53B,53B,0.0952380952,6,63,163,0090,2020_block_count_centroids
WASHINGTON - 0095,41A,41A,1.0000000000,24,24,163,0095,2020_block_count_centroids
WASHINGTON - 0100,41A,41A,1.0000000000,28,28,163,0100,2020_block_count_centroids
WASHINGTON - 0105,41B,41B,1.0000000000,32,32,163,0105,2020_block_count_centroids
WASHINGTON - 0110,41B,41B,1.0000000000,24,24,163,0110,2020_block_count_centroids
WASHINGTON - 0115,33A,33A,1.0000000000,35,35,163,0115,2020_block_count_centroids
WASHINGTON - 0120,41A,41A,0.3584905660,19,53,163,0120,2020_block_count_centroids
WASHINGTON - 0120,41B,41B,0.6415094340,34,53,163,0120,2020_block_count_centroids
WASHINGTON - 0125,33A,33A,0.5288461538,55,104,163,0125,2020_block_count_centroids
WASHINGTON - 0125,33B,33B,0.4711538462,49,104,163,0125,2020_block_count_centroids
WASHINGTON - 0130,33A,33A,1.0000000000,61,61,163,0130,2020_block_count_centroids
WASHINGTON - 0135,33A,33A,0.6726190476,113,168,163,0135,2020_block_count_centroids
WASHINGTON - 0135,33B,33B,0.3273809524,55,168,163,0135,2020_block_count_centroids
WASHINGTON - 0140,33A,33A,0.5754716981,61,106,163,0140,2020_block_count_centroids
WASHINGTON - 0140,33B,33B,0.0094339623,1,106,163,0140,2020_block_count_centroids
WASHINGTON - 0140,41A,41A,0.4150943396,44,106,163,0140,2020_block_count_centroids
WASHINGTON - 0150,41B,41B,0.0740740741,2,27,163,0150,2020_block_count_centroids
WASHINGTON - 0150,53B,53B,0.9259259259,25,27,163,0150,2020_block_count_centroids
WASHINGTON - 0155,41B,41B,1.0000000000,14,14,163,0155,2020_block_count_centroids
WASHINGTON - 0160,33A,33A,1.0000000000,77,77,163,0160,2020_block_count_centroids
WASHINGTON - 0165,33A,33A,1.0000000000,88,88,163,0165,2020_block_count_centroids
WASHINGTON - 0170,33A,33A,0.9545454545,21,22,163,0170,2020_block_count_centroids
WASHINGTON - 0170,33B,33B,0.0454545455,1,22,163,0170,2020_block_count_centroids
WASHINGTON - 0171,33A,33A,0.9666666667,29,30,163,0171,2020_block_count_centroids
WASHINGTON - 0171,33B,33B,0.0333333333,1,30,163,0171,2020_block_count_centroids
WASHINGTON - 0175,41A,41A,0.9396551724,109,116,163,0175,2020_block_count_centroids
WASHINGTON - 0175,44B,44B,0.0258620690,3,116,163,0175,2020_block_count_centroids
WASHINGTON - 0175,47A,47A,0.0172413793,2,116,163,0175,2020_block_count_centroids
WASHINGTON - 0175,47B,47B,0.0172413793,2,116,163,0175,2020_block_count_centroids
WASHINGTON - 0180,41A,41A,0.9230769231,72,78,163,0180,2020_block_count_centroids
WASHINGTON - 0180,44B,44B,0.0769230769,6,78,163,0180,2020_block_count_centroids
WASHINGTON - 0182,33B,33B,0.3076923077,4,13,163,0182,2020_block_count_centroids
WASHINGTON - 0182,41A,41A,0.6923076923,9,13,163,0182,2020_block_count_centroids
WASHINGTON - 0185,41A,41A,1.0000000000,63,63,163,0185,2020_block_count_centroids
WASHINGTON - 0190,41A,41A,1.0000000000,11,11,163,0190,2020_block_count_centroids
WASHINGTON - 0195,41A,41A,1.0000000000,64,64,163,0195,2020_block_count_centroids
WASHINGTON - 0200,44B,44B,1.0000000000,19,19,163,0200,2020_block_count_centroids
WASHINGTON - 0205,33A,33A,0.9885057471,86,87,163,0205,2020_block_count_centroids
WASHINGTON - 0205,36B,36B,0.0114942529,1,87,163,0205,2020_block_count_centroids
WASHINGTON - 0206,33A,33A,0.9259259259,50,54,163,0206,2020_block_count_centroids
WASHINGTON - 0206,36B,36B,0.0185185185,1,54,163,0206,2020_block_count_centroids
WASHINGTON - 0206,44B,44B,0.0555555556,3,54,163,0206,2020_block_count_centroids
WASHINGTON - 0210,33B,33B,1.0000000000,34,34,163,0210,2020_block_count_centroids
WASHINGTON - 0215,33B,33B,1.0000000000,98,98,163,0215,2020_block_count_centroids
WASHINGTON - 0220,53B,53B,1.0000000000,44,44,163,0220,2020_block_count_centroids
WASHINGTON - 0225,47B,47B,0.0256410256,2,78,163,0225,2020_block_count_centroids
WASHINGTON - 0225,53B,53B,0.9743589744,76,78,163,0225,2020_block_count_centroids
WASHINGTON - 0230,33A,33A,0.0090909091,1,110,163,0230,2020_block_count_centroids
WASHINGTON - 0230,33B,33B,0.9909090909,109,110,163,0230,2020_block_count_centroids
WASHINGTON - 0235,44B,44B,0.9761904762,41,42,163,0235,2020_block_count_centroids
WASHINGTON - 0235,47A,47A,0.0238095238,1,42,163,0235,2020_block_count_centroids
WASHINGTON - 0240,44B,44B,1.0000000000,34,34,163,0240,2020_block_count_centroids
WASHINGTON - 0245,44B,44B,1.0000000000,45,45,163,0245,2020_block_count_centroids
WASHINGTON - 0250,44B,44B,1.0000000000,70,70,163,0250,2020_block_count_centroids
WASHINGTON - 0255,44B,44B,1.0000000000,57,57,163,0255,2020_block_count_centroids
WASHINGTON - 0260,41A,41A,0.0120481928,1,83,163,0260,2020_block_count_centroids
WASHINGTON - 0260,44B,44B,0.9518072289,79,83,163,0260,2020_block_count_centroids
WASHINGTON - 0260,47A,47A,0.0361445783,3,83,163,0260,2020_block_count_centroids
WASHINGTON - 0265,33B,33B,1.0000000000,53,53,163,0265,2020_block_count_centroids
WASHINGTON - 0266,33B,33B,0.9500000000,57,60,163,0266,2020_block_count_centroids
WASHINGTON - 0266,41A,41A,0.0500000000,3,60,163,0266,2020_block_count_centroids
WASHINGTON - 0270,33A,33A,0.1071428571,3,28,163,0270,2020_block_count_centroids
WASHINGTON - 0270,41A,41A,0.0357142857,1,28,163,0270,2020_block_count_centroids
WASHINGTON - 0270,44B,44B,0.8571428571,24,28,163,0270,2020_block_count_centroids
WASHINGTON - 0275,41A,41A,1.0000000000,25,25,163,0275,2020_block_count_centroids
WASHINGTON - 0280,53B,53B,1.0000000000,91,91,163,0280,2020_block_count_centroids
WASHINGTON - 0285,41A,41A,0.0208333333,1,48,163,0285,2020_block_count_centroids
WASHINGTON - 0285,53B,53B,0.9791666667,47,48,163,0285,2020_block_count_centroids
WASHINGTON - 0290,53B,53B,1.0000000000,41,41,163,0290,2020_block_count_centroids
WASHINGTON - 0296,33B,33B,1.0000000000,102,102,163,0296,2020_block_count_centroids
WASHINGTON - 0306,33B,33B,1.0000000000,96,96,163,0306,2020_block_count_centroids
WASHINGTON - 0316,33B,33B,1.0000000000,65,65,163,0316,2020_block_count_centroids
WASHINGTON - 0326,33B,33B,1.0000000000,88,88,163,0326,2020_block_count_centroids
WASHINGTON - 0340,33B,33B,0.9629629630,52,54,163,0340,2020_block_count_centroids
WASHINGTON - 0340,41A,41A,0.0370370370,2,54,163,0340,2020_block_count_centroids
WASHINGTON - 0350,41A,41A,1.0000000000,68,68,163,0350,2020_block_count_centroids
WASHINGTON - 0355,36B,36B,1.0000000000,9,9,163,0355,2020_block_count_centroids
WASHINGTON - 0360,33A,33A,1.0000000000,37,37,163,0360,2020_block_count_centroids
WASHINGTON - 0365,47A,47A,1.0000000000,60,60,163,0365,2020_block_count_centroids
WASHINGTON - 0370,47A,47A,1.0000000000,76,76,163,0370,2020_block_count_centroids
WASHINGTON - 0375,47A,47A,0.4909090909,27,55,163,0375,2020_block_count_centroids
WASHINGTON - 0375,47B,47B,0.5090909091,28,55,163,0375,2020_block_count_centroids
WASHINGTON - 0380,47A,47A,1.0000000000,41,41,163,0380,2020_block_count_centroids
WASHINGTON - 0385,47A,47A,1.0000000000,41,41,163,0385,2020_block_count_centroids
WASHINGTON - 0390,47A,47A,1.0000000000,50,50,163,0390,2020_block_count_centroids
WASHINGTON - 0395,47A,47A,1.0000000000,44,44,163,0395,2020_block_count_centroids
WASHINGTON - 0400,47A,47A,0.8918918919,33,37,163,0400,2020_block_count_centroids
WASHINGTON - 0400,47B,47B,0.1081081081,4,37,163,0400,2020_block_count_centroids
WASHINGTON - 0405,47A,47A,0.0752688172,7,93,163,0405,2020_block_count_centroids
WASHINGTON - 0405,47B,47B,0.9139784946,85,93,163,0405,2020_block_count_centroids
WASHINGTON - 0405,53B,53B,0.0107526882,1,93,163,0405,2020_block_count_centroids
WASHINGTON - 0410,47B,47B,1.0000000000,46,46,163,0410,2020_block_count_centroids
WASHINGTON - 0415,47B,47B,1.0000000000,204,204,163,0415,2020_block_count_centroids
WATONWAN - 0005,21B,21B,1.0000000000,49,49,165,0005,2020_block_count_centroids
WATONWAN - 0010,22A,22A,1.0000000000,44,44,165,0010,2020_block_count_centroids
WATONWAN - 0015,21B,21B,1.0000000000,45,45,165,0015,2020_block_count_centroids
WATONWAN - 0020,21B,21B,1.0000000000,55,55,165,0020,2020_block_count_centroids
WATONWAN - 0025,21B,21B,1.0000000000,23,23,165,0025,2020_block_count_centroids
WATONWAN - 0030,22A,22A,1.0000000000,56,56,165,0030,2020_block_count_centroids
WATONWAN - 0035,22A,22A,1.0000000000,7,7,165,0035,2020_block_count_centroids
WATONWAN - 0040,22A,22A,1.0000000000,28,28,165,0040,2020_block_count_centroids
WATONWAN - 0045,21B,21B,1.0000000000,54,54,165,0045,2020_block_count_centroids
WATONWAN - 0050,22A,22A,1.0000000000,46,46,165,0050,2020_block_count_centroids
WATONWAN - 0055,22A,22A,1.0000000000,55,55,165,0055,2020_block_count_centroids
WATONWAN - 0060,22A,22A,1.0000000000,62,62,165,0060,2020_block_count_centroids
WATONWAN - 0065,21B,21B,1.0000000000,61,61,165,0065,2020_block_count_centroids
WATONWAN - 0070,21B,21B,1.0000000000,16,16,165,0070,2020_block_count_centroids
WATONWAN - 0075,21B,21B,1.0000000000,50,50,165,0075,2020_block_count_centroids
WATONWAN - 0080,21B,21B,1.0000000000,6,6,165,0080,2020_block_count_centroids
WATONWAN - 0085,22A,22A,1.0000000000,54,54,165,0085,2020_block_count_centroids
WATONWAN - 0090,21B,21B,0.0357142857,2,56,165,0090,2020_block_count_centroids
WATONWAN - 0090,22A,22A,0.9642857143,54,56,165,0090,2020_block_count_centroids
WATONWAN - 0095,21B,21B,1.0000000000,84,84,165,0095,2020_block_count_centroids
WATONWAN - 0110,21B,21B,0.9892473118,92,93,165,0110,2020_block_count_centroids
WATONWAN - 0110,22A,22A,0.0107526882,1,93,165,0110,2020_block_count_centroids
WATONWAN - 0125,21B,21B,1.0000000000,55,55,165,0125,2020_block_count_centroids
WATONWAN - 0135,22A,22A,1.0000000000,51,51,165,0135,2020_block_count_centroids
WILKIN - 0005,09A,09A,1.0000000000,34,34,167,0005,2020_block_count_centroids
WILKIN - 0010,09A,09A,1.0000000000,43,43,167,0010,2020_block_count_centroids
WILKIN - 0015,09A,09A,1.0000000000,45,45,167,0015,2020_block_count_centroids
WILKIN - 0020,09A,09A,1.0000000000,35,35,167,0020,2020_block_count_centroids
WILKIN - 0025,09A,09A,1.0000000000,67,67,167,0025,2020_block_count_centroids
WILKIN - 0030,09A,09A,1.0000000000,58,58,167,0030,2020_block_count_centroids
WILKIN - 0035,09A,09A,1.0000000000,88,88,167,0035,2020_block_count_centroids
WILKIN - 0040,09A,09A,1.0000000000,58,58,167,0040,2020_block_count_centroids
WILKIN - 0050,09A,09A,1.0000000000,38,38,167,0050,2020_block_count_centroids
WILKIN - 0055,09A,09A,1.0000000000,28,28,167,0055,2020_block_count_centroids
WILKIN - 0060,09A,09A,1.0000000000,61,61,167,0060,2020_block_count_centroids
WILKIN - 0065,09A,09A,1.0000000000,47,47,167,0065,2020_block_count_centroids
WILKIN - 0070,09A,09A,1.0000000000,36,36,167,0070,2020_block_count_centroids
WILKIN - 0075,09A,09A,1.0000000000,44,44,167,0075,2020_block_count_centroids
WILKIN - 0077,09A,09A,1.0000000000,14,14,167,0077,2020_block_count_centroids
WILKIN - 0080,09A,09A,1.0000000000,19,19,167,0080,2020_block_count_centroids
WILKIN - 0085,09A,09A,1.0000000000,38,38,167,0085,2020_block_count_centroids
WILKIN - 0090,09A,09A,1.0000000000,13,13,167,0090,2020_block_count_centroids
WILKIN - 0095,09A,09A,1.0000000000,22,22,167,0095,2020_block_count_centroids
WILKIN - 0100,09A,09A,1.0000000000,49,49,167,0100,2020_block_count_centroids
WILKIN - 0105,09A,09A,1.0000000000,42,42,167,0105,2020_block_count_centroids
WILKIN - 0110,09A,09A,1.0000000000,36,36,167,0110,2020_block_count_centroids
WILKIN - 0112,09A,09A,1.0000000000,10,10,167,0112,2020_block_count_centroids
WILKIN - 0115,09A,09A,1.0000000000,40,40,167,0115,2020_block_count_centroids
WILKIN - 0120,09A,09A,1.0000000000,38,38,167,0120,2020_block_count_centroids
WILKIN - 0125,09A,09A,1.0000000000,50,50,167,0125,2020_block_count_centroids
WILKIN - 0130,09A,09A,1.0000000000,27,27,167,0130,2020_block_count_centroids
WILKIN - 0135,09A,09A,1.0000000000,27,27,167,0135,2020_block_count_centroids
WILKIN - 0140,09A,09A,1.0000000000,40,40,167,0140,2020_block_count_centroids
WILKIN - 0145,09A,09A,1.0000000000,33,33,167,0145,2020_block_count_centroids
WILKIN - 0147,09A,09A,1.0000000000,1,1,167,0147,2020_block_count_centroids
WILKIN - 0150,09A,09A,1.0000000000,16,16,167,0150,2020_block_count_centroids
WILKIN - 0155,09A,09A,1.0000000000,47,47,167,0155,2020_block_count_centroids
WINONA - 0005,20B,20B,1.0000000000,21,21,169,0005,2020_block_count_centroids
WINONA - 0010,26A,26A,1.0000000000,26,26,169,0010,2020_block_count_centroids
WINONA - 0015,26A,26A,1.0000000000,33,33,169,0015,2020_block_count_centroids
WINONA - 0020,20B,20B,1.0000000000,15,15,169,0020,2020_block_count_centroids
WINONA - 0025,20B,20B,1.0000000000,40,40,169,0025,2020_block_count_centroids
WINONA - 0030,26A,26A,1.0000000000,48,48,169,0030,2020_block_count_centroids
WINONA - 0035,26A,26A,1.0000000000,56,56,169,0035,2020_block_count_centroids
WINONA - 0040,26A,26A,1.0000000000,42,42,169,0040,2020_block_count_centroids
WINONA - 0045,26A,26A,1.0000000000,31,31,169,0045,2020_block_count_centroids
WINONA - 0050,20B,20B,0.0270270270,1,37,169,0050,2020_block_count_centroids
WINONA - 0050,26A,26A,0.9729729730,36,37,169,0050,2020_block_count_centroids
WINONA - 0055,26A,26A,1.0000000000,58,58,169,0055,2020_block_count_centroids
WINONA - 0057,26A,26A,1.0000000000,1,1,169,0057,2020_block_count_centroids
WINONA - 0060,26A,26A,1.0000000000,37,37,169,0060,2020_block_count_centroids
WINONA - 0065,20B,20B,1.0000000000,10,10,169,0065,2020_block_count_centroids
WINONA - 0070,26A,26A,1.0000000000,17,17,169,0070,2020_block_count_centroids
WINONA - 0075,20B,20B,1.0000000000,28,28,169,0075,2020_block_count_centroids
WINONA - 0080,26A,26A,1.0000000000,68,68,169,0080,2020_block_count_centroids
WINONA - 0085,20B,20B,1.0000000000,36,36,169,0085,2020_block_count_centroids
WINONA - 0090,26A,26A,1.0000000000,42,42,169,0090,2020_block_count_centroids
WINONA - 0095,26A,26A,1.0000000000,34,34,169,0095,2020_block_count_centroids
WINONA - 0100,26A,26A,1.0000000000,17,17,169,0100,2020_block_count_centroids
WINONA - 0105,26A,26A,1.0000000000,121,121,169,0105,2020_block_count_centroids
WINONA - 0110,20B,20B,1.0000000000,141,141,169,0110,2020_block_count_centroids
WINONA - 0115,20B,20B,1.0000000000,60,60,169,0115,2020_block_count_centroids
WINONA - 0120,20B,20B,1.0000000000,50,50,169,0120,2020_block_count_centroids
WINONA - 0125,26A,26A,1.0000000000,30,30,169,0125,2020_block_count_centroids
WINONA - 0130,20B,20B,1.0000000000,15,15,169,0130,2020_block_count_centroids
WINONA - 0135,20B,20B,0.0161290323,1,62,169,0135,2020_block_count_centroids
WINONA - 0135,26A,26A,0.9838709677,61,62,169,0135,2020_block_count_centroids
WINONA - 0140,26A,26A,1.0000000000,63,63,169,0140,2020_block_count_centroids
WINONA - 0145,20B,20B,1.0000000000,29,29,169,0145,2020_block_count_centroids
WINONA - 0150,26A,26A,1.0000000000,65,65,169,0150,2020_block_count_centroids
WINONA - 0155,26A,26A,1.0000000000,55,55,169,0155,2020_block_count_centroids
WINONA - 0160,26A,26A,1.0000000000,28,28,169,0160,2020_block_count_centroids
WINONA - 0165,26A,26A,1.0000000000,40,40,169,0165,2020_block_count_centroids
WINONA - 0170,26A,26A,1.0000000000,21,21,169,0170,2020_block_count_centroids
WINONA - 0175,26A,26A,1.0000000000,43,43,169,0175,2020_block_count_centroids
WINONA - 0180,26A,26A,1.0000000000,44,44,169,0180,2020_block_count_centroids
WINONA - 0185,26A,26A,1.0000000000,41,41,169,0185,2020_block_count_centroids
WINONA - 0190,26A,26A,1.0000000000,47,47,169,0190,2020_block_count_centroids
WINONA - 0195,26A,26A,1.0000000000,112,112,169,0195,2020_block_count_centroids
WINONA - 0200,26A,26A,1.0000000000,29,29,169,0200,2020_block_count_centroids
WINONA - 0205,26A,26A,1.0000000000,24,24,169,0205,2020_block_count_centroids
WINONA - 0210,26A,26A,1.0000000000,57,57,169,0210,2020_block_count_centroids
WINONA - 0215,26A,26A,1.0000000000,76,76,169,0215,2020_block_count_centroids
WINONA - 0220,26A,26A,1.0000000000,68,68,169,0220,2020_block_count_centroids
WINONA - 0225,26A,26A,1.0000000000,87,87,169,0225,2020_block_count_centroids
WINONA - 0230,26A,26A,1.0000000000,52,52,169,0230,2020_block_count_centroids
WINONA - 0235,26A,26A,1.0000000000,4,4,169,0235,2020_block_count_centroids
WINONA - 0240,26A,26A,1.0000000000,34,34,169,0240,2020_block_count_centroids
WRIGHT - 0005,30A,30A,1.0000000000,103,103,171,0005,2020_block_count_centroids
WRIGHT - 0010,29A,29A,1.0000000000,79,79,171,0010,2020_block_count_centroids
WRIGHT - 0015,29A,29A,1.0000000000,70,70,171,0015,2020_block_count_centroids
WRIGHT - 0020,29B,29B,1.0000000000,109,109,171,0020,2020_block_count_centroids
WRIGHT - 0025,29A,29A,0.0103092784,1,97,171,0025,2020_block_count_centroids
WRIGHT - 0025,29B,29B,0.9896907216,96,97,171,0025,2020_block_count_centroids
WRIGHT - 0030,29B,29B,0.9750000000,39,40,171,0030,2020_block_count_centroids
WRIGHT - 0030,30A,30A,0.0250000000,1,40,171,0030,2020_block_count_centroids
WRIGHT - 0035,29B,29B,1.0000000000,79,79,171,0035,2020_block_count_centroids
WRIGHT - 0040,29A,29A,0.6901408451,49,71,171,0040,2020_block_count_centroids
WRIGHT - 0040,29B,29B,0.3098591549,22,71,171,0040,2020_block_count_centroids
WRIGHT - 0045,29A,29A,1.0000000000,39,39,171,0045,2020_block_count_centroids
WRIGHT - 0050,29A,29A,0.9789473684,93,95,171,0050,2020_block_count_centroids
WRIGHT - 0050,29B,29B,0.0210526316,2,95,171,0050,2020_block_count_centroids
WRIGHT - 0055,17A,17A,1.0000000000,55,55,171,0055,2020_block_count_centroids
WRIGHT - 0060,17A,17A,1.0000000000,83,83,171,0060,2020_block_count_centroids
WRIGHT - 0065,29A,29A,0.9655172414,84,87,171,0065,2020_block_count_centroids
WRIGHT - 0065,29B,29B,0.0344827586,3,87,171,0065,2020_block_count_centroids
WRIGHT - 0070,34A,34A,1.0000000000,2,2,171,0070,2020_block_count_centroids
WRIGHT - 0075,29A,29A,1.0000000000,83,83,171,0075,2020_block_count_centroids
WRIGHT - 0085,29A,29A,1.0000000000,132,132,171,0085,2020_block_count_centroids
WRIGHT - 0090,29A,29A,1.0000000000,89,89,171,0090,2020_block_count_centroids
WRIGHT - 0095,30A,30A,1.0000000000,43,43,171,0095,2020_block_count_centroids
WRIGHT - 0100,29A,29A,1.0000000000,61,61,171,0100,2020_block_count_centroids
WRIGHT - 0105,29A,29A,0.0333333333,2,60,171,0105,2020_block_count_centroids
WRIGHT - 0105,29B,29B,0.9666666667,58,60,171,0105,2020_block_count_centroids
WRIGHT - 0110,29B,29B,1.0000000000,108,108,171,0110,2020_block_count_centroids
WRIGHT - 0115,29A,29A,1.0000000000,121,121,171,0115,2020_block_count_centroids
WRIGHT - 0120,29A,29A,1.0000000000,80,80,171,0120,2020_block_count_centroids
WRIGHT - 0125,29B,29B,1.0000000000,185,185,171,0125,2020_block_count_centroids
WRIGHT - 0130,29B,29B,0.9791666667,188,192,171,0130,2020_block_count_centroids
WRIGHT - 0130,30A,30A,0.0208333333,4,192,171,0130,2020_block_count_centroids
WRIGHT - 0135,29A,29A,1.0000000000,21,21,171,0135,2020_block_count_centroids
WRIGHT - 0140,30A,30A,0.4838709677,135,279,171,0140,2020_block_count_centroids
WRIGHT - 0140,30B,30B,0.5161290323,144,279,171,0140,2020_block_count_centroids
WRIGHT - 0145,29A,29A,1.0000000000,62,62,171,0145,2020_block_count_centroids
WRIGHT - 0150,29A,29A,0.1318681319,24,182,171,0150,2020_block_count_centroids
WRIGHT - 0150,29B,29B,0.0604395604,11,182,171,0150,2020_block_count_centroids
WRIGHT - 0150,30A,30A,0.8076923077,147,182,171,0150,2020_block_count_centroids
WRIGHT - 0155,30A,30A,1.0000000000,271,271,171,0155,2020_block_count_centroids
WRIGHT - 0160,29B,29B,1.0000000000,116,116,171,0160,2020_block_count_centroids
WRIGHT - 0165,29A,29A,1.0000000000,19,19,171,0165,2020_block_count_centroids
WRIGHT - 0170,29A,29A,1.0000000000,85,85,171,0170,2020_block_count_centroids
WRIGHT - 0175,17A,17A,1.0000000000,51,51,171,0175,2020_block_count_centroids
WRIGHT - 0180,29A,29A,1.0000000000,63,63,171,0180,2020_block_count_centroids
WRIGHT - 0185,29A,29A,1.0000000000,33,33,171,0185,2020_block_count_centroids
WRIGHT - 0190,29A,29A,1.0000000000,118,118,171,0190,2020_block_count_centroids
YELLOW MEDICINE - 0005,15A,15A,1.0000000000,49,49,173,0005,2020_block_count_centroids
YELLOW MEDICINE - 0010,15A,15A,1.0000000000,60,60,173,0010,2020_block_count_centroids
YELLOW MEDICINE - 0015,15A,15A,1.0000000000,74,74,173,0015,2020_block_count_centroids
YELLOW MEDICINE - 0020,15A,15A,1.0000000000,81,81,173,0020,2020_block_count_centroids
YELLOW MEDICINE - 0025,15A,15A,1.0000000000,37,37,173,0025,2020_block_count_centroids
YELLOW MEDICINE - 0030,15A,15A,1.0000000000,52,52,173,0030,2020_block_count_centroids
YELLOW MEDICINE - 0035,15A,15A,1.0000000000,38,38,173,0035,2020_block_count_centroids
YELLOW MEDICINE - 0040,15A,15A,1.0000000000,32,32,173,0040,2020_block_count_centroids
YELLOW MEDICINE - 0045,15A,15A,1.0000000000,59,59,173,0045,2020_block_count_centroids
YELLOW MEDICINE - 0050,15A,15A,1.0000000000,36,36,173,0050,2020_block_count_centroids
YELLOW MEDICINE - 0055,15A,15A,1.0000000000,42,42,173,0055,2020_block_count_centroids
YELLOW MEDICINE - 0060,15A,15A,1.0000000000,31,31,173,0060,2020_block_count_centroids
YELLOW MEDICINE - 0065,15A,15A,1.0000000000,49,49,173,0065,2020_block_count_centroids
YELLOW MEDICINE - 0070,15A,15A,1.0000000000,33,33,173,0070,2020_block_count_centroids
YELLOW MEDICINE - 0075,15A,15A,1.0000000000,7,7,173,0075,2020_block_count_centroids
YELLOW MEDICINE - 0080,15A,15A,1.0000000000,48,48,173,0080,2020_block_count_centroids
YELLOW MEDICINE - 0085,15A,15A,1.0000000000,54,54,173,0085,2020_block_count_centroids
YELLOW MEDICINE - 0090,15A,15A,1.0000000000,98,98,173,0090,2020_block_count_centroids
YELLOW MEDICINE - 0095,15A,15A,1.0000000000,44,44,173,0095,2020_block_count_centroids
YELLOW MEDICINE - 0100,15A,15A,1.0000000000,56,56,173,0100,2020_block_count_centroids
YELLOW MEDICINE - 0105,15A,15A,1.0000000000,51,51,173,0105,2020_block_count_centroids
YELLOW MEDICINE - 0110,15A,15A,1.0000000000,53,53,173,0110,2020_block_count_centroids
YELLOW MEDICINE - 0115,15A,15A,1.0000000000,28,28,173,0115,2020_block_count_centroids
YELLOW MEDICINE - 0120,15A,15A,1.0000000000,50,50,173,0120,2020_block_count_centroids
YELLOW MEDICINE - 0125,15A,15A,1.0000000000,5,5,173,0125,2020_block_count_centroids
YELLOW MEDICINE - 0130,15A,15A,1.0000000000,79,79,173,0130,2020_block_count_centroids
YELLOW MEDICINE - 0135,15A,15A,1.0000000000,60,60,173,0135,2020_block_count_centroids
YELLOW MEDICINE - 0140,15A,15A,1.0000000000,77,77,173,0140,2020_block_count_centroids
YELLOW MEDICINE - 0145,15A,15A,1.0000000000,57,57,173,0145,2020_block_count_centroids
YELLOW MEDICINE - 0150,15A,15A,1.0000000000,53,53,173,0150,2020_block_count_centroids
YELLOW MEDICINE - 0155,15A,15A,1.0000000000,41,41,173,0155,2020_block_count_centroids
YELLOW MEDICINE - 0160,15A,15A,1.0000000000,37,37,173,0160,2020_block_count_centroids
YELLOW MEDICINE - 0165,15A,15A,1.0000000000,63,63,173,0165,2020_block_count_centroids
