county_fips,source_precinct,target_precinct,population,block_count,weight_share
001,000005,000005,2168,99,1.000000000000
001,000010,000005,8,2,0.008791208791
001,000010,000010,902,71,0.991208791209
001,000015,000015,272,50,1.000000000000
001,000020,000020,32,14,1.000000000000
001,000025,000025,62,10,1.000000000000
001,000030,000030,116,29,1.000000000000
001,000035,000035,45,15,1.000000000000
001,000038,000038,42,23,1.000000000000
001,000040,000040,995,73,1.000000000000
001,000045,000045,329,46,0.996969696970
001,000045,000110,0,1,0.003030303030
001,000050,000050,432,34,1.000000000000
001,000055,000055,153,23,1.000000000000
001,000060,000060,792,47,1.000000000000
001,000065,000065,613,57,1.000000000000
001,000070,000070,435,45,1.000000000000
001,000075,000075,222,15,1.000000000000
001,000080,000080,334,29,1.000000000000
001,000082,000082,45,4,1.000000000000
001,000085,000085,188,36,1.000000000000
001,000090,000090,504,50,1.000000000000
001,000095,000095,38,7,1.000000000000
001,000100,000100,20,17,1.000000000000
001,000105,000105,23,16,1.000000000000
001,000110,000045,0,1,0.005376344086
001,000110,000110,185,37,0.994623655914
001,000115,000115,41,12,1.000000000000
001,000120,000120,384,31,1.000000000000
001,000125,000125,96,31,1.000000000000
001,000130,000130,170,33,1.000000000000
001,000132,000132,60,12,1.000000000000
001,000135,000135,353,27,1.000000000000
001,000140,000140,180,45,1.000000000000
001,000145,000145,983,59,1.000000000000
001,000150,000110,0,1,0.006134969325
001,000150,000150,162,20,0.993865030675
001,000155,000155,116,15,1.000000000000
001,000160,000160,120,18,1.000000000000
001,000165,000165,85,24,1.000000000000
001,000170,000170,64,7,1.000000000000
001,000175,000055,0,1,0.000821692687
001,000175,000175,1216,109,0.999178307313
001,000180,000180,320,34,1.000000000000
001,000185,000185,522,52,1.000000000000
001,000190,000190,62,14,1.000000000000
001,000195,000195,137,35,1.000000000000
001,000200,000200,40,25,1.000000000000
001,000205,000205,335,26,1.000000000000
001,000210,000210,312,31,1.000000000000
001,000215,000215,251,20,1.000000000000
001,000220,000220,38,13,1.000000000000
001,000225,000225,120,27,1.000000000000
001,000230,000230,212,40,1.000000000000
001,000240,000240,8,18,0.166666666667
001,000240,000250,40,7,0.833333333333
001,000255,000250,27,10,1.000000000000
001,000260,000250,124,48,1.000000000000
001,000285,000130,0,1,0.013888888889
001,000285,000250,71,18,0.986111111111
001,000290,000250,93,30,1.000000000000
003,000005,000005,3221,71,1.000000000000
003,000010,000010,2946,66,0.999660671870
003,000010,000015,0,1,0.000339328130
003,000015,000015,3111,46,0.867782426778
003,000015,000050,474,5,0.132217573222
003,000020,000020,3094,34,1.000000000000
003,000025,000025,2283,20,0.595617010175
003,000025,000030,429,5,0.111922775894
003,000025,000035,1121,9,0.292460213932
003,000030,000030,3070,60,1.000000000000
003,000035,000035,3025,24,1.000000000000
003,000040,000025,595,8,0.194698952880
003,000040,000040,2461,30,0.805301047120
003,000045,000045,3146,34,1.000000000000
003,000050,000020,0,2,0.000551419906
003,000050,000050,3625,57,0.999448580094
003,000105,000105,1762,48,1.000000000000
003,000110,000105,0,1,0.000424808836
003,000110,000110,2353,29,0.999575191164
003,000115,000115,2482,57,0.999194847021
003,000115,002905,0,2,0.000805152979
003,000120,000120,1997,42,1.000000000000
003,000125,000125,1967,40,1.000000000000
003,000130,000130,3094,83,1.000000000000
003,000135,000015,0,1,0.000414593698
003,000135,000135,2411,27,0.999585406302
003,000140,000010,27,3,0.014539579968
003,000140,000015,0,2,0.001077005924
003,000140,000140,1828,23,0.984383414109
003,000205,000205,476,20,1.000000000000
003,000305,000310,1961,23,0.825684210526
003,000305,000315,414,11,0.174315789474
003,000310,000310,1238,9,0.383519206939
003,000310,000330,1990,28,0.616480793061
003,000315,000335,2127,49,1.000000000000
003,000320,000305,1681,39,1.000000000000
003,000325,000340,2954,105,0.698015122873
003,000325,000345,1276,46,0.301512287335
003,000325,000425,0,2,0.000472589792
003,000330,000340,0,1,0.000512295082
003,000330,000425,1951,35,0.999487704918
003,000335,000345,2042,47,1.000000000000
003,000340,000425,0,2,0.000925069380
003,000340,000445,2160,34,0.999074930620
003,000405,000320,1923,23,0.829236739974
003,000405,000405,396,6,0.170763260026
003,000410,000315,1596,19,0.739231125521
003,000410,000330,563,8,0.260768874479
003,000415,000315,499,6,0.184609692934
003,000415,000325,2203,38,0.815020347762
003,000415,000330,0,1,0.000369959304
003,000420,000320,270,3,0.107612594659
003,000420,000325,480,3,0.191311279394
003,000420,000405,553,7,0.220406536469
003,000420,000410,1206,12,0.480669589478
003,000425,000340,0,5,0.001686909582
003,000425,000415,2959,37,0.998313090418
003,000430,000340,0,5,0.002253267237
003,000430,000420,2214,30,0.997746732763
003,000435,000415,161,2,0.082100968893
003,000435,000525,1800,18,0.917899031107
003,000440,000420,0,2,0.000432994155
003,000440,000430,3188,27,0.690192682399
003,000440,000435,1429,27,0.309374323447
003,000505,000405,2148,26,0.628621597893
003,000505,000410,1269,19,0.371378402107
003,000510,000505,2760,31,1.000000000000
003,000515,000505,513,8,0.162547528517
003,000515,000510,2643,21,0.837452471483
003,000520,000515,3034,40,1.000000000000
003,000525,000520,3075,37,1.000000000000
003,000530,000520,0,2,0.000332060435
003,000530,000535,3681,26,0.611157230616
003,000530,000540,2340,25,0.388510708949
003,000535,000435,921,7,0.189233614136
003,000535,000525,1108,14,0.227655640025
003,000535,000530,2838,43,0.583110745839
003,000540,000440,2528,26,0.951091045899
003,000540,000540,130,2,0.048908954101
003,000605,000605,3896,54,1.000000000000
003,000705,000425,0,2,0.001019367992
003,000705,000705,1957,28,0.997451580020
003,000705,000710,0,2,0.001019367992
003,000705,002105,0,1,0.000509683996
003,000710,000710,3068,30,0.999348534202
003,000710,002105,0,2,0.000651465798
003,000805,000805,3750,44,1.000000000000
003,000810,000810,2850,41,1.000000000000
003,000815,000815,2604,21,1.000000000000
003,000820,000820,3519,33,0.999148211244
003,000820,002005,0,3,0.000851788756
003,000825,000825,2518,38,1.000000000000
003,000830,000830,1751,30,1.000000000000
003,000835,000810,362,6,0.141793967881
003,000835,000835,2191,36,0.858206032119
003,000840,000840,2428,42,1.000000000000
003,000905,000905,4159,81,1.000000000000
003,001005,001005,3912,66,0.999744441605
003,001005,001015,0,1,0.000255558395
003,001010,001010,3369,38,1.000000000000
003,001015,001015,2928,57,1.000000000000
003,001020,001005,0,1,0.000399042298
003,001020,001020,2505,23,0.999600957702
003,001105,000050,0,1,0.000339673913
003,001105,001105,2943,28,0.999660326087
003,001110,001110,2023,26,1.000000000000
003,001115,001115,3106,30,1.000000000000
003,001120,001120,1901,19,0.882544103993
003,001120,001405,253,4,0.117455896007
003,001125,001020,0,1,0.000327976386
003,001125,001125,3048,40,0.999672023614
003,001205,001205,3000,39,0.997672098437
003,001205,001210,0,1,0.000332557366
003,001205,001320,0,6,0.001995344197
003,001210,001210,3015,26,1.000000000000
003,001215,001215,3165,46,0.999368487528
003,001215,001425,0,2,0.000631512472
003,001220,001220,3418,56,0.998539293018
003,001220,001420,0,3,0.000876424189
003,001220,001425,0,2,0.000584282793
003,001305,001305,2873,21,1.000000000000
003,001310,001310,3255,30,1.000000000000
003,001315,001315,2834,35,1.000000000000
003,001320,001320,3663,48,1.000000000000
003,001405,001405,2828,50,1.000000000000
003,001410,001410,3207,55,1.000000000000
003,001415,001415,2227,45,1.000000000000
003,001420,001410,769,14,0.401986408782
003,001420,001420,1144,41,0.598013591218
003,001425,001425,2213,31,0.999548328817
003,001425,001805,0,1,0.000451671183
003,001505,001505,4326,65,1.000000000000
003,001510,001510,3872,65,1.000000000000
003,001515,001510,0,1,0.000278629145
003,001515,001515,3588,76,0.999721370855
003,001605,001605,1883,35,0.806078767123
003,001605,001610,453,8,0.193921232877
003,001610,001610,2056,37,1.000000000000
003,001615,001615,3266,48,1.000000000000
003,001620,000835,0,1,0.000408997955
003,001620,001620,2444,47,0.999591002045
003,001705,001705,2884,46,1.000000000000
003,001710,001710,2218,24,1.000000000000
003,001715,001710,2299,34,0.894900739587
003,001715,001715,270,4,0.105099260413
003,001720,001710,87,2,0.039101123596
003,001720,001715,2138,27,0.960898876404
003,001805,001420,0,1,0.000392464678
003,001805,001805,2531,73,0.993328100471
003,001805,001810,16,9,0.006279434851
003,001810,001810,2707,54,1.000000000000
003,001815,001810,852,21,0.400752587018
003,001815,001815,1274,5,0.599247412982
003,001820,001815,2212,73,1.000000000000
003,001905,001905,2484,58,1.000000000000
003,001910,001905,1039,11,0.354728576306
003,001910,001910,1215,26,0.414817343803
003,001910,001925,675,11,0.230454079891
003,001915,001915,3099,42,1.000000000000
003,001920,001915,512,13,0.166720937805
003,001920,001920,2559,42,0.833279062195
003,001925,001925,1563,22,0.732084309133
003,001925,001930,572,5,0.267915690867
003,001930,001910,985,12,0.358703568827
003,001930,001930,1761,30,0.641296431173
003,002005,002005,958,12,1.000000000000
003,002105,002105,2248,35,1.000000000000
003,002205,002205,1958,49,1.000000000000
003,002210,002205,0,1,0.000216450216
003,002210,002210,4619,46,0.999783549784
003,002215,002205,0,1,0.000430292599
003,002215,002215,2323,37,0.999569707401
003,002220,002215,0,1,0.000257864879
003,002220,002220,3474,50,0.895822588963
003,002220,002225,403,3,0.103919546158
003,002225,002215,0,1,0.000558035714
003,002225,002225,1791,21,0.999441964286
003,002230,002230,3641,74,1.000000000000
003,002235,002235,3190,29,1.000000000000
003,002305,002305,3401,85,1.000000000000
003,002310,002310,1933,52,1.000000000000
003,002405,002405,2892,75,1.000000000000
003,002410,002410,1644,44,1.000000000000
003,002505,002505,2721,46,1.000000000000
003,002510,002510,2271,47,1.000000000000
003,002515,002515,2466,57,1.000000000000
003,002520,002510,163,8,0.110808973487
003,002520,002520,1308,45,0.889191026513
003,002605,002605,3145,41,0.657124947764
003,002605,002610,1291,17,0.269745089845
003,002605,002710,350,8,0.073129962390
003,002610,002610,1489,32,1.000000000000
003,002705,002705,1212,24,0.538188277087
003,002705,002710,1040,19,0.461811722913
003,002710,002605,911,12,0.191587802313
003,002710,002705,1498,30,0.315036803365
003,002710,002710,2346,37,0.493375394322
003,002805,002705,29,6,0.005245071441
003,002805,002710,426,12,0.077048290830
003,002805,002805,3695,69,0.668294447459
003,002805,002815,1379,19,0.249412190269
003,002810,002810,1586,35,0.668352296671
003,002810,002815,131,3,0.055204382638
003,002810,002905,656,6,0.276443320691
003,002905,002905,3303,36,0.999394856278
003,002905,002910,0,2,0.000605143722
003,002910,002610,0,1,0.000316455696
003,002910,002910,3159,40,0.999683544304
003,003005,003005,4402,75,1.000000000000
003,003010,003010,3740,36,1.000000000000
003,003105,003105,1272,14,0.708635097493
003,003105,003110,523,17,0.291364902507
003,003110,003105,2093,42,1.000000000000
003,003115,003110,3095,55,1.000000000000
005,000005,000005,115,42,1.000000000000
005,000010,000010,553,33,0.987500000000
005,000010,000015,7,1,0.012500000000
005,000015,000015,646,88,1.000000000000
005,000020,000020,1649,94,0.995171997586
005,000020,000065,8,1,0.004828002414
005,000025,000025,178,27,1.000000000000
005,000030,000030,304,47,1.000000000000
005,000035,000035,213,33,0.990697674419
005,000035,000190,0,2,0.009302325581
005,000040,000040,1388,66,1.000000000000
005,000045,000045,297,51,1.000000000000
005,000050,000050,1218,43,1.000000000000
005,000051,000050,735,58,0.835227272727
005,000051,000055,140,2,0.159090909091
005,000051,000075,0,5,0.005681818182
005,000052,000052,0,1,1.000000000000
005,000055,000050,0,2,0.000562429696
005,000055,000055,3176,112,0.893138357705
005,000055,000075,378,18,0.106299212598
005,000065,000050,1,1,0.000336134454
005,000065,000055,78,5,0.026218487395
005,000065,000065,2631,58,0.884369747899
005,000065,000075,264,7,0.088739495798
005,000065,000140,0,1,0.000336134454
005,000075,000055,0,2,0.000598265031
005,000075,000065,737,22,0.220460664074
005,000075,000075,2604,80,0.778941070894
005,000082,000082,186,40,0.994652406417
005,000082,000210,0,1,0.005347593583
005,000085,000085,1717,63,1.000000000000
005,000090,000090,403,34,1.000000000000
005,000095,000095,172,30,0.994219653179
005,000095,000160,0,1,0.005780346821
005,000100,000020,4,1,0.002996254682
005,000100,000100,1331,65,0.997003745318
005,000105,000105,348,44,1.000000000000
005,000110,000110,212,63,1.000000000000
005,000115,000115,682,89,1.000000000000
005,000120,000120,543,40,1.000000000000
005,000125,000015,0,1,0.000578034682
005,000125,000125,1729,74,0.999421965318
005,000130,000130,728,38,1.000000000000
005,000135,000045,0,1,0.001818181818
005,000135,000135,549,50,0.998181818182
005,000140,000055,9,2,0.005047672462
005,000140,000065,74,1,0.041503084689
005,000140,000140,1700,96,0.953449242849
005,000145,000145,477,28,1.000000000000
005,000150,000150,204,13,0.980769230769
005,000150,000230,4,1,0.019230769231
005,000155,000155,885,50,1.000000000000
005,000160,000095,0,1,0.003030303030
005,000160,000160,329,41,0.996969696970
005,000165,000165,118,46,1.000000000000
005,000170,000170,651,52,1.000000000000
005,000175,000082,0,3,0.012765957447
005,000175,000175,232,77,0.987234042553
005,000180,000180,639,35,1.000000000000
005,000185,000185,178,26,1.000000000000
005,000190,000190,288,25,1.000000000000
005,000195,000195,512,29,1.000000000000
005,000200,000165,0,1,0.009615384615
005,000200,000200,103,22,0.990384615385
005,000205,000090,0,1,0.002457002457
005,000205,000205,406,44,0.997542997543
005,000210,000175,0,1,0.001858736059
005,000210,000210,537,57,0.998141263941
005,000215,000115,0,1,0.002008032129
005,000215,000215,496,38,0.995983935743
005,000215,000240,0,1,0.002008032129
005,000220,000160,0,1,0.004784688995
005,000220,000220,208,35,0.995215311005
005,000225,000225,101,29,1.000000000000
005,000230,000230,765,50,1.000000000000
005,000235,000235,69,8,0.971830985915
005,000235,000240,2,1,0.028169014085
005,000240,000240,272,30,1.000000000000
007,000005,000005,195,27,0.984848484848
007,000005,000150,0,1,0.005050505051
007,000005,000195,0,2,0.010101010101
007,000010,000010,43,9,0.914893617021
007,000010,000200,4,2,0.085106382979
007,000015,000015,2882,112,0.999653139091
007,000015,000035,0,1,0.000346860909
007,000020,000020,2656,82,0.945532217871
007,000020,000035,153,7,0.054467782129
007,000025,000025,2794,75,0.998927422238
007,000025,000030,0,1,0.000357525921
007,000025,000075,0,2,0.000715051841
007,000030,000020,477,3,0.190039840637
007,000030,000025,252,2,0.100398406375
007,000030,000030,1781,39,0.709561752988
007,000032,000030,346,10,0.994252873563
007,000032,000170,0,2,0.005747126437
007,000035,000015,7,3,0.002356902357
007,000035,000035,2962,122,0.997306397306
007,000035,000040,0,1,0.000336700337
007,000040,000015,0,1,0.000318167356
007,000040,000040,3142,113,0.999681832644
007,000045,000045,98,30,1.000000000000
007,000050,000050,103,20,0.990384615385
007,000050,000245,0,1,0.009615384615
007,000055,000055,841,49,0.995266272189
007,000055,000240,4,1,0.004733727811
007,000060,000060,306,28,0.996742671010
007,000060,000130,0,1,0.003257328990
007,000065,000065,202,26,1.000000000000
007,000070,000070,227,24,0.986956521739
007,000070,000095,0,1,0.004347826087
007,000070,000165,0,1,0.004347826087
007,000070,000260,0,1,0.004347826087
007,000075,000025,0,1,0.000496277916
007,000075,000075,2007,74,0.996029776675
007,000075,000295,7,2,0.003473945409
007,000080,000080,1530,82,0.995445673390
007,000080,000250,7,1,0.004554326610
007,000085,000085,18,8,1.000000000000
007,000090,000090,2388,44,0.982311805841
007,000090,000295,43,2,0.017688194159
007,000095,000095,360,32,1.000000000000
007,000100,000100,19,23,1.000000000000
007,000105,000055,80,4,0.130718954248
007,000105,000105,532,39,0.869281045752
007,000110,000110,209,24,1.000000000000
007,000115,000115,271,20,1.000000000000
007,000120,000120,258,20,1.000000000000
007,000125,000125,126,14,0.992125984252
007,000125,000280,0,1,0.007874015748
007,000130,000130,602,55,1.000000000000
007,000135,000135,208,13,1.000000000000
007,000140,000100,0,1,0.023809523810
007,000140,000140,41,24,0.976190476190
007,000145,000145,746,33,1.000000000000
007,000150,000150,113,16,1.000000000000
007,000155,000155,22,16,1.000000000000
007,000160,000160,268,34,0.985294117647
007,000160,000235,4,2,0.014705882353
007,000165,000165,279,48,1.000000000000
007,000170,000025,0,1,0.000220458554
007,000170,000030,790,26,0.174162257496
007,000170,000170,3745,91,0.825617283951
007,000172,000025,0,3,0.500000000000
007,000172,000170,0,3,0.500000000000
007,000175,000175,47,11,1.000000000000
007,000180,000180,935,52,1.000000000000
007,000185,000185,745,42,1.000000000000
007,000190,000190,79,23,1.000000000000
007,000195,000195,2407,88,1.000000000000
007,000200,000175,0,2,0.001421464108
007,000200,000190,2,1,0.001421464108
007,000200,000200,1403,70,0.997157071784
007,000202,000202,688,40,1.000000000000
007,000205,000205,225,23,1.000000000000
007,000210,000210,187,23,1.000000000000
007,000215,000215,32,22,1.000000000000
007,000220,000220,73,19,1.000000000000
007,000225,000225,48,27,1.000000000000
007,000230,000230,24,21,1.000000000000
007,000235,000235,228,35,1.000000000000
007,000240,000240,263,22,1.000000000000
007,000245,000235,0,1,0.008771929825
007,000245,000245,113,33,0.991228070175
007,000250,000250,1023,38,1.000000000000
007,000255,000255,186,18,1.000000000000
007,000260,000260,1299,53,1.000000000000
007,000265,000265,88,5,1.000000000000
007,000270,000080,0,3,0.002439024390
007,000270,000170,0,1,0.000813008130
007,000270,000270,1226,41,0.996747967480
007,000275,000180,0,1,0.025641025641
007,000275,000275,38,156,0.974358974359
007,000280,000280,27,19,1.000000000000
007,000285,000285,251,37,1.000000000000
007,000290,000290,95,32,1.000000000000
007,000295,000075,0,1,0.003787878788
007,000295,000295,263,26,0.996212121212
007,000300,000300,83,17,1.000000000000
009,000005,000005,829,37,1.000000000000
009,000010,000010,2711,58,1.000000000000
009,000015,000015,226,13,1.000000000000
009,000020,000010,8,1,0.009422850412
009,000020,000020,841,50,0.990577149588
009,000025,000025,790,47,1.000000000000
009,000030,000030,587,49,1.000000000000
009,000035,000035,756,43,1.000000000000
009,000040,000040,1012,80,0.998027613412
009,000040,000067,0,2,0.001972386588
009,000045,000045,865,51,1.000000000000
009,000050,000050,976,78,1.000000000000
009,000055,000055,1505,92,0.998010610080
009,000055,000112,0,2,0.001326259947
009,000055,000115,0,1,0.000663129973
009,000056,000056,9,1,1.000000000000
009,000060,000060,1975,53,1.000000000000
009,000067,000067,4,4,1.000000000000
009,000070,000070,2566,49,1.000000000000
009,000080,000080,2254,66,1.000000000000
009,000085,000085,2276,40,0.999560825648
009,000085,000105,0,1,0.000439174352
009,000090,000020,0,2,0.001568627451
009,000090,000090,1273,57,0.998431372549
009,000095,000095,2131,44,1.000000000000
009,000100,000100,2381,87,1.000000000000
009,000105,000105,2171,68,1.000000000000
009,000110,000110,2751,36,1.000000000000
009,000111,000111,2647,35,1.000000000000
009,000112,000112,3383,40,0.864775051125
009,000112,000115,529,1,0.135224948875
009,000113,000113,0,2,1.000000000000
009,000115,000056,0,1,0.001912045889
009,000115,000112,0,1,0.001912045889
009,000115,000115,521,39,0.996175908222
009,000120,000120,3402,85,1.000000000000
011,000005,000005,158,74,1.000000000000
011,000010,000010,107,35,1.000000000000
011,000015,000015,89,48,1.000000000000
011,000020,000020,16,13,1.000000000000
011,000025,000025,290,49,0.993150684932
011,000025,000084,0,2,0.006849315068
011,000030,000030,131,48,1.000000000000
011,000031,000031,216,29,1.000000000000
011,000035,000010,15,1,0.038860103627
011,000035,000035,371,30,0.961139896373
011,000040,000040,26,11,1.000000000000
011,000045,000045,118,34,1.000000000000
011,000050,000050,529,57,1.000000000000
011,000055,000055,167,41,1.000000000000
011,000056,000056,24,12,1.000000000000
011,000060,000060,82,27,1.000000000000
011,000065,000065,85,39,1.000000000000
011,000070,000070,103,21,1.000000000000
011,000075,000075,140,41,1.000000000000
011,000080,000080,681,31,0.536220472441
011,000080,000084,589,12,0.463779527559
011,000085,000080,299,49,0.398135818908
011,000085,000082,452,23,0.601864181092
011,000086,000086,90,20,1.000000000000
011,000090,000090,69,32,1.000000000000
011,000095,000095,276,58,1.000000000000
011,000100,000100,43,32,1.000000000000
013,000005,000005,530,24,1.000000000000
013,000010,000010,376,37,1.000000000000
013,000015,000015,298,45,1.000000000000
013,000020,000020,255,50,1.000000000000
013,000025,000025,181,59,1.000000000000
013,000030,000030,226,51,1.000000000000
013,000035,000035,1146,65,0.997389033943
013,000035,000195,0,2,0.001740644038
013,000035,000225,0,1,0.000870322019
013,000040,000040,3268,56,0.999694096054
013,000040,000180,0,1,0.000305903946
013,000045,000045,838,80,0.992890995261
013,000045,000065,6,4,0.007109004739
013,000050,000050,550,23,0.982142857143
013,000050,000085,10,2,0.017857142857
013,000055,000055,679,48,0.997063142438
013,000055,000095,0,2,0.002936857562
013,000060,000060,501,89,0.934701492537
013,000060,000062,33,16,0.061567164179
013,000060,000065,0,2,0.003731343284
013,000065,000062,0,1,0.000393700787
013,000065,000065,2539,93,0.999606299213
013,000070,000040,10,4,0.012987012987
013,000070,000070,749,96,0.972727272727
013,000070,000095,11,3,0.014285714286
013,000075,000075,946,51,1.000000000000
013,000080,000080,205,64,1.000000000000
013,000085,000085,294,74,1.000000000000
013,000090,000090,424,74,1.000000000000
013,000095,000095,1247,45,1.000000000000
013,000100,000175,1368,46,1.000000000000
013,000105,000175,492,22,1.000000000000
013,000106,000170,1471,28,1.000000000000
013,000110,000170,576,10,1.000000000000
013,000115,000140,431,5,1.000000000000
013,000120,000140,1020,5,0.318650421743
013,000120,000145,2181,1,0.681349578257
013,000125,000145,9,2,0.004356243950
013,000125,000150,793,18,0.383833494676
013,000125,000155,1264,1,0.611810261375
013,000130,000140,2073,24,0.999517839923
013,000130,000145,0,1,0.000482160077
013,000135,000100,378,11,0.066926345609
013,000135,000130,3682,29,0.651912181303
013,000135,000135,1588,30,0.281161473088
013,000140,000160,883,20,0.304903314917
013,000140,000165,2013,35,0.695096685083
013,000142,000106,671,5,0.260380287156
013,000142,000150,1326,10,0.514551804424
013,000142,000155,504,1,0.195576251455
013,000142,000160,76,2,0.029491656965
013,000145,000100,775,3,0.209459459459
013,000145,000150,1199,3,0.324054054054
013,000145,000155,1726,6,0.466486486486
013,000150,000100,1641,26,1.000000000000
013,000155,000106,952,15,0.449692961738
013,000155,000160,1165,24,0.550307038262
013,000160,000105,2389,27,0.682766504716
013,000160,000106,1110,27,0.317233495284
013,000165,000105,758,13,0.115390470391
013,000165,000106,334,13,0.050844877455
013,000165,000110,1207,23,0.183741817628
013,000165,000120,3226,66,0.491094534937
013,000165,000160,1043,21,0.158776069417
013,000165,000185,0,1,0.000152230172
013,000170,000115,2797,39,0.814264919942
013,000170,000120,0,1,0.000291120815
013,000170,000125,635,70,0.184861717613
013,000170,000175,0,2,0.000582241630
013,000175,000075,9,1,0.016274864376
013,000175,000115,348,24,0.629294755877
013,000175,000125,196,7,0.354430379747
013,000195,000115,4,6,0.018779342723
013,000195,000180,206,29,0.967136150235
013,000195,000185,0,3,0.014084507042
013,000197,000040,0,1,0.000620347395
013,000197,000100,0,1,0.000620347395
013,000197,000110,12,1,0.007444168734
013,000197,000120,8,1,0.004962779156
013,000197,000140,0,1,0.000620347395
013,000197,000185,109,26,0.067617866005
013,000197,000190,519,19,0.321960297767
013,000197,000195,960,50,0.595533498759
013,000197,000245,0,1,0.000620347395
013,000200,000200,1710,66,1.000000000000
013,000205,000205,285,52,1.000000000000
013,000210,000210,321,69,1.000000000000
013,000212,000212,5,3,1.000000000000
013,000215,000215,229,17,1.000000000000
013,000220,000220,195,84,1.000000000000
013,000225,000035,0,1,0.000950570342
013,000225,000225,1051,72,0.999049429658
013,000230,000230,750,22,1.000000000000
013,000235,000005,5,1,0.019920318725
013,000235,000235,246,63,0.980079681275
013,000240,000240,288,4,1.000000000000
013,000245,000175,0,1,0.000632111252
013,000245,000245,1581,99,0.999367888748
013,000250,000250,244,59,1.000000000000
013,000255,000255,328,22,1.000000000000
013,000260,000235,0,1,0.003984063745
013,000260,000260,250,65,0.996015936255
015,000005,000005,311,53,1.000000000000
015,000010,000010,221,46,1.000000000000
015,000015,000015,262,44,1.000000000000
015,000020,000020,36,12,1.000000000000
015,000025,000025,378,28,1.000000000000
015,000030,000030,856,49,1.000000000000
015,000035,000035,214,59,1.000000000000
015,000040,000040,70,14,1.000000000000
015,000045,000045,382,25,1.000000000000
015,000050,000050,495,79,1.000000000000
015,000055,000055,336,33,1.000000000000
015,000060,000060,271,47,1.000000000000
015,000065,000065,291,46,1.000000000000
015,000070,000070,691,64,1.000000000000
015,000075,000075,180,46,1.000000000000
015,000080,000080,1547,67,0.928571428571
015,000080,000085,119,5,0.071428571429
015,000085,000080,177,11,0.102193995381
015,000085,000085,1150,51,0.663972286374
015,000085,000110,405,25,0.233833718245
015,000090,000080,18,2,0.010471204188
015,000090,000085,345,14,0.200698080279
015,000090,000090,1057,41,0.614892379290
015,000090,000095,299,10,0.173938336242
015,000095,000070,0,2,0.001208459215
015,000095,000080,34,5,0.020543806647
015,000095,000090,179,13,0.108157099698
015,000095,000095,1440,72,0.870090634441
015,000100,000100,1222,29,0.573439699672
015,000100,000105,909,11,0.426560300328
015,000105,000085,114,3,0.068304373877
015,000105,000090,552,17,0.330736968244
015,000105,000100,279,6,0.167165967645
015,000105,000105,724,19,0.433792690234
015,000110,000085,31,1,0.018652226233
015,000110,000105,80,2,0.048134777377
015,000110,000110,1349,33,0.811672683514
015,000110,000115,202,5,0.121540312876
015,000115,000100,265,6,0.140360169492
015,000115,000105,50,1,0.026483050847
015,000115,000110,11,2,0.005826271186
015,000115,000115,1562,18,0.827330508475
015,000120,000120,268,55,1.000000000000
015,000125,000125,132,28,0.578947368421
015,000125,000127,96,29,0.421052631579
015,000130,000070,0,3,0.008547008547
015,000130,000130,348,49,0.991452991453
015,000135,000135,1522,74,1.000000000000
015,000140,000140,1930,70,1.000000000000
015,000145,000145,1057,60,1.000000000000
015,000150,000145,970,54,1.000000000000
015,000155,000155,301,32,1.000000000000
015,000160,000160,174,61,1.000000000000
017,000005,000005,400,19,1.000000000000
017,000010,000010,150,30,1.000000000000
017,000015,000015,620,25,1.000000000000
017,000020,000020,1089,72,0.991803278689
017,000020,000115,9,1,0.008196721311
017,000025,000025,138,12,1.000000000000
017,000030,000030,985,63,1.000000000000
017,000035,000035,948,55,1.000000000000
017,000040,000040,2305,57,1.000000000000
017,000045,000045,2355,85,0.999575551783
017,000045,000060,0,1,0.000424448217
017,000050,000050,2614,79,1.000000000000
017,000055,000055,2591,69,1.000000000000
017,000060,000060,1902,71,1.000000000000
017,000065,000060,0,2,0.002490660025
017,000065,000065,801,20,0.997509339975
017,000068,000068,140,46,1.000000000000
017,000070,000070,171,22,1.000000000000
017,000075,000075,240,24,1.000000000000
017,000080,000080,531,38,1.000000000000
017,000085,000085,209,38,1.000000000000
017,000090,000090,304,39,1.000000000000
017,000095,000095,166,15,1.000000000000
017,000100,000100,207,26,1.000000000000
017,000105,000105,553,51,1.000000000000
017,000110,000110,2789,65,1.000000000000
017,000115,000115,988,56,1.000000000000
017,000118,000118,41,20,1.000000000000
017,000120,000120,977,34,1.000000000000
017,000125,000125,304,31,1.000000000000
017,000130,000130,460,34,1.000000000000
017,000135,000135,987,48,0.996969696970
017,000135,000170,0,3,0.003030303030
017,000140,000140,614,21,0.998373983740
017,000140,000170,0,1,0.001626016260
017,000145,000145,448,33,1.000000000000
017,000150,000150,413,34,1.000000000000
017,000155,000155,161,15,1.000000000000
017,000165,000165,5465,134,0.999085923218
017,000165,000170,0,5,0.000914076782
017,000170,000165,0,4,0.001907486886
017,000170,000170,2093,117,0.998092513114
017,000175,000175,428,13,1.000000000000
017,000180,000180,443,26,1.000000000000
017,000185,000185,168,21,1.000000000000
019,000005,000005,753,77,1.000000000000
019,000010,000010,924,71,1.000000000000
019,000015,000015,5241,66,1.000000000000
019,000020,000020,2885,46,1.000000000000
019,000025,000030,3348,53,1.000000000000
019,000030,000020,1079,12,0.424302005505
019,000030,000025,1464,19,0.575697994495
019,000035,000027,3676,41,1.000000000000
019,000036,000025,2431,32,0.556802565277
019,000036,000027,766,23,0.175446633074
019,000036,000035,1168,16,0.267521759047
019,000036,000115,0,1,0.000229042602
019,000037,000030,1215,22,0.309790922998
019,000037,000035,1452,17,0.370219275880
019,000037,000037,1255,13,0.319989801122
019,000038,000030,0,1,0.000191975427
019,000038,000035,2027,22,0.389134190824
019,000038,000037,3160,43,0.606642349779
019,000038,000050,21,1,0.004031483970
019,000040,000040,424,5,0.061007194245
019,000040,000042,6171,92,0.887913669065
019,000040,000050,355,8,0.051079136691
019,000045,000042,337,2,0.041936286710
019,000045,000045,3166,30,0.393977103036
019,000045,000047,4350,47,0.541314086610
019,000045,000055,182,1,0.022648083624
019,000045,000116,0,1,0.000124440020
019,000050,000050,6512,91,1.000000000000
019,000055,000027,0,1,0.000158378207
019,000055,000050,150,1,0.023756731074
019,000055,000055,6163,72,0.976084890719
019,000065,000005,0,1,0.000488281250
019,000065,000065,2047,52,0.999511718750
019,000070,000015,20,3,0.014716703458
019,000070,000070,1339,82,0.985283296542
019,000072,000070,83,13,1.000000000000
019,000075,000075,566,19,1.000000000000
019,000080,000080,336,34,1.000000000000
019,000085,000085,1058,82,1.000000000000
019,000090,000047,0,2,0.001016260163
019,000090,000090,1930,57,0.980691056911
019,000090,000115,14,10,0.007113821138
019,000090,000119,12,1,0.006097560976
019,000090,000125,10,12,0.005081300813
019,000095,000095,2453,39,1.000000000000
019,000100,000100,464,18,1.000000000000
019,000105,000105,3863,96,0.999224004139
019,000105,000150,0,3,0.000775995861
019,000110,000110,871,35,1.000000000000
019,000112,000112,4,1,1.000000000000
019,000115,000115,1820,47,1.000000000000
019,000117,000116,3439,39,1.000000000000
019,000119,000116,156,6,0.029506336297
019,000119,000117,2363,28,0.446945337621
019,000119,000118,2768,24,0.523548326083
019,000120,000120,1881,47,0.356993736952
019,000120,000127,3388,42,0.643006263048
019,000125,000090,0,1,0.000129115558
019,000125,000120,1251,65,0.161523563589
019,000125,000125,2372,41,0.306262104584
019,000125,000128,4120,42,0.531956100710
019,000125,000130,0,1,0.000129115558
019,000130,000125,0,1,0.000916590284
019,000130,000128,21,1,0.019248395967
019,000130,000130,1068,61,0.978918423465
019,000130,000140,0,1,0.000916590284
019,000135,000135,4659,104,1.000000000000
019,000140,000135,0,1,0.000841042893
019,000140,000140,1188,95,0.999158957107
019,000150,000150,683,73,1.000000000000
021,000005,000005,76,23,1.000000000000
021,000010,000010,263,29,1.000000000000
021,000015,000015,525,33,1.000000000000
021,000020,000020,484,32,0.997938144330
021,000020,000070,0,1,0.002061855670
021,000025,000025,143,19,1.000000000000
021,000030,000030,72,8,1.000000000000
021,000035,000035,576,48,0.998266897747
021,000035,000320,0,1,0.001733102253
021,000040,000040,98,20,1.000000000000
021,000045,000045,210,20,1.000000000000
021,000050,000050,26,4,1.000000000000
021,000055,000055,56,11,1.000000000000
021,000060,000060,145,23,1.000000000000
021,000065,000065,159,20,1.000000000000
021,000070,000070,151,39,1.000000000000
021,000075,000075,675,99,0.998520710059
021,000075,000190,0,1,0.001479289941
021,000080,000015,0,2,0.015384615385
021,000080,000080,128,3,0.984615384615
021,000085,000085,504,52,1.000000000000
021,000090,000090,117,15,1.000000000000
021,000095,000095,986,45,1.000000000000
021,000100,000095,0,3,0.003363228700
021,000100,000100,889,47,0.996636771300
021,000105,000105,123,26,0.991935483871
021,000105,000317,0,1,0.008064516129
021,000110,000110,232,32,0.995708154506
021,000110,000118,0,1,0.004291845494
021,000115,000115,294,28,1.000000000000
021,000118,000118,35,15,1.000000000000
021,000120,000035,0,1,0.002824858757
021,000120,000120,353,39,0.997175141243
021,000125,000125,263,45,1.000000000000
021,000130,000130,176,35,1.000000000000
021,000135,000130,6,2,0.009787928222
021,000135,000135,607,47,0.990212071778
021,000140,000140,1056,64,1.000000000000
021,000145,000145,437,32,1.000000000000
021,000150,000150,91,21,1.000000000000
021,000155,000155,153,20,1.000000000000
021,000160,000160,626,24,1.000000000000
021,000165,000165,140,34,1.000000000000
021,000170,000170,407,47,1.000000000000
021,000175,000175,842,81,1.000000000000
021,000180,000125,0,1,0.004329004329
021,000180,000180,230,62,0.995670995671
021,000185,000185,134,17,1.000000000000
021,000187,000187,13,5,1.000000000000
021,000188,000118,0,1,0.011764705882
021,000188,000188,82,24,0.964705882353
021,000188,000262,0,1,0.011764705882
021,000188,000317,0,1,0.011764705882
021,000190,000075,0,1,0.000583090379
021,000190,000190,1713,76,0.998833819242
021,000190,000310,0,1,0.000583090379
021,000195,000195,507,40,1.000000000000
021,000200,000135,0,1,0.005128205128
021,000200,000200,193,55,0.989743589744
021,000200,000237,0,1,0.005128205128
021,000205,000015,0,1,0.001096491228
021,000205,000205,911,64,0.998903508772
021,000210,000210,1186,44,1.000000000000
021,000215,000215,589,53,1.000000000000
021,000220,000220,179,36,1.000000000000
021,000225,000225,811,61,1.000000000000
021,000230,000230,391,33,1.000000000000
021,000235,000235,193,18,1.000000000000
021,000237,000237,12,7,0.923076923077
021,000237,000285,1,1,0.076923076923
021,000240,000240,84,24,1.000000000000
021,000245,000245,115,12,1.000000000000
021,000247,000245,0,1,1.000000000000
021,000250,000250,1443,112,1.000000000000
021,000252,000250,226,11,1.000000000000
021,000255,000255,201,15,1.000000000000
021,000260,000260,55,11,1.000000000000
021,000262,000188,0,1,0.071428571429
021,000262,000262,13,25,0.928571428571
021,000265,000265,2889,111,1.000000000000
021,000270,000270,225,30,1.000000000000
021,000275,000275,164,26,1.000000000000
021,000280,000085,0,1,0.005434782609
021,000280,000280,183,25,0.994565217391
021,000285,000285,820,55,1.000000000000
021,000290,000290,423,41,1.000000000000
021,000295,000295,169,10,0.976878612717
021,000295,000317,0,4,0.023121387283
021,000300,000300,539,40,1.000000000000
021,000305,000250,0,1,0.001042752868
021,000305,000305,958,52,0.998957247132
021,000310,000190,0,1,0.001739130435
021,000310,000310,574,37,0.998260869565
021,000312,000312,70,26,1.000000000000
021,000315,000315,667,35,1.000000000000
021,000317,000110,0,1,0.003690036900
021,000317,000295,0,1,0.003690036900
021,000317,000317,269,113,0.992619926199
021,000320,000200,0,2,0.002808988764
021,000320,000320,710,79,0.997191011236
023,000005,000005,252,54,1.000000000000
023,000010,000010,1382,72,0.971187631764
023,000010,000120,41,3,0.028812368236
023,000015,000015,194,38,1.000000000000
023,000020,000020,103,51,1.000000000000
023,000025,000025,946,44,0.998944033791
023,000025,000030,0,1,0.001055966209
023,000030,000030,200,60,0.943396226415
023,000030,000032,12,8,0.056603773585
023,000032,000030,0,1,1.000000000000
023,000035,000035,150,49,1.000000000000
023,000040,000040,122,64,0.976000000000
023,000040,000070,3,1,0.024000000000
023,000045,000045,241,56,1.000000000000
023,000050,000050,242,55,1.000000000000
023,000055,000055,254,45,1.000000000000
023,000060,000060,150,68,1.000000000000
023,000065,000065,319,35,1.000000000000
023,000070,000070,428,28,1.000000000000
023,000075,000075,2609,155,1.000000000000
023,000090,000075,29,2,0.010397992112
023,000090,000090,2760,154,0.989602007888
023,000100,000100,0,1,1.000000000000
023,000105,000105,314,43,1.000000000000
023,000110,000110,328,67,1.000000000000
023,000115,000115,741,88,1.000000000000
023,000120,000120,200,52,1.000000000000
023,000125,000125,191,92,1.000000000000
023,000130,000125,24,2,0.131868131868
023,000130,000130,158,21,0.868131868132
023,000135,000135,205,41,1.000000000000
025,000005,000005,842,45,1.000000000000
025,000015,000015,504,22,0.800000000000
025,000015,000025,125,2,0.198412698413
025,000015,000055,0,1,0.001587301587
025,000020,000020,2239,57,0.402842749190
025,000020,000021,3319,81,0.597157250810
025,000025,000020,14,2,0.005993150685
025,000025,000025,2300,68,0.984589041096
025,000025,000055,22,5,0.009417808219
025,000030,000021,17,2,0.006756756757
025,000030,000030,2474,67,0.983306836248
025,000030,000055,25,4,0.009936406995
025,000035,000035,2193,92,1.000000000000
025,000040,000040,1713,65,0.999416569428
025,000040,000085,0,1,0.000583430572
025,000045,000045,1111,68,0.999100719424
025,000045,000095,0,1,0.000899280576
025,000050,000022,215,22,0.072586090479
025,000050,000066,62,1,0.020931802836
025,000050,000092,2685,65,0.906482106685
025,000055,000030,0,2,0.000411861614
025,000055,000055,4854,112,0.999588138386
025,000060,000060,1907,64,1.000000000000
025,000065,000065,2073,53,0.694472361809
025,000065,000067,912,35,0.305527638191
025,000066,000066,3580,57,0.721047331319
025,000066,000067,1385,27,0.278952668681
025,000067,000067,2837,44,1.000000000000
025,000070,000070,3228,71,1.000000000000
025,000075,000060,0,4,0.004878048780
025,000075,000075,815,68,0.993902439024
025,000075,000095,0,1,0.001219512195
025,000080,000080,1142,19,1.000000000000
025,000085,000085,1087,36,1.000000000000
025,000086,000085,44,3,1.000000000000
025,000090,000090,1703,40,1.000000000000
025,000095,000095,2107,95,1.000000000000
025,000100,000100,1055,36,1.000000000000
025,000105,000105,3005,68,0.374128486056
025,000105,000110,5027,82,0.625871513944
027,000005,000005,203,64,1.000000000000
027,000010,000010,894,35,0.858789625360
027,000010,000015,147,12,0.141210374640
027,000015,000010,23,1,0.028894472362
027,000015,000015,773,37,0.971105527638
027,000020,000020,922,29,1.000000000000
027,000025,000025,181,59,1.000000000000
027,000030,000030,100,8,1.000000000000
027,000035,000035,388,29,1.000000000000
027,000040,000040,4612,120,1.000000000000
027,000045,000045,708,53,1.000000000000
027,000050,000050,317,48,1.000000000000
027,000055,000055,415,80,1.000000000000
027,000060,000060,177,18,1.000000000000
027,000065,000065,83,37,1.000000000000
027,000070,000070,89,29,1.000000000000
027,000075,000075,86,16,1.000000000000
027,000080,000080,135,51,1.000000000000
027,000085,000085,1306,45,1.000000000000
027,000090,000090,317,64,1.000000000000
027,000095,000095,200,33,1.000000000000
027,000100,000100,128,38,1.000000000000
027,000105,000105,2219,102,1.000000000000
027,000110,000110,491,46,1.000000000000
027,000115,000115,274,66,1.000000000000
027,000120,000120,199,20,1.000000000000
027,000125,000125,113,42,1.000000000000
027,000130,000015,0,1,0.003546099291
027,000130,000130,280,40,0.992907801418
027,000130,000255,0,1,0.003546099291
027,000135,000135,153,26,1.000000000000
027,000140,000140,255,57,1.000000000000
027,000145,000145,230,61,1.000000000000
027,000150,000150,252,49,1.000000000000
027,000155,000040,0,1,0.000212269157
027,000155,000155,728,12,0.154531946508
027,000155,000157,3982,97,0.845255784335
027,000157,000155,1337,28,1.000000000000
027,000160,000160,4614,178,1.000000000000
027,000165,000165,2630,38,1.000000000000
027,000170,000170,5287,87,1.000000000000
027,000175,000175,1130,2,1.000000000000
027,000180,000160,503,16,0.311262376238
027,000180,000175,1113,18,0.688737623762
027,000185,000185,1105,7,1.000000000000
027,000190,000185,2912,81,1.000000000000
027,000195,000190,2186,41,1.000000000000
027,000200,000190,538,6,0.135858585859
027,000200,000195,3422,39,0.864141414141
027,000205,000180,1651,25,0.917732073374
027,000205,000200,148,7,0.082267926626
027,000210,000190,679,3,0.260452627541
027,000210,000200,1928,15,0.739547372459
027,000212,000205,4953,43,1.000000000000
027,000214,000210,3531,46,0.969522240527
027,000214,000215,0,1,0.000274574410
027,000214,000217,110,1,0.030203185063
027,000215,000040,0,2,0.012903225806
027,000215,000165,0,1,0.006451612903
027,000215,000210,7,2,0.045161290323
027,000215,000215,145,37,0.935483870968
027,000217,000205,2,1,0.062500000000
027,000217,000217,30,6,0.937500000000
027,000220,000220,151,42,1.000000000000
027,000225,000155,0,1,0.001972386588
027,000225,000225,506,50,0.998027613412
027,000230,000230,526,34,1.000000000000
027,000235,000235,435,37,1.000000000000
027,000240,000240,619,20,1.000000000000
027,000245,000245,177,35,1.000000000000
027,000250,000250,506,24,1.000000000000
027,000255,000255,269,32,1.000000000000
027,000260,000260,476,33,1.000000000000
027,000265,000265,173,29,1.000000000000
027,000270,000270,98,37,1.000000000000
029,000005,000005,1285,107,1.000000000000
029,000010,000010,112,19,1.000000000000
029,000015,000015,464,46,1.000000000000
029,000020,000020,88,12,1.000000000000
029,000025,000005,0,1,0.001152073733
029,000025,000025,867,67,0.998847926267
029,000030,000030,412,33,0.980952380952
029,000030,000080,8,1,0.019047619048
029,000035,000035,303,34,1.000000000000
029,000040,000040,277,25,1.000000000000
029,000045,000045,263,36,1.000000000000
029,000050,000050,78,15,1.000000000000
029,000055,000055,6,7,1.000000000000
029,000056,000056,68,60,1.000000000000
029,000060,000060,335,40,1.000000000000
029,000065,000065,129,42,1.000000000000
029,000070,000040,0,1,0.002506265664
029,000070,000070,398,70,0.997493734336
029,000075,000075,392,40,1.000000000000
029,000080,000030,1,1,0.024390243902
029,000080,000080,40,12,0.975609756098
029,000085,000070,0,2,0.008230452675
029,000085,000085,233,27,0.958847736626
029,000085,000095,6,2,0.024691358025
029,000085,000110,0,2,0.008230452675
029,000090,000090,256,17,1.000000000000
029,000095,000095,423,30,1.000000000000
029,000100,000100,447,58,1.000000000000
029,000105,000105,535,53,1.000000000000
029,000110,000070,0,3,0.018181818182
029,000110,000110,162,55,0.981818181818
029,000115,000115,137,20,1.000000000000
029,000120,000120,473,41,1.000000000000
029,000125,000125,142,26,1.000000000000
029,000130,000130,120,25,1.000000000000
029,000135,000135,8,18,1.000000000000
029,000140,000110,0,3,0.052631578947
029,000140,000140,54,55,0.947368421053
031,000005,000005,145,82,0.475409836066
031,000005,000070,160,17,0.524590163934
031,000010,000010,685,63,1.000000000000
031,000015,000010,59,5,0.090490797546
031,000015,000015,593,17,0.909509202454
031,000020,000020,595,47,1.000000000000
031,000025,000020,23,3,0.064066852368
031,000025,000025,336,57,0.935933147632
031,000030,000030,505,38,1.000000000000
031,000035,000035,537,105,1.000000000000
031,000040,000005,5,6,0.010438413361
031,000040,000040,334,250,0.697286012526
031,000040,000050,0,4,0.008350730689
031,000040,000060,0,3,0.006263048017
031,000040,000070,133,14,0.277661795407
031,000045,000045,179,94,0.988950276243
031,000045,000050,0,2,0.011049723757
031,000050,000040,0,1,0.003703703704
031,000050,000050,269,98,0.996296296296
031,000055,000055,218,9,1.000000000000
031,000060,000030,21,2,0.120689655172
031,000060,000060,153,62,0.879310344828
031,000065,000030,27,2,0.041538461538
031,000065,000055,127,8,0.195384615385
031,000065,000065,380,14,0.584615384615
031,000065,000070,116,7,0.178461538462
031,ZZZZZZ,000020,0,1,1.000000000000
033,000005,000005,142,42,1.000000000000
033,000010,000010,121,49,1.000000000000
033,000015,000015,160,45,1.000000000000
033,000020,000020,137,24,1.000000000000
033,000025,000025,283,48,1.000000000000
033,000030,000030,14,5,1.000000000000
033,000035,000035,145,43,1.000000000000
033,000040,000040,131,53,1.000000000000
033,000045,000045,118,21,1.000000000000
033,000047,000045,53,25,1.000000000000
033,000050,000050,314,45,1.000000000000
033,000055,000055,143,44,1.000000000000
033,000060,000060,349,41,1.000000000000
033,000065,000020,0,1,0.004201680672
033,000065,000065,237,65,0.995798319328
033,000070,000070,216,55,0.977375565611
033,000070,000075,5,1,0.022624434389
033,000075,000070,0,1,0.000500000000
033,000075,000075,1999,84,0.999500000000
033,000085,000085,315,48,1.000000000000
033,000090,000090,129,45,1.000000000000
033,000095,000095,170,47,1.000000000000
033,000100,000100,74,50,1.000000000000
033,000105,000105,118,57,1.000000000000
033,000110,000110,225,17,1.000000000000
033,000115,000115,165,64,1.000000000000
033,000120,000120,706,80,0.931398416887
033,000120,000125,52,1,0.068601583113
033,000125,000125,198,59,1.000000000000
033,000130,000130,1128,38,1.000000000000
033,000135,000135,1271,28,1.000000000000
033,000140,000140,1190,58,1.000000000000
033,000145,000065,0,1,0.000826446281
033,000145,000145,1209,81,0.999173553719
035,000005,000005,3460,63,1.000000000000
035,000006,000006,1810,31,1.000000000000
035,000007,000007,1770,48,1.000000000000
035,000008,000008,1572,36,0.998729351970
035,000008,000080,0,2,0.001270648030
035,000010,000010,921,80,1.000000000000
035,000015,000015,1649,66,1.000000000000
035,000016,000016,1810,31,0.999447818885
035,000016,000080,0,1,0.000552181115
035,000020,000015,31,3,0.013454861111
035,000020,000020,2052,78,0.890625000000
035,000020,000025,221,11,0.095920138889
035,000025,000025,1352,78,1.000000000000
035,000035,000035,1683,113,1.000000000000
035,000040,000040,1793,142,0.999442586399
035,000040,000230,0,1,0.000557413601
035,000042,000042,11,2,1.000000000000
035,000045,000045,1982,57,0.907924874027
035,000045,000050,198,14,0.090700870362
035,000045,000200,0,1,0.000458085204
035,000045,000230,0,2,0.000916170408
035,000050,000050,1610,59,1.000000000000
035,000055,000055,2574,154,1.000000000000
035,000060,000060,990,77,1.000000000000
035,000065,000065,2360,119,1.000000000000
035,000075,000075,2394,137,0.999165275459
035,000075,000155,0,2,0.000834724541
035,000080,000050,0,1,0.000467071462
035,000080,000080,2140,66,0.999532928538
035,000082,000080,9,1,1.000000000000
035,000085,000085,296,19,1.000000000000
035,000090,000090,551,46,0.998188405797
035,000090,000200,0,1,0.001811594203
035,000095,000300,1040,35,0.650000000000
035,000095,000305,557,4,0.348125000000
035,000095,000310,3,1,0.001875000000
035,000100,000100,120,22,1.000000000000
035,000105,000105,526,38,1.000000000000
035,000110,000085,0,1,0.000763358779
035,000110,000110,1309,51,0.999236641221
035,000115,000115,843,57,1.000000000000
035,000120,000120,317,51,0.996855345912
035,000120,000265,0,1,0.003144654088
035,000125,000125,443,40,1.000000000000
035,000130,000130,84,12,1.000000000000
035,000135,000130,0,2,0.001978239367
035,000135,000135,1009,50,0.998021760633
035,000140,000140,97,13,1.000000000000
035,000145,000145,194,20,0.989795918367
035,000145,000150,0,2,0.010204081633
035,000150,000145,0,2,0.002383790226
035,000150,000150,837,73,0.997616209774
035,000155,000155,1210,84,0.996705107084
035,000155,000180,0,2,0.001647446458
035,000155,000280,0,2,0.001647446458
035,000160,000060,0,1,0.000791139241
035,000160,000160,1262,85,0.998417721519
035,000160,000285,0,1,0.000791139241
035,000165,000165,118,14,1.000000000000
035,000170,000170,576,66,1.000000000000
035,000175,000175,490,35,1.000000000000
035,000180,000180,397,38,1.000000000000
035,000185,000025,0,1,0.000437828371
035,000185,000190,0,1,0.000437828371
035,000185,000300,17,2,0.007443082312
035,000185,000305,1611,32,0.705341506130
035,000185,000310,654,13,0.286339754816
035,000190,000190,2108,121,1.000000000000
035,000195,000195,87,26,1.000000000000
035,000200,000200,1111,59,1.000000000000
035,000205,000205,61,8,1.000000000000
035,000210,000210,713,33,1.000000000000
035,000215,000075,0,1,0.001254705144
035,000215,000215,796,53,0.998745294856
035,000220,000220,1967,98,1.000000000000
035,000225,000225,898,48,1.000000000000
035,000230,000040,4,5,0.002259887006
035,000230,000042,3,1,0.001694915254
035,000230,000045,0,3,0.001694915254
035,000230,000230,1760,105,0.994350282486
035,000235,000055,0,2,0.003976143141
035,000235,000235,501,35,0.996023856859
035,000240,000240,2395,104,1.000000000000
035,000245,000245,286,31,0.996515679443
035,000245,000255,0,1,0.003484320557
035,000250,000250,419,31,1.000000000000
035,000255,000085,0,2,0.006079027356
035,000255,000255,327,36,0.993920972644
035,000260,000260,582,64,1.000000000000
035,000265,000265,163,47,1.000000000000
035,000275,000275,606,37,1.000000000000
035,000280,000280,169,16,1.000000000000
035,000285,000285,99,21,1.000000000000
035,000290,000290,348,27,1.000000000000
035,000295,000295,672,19,0.380305602716
035,000295,000300,1095,35,0.619694397284
037,001010,001010,2848,43,1.000000000000
037,001020,001020,3259,21,1.000000000000
037,001030,001030,2639,27,0.999621212121
037,001030,001350,0,1,0.000378787879
037,001040,001040,2953,21,0.934789490345
037,001040,001160,206,1,0.065210509655
037,001050,001160,2473,23,1.000000000000
037,001055,001050,3934,41,0.947267035878
037,001055,001160,219,3,0.052732964122
037,001060,001040,18,11,0.007355946056
037,001060,001060,2429,28,0.992644053944
037,001070,001070,5087,35,1.000000000000
037,001080,001080,3354,36,0.999701937407
037,001080,001160,0,1,0.000298062593
037,001090,001090,1552,13,0.540389972145
037,001090,001100,1320,10,0.459610027855
037,001100,001090,811,12,0.283368273934
037,001100,001100,2051,21,0.716631726066
037,001110,001090,1710,16,0.501760563380
037,001110,001110,1698,11,0.498239436620
037,001120,001110,1023,9,0.257682619647
037,001120,001120,2947,46,0.742317380353
037,001130,001130,3459,39,0.657229716892
037,001130,001150,1804,23,0.342770283108
037,001140,001060,1250,9,0.248212867355
037,001140,001120,626,6,0.124305003971
037,001140,001140,3160,26,0.627482128674
037,001150,001120,291,3,0.082110609481
037,001150,001140,2167,20,0.611455981941
037,001150,001150,1086,10,0.306433408578
037,001210,001210,3678,39,0.999185004075
037,001210,001230,0,2,0.000543330617
037,001210,001260,0,1,0.000271665308
037,001220,001220,3999,37,1.000000000000
037,001230,001230,3614,30,1.000000000000
037,001240,001240,3471,36,0.821344060577
037,001240,001250,755,5,0.178655939423
037,001250,001230,0,9,0.002633889377
037,001250,001250,1776,13,0.519754170325
037,001250,001260,1632,7,0.477611940299
037,001260,001260,2102,20,0.559488953953
037,001260,001290,1655,14,0.440511046047
037,001270,001270,2753,28,0.933853459973
037,001270,001370,195,5,0.066146540027
037,001280,001250,589,2,0.116334189216
037,001280,001280,3924,37,0.775034564487
037,001280,001290,550,4,0.108631246297
037,001290,001050,0,1,0.000352733686
037,001290,001290,2116,9,0.746384479718
037,001290,001300,718,5,0.253262786596
037,001300,001260,785,9,0.224799541810
037,001300,001300,2707,24,0.775200458190
037,001310,001310,3665,42,0.789530374838
037,001310,001360,977,13,0.210469625162
037,001320,001310,2205,15,0.704697986577
037,001320,001320,923,16,0.294982422499
037,001320,001370,0,1,0.000319590924
037,001330,001330,2591,23,0.525451226932
037,001330,001340,1085,12,0.220036503752
037,001330,001350,1254,2,0.254309470696
037,001330,001370,0,1,0.000202798621
037,001340,001030,0,1,0.000245700246
037,001340,001340,3449,24,0.847420147420
037,001340,001350,620,5,0.152334152334
037,001350,001010,2,1,0.000571265353
037,001350,001320,1239,26,0.353898886033
037,001350,001350,2260,26,0.645529848615
037,001360,001320,1277,12,0.311996090887
037,001360,001360,2816,29,0.688003909113
037,001370,001370,2965,24,1.000000000000
037,001410,001410,1350,58,1.000000000000
037,001510,001510,147,11,1.000000000000
037,001610,001610,748,37,1.000000000000
037,001710,001710,359,49,0.264944649446
037,001710,001720,996,37,0.735055350554
037,001720,001720,3736,26,0.616807000165
037,001720,001730,2321,7,0.383192999835
037,001730,001710,1763,47,0.536845310597
037,001730,001750,776,14,0.236297198538
037,001730,001800,745,7,0.226857490865
037,001740,001760,3090,57,0.649978965082
037,001740,001790,1664,8,0.350021034918
037,001750,001730,2592,30,0.588422247446
037,001750,001740,1813,15,0.411577752554
037,001755,001740,2099,21,0.599714285714
037,001755,001760,313,1,0.089428571429
037,001755,001790,1088,18,0.310857142857
037,001760,001750,2197,20,0.582604083797
037,001760,001770,721,11,0.191195969239
037,001760,001780,853,5,0.226199946964
037,001765,001770,2845,29,0.762939125771
037,001765,001840,884,4,0.237060874229
037,001770,001710,1858,9,0.372568678564
037,001770,001750,1959,7,0.392821335472
037,001770,001780,1170,9,0.234609985964
037,001780,001780,1308,12,0.335384615385
037,001780,001800,2592,21,0.664615384615
037,001790,001810,3099,34,0.654626108999
037,001790,001820,1635,22,0.345373891001
037,001795,001810,551,15,0.322410766530
037,001795,001820,298,7,0.174370977180
037,001795,001830,0,2,0.001170275015
037,001795,001870,858,20,0.502047981276
037,001800,001790,671,4,0.245607613470
037,001800,001820,2061,16,0.754392386530
037,001810,001830,2152,9,1.000000000000
037,001820,001830,725,7,0.369332654101
037,001820,001870,1238,11,0.630667345899
037,001830,001830,1241,7,0.331109925293
037,001830,001840,2507,27,0.668890074707
037,001840,001870,1249,11,0.482798608427
037,001840,001880,1338,8,0.517201391573
037,001850,001850,2594,21,1.000000000000
037,001860,001850,1047,14,0.247986736144
037,001860,001880,3175,39,0.752013263856
037,001870,001860,2644,26,1.000000000000
037,002010,002010,3122,70,0.982069833281
037,002010,002220,55,7,0.017301038062
037,002010,002240,0,2,0.000629128657
037,002110,002110,1359,53,0.989803350328
037,002110,002260,8,1,0.005826656956
037,002110,002910,6,7,0.004369992717
037,002210,002210,2043,66,1.000000000000
037,002220,002220,5678,91,1.000000000000
037,002230,002230,3171,36,1.000000000000
037,002240,002240,4805,46,1.000000000000
037,002250,002250,4565,54,1.000000000000
037,002260,002260,3370,43,1.000000000000
037,002310,002310,784,37,0.984924623116
037,002310,003810,12,1,0.015075376884
037,002410,002410,744,23,1.000000000000
037,002510,002410,0,1,0.001200480192
037,002510,002510,832,67,0.998799519808
037,002610,002610,2784,78,0.881291547958
037,002610,002640,294,10,0.093067426401
037,002610,002680,81,1,0.025641025641
037,002620,002620,2778,34,1.000000000000
037,002630,002630,2514,29,1.000000000000
037,002635,002630,233,6,0.083095577746
037,002635,002640,2571,109,0.916904422254
037,002640,002630,0,2,0.000703729768
037,002640,002640,0,1,0.000351864884
037,002640,002650,2839,34,0.998944405348
037,002645,002660,2638,58,1.000000000000
037,002650,002660,0,1,0.000368053000
037,002650,002670,2716,43,0.999631947000
037,002660,002680,2704,39,1.000000000000
037,002710,002710,1242,12,0.301602719767
037,002710,002720,108,1,0.026226323458
037,002710,002780,849,12,0.206168042739
037,002710,002810,1689,19,0.410150558524
037,002710,002820,229,8,0.055609519184
037,002710,004510,0,1,0.000242836328
037,002720,002710,17,1,0.004551539491
037,002720,002720,1269,9,0.339759036145
037,002720,002820,2449,43,0.655689424364
037,002730,002710,361,7,0.092492954138
037,002730,002720,1012,23,0.259287727389
037,002730,002730,2293,44,0.587496797335
037,002730,002740,237,5,0.060722521138
037,002740,002740,3695,41,1.000000000000
037,002750,002750,3285,40,1.000000000000
037,002760,002760,3159,39,1.000000000000
037,002770,002770,3661,89,0.997275946609
037,002770,004450,10,1,0.002724053391
037,002780,002760,800,13,0.223651104277
037,002780,002770,698,9,0.195135588482
037,002780,002780,2079,24,0.581213307241
037,002790,002780,945,3,0.269614835949
037,002790,002790,1704,6,0.486162624822
037,002790,002800,856,8,0.244222539230
037,002800,002790,1528,25,0.484464172479
037,002800,002800,1609,19,0.510145846544
037,002800,004920,17,1,0.005389980977
037,002910,002910,5065,90,1.000000000000
037,002920,002920,3912,38,0.607359105729
037,002920,002960,2529,22,0.392640894271
037,002930,002930,3637,46,1.000000000000
037,002940,002940,3637,50,1.000000000000
037,002950,002950,3128,36,0.999680409076
037,002950,002970,0,1,0.000319590924
037,002960,002970,2904,30,1.000000000000
037,002970,002970,1848,28,0.594403345127
037,002970,002980,1261,25,0.405596654873
037,002980,002950,0,1,0.000349040140
037,002980,002980,2864,33,0.999650959860
037,002990,002990,3102,27,1.000000000000
037,003000,003000,3510,33,1.000000000000
037,003010,003010,3685,39,1.000000000000
037,003020,003020,3550,40,1.000000000000
037,003030,002920,424,5,0.094474153298
037,003030,003000,525,6,0.116978609626
037,003030,003030,3539,36,0.788547237077
037,003040,003040,3361,44,0.844260236122
037,003040,003050,620,7,0.155739763878
037,003050,003050,3779,33,1.000000000000
037,003060,003060,4447,55,1.000000000000
037,003070,003070,5436,57,1.000000000000
037,003080,003080,2727,44,1.000000000000
037,003110,003110,809,17,1.000000000000
037,003210,002620,0,1,0.000866551127
037,003210,003210,1153,40,0.999133448873
037,003310,003310,183,18,1.000000000000
037,003410,003410,2573,51,1.000000000000
037,003420,003420,2253,38,1.000000000000
037,003430,003110,0,1,0.000401284109
037,003430,003430,2166,35,0.869181380417
037,003430,003440,325,6,0.130417335474
037,003440,003310,0,1,0.000431220354
037,003440,003440,2318,93,0.999568779646
037,003450,003450,2109,29,1.000000000000
037,003510,003510,138,4,1.000000000000
037,003610,003610,86,8,1.000000000000
037,003710,003710,865,32,1.000000000000
037,003810,003810,1261,19,1.000000000000
037,003910,003910,466,26,1.000000000000
037,004010,001400,29,2,0.038157894737
037,004010,004010,731,48,0.961842105263
037,004110,004110,2354,61,1.000000000000
037,004210,004210,1841,26,0.417365676717
037,004210,004240,126,1,0.028564951258
037,004210,004270,2444,29,0.554069372024
037,004220,004220,3392,38,0.656219771716
037,004220,004240,913,12,0.176629909073
037,004220,004260,196,58,0.037918359451
037,004220,004280,668,6,0.129231959760
037,004230,004230,3420,31,0.958520179372
037,004230,004270,148,3,0.041479820628
037,004240,004240,2798,33,1.000000000000
037,004250,002010,0,1,0.000453514739
037,004250,003080,0,1,0.000453514739
037,004250,004250,2203,21,0.999092970522
037,004260,004250,1339,17,0.515594917212
037,004260,004260,1258,16,0.484405082788
037,004270,004210,1721,25,0.350938009788
037,004270,004270,451,11,0.091965742251
037,004270,004280,2732,24,0.557096247961
037,004310,004310,460,30,1.000000000000
037,004410,004410,4370,62,1.000000000000
037,004420,004420,2516,43,1.000000000000
037,004430,004430,3860,58,0.730645466591
037,004430,004440,1155,20,0.218625780806
037,004430,004460,268,4,0.050728752603
037,004440,004440,1584,33,1.000000000000
037,004450,004450,3863,82,0.551384527548
037,004450,004460,3143,48,0.448615472452
037,004510,004510,522,5,1.000000000000
037,004610,004610,441,14,1.000000000000
037,004710,004710,1290,73,1.000000000000
037,004810,004810,538,55,1.000000000000
037,004910,004910,3523,49,0.879430853719
037,004910,004920,483,7,0.120569146281
037,004920,004920,2563,21,1.000000000000
037,004940,004940,3951,64,0.846945337621
037,004940,004970,714,9,0.153054662379
037,004950,004950,2528,16,1.000000000000
037,004970,004970,2758,43,1.000000000000
037,004980,002790,0,3,0.000732064422
037,004980,004920,275,2,0.067105905320
037,004980,004980,3820,44,0.932162030259
039,000005,000005,308,58,1.000000000000
039,000007,000007,0,1,1.000000000000
039,000010,000010,602,48,1.000000000000
039,000015,000015,513,32,1.000000000000
039,000020,000020,423,51,1.000000000000
039,000025,000025,561,61,1.000000000000
039,000030,000030,2182,67,0.999541914796
039,000030,000080,0,1,0.000458085204
039,000032,000005,0,2,0.003012048193
039,000032,000032,662,30,0.996987951807
039,000035,000035,211,36,1.000000000000
039,000040,000040,1364,63,1.000000000000
039,000045,000045,483,38,1.000000000000
039,000050,000050,507,7,0.998031496063
039,000050,000060,0,1,0.001968503937
039,000051,000050,83,2,0.017581020970
039,000051,000051,4023,103,0.852149968227
039,000051,000052,615,9,0.130269010803
039,000052,000052,1623,37,1.000000000000
039,000055,000055,1111,46,1.000000000000
039,000060,000050,0,1,0.000533049041
039,000060,000051,0,1,0.000533049041
039,000060,000052,7,2,0.003731343284
039,000060,000060,1867,87,0.995202558635
039,000065,000065,743,92,1.000000000000
039,000070,000070,179,35,1.000000000000
039,000075,000075,665,58,1.000000000000
039,000080,000030,7,1,0.008235294118
039,000080,000080,843,83,0.991764705882
039,000085,000085,861,64,1.000000000000
039,000090,000090,424,70,1.000000000000
041,000005,000005,479,10,0.928294573643
041,000005,000025,37,4,0.071705426357
041,000007,000005,1947,42,0.830277185501
041,000007,000025,398,16,0.169722814499
041,000010,000005,47,2,0.017689123071
041,000010,000010,2610,50,0.982310876929
041,000015,000005,325,12,0.087671971945
041,000015,000010,394,16,0.106285405989
041,000015,000015,2946,56,0.794712705692
041,000015,000020,42,3,0.011329916374
041,000020,000020,2792,99,1.000000000000
041,000025,000020,0,2,0.007042253521
041,000025,000025,281,17,0.989436619718
041,000025,000100,0,1,0.003521126761
041,000027,000025,2029,89,1.000000000000
041,000030,000005,6,7,0.002022926500
041,000030,000010,0,1,0.000337154417
041,000030,000015,0,1,0.000337154417
041,000030,000030,2958,66,0.997302764666
041,000035,000035,341,45,1.000000000000
041,000040,000040,501,31,1.000000000000
041,000045,000045,763,59,0.997385620915
041,000045,000090,0,2,0.002614379085
041,000050,000050,497,28,1.000000000000
041,000055,000005,8,1,0.003589053387
041,000055,000055,2221,87,0.996410946613
041,000060,000060,603,32,1.000000000000
041,000065,000060,0,1,0.004484304933
041,000065,000065,222,52,0.995515695067
041,000070,000070,170,12,1.000000000000
041,000075,000075,349,19,1.000000000000
041,000080,000080,799,58,0.998750000000
041,000080,000105,0,1,0.001250000000
041,000085,000085,944,82,1.000000000000
041,000090,000090,1265,61,0.900997150997
041,000090,000092,139,4,0.099002849003
041,000095,000095,266,15,1.000000000000
041,000100,000005,28,2,0.006542056075
041,000100,000025,0,1,0.000233644860
041,000100,000100,4251,161,0.993224299065
041,000105,000105,1158,52,1.000000000000
041,000110,000110,404,48,1.000000000000
041,000115,000115,346,33,1.000000000000
041,000120,000120,100,8,1.000000000000
041,000125,000125,417,43,1.000000000000
041,000130,000130,431,21,1.000000000000
041,000135,000135,914,57,1.000000000000
041,000140,000140,763,94,1.000000000000
041,000145,000145,182,17,1.000000000000
041,000150,000150,351,37,1.000000000000
041,000155,000155,1630,53,1.000000000000
041,000160,000160,681,53,1.000000000000
041,000165,000165,232,53,0.995708154506
041,000165,000175,0,1,0.004291845494
041,000170,000170,462,45,1.000000000000
041,000175,000175,277,65,1.000000000000
043,000005,000005,248,51,1.000000000000
043,000010,000010,1105,102,1.000000000000
043,000015,000015,1058,48,1.000000000000
043,000020,000020,1011,103,1.000000000000
043,000025,000020,27,5,0.069948186528
043,000025,000025,359,103,0.930051813472
043,000030,000030,348,31,1.000000000000
043,000035,000035,188,61,1.000000000000
043,000040,000040,256,71,1.000000000000
043,000045,000045,172,20,1.000000000000
043,000050,000050,240,46,1.000000000000
043,000055,000055,255,55,1.000000000000
043,000060,000060,177,25,1.000000000000
043,000065,000065,549,45,1.000000000000
043,000070,000070,166,56,1.000000000000
043,000075,000075,210,63,1.000000000000
043,000080,000080,249,67,1.000000000000
043,000085,000085,216,25,1.000000000000
043,000090,000090,221,78,1.000000000000
043,000095,000095,488,40,1.000000000000
043,000100,000100,211,50,1.000000000000
043,000105,000105,158,53,1.000000000000
043,000110,000110,656,43,1.000000000000
043,000115,000115,170,63,1.000000000000
043,000120,000120,143,59,1.000000000000
043,000125,000125,185,35,1.000000000000
043,000130,000130,122,63,1.000000000000
043,000135,000135,164,72,1.000000000000
043,000140,000140,323,80,1.000000000000
043,000145,000145,205,48,1.000000000000
043,000150,000150,69,11,1.000000000000
043,000155,000155,2410,146,1.000000000000
043,000160,000160,1391,106,1.000000000000
043,000165,000165,171,38,1.000000000000
045,000005,000005,409,65,1.000000000000
045,000010,000010,303,41,1.000000000000
045,000015,000015,209,47,1.000000000000
045,000020,000020,324,45,1.000000000000
045,000025,000025,421,41,1.000000000000
045,000030,000030,310,19,1.000000000000
045,000035,000035,653,46,1.000000000000
045,000040,000040,285,37,1.000000000000
045,000045,000045,379,65,0.997368421053
045,000045,000150,0,1,0.002631578947
045,000050,000050,1826,76,0.995637949836
045,000050,000055,8,1,0.004362050164
045,000055,000055,523,59,0.998091603053
045,000055,000130,0,1,0.001908396947
045,000060,000060,479,47,1.000000000000
045,000065,000040,0,1,0.002732240437
045,000065,000065,365,42,0.997267759563
045,000070,000070,409,17,1.000000000000
045,000075,000075,301,47,1.000000000000
045,000080,000080,1043,74,1.000000000000
045,000085,000085,391,36,1.000000000000
045,000090,000090,239,51,0.995833333333
045,000090,000100,0,1,0.004166666667
045,000095,000095,381,44,1.000000000000
045,000100,000045,0,1,0.001379310345
045,000100,000090,4,3,0.005517241379
045,000100,000100,720,62,0.993103448276
045,000105,000105,716,56,1.000000000000
045,000110,000110,437,40,1.000000000000
045,000115,000115,370,38,1.000000000000
045,000120,000020,57,2,0.246753246753
045,000120,000120,174,15,0.753246753247
045,000125,000125,234,21,1.000000000000
045,000130,000045,0,1,0.002710027100
045,000130,000130,368,55,0.997289972900
045,000135,000135,208,36,1.000000000000
045,000140,000140,1322,84,1.000000000000
045,000150,000150,370,32,1.000000000000
045,000155,000155,1860,67,1.000000000000
045,000160,000160,790,63,1.000000000000
045,000165,000165,2447,115,1.000000000000
045,000175,000175,545,49,1.000000000000
045,000180,000180,482,73,1.000000000000
045,000185,000185,67,19,1.000000000000
045,000190,000190,432,24,1.000000000000
045,000195,000195,367,39,1.000000000000
047,000005,000005,3030,76,0.931734317343
047,000005,000015,218,7,0.067035670357
047,000005,000077,0,4,0.001230012300
047,000010,000015,105,4,1.000000000000
047,000015,000015,2712,79,1.000000000000
047,000025,000025,3327,80,1.000000000000
047,000035,000035,3188,98,1.000000000000
047,000045,000045,3066,179,0.997722095672
047,000045,000060,7,1,0.002277904328
047,000050,000050,2839,93,0.999647887324
047,000050,000060,0,1,0.000352112676
047,000060,000025,0,1,0.001672240803
047,000060,000050,0,1,0.001672240803
047,000060,000060,558,74,0.933110367893
047,000060,000061,33,14,0.055183946488
047,000060,000063,5,2,0.008361204013
047,000061,000005,6,1,0.857142857143
047,000061,000015,0,1,0.142857142857
047,000065,000065,583,29,1.000000000000
047,000070,000070,283,63,1.000000000000
047,000075,000075,444,48,0.560606060606
047,000075,000077,348,46,0.439393939394
047,000080,000080,401,86,1.000000000000
047,000085,000085,302,57,1.000000000000
047,000090,000080,0,1,0.001438848921
047,000090,000090,694,22,0.998561151079
047,000095,000095,153,14,1.000000000000
047,000100,000100,367,21,1.000000000000
047,000105,000105,264,20,1.000000000000
047,000110,000110,233,49,1.000000000000
047,000115,000115,441,71,1.000000000000
047,000120,000120,508,17,1.000000000000
047,000125,000125,437,63,1.000000000000
047,000130,000130,568,59,1.000000000000
047,000135,000135,321,27,1.000000000000
047,000140,000140,253,73,1.000000000000
047,000145,000145,252,13,1.000000000000
047,000150,000150,339,103,1.000000000000
047,000155,000155,308,20,1.000000000000
047,000160,000160,291,82,1.000000000000
047,000165,000165,52,9,1.000000000000
047,000170,000170,423,98,1.000000000000
047,000175,000175,225,63,1.000000000000
047,000180,000180,538,73,1.000000000000
047,000185,000185,47,4,1.000000000000
047,000190,000190,466,48,1.000000000000
047,000195,000195,309,64,1.000000000000
047,000200,000200,357,73,1.000000000000
047,000205,000205,643,64,1.000000000000
047,000210,000150,0,1,0.002331002331
047,000210,000210,428,47,0.997668997669
047,000215,000130,0,3,0.007653061224
047,000215,000215,389,92,0.992346938776
047,000220,000220,134,15,1.000000000000
049,000005,000005,138,8,1.000000000000
049,000010,000010,514,56,0.994197292070
049,000010,000180,3,3,0.005802707930
049,000015,000015,478,28,1.000000000000
049,000020,000020,2154,82,0.997684113015
049,000020,000025,0,3,0.001389532191
049,000020,000030,0,2,0.000926354794
049,000025,000025,2066,85,1.000000000000
049,000030,000030,1028,48,1.000000000000
049,000035,000035,382,58,1.000000000000
049,000040,000040,209,12,1.000000000000
049,000045,000045,745,67,1.000000000000
049,000050,000050,1555,132,1.000000000000
049,000055,000055,1250,28,1.000000000000
049,000060,000060,542,49,1.000000000000
049,000065,000065,947,39,1.000000000000
049,000070,000070,383,50,1.000000000000
049,000075,000075,1894,62,1.000000000000
049,000080,000080,388,49,1.000000000000
049,000085,000050,0,1,0.001119820829
049,000085,000085,892,41,0.998880179171
049,000090,000030,0,1,0.001044932079
049,000090,000090,956,60,0.998955067921
049,000095,000010,0,1,0.001592356688
049,000095,000095,627,55,0.998407643312
049,000100,000100,2884,78,1.000000000000
049,000105,000100,0,3,0.005172413793
049,000105,000105,572,62,0.986206896552
049,000105,000210,5,1,0.008620689655
049,000110,000110,2055,105,1.000000000000
049,000115,000115,2210,155,1.000000000000
049,000125,000125,2088,55,1.000000000000
049,000130,000130,1894,19,1.000000000000
049,000140,000140,2156,28,1.000000000000
049,000145,000145,1863,10,1.000000000000
049,000155,000155,2223,70,0.857308137293
049,000155,000160,370,1,0.142691862707
049,000160,000160,1688,33,1.000000000000
049,000170,000170,744,62,1.000000000000
049,000175,000175,1140,55,1.000000000000
049,000180,000180,857,91,0.997671711292
049,000180,000205,0,2,0.002328288708
049,000185,000185,377,37,1.000000000000
049,000190,000190,1113,34,1.000000000000
049,000195,000070,0,1,0.002525252525
049,000195,000195,395,46,0.997474747475
049,000200,000200,598,51,1.000000000000
049,000205,000030,0,1,0.001169590643
049,000205,000205,854,108,0.998830409357
049,000210,000210,1653,44,1.000000000000
049,000215,000215,2073,69,1.000000000000
049,000220,000210,53,3,0.085621970921
049,000220,000220,566,44,0.914378029079
051,000005,000005,469,18,1.000000000000
051,000010,000010,366,26,1.000000000000
051,000015,000015,98,34,1.000000000000
051,000020,000020,1208,76,0.946708463950
051,000020,000105,68,1,0.053291536050
051,000025,000025,125,26,1.000000000000
051,000030,000030,278,54,1.000000000000
051,000035,000035,397,57,1.000000000000
051,000040,000040,49,55,1.000000000000
051,000045,000045,384,47,1.000000000000
051,000050,000050,698,34,0.998569384835
051,000050,000055,0,1,0.001430615165
051,000055,000055,269,36,1.000000000000
051,000060,000060,94,41,1.000000000000
051,000065,000065,123,36,1.000000000000
051,000070,000070,72,43,1.000000000000
051,000075,000075,109,22,1.000000000000
051,000080,000080,52,21,1.000000000000
051,000085,000085,47,52,1.000000000000
051,000090,000090,488,66,1.000000000000
051,000095,000095,143,44,1.000000000000
051,000100,000100,98,41,1.000000000000
051,000105,000105,141,50,1.000000000000
051,000110,000060,0,1,0.007518796992
051,000110,000110,132,39,0.992481203008
051,000115,000115,166,17,1.000000000000
053,000005,000005,2380,33,1.000000000000
053,000010,000010,2495,36,1.000000000000
053,000015,000010,666,7,0.240346445327
053,000015,000015,2105,14,0.759653554673
053,000020,000010,0,1,0.000293341156
053,000020,000015,559,13,0.163977706072
053,000020,000020,2849,24,0.835728952772
053,000025,000035,3541,22,1.000000000000
053,000030,000020,330,5,0.119782214156
053,000030,000025,877,15,0.318330308530
053,000030,000030,1496,20,0.543012704174
053,000030,000040,52,1,0.018874773140
053,000035,000025,1519,21,0.829601310759
053,000035,000030,312,6,0.170398689241
053,000036,000015,629,8,0.203494014882
053,000036,000030,1744,23,0.564218699450
053,000036,000035,195,3,0.063086379812
053,000036,000040,523,2,0.169200905856
053,000040,000040,1839,18,0.644810659187
053,000040,000045,1013,19,0.355189340813
053,000045,000040,935,11,0.226886677991
053,000045,000055,3186,35,0.773113322009
053,000050,000075,2034,22,1.000000000000
053,000055,000060,3416,20,1.000000000000
053,000060,000070,2457,36,1.000000000000
053,000065,000050,1317,30,0.587946428571
053,000065,000065,923,6,0.412053571429
053,000070,000045,2134,34,0.741229593609
053,000070,000050,745,6,0.258770406391
053,000071,000065,1808,25,1.000000000000
053,000075,000110,2028,52,0.582758620690
053,000075,000115,1452,36,0.417241379310
053,000080,000100,1548,23,0.713692946058
053,000080,000115,620,30,0.285846011987
053,000080,000125,0,1,0.000461041955
053,000085,000085,1686,42,1.000000000000
053,000090,000090,825,21,0.407407407407
053,000090,000095,1200,17,0.592592592593
053,000095,000090,1650,22,0.467025191056
053,000095,000095,1150,16,0.325502405887
053,000095,000105,733,4,0.207472403057
053,000100,000105,1821,32,0.721473851030
053,000100,000115,703,15,0.278526148970
053,000105,000095,643,10,0.240823970037
053,000105,000100,2027,14,0.759176029963
053,000106,000075,0,1,0.000485436893
053,000106,000080,2059,23,0.999514563107
053,000107,000120,2562,53,1.000000000000
053,000110,000005,569,9,0.170206401436
053,000110,000150,2774,61,0.829793598564
053,000115,000145,5085,62,0.973205741627
053,000115,000150,140,3,0.026794258373
053,000120,000135,624,11,0.190301921317
053,000120,000150,2655,42,0.809698078683
053,000125,000140,3136,82,0.999681224099
053,000125,002595,0,1,0.000318775901
053,000130,000130,3119,48,0.900404157044
053,000130,000135,345,9,0.099595842956
053,000131,000135,1960,29,1.000000000000
053,000132,000125,2794,31,1.000000000000
053,000200,000200,4582,85,1.000000000000
053,000205,000200,350,10,0.071022727273
053,000205,000205,4566,77,0.926542207792
053,000205,000210,12,4,0.002435064935
053,000210,000205,202,2,0.038178038178
053,000210,000210,5087,65,0.961443961444
053,000210,000215,0,1,0.000189000189
053,000210,000365,0,1,0.000189000189
053,000215,000205,191,4,0.034028148940
053,000215,000210,0,1,0.000178157848
053,000215,000215,5421,81,0.965793693212
053,000220,000220,5098,64,0.775007601095
053,000220,000225,1480,17,0.224992398905
053,000225,000225,3519,63,1.000000000000
053,000230,000220,1624,16,0.496029321930
053,000230,000225,1650,15,0.503970678070
053,000300,000340,3039,30,1.000000000000
053,000305,000345,2922,28,1.000000000000
053,000310,000305,4455,25,1.000000000000
053,000315,000310,3378,32,1.000000000000
053,000320,000320,3629,33,0.908385481852
053,000320,000330,366,5,0.091614518148
053,000325,000315,4523,42,0.997134038801
053,000325,000430,13,4,0.002865961199
053,000330,000330,3026,40,0.691025348253
053,000330,000335,0,1,0.000228362640
053,000330,000430,1352,18,0.308746289107
053,000335,000330,1036,13,0.204743083004
053,000335,000380,2816,27,0.556521739130
053,000335,000430,1208,12,0.238735177866
053,000340,000350,2584,23,0.797777091695
053,000340,000365,655,8,0.202222908305
053,000345,000345,556,4,0.156752184945
053,000345,000355,2991,28,0.843247815055
053,000350,000360,0,1,0.000263157895
053,000350,000365,3798,40,0.999473684211
053,000350,000370,0,1,0.000263157895
053,000355,000360,2387,18,0.999162829636
053,000355,000370,0,2,0.000837170364
053,000360,000325,8,1,0.002654280027
053,000360,000335,0,1,0.000331785003
053,000360,000370,3005,31,0.997013934970
053,000362,000325,1936,19,0.999483737739
053,000362,000335,0,1,0.000516262261
053,000365,000370,1347,17,0.999258160237
053,000365,000375,0,1,0.000741839763
053,000370,000375,3581,48,1.000000000000
053,000375,000335,4208,40,1.000000000000
053,000395,000405,4188,69,1.000000000000
053,000397,000395,3899,50,0.617028010761
053,000397,000400,2420,19,0.382971989239
053,000400,000405,30,3,0.009956853634
053,000400,000410,2983,35,0.990043146366
053,000405,000405,0,1,0.000170648464
053,000405,000410,1521,1,0.259556313993
053,000405,000415,4338,53,0.740273037543
053,000410,000420,1579,42,0.372142352109
053,000410,000425,2664,22,0.627857647891
053,000415,000300,2427,20,0.770965692503
053,000415,000425,721,6,0.229034307497
053,000420,000420,795,14,0.894263217098
053,000420,000430,94,15,0.105736782902
053,000450,000450,5736,90,0.775764133081
053,000450,000460,1658,13,0.224235866919
053,000455,000455,5356,55,0.911970032351
053,000455,000465,517,8,0.088029967649
053,000460,000455,598,17,0.114471669219
053,000460,000460,4427,49,0.847434915773
053,000460,000465,199,2,0.038093415008
053,000465,000460,110,1,0.020265291083
053,000465,000465,3011,26,0.554716285925
053,000465,000470,2307,30,0.425018422992
053,000485,000485,0,9,1.000000000000
053,000500,000500,2128,36,1.000000000000
053,000505,000505,1656,28,1.000000000000
053,000510,000510,2401,42,1.000000000000
053,000550,000550,665,11,0.206265508685
053,000550,000560,1585,28,0.491625310174
053,000550,000565,974,11,0.302109181141
053,000555,000550,1513,15,1.000000000000
053,000557,000550,931,18,1.000000000000
053,000560,000560,901,18,0.320298613580
053,000560,000565,1912,39,0.679701386420
053,000565,000550,1680,28,0.790216368768
053,000565,000565,446,6,0.209783631232
053,000567,000550,1116,16,1.000000000000
053,000570,000570,1699,47,0.786574074074
053,000570,000585,461,3,0.213425925926
053,000575,000570,3035,65,1.000000000000
053,000577,000570,717,21,1.000000000000
053,000585,000585,3056,64,1.000000000000
053,000590,000570,384,4,0.145509662751
053,000590,000585,2255,45,0.854490337249
053,000640,000640,2200,38,1.000000000000
053,000645,000645,1227,24,1.000000000000
053,000650,000650,3785,47,1.000000000000
053,000675,000675,1785,41,1.000000000000
053,000680,000680,2114,47,1.000000000000
053,000690,000690,2481,35,1.000000000000
053,000695,000695,2785,43,1.000000000000
053,000700,000700,2761,24,1.000000000000
053,000705,000700,725,2,0.231925783749
053,000705,000705,2401,26,0.768074216251
053,000710,000690,465,7,0.148990708106
053,000710,000710,2656,28,0.851009291894
053,000715,000715,2642,22,1.000000000000
053,000720,000705,1361,15,0.460108181204
053,000720,000720,1597,24,0.539891818796
053,000725,000720,1574,42,0.744560075686
053,000725,000725,540,26,0.255439924314
053,000730,000715,0,2,0.000622665006
053,000730,000730,3201,35,0.996575342466
053,000730,000735,9,2,0.002801992528
053,000735,000735,3041,42,1.000000000000
053,000740,000720,21,1,0.004099160648
053,000740,000725,917,25,0.178996681632
053,000740,000740,4185,20,0.816904157720
053,000745,000725,21,8,0.005602988260
053,000745,000745,3726,35,0.994130202775
053,000745,000765,0,1,0.000266808965
053,000750,000750,3345,40,1.000000000000
053,000755,000065,10,1,0.002480158730
053,000755,000755,3546,47,0.879464285714
053,000755,000770,476,4,0.118055555556
053,000760,000760,3543,19,1.000000000000
053,000765,000765,3773,27,1.000000000000
053,000770,000770,2279,28,1.000000000000
053,000775,000775,3735,59,1.000000000000
053,000780,000780,3596,26,1.000000000000
053,000785,000785,2786,40,1.000000000000
053,000850,000850,2785,39,1.000000000000
053,000855,000860,302,3,0.100165837479
053,000855,000865,2713,37,0.899834162521
053,000860,000855,2196,37,1.000000000000
053,000865,000855,124,9,0.038118659699
053,000865,000870,0,1,0.000307408546
053,000865,000875,1921,43,0.590531816785
053,000865,000880,1207,25,0.371042114971
053,000870,000875,1943,25,0.715653775322
053,000870,000880,772,10,0.284346224678
053,000875,000850,19,2,0.006520247083
053,000875,000855,460,8,0.157858613590
053,000875,000860,1746,31,0.599176389842
053,000875,000870,689,13,0.236444749485
053,000880,000860,1272,15,0.456077447114
053,000880,000870,1517,27,0.543922552886
053,000885,000855,442,4,0.240086909288
053,000885,000870,1399,32,0.759913090712
053,000890,000870,0,1,0.000365230095
053,000890,000880,2125,46,0.776113951790
053,000890,000885,612,10,0.223520818115
053,000895,000870,0,2,0.000739371534
053,000895,000885,2702,49,0.998890942699
053,000895,000925,0,1,0.000369685767
053,000900,000895,1983,31,1.000000000000
053,000905,000900,2950,54,1.000000000000
053,000910,000910,1101,16,1.000000000000
053,000915,000910,3106,12,1.000000000000
053,000920,000885,175,4,0.057096247961
053,000920,000890,2889,51,0.942577487765
053,000920,000920,0,1,0.000326264274
053,000925,000895,1012,8,0.376068376068
053,000925,000900,325,7,0.120772946860
053,000925,000905,1354,8,0.503158677072
053,000930,000925,2757,57,1.000000000000
053,000935,000920,3128,53,1.000000000000
053,000940,000915,4093,22,1.000000000000
053,000945,000905,1675,36,1.000000000000
053,000965,000965,2355,56,1.000000000000
053,000975,000975,438,123,0.993197278912
053,000975,001915,2,3,0.004535147392
053,000975,001975,0,1,0.002267573696
053,000985,000985,1867,44,0.819578577700
053,000985,000990,411,11,0.180421422300
053,000990,000990,2713,63,0.805044510386
053,000990,001000,657,27,0.194955489614
053,001000,001000,1863,51,0.681170018282
053,001000,001010,872,7,0.318829981718
053,001005,001005,2175,40,0.834612432847
053,001005,001015,431,14,0.165387567153
053,001010,001000,573,11,0.250656167979
053,001010,001010,1489,32,0.651356080490
053,001010,001025,224,4,0.097987751531
053,001015,001005,900,3,0.266429840142
053,001015,001015,2027,55,0.600059206631
053,001015,001020,451,10,0.133510953227
053,001020,001020,2694,59,1.000000000000
053,001025,001025,3205,80,1.000000000000
053,001050,001050,2903,72,0.999655647383
053,001050,002695,0,1,0.000344352617
053,001065,001065,726,17,1.000000000000
053,001080,001080,666,11,1.000000000000
053,001110,001110,3030,27,0.991816693944
053,001110,001115,0,2,0.000654664484
053,001110,001125,23,1,0.007528641571
053,001115,001110,794,5,0.188240872451
053,001115,001115,2963,59,0.702465623518
053,001115,001125,461,6,0.109293504030
053,001120,001120,2664,24,1.000000000000
053,001125,001125,2471,26,0.766677008998
053,001125,001130,752,9,0.233322991002
053,001130,001110,164,6,0.065027755749
053,001130,001125,697,15,0.276367961935
053,001130,001130,1661,31,0.658604282316
053,001135,001120,1857,12,0.545855379189
053,001135,001125,0,2,0.000587889477
053,001135,001130,1542,32,0.453262786596
053,001135,002105,0,1,0.000293944738
053,001150,001150,3755,107,1.000000000000
053,001160,001160,1741,43,1.000000000000
053,001170,001170,646,15,1.000000000000
053,001190,001205,2606,33,1.000000000000
053,001195,001195,872,14,0.356354720065
053,001195,001205,1575,18,0.643645279935
053,001200,001210,1425,66,0.551684088269
053,001200,001215,599,2,0.231900890437
053,001200,001220,559,8,0.216415021293
053,001205,001190,0,1,0.000409500410
053,001205,001195,2441,70,0.999590499590
053,001210,001195,0,2,0.000719424460
053,001210,001200,2778,31,0.999280575540
053,001215,001190,1531,8,0.493234536082
053,001215,001260,1573,10,0.506765463918
053,001220,001250,1236,9,0.373752645903
053,001220,001260,2071,14,0.626247354097
053,001225,001190,3304,20,0.999697428139
053,001225,001260,0,1,0.000302571861
053,001230,001200,801,10,0.265231788079
053,001230,001210,2219,27,0.734768211921
053,001235,001200,530,8,0.168147208122
053,001235,001210,915,10,0.290291878173
053,001235,001215,1707,21,0.541560913706
053,001240,001245,3062,24,0.719962379497
053,001240,001250,13,2,0.003056665883
053,001240,001255,1178,14,0.276980954620
053,001245,001215,1613,7,0.482645122681
053,001245,001220,1729,39,0.517354877319
053,001250,001225,1607,18,0.580563583815
053,001250,001230,1161,12,0.419436416185
053,001255,001225,2186,25,1.000000000000
053,001260,001225,0,3,0.001210653753
053,001260,001230,2212,27,0.892655367232
053,001260,001235,81,1,0.032687651332
053,001260,001240,182,2,0.073446327684
053,001265,001200,313,9,0.108267035628
053,001265,001215,337,2,0.116568661363
053,001265,001235,2094,25,0.724316845382
053,001265,001250,100,2,0.034590107229
053,001265,001260,47,1,0.016257350398
053,001270,001215,513,9,0.191132637854
053,001270,001220,20,17,0.007451564829
053,001270,001235,2151,18,0.801415797317
053,001275,001235,196,6,0.067914067914
053,001275,001240,2508,19,0.869022869023
053,001275,001245,182,1,0.063063063063
053,001280,001250,1117,7,0.516890328552
053,001280,001255,417,5,0.192966219343
053,001280,001260,627,6,0.290143452106
053,001285,001255,3154,41,0.843766720171
053,001285,001260,584,6,0.156233279829
053,001290,001245,3241,33,0.793584720862
053,001290,001255,843,11,0.206415279138
053,001295,001250,2987,20,1.000000000000
053,001300,001230,714,11,0.313984168865
053,001300,001240,1560,19,0.686015831135
053,001305,001220,2385,31,0.857296908699
053,001305,001225,397,1,0.142703091301
053,001335,001335,1743,39,1.000000000000
053,001345,001345,337,5,1.000000000000
053,001350,001350,2124,75,0.997183098592
053,001350,001355,6,1,0.002816901408
053,001355,001355,4707,83,1.000000000000
053,001360,001365,1448,40,1.000000000000
053,001365,001360,0,4,0.000958083832
053,001365,001380,3272,57,0.783712574850
053,001365,001385,899,16,0.215329341317
053,001370,001375,0,3,0.000868055556
053,001370,001385,2673,55,0.773437500000
053,001370,001390,780,15,0.225694444444
053,001375,001375,0,1,0.000294637596
053,001375,001390,3393,49,0.999705362404
053,001380,001405,2845,63,0.998245614035
053,001380,001410,0,5,0.001754385965
053,001385,001400,3615,54,0.999723451327
053,001385,001410,0,1,0.000276548673
053,001390,001410,3562,79,1.000000000000
053,001395,001395,2158,30,0.999536822603
053,001395,001400,0,1,0.000463177397
053,001400,001365,0,1,0.000202798621
053,001400,001375,4930,85,0.999797201379
053,001405,001360,1451,46,1.000000000000
053,001410,001805,2517,40,1.000000000000
053,001415,001450,1882,55,0.999468932554
053,001415,001455,0,1,0.000531067446
053,001420,001410,747,6,0.212941847206
053,001420,001425,2756,32,0.785632839225
053,001420,001435,0,1,0.000285062714
053,001420,001500,0,4,0.001140250855
053,001425,001430,3303,36,1.000000000000
053,001430,001435,4997,42,0.627763819095
053,001430,001440,2963,7,0.372236180905
053,001435,001435,562,9,0.341433778858
053,001435,001440,0,3,0.001822600243
053,001435,001455,1081,21,0.656743620899
053,001440,001445,1393,28,1.000000000000
053,001445,001920,3566,72,1.000000000000
053,001450,001445,1313,22,0.663801820020
053,001450,001450,665,21,0.336198179980
053,001455,001440,5348,21,1.000000000000
053,001456,001810,2018,31,1.000000000000
053,001460,001415,4860,24,1.000000000000
053,001465,001415,0,5,0.001064056182
053,001465,001420,0,1,0.000212811236
053,001465,001490,1134,4,0.241327942115
053,001465,001495,313,3,0.066609917004
053,001465,001500,3246,25,0.690785273462
053,001470,001490,2975,54,0.613275613276
053,001470,001495,1876,15,0.386724386724
053,001475,001470,1528,13,0.947890818859
053,001475,001490,84,3,0.052109181141
053,001480,001465,2522,49,0.965913443125
053,001480,001490,89,3,0.034086556875
053,001485,001370,1781,27,0.348191593353
053,001485,001460,3334,51,0.651808406647
053,001490,001480,808,2,0.244478063540
053,001490,001485,2497,8,0.755521936460
053,001495,001505,2751,18,1.000000000000
053,001500,001510,2692,17,0.537539936102
053,001500,001515,1909,19,0.381190095847
053,001500,001705,407,3,0.081269968051
053,001501,001410,0,2,0.001072961373
053,001501,001475,1862,32,0.998927038627
053,001502,001480,2006,15,1.000000000000
053,001503,001505,592,11,0.282442748092
053,001503,001680,682,13,0.325381679389
053,001503,001705,822,8,0.392175572519
053,001504,001420,2922,15,1.000000000000
053,001505,001520,3351,50,1.000000000000
053,001510,001525,5178,90,1.000000000000
053,001515,001555,3255,48,1.000000000000
053,001520,001530,1562,34,0.390207344492
053,001520,001535,2441,46,0.609792655508
053,001525,001550,5959,70,1.000000000000
053,001530,001540,4210,60,1.000000000000
053,001535,001530,2779,40,0.999640287770
053,001535,001535,0,1,0.000359712230
053,001540,001530,593,8,0.136667434893
053,001540,001545,3355,49,0.773219635861
053,001540,001560,391,10,0.090112929246
053,001555,001570,2154,36,0.497115162705
053,001555,001580,2179,23,0.502884837295
053,001560,001565,4126,45,0.762520790981
053,001560,001570,1285,21,0.237479209019
053,001565,001570,2001,22,0.576823292015
053,001565,001580,1468,25,0.423176707985
053,001570,001580,637,8,0.256751309956
053,001570,001590,1844,35,0.743248690044
053,001575,001585,2935,60,1.000000000000
053,001580,001600,1122,36,0.631046119235
053,001580,001605,651,23,0.366141732283
053,001580,001690,0,5,0.002812148481
053,001585,001590,1819,22,0.334929110661
053,001585,001595,3612,67,0.665070889339
053,001590,001575,5621,106,1.000000000000
053,001595,001590,0,1,0.000333444481
053,001595,001600,1831,32,0.610536845615
053,001595,001605,1167,18,0.389129709903
053,001605,001645,1161,14,1.000000000000
053,001610,001650,3808,27,1.000000000000
053,001615,001615,0,3,0.000474608448
053,001615,001620,6317,31,0.999367188736
053,001615,001650,0,1,0.000158202816
053,001620,001610,421,11,0.104935194417
053,001620,001615,3590,30,0.894815553340
053,001620,001690,0,1,0.000249252243
053,001625,001615,0,1,0.000338180588
053,001625,001640,2948,30,0.996956374704
053,001625,001645,0,8,0.002705444707
053,001630,001615,0,4,0.000973472864
053,001630,001625,0,2,0.000486736432
053,001630,001630,2558,18,0.622535896812
053,001630,001640,1544,19,0.375760525675
053,001630,001855,0,1,0.000243368216
053,001635,001630,2150,18,0.998606595448
053,001635,001855,0,3,0.001393404552
053,001640,001635,2906,30,0.998968717772
053,001640,001855,0,3,0.001031282228
053,001642,001625,3062,24,1.000000000000
053,001645,001655,1380,33,0.998552821997
053,001645,001685,0,2,0.001447178003
053,001650,001660,2035,45,0.987864077670
053,001650,001665,25,1,0.012135922330
053,001655,001665,3224,54,1.000000000000
053,001660,001660,0,3,0.000877192982
053,001660,001670,3410,40,0.997076023392
053,001660,001710,0,7,0.002046783626
053,001665,001675,3851,16,1.000000000000
053,001670,001515,0,1,0.000146006716
053,001670,001610,2072,14,0.302525916192
053,001670,001615,1426,11,0.208205577457
053,001670,001680,2898,65,0.423127463863
053,001670,001690,0,2,0.000292013433
053,001670,001705,450,3,0.065703022339
053,001675,001685,1388,46,1.000000000000
053,001680,001690,5812,42,1.000000000000
053,001685,001695,3112,34,0.893482629917
053,001685,001825,371,4,0.106517370083
053,001690,001700,1130,12,1.000000000000
053,001700,001715,2773,20,1.000000000000
053,001705,001720,4382,39,1.000000000000
053,001710,001740,1723,21,0.522913505311
053,001710,001745,1572,21,0.477086494689
053,001715,001730,0,2,0.000828157350
053,001715,001745,1785,30,0.739130434783
053,001715,001750,628,9,0.260041407867
053,001720,001730,0,1,0.000280741157
053,001720,001750,2092,39,0.587310499719
053,001720,001755,1465,26,0.411285794497
053,001720,001875,0,4,0.001122964627
053,001725,001725,3611,39,1.000000000000
053,001730,001730,4143,58,1.000000000000
053,001735,001760,1922,27,0.464587865603
053,001735,001765,2215,33,0.535412134397
053,001750,001720,0,3,0.000890736342
053,001750,001735,1974,20,0.586104513064
053,001750,001775,1391,12,0.413004750594
053,001755,001775,4032,36,0.839475327920
053,001755,001790,771,8,0.160524672080
053,001760,001780,5208,43,1.000000000000
053,001765,001450,0,1,0.000208246564
053,001765,001640,0,1,0.000208246564
053,001765,001785,4798,36,0.999167013744
053,001765,001805,0,2,0.000416493128
053,001770,001790,1536,14,1.000000000000
053,001775,001785,106,2,0.022948690193
053,001775,001795,4512,58,0.976834812730
053,001775,001805,0,1,0.000216497077
053,001780,001800,2059,24,1.000000000000
053,001785,001805,266,8,0.532000000000
053,001785,001810,234,6,0.468000000000
053,001790,001715,0,1,0.000318471338
053,001790,001720,0,1,0.000318471338
053,001790,001735,1602,20,0.510191082803
053,001790,001770,1536,12,0.489171974522
053,001805,001815,3010,30,1.000000000000
053,001810,001815,1103,8,0.378517501716
053,001810,001820,1811,7,0.621482498284
053,001815,001825,2619,27,1.000000000000
053,001817,001710,0,2,0.666666666667
053,001817,001825,0,1,0.333333333333
053,001820,001830,2644,23,1.000000000000
053,001825,002040,2092,23,1.000000000000
053,001827,001985,0,1,1.000000000000
053,001830,001835,3235,24,1.000000000000
053,001835,001840,1124,6,0.371447455387
053,001835,001845,1902,9,0.628552544613
053,001840,001840,1011,6,0.414174518640
053,001840,001845,1430,10,0.585825481360
053,001845,001855,4852,38,1.000000000000
053,001850,001840,1493,8,0.316917851836
053,001850,001850,3218,16,0.683082148164
053,001855,001815,962,8,0.340290060134
053,001855,001820,1865,8,0.659709939866
053,001860,001860,2363,39,1.000000000000
053,001865,001865,3445,54,1.000000000000
053,001870,001870,4035,55,0.999257057949
053,001870,002015,0,2,0.000495294700
053,001870,002020,0,1,0.000247647350
053,001875,001885,2054,33,0.548904329236
053,001875,001890,1688,30,0.451095670764
053,001880,001865,0,2,0.000993048659
053,001880,001875,2012,37,0.999006951341
053,001885,001895,3323,57,1.000000000000
053,001890,001900,2542,42,0.762905162065
053,001890,001915,790,16,0.237094837935
053,001895,000975,0,3,0.000958160332
053,001895,001905,837,23,0.267326732673
053,001895,001910,784,13,0.250399233472
053,001895,001915,1507,35,0.481315873523
053,001900,001905,398,8,0.157873859580
053,001900,001910,850,14,0.337167790559
053,001900,001915,1273,13,0.504958349861
053,001902,001870,0,3,0.001160541586
053,001902,001880,2582,41,0.998839458414
053,001905,001810,587,14,0.164379725567
053,001905,001925,2984,52,0.835620274433
053,001910,001945,3364,56,1.000000000000
053,001915,001950,3772,60,1.000000000000
053,001920,001960,2087,36,1.000000000000
053,001925,001890,352,6,0.143614851081
053,001925,001955,2099,36,0.856385148919
053,001930,001955,0,2,0.000974658869
053,001930,001965,2050,46,0.999025341131
053,001935,001965,384,7,1.000000000000
053,001940,001930,1888,26,1.000000000000
053,001945,001810,0,1,0.000394944708
053,001945,001940,2058,36,0.812796208531
053,001945,001955,473,7,0.186808846761
053,001950,001970,1353,20,0.460988074957
053,001950,001975,1582,40,0.539011925043
053,001955,001970,2242,35,1.000000000000
053,001956,001930,519,8,0.133693972179
053,001956,001935,3363,55,0.866306027821
053,001957,001905,753,12,0.479617834395
053,001957,001965,817,13,0.520382165605
053,001960,001710,2137,15,0.679275270184
053,001960,001980,513,12,0.163064208519
053,001960,001985,496,10,0.157660521297
053,001965,001985,1710,22,1.000000000000
053,001970,001980,2346,43,1.000000000000
053,001975,001990,2417,25,1.000000000000
053,001980,001995,2289,36,1.000000000000
053,001985,002030,2794,49,1.000000000000
053,001990,002020,2449,42,0.628916281459
053,001990,002025,624,8,0.160246533128
053,001990,002030,821,12,0.210837185413
053,001995,002010,3021,50,1.000000000000
053,002000,002010,992,14,0.248746238716
053,002000,002015,2996,54,0.751253761284
053,002005,002035,1527,27,1.000000000000
053,002010,002000,2542,41,1.000000000000
053,002015,002005,1576,22,1.000000000000
053,002020,002025,2383,45,1.000000000000
053,002090,002090,2342,43,1.000000000000
053,002095,002095,1857,19,1.000000000000
053,002100,002095,168,2,0.065217391304
053,002100,002100,2408,30,0.934782608696
053,002105,001130,13,1,0.004593639576
053,002105,002090,166,3,0.058657243816
053,002105,002095,207,3,0.073144876325
053,002105,002105,2444,40,0.863604240283
053,002110,002105,0,1,0.000607902736
053,002110,002110,1644,25,0.999392097264
053,002115,001130,5,1,0.002138579983
053,002115,002110,387,7,0.165526090676
053,002115,002115,1946,26,0.832335329341
053,002120,002120,1558,28,0.865555555556
053,002120,002125,242,10,0.134444444444
053,002125,002120,749,4,0.269134028027
053,002125,002125,2034,32,0.730865971973
053,002130,002130,2623,34,0.907926618207
053,002130,002135,163,3,0.056420906888
053,002130,002140,103,1,0.035652474905
053,002135,002120,390,4,0.116801437556
053,002135,002125,625,4,0.187181790955
053,002135,002135,2324,8,0.696016771488
053,002140,002140,2557,16,1.000000000000
053,002145,002145,2354,27,1.000000000000
053,002150,002120,0,2,0.000901713255
053,002150,002125,0,1,0.000450856628
053,002150,002145,252,6,0.113615870153
053,002150,002150,1962,24,0.884580703336
053,002150,002155,0,1,0.000450856628
053,002155,002110,0,2,0.000931532371
053,002155,002125,0,3,0.001397298556
053,002155,002150,276,5,0.128551467163
053,002155,002155,1866,41,0.869119701910
053,002160,002150,415,4,0.168905168905
053,002160,002155,569,12,0.231583231583
053,002160,002160,1473,33,0.599511599512
053,002165,002155,212,2,0.119503945885
053,002165,002160,1293,30,0.728861330327
053,002165,002185,269,4,0.151634723788
053,002170,002155,135,1,0.044060052219
053,002170,002165,2928,35,0.955613577023
053,002170,002200,0,1,0.000326370757
053,002185,002185,1268,17,0.663874345550
053,002185,002190,642,8,0.336125654450
053,002190,002190,2264,18,1.000000000000
053,002195,002195,2299,27,1.000000000000
053,002200,002190,0,1,0.000405022276
053,002200,002200,2468,32,0.999594977724
053,002205,002195,642,9,0.348345089528
053,002205,002200,489,6,0.265328269126
053,002205,002205,712,10,0.386326641346
053,002210,002205,2038,16,1.000000000000
053,002230,002230,546,20,1.000000000000
053,002240,002240,2572,35,1.000000000000
053,002245,001150,0,1,0.001326259947
053,002245,002245,753,35,0.998673740053
053,002247,002250,2237,43,1.000000000000
053,002248,002255,2700,56,1.000000000000
053,002250,002270,2180,59,1.000000000000
053,002255,002265,2381,65,0.967886178862
053,002255,002270,79,4,0.032113821138
053,002260,002275,2360,59,1.000000000000
053,002265,002260,2398,32,1.000000000000
053,002290,002290,1185,17,0.612719751810
053,002290,002295,749,6,0.387280248190
053,002295,002290,1038,13,0.359792027730
053,002295,002295,1847,18,0.640207972270
053,002300,002300,2656,34,1.000000000000
053,002310,002310,2893,35,1.000000000000
053,002315,002315,2252,28,1.000000000000
053,002320,002320,1462,11,1.000000000000
053,002330,002330,4177,34,1.000000000000
053,002335,002335,3727,45,1.000000000000
053,002355,002355,2390,67,1.000000000000
053,002360,002355,0,11,0.010466222645
053,002360,002365,1040,24,0.989533777355
053,002365,002365,1918,44,1.000000000000
053,002370,001160,0,1,0.000336927224
053,002370,002355,794,13,0.267520215633
053,002370,002360,2173,68,0.732142857143
053,002385,000420,0,1,0.000371885459
053,002385,002385,2688,81,0.999628114541
053,002400,002400,4366,20,0.585882984434
053,002400,002405,3086,18,0.414117015566
053,002405,002410,532,8,0.068126520681
053,002405,002480,5156,50,0.660263798182
053,002405,002485,2118,14,0.271225509028
053,002405,002495,0,3,0.000384172109
053,002410,002405,1842,15,0.778529163145
053,002410,002415,524,6,0.221470836855
053,002415,002410,3058,23,1.000000000000
053,002420,002415,3393,27,0.864238410596
053,002420,002425,533,5,0.135761589404
053,002425,002425,1951,18,1.000000000000
053,002430,002425,1842,17,0.414958323947
053,002430,002430,2597,24,0.585041676053
053,002435,002430,958,12,0.375981161695
053,002435,002440,1590,17,0.624018838305
053,002440,002430,1181,10,0.269819511081
053,002440,002435,3196,29,0.730180488919
053,002445,002440,2215,16,1.000000000000
053,002450,002445,2072,26,1.000000000000
053,002455,002435,505,9,0.217860224331
053,002455,002445,1813,26,0.782139775669
053,002460,002420,3243,21,0.691323811554
053,002460,002435,0,4,0.000852696653
053,002460,002450,1444,10,0.307823491793
053,002465,002450,2169,18,0.454907718121
053,002465,002460,2598,39,0.544882550336
053,002465,002470,0,1,0.000209731544
053,002470,002460,338,4,0.123809523810
053,002470,002465,2392,28,0.876190476190
053,002475,002460,267,9,0.063315152952
053,002475,002470,2360,48,0.559639554185
053,002475,002475,1590,10,0.377045292862
053,002480,002460,1256,11,0.510984540277
053,002480,002475,1202,45,0.489015459723
053,002485,002485,2190,18,0.670955882353
053,002485,002490,1074,9,0.329044117647
053,002490,002490,1903,21,0.996856993190
053,002490,002500,6,4,0.003143006810
053,002495,002485,72,2,0.023920265781
053,002495,002495,2938,26,0.976079734219
053,002500,002450,374,3,0.137096774194
053,002500,002490,600,10,0.219941348974
053,002500,002495,965,9,0.353739002933
053,002500,002500,789,5,0.289222873900
053,002505,002490,209,6,0.065394242804
053,002505,002500,2987,17,0.934605757196
053,002510,002455,3532,19,1.000000000000
053,002575,002575,4065,91,1.000000000000
053,002580,002580,4160,58,0.924033762772
053,002580,002585,342,2,0.075966237228
053,002585,002585,3658,58,1.000000000000
053,002590,002590,4185,59,0.857757737241
053,002590,002600,694,15,0.142242262759
053,002595,002595,4069,75,0.891151992992
053,002595,002600,497,9,0.108848007008
053,002600,002600,2992,61,1.000000000000
053,002605,002605,2931,68,1.000000000000
053,002610,002605,1111,21,0.342478421702
053,002610,002610,2133,45,0.657521578298
053,002615,002610,1953,31,0.317199935033
053,002615,002615,4204,63,0.682800064967
053,002645,002645,3424,71,0.910396171231
053,002645,002655,241,2,0.064078702473
053,002645,002665,96,7,0.025525126296
053,002655,000225,111,1,0.032192575406
053,002655,002655,3333,72,0.966647331787
053,002655,002675,0,4,0.001160092807
053,002665,002645,278,2,0.076520781723
053,002665,002665,3200,58,0.880814753647
053,002665,002675,155,1,0.042664464630
053,002675,002665,294,1,0.077205882353
053,002675,002675,3514,60,0.922794117647
053,002695,001050,0,1,0.002192982456
053,002695,002695,455,10,0.997807017544
053,002710,002710,5250,83,1.000000000000
053,002715,002715,6479,67,0.805344934742
053,002715,002720,1566,36,0.194655065258
053,002720,002725,220,9,1.000000000000
053,002725,002725,2323,22,0.999569707401
053,002725,002730,0,1,0.000430292599
053,002730,002730,2415,35,1.000000000000
053,002735,002730,1159,14,0.410847217299
053,002735,002735,1662,27,0.589152782701
053,002755,002755,1734,22,1.000000000000
053,002765,002765,2226,41,1.000000000000
053,002770,002770,3386,51,1.000000000000
053,002780,002780,2307,32,1.000000000000
053,002790,002790,3744,62,1.000000000000
053,002795,002795,4590,73,1.000000000000
053,002800,002800,2194,26,0.999544419134
053,002800,002820,0,1,0.000455580866
053,002805,002800,1580,36,1.000000000000
053,002810,002820,2073,32,1.000000000000
053,002815,002810,3662,21,0.999454148472
053,002815,002820,0,2,0.000545851528
053,002820,002810,1628,35,0.427296587927
053,002820,002815,2182,42,0.572703412073
053,002825,002815,1255,36,0.383089133089
053,002825,002820,2021,42,0.616910866911
053,002830,002840,2987,43,1.000000000000
053,002835,002830,2070,22,0.749185667752
053,002835,002835,216,3,0.078175895765
053,002835,002840,477,10,0.172638436482
053,002840,002830,2242,49,1.000000000000
053,002845,002835,4077,39,0.917210348706
053,002845,002840,368,6,0.082789651294
053,002850,002130,0,1,0.000371747212
053,002850,002855,58,1,0.021561338290
053,002850,002860,2631,23,0.978066914498
053,002855,002855,2325,22,0.565555825833
053,002855,002860,1786,14,0.434444174167
053,002860,002850,1963,22,0.604558053588
053,002860,002855,1284,25,0.395441946412
053,002865,002850,2119,30,0.815941470928
053,002865,002855,478,6,0.184058529072
053,002900,002900,1442,35,1.000000000000
053,002910,002910,4434,108,1.000000000000
053,002925,002925,384,10,1.000000000000
055,000005,000005,272,45,1.000000000000
055,000010,000010,566,37,1.000000000000
055,000015,000015,413,41,1.000000000000
055,000020,000020,1226,44,1.000000000000
055,000025,000025,1621,61,1.000000000000
055,000030,000030,637,41,1.000000000000
055,000035,000035,252,33,1.000000000000
055,000040,000040,279,11,1.000000000000
055,000045,000045,553,29,1.000000000000
055,000050,000045,0,1,0.002262443439
055,000050,000050,441,57,0.997737556561
055,000055,000055,997,61,1.000000000000
055,000060,000060,394,55,1.000000000000
055,000065,000065,130,44,1.000000000000
055,000070,000070,2404,51,1.000000000000
055,000075,000075,1773,48,0.999436302142
055,000075,000080,0,1,0.000563697858
055,000076,000076,1048,24,0.997145575642
055,000076,000080,0,3,0.002854424358
055,000080,000050,0,1,0.000893655049
055,000080,000076,66,12,0.058981233244
055,000080,000080,1052,60,0.940125111707
055,000085,000085,366,27,1.000000000000
055,000090,000090,578,59,1.000000000000
055,000095,000095,570,67,1.000000000000
055,000100,000100,300,37,1.000000000000
055,000105,000105,1256,59,1.000000000000
055,000110,000110,343,40,1.000000000000
055,000115,000050,0,1,0.003076923077
055,000115,000115,324,26,0.996923076923
055,000120,000120,427,39,1.000000000000
055,000125,000125,227,30,1.000000000000
055,000130,000005,2,1,0.006097560976
055,000130,000130,326,58,0.993902439024
057,000005,000005,404,51,1.000000000000
057,000010,000010,307,20,0.549194991055
057,000010,000012,252,28,0.450805008945
057,000015,000015,606,30,0.996710526316
057,000015,000080,0,2,0.003289473684
057,000020,000020,152,40,1.000000000000
057,000022,000022,76,14,0.987012987013
057,000022,000145,0,1,0.012987012987
057,000025,000025,125,16,1.000000000000
057,000030,000030,358,63,1.000000000000
057,000035,000035,1029,66,1.000000000000
057,000037,000035,107,22,1.000000000000
057,000040,000040,285,35,1.000000000000
057,000045,000045,603,35,1.000000000000
057,000050,000050,397,45,1.000000000000
057,000052,000050,146,13,1.000000000000
057,000055,000055,1648,48,1.000000000000
057,000060,000060,307,40,1.000000000000
057,000065,000065,1514,89,1.000000000000
057,000070,000070,770,77,1.000000000000
057,000075,000075,114,22,1.000000000000
057,000080,000022,0,1,0.001034126163
057,000080,000065,0,1,0.001034126163
057,000080,000080,965,52,0.997931747673
057,000085,000060,0,1,0.002564102564
057,000085,000085,389,51,0.997435897436
057,000090,000090,180,16,1.000000000000
057,000095,000095,775,64,1.000000000000
057,000097,000097,65,12,1.000000000000
057,000100,000100,134,15,1.000000000000
057,000105,000105,522,69,1.000000000000
057,000110,000110,377,27,1.000000000000
057,000115,000115,1143,66,1.000000000000
057,000120,000120,1883,113,1.000000000000
057,000122,000122,2259,100,0.999557522124
057,000122,000150,0,1,0.000442477876
057,000125,000055,0,1,0.002557544757
057,000125,000125,390,30,0.997442455243
057,000130,000130,136,28,1.000000000000
057,000135,000095,0,1,0.007299270073
057,000135,000135,136,48,0.992700729927
057,000137,000137,4,5,1.000000000000
057,000140,000140,788,63,1.000000000000
057,000145,000145,39,35,1.000000000000
057,000150,000150,1313,54,1.000000000000
057,000152,000065,0,1,0.006578947368
057,000152,000152,151,5,0.993421052632
057,000155,000155,486,50,1.000000000000
059,000005,000005,2112,109,1.000000000000
059,000010,000010,3427,116,0.998252257501
059,000010,000035,0,2,0.000582580833
059,000010,000037,0,3,0.000873871250
059,000010,000040,0,1,0.000291290417
059,000015,000015,1769,44,1.000000000000
059,000020,000020,5091,164,1.000000000000
059,000022,000022,4426,84,0.979203539823
059,000022,000040,94,1,0.020796460177
059,000025,000020,26,5,0.010416666667
059,000025,000022,0,1,0.000400641026
059,000025,000025,2469,139,0.989182692308
059,000030,000030,781,70,1.000000000000
059,000035,000035,3966,81,0.999747920343
059,000035,000040,0,1,0.000252079657
059,000037,000037,2838,39,1.000000000000
059,000040,000020,15,3,0.006631299735
059,000040,000022,15,2,0.006631299735
059,000040,000040,2232,94,0.986737400531
059,000045,000045,715,63,1.000000000000
059,000050,000050,1718,77,1.000000000000
059,000055,000055,989,34,1.000000000000
059,000057,000057,0,1,1.000000000000
059,000060,000060,1670,90,1.000000000000
059,000065,000065,1560,57,1.000000000000
059,000070,000015,12,2,0.010273972603
059,000070,000070,1156,80,0.989726027397
059,000075,000075,2299,87,1.000000000000
059,000080,000060,0,1,0.000569151964
059,000080,000065,0,1,0.000569151964
059,000080,000080,1755,87,0.998861696073
061,000005,000005,48,19,1.000000000000
061,000010,000010,862,39,1.000000000000
061,000015,000015,147,23,1.000000000000
061,000020,000020,618,37,0.998384491115
061,000020,000270,0,1,0.001615508885
061,000025,000025,550,75,0.998185117967
061,000025,000260,0,1,0.001814882033
061,000030,000030,2689,111,1.000000000000
061,000035,000030,0,2,0.001532567050
061,000035,000035,1302,46,0.997701149425
061,000035,000101,0,1,0.000766283525
061,000040,000040,202,33,1.000000000000
061,000045,000045,400,32,1.000000000000
061,000050,000050,315,33,1.000000000000
061,000055,000055,827,55,1.000000000000
061,000060,000060,829,57,1.000000000000
061,000065,000065,212,37,1.000000000000
061,000070,000070,597,145,0.995000000000
061,000070,000076,0,1,0.001666666667
061,000070,000249,0,2,0.003333333333
061,000074,000074,334,39,1.000000000000
061,000076,000070,0,1,0.006451612903
061,000076,000076,154,39,0.993548387097
061,000085,000085,2006,115,0.998506719761
061,000085,000140,0,2,0.000995520159
061,000085,000339,0,1,0.000497760080
061,000090,000090,667,46,0.997010463378
061,000090,000101,0,2,0.002989536622
061,000095,000095,11,2,1.000000000000
061,000096,000096,898,41,0.998887652948
061,000096,000270,0,1,0.001112347052
061,000100,000100,0,1,1.000000000000
061,000101,000101,644,53,0.998449612403
061,000101,000370,0,1,0.001550387597
061,000110,000110,109,6,1.000000000000
061,000120,000120,307,26,1.000000000000
061,000125,000125,137,27,0.992753623188
061,000125,000375,0,1,0.007246376812
061,000130,000130,473,45,1.000000000000
061,000135,000130,0,1,0.002890173410
061,000135,000135,344,39,0.994219653179
061,000135,000184,0,1,0.002890173410
061,000140,000140,2845,105,0.999297506147
061,000140,000145,0,2,0.000702493853
061,000145,000145,3137,167,1.000000000000
061,000151,000151,1960,94,1.000000000000
061,000155,000155,3144,79,0.987437185930
061,000155,000200,40,1,0.012562814070
061,000175,000175,44,18,1.000000000000
061,000184,000184,844,69,1.000000000000
061,000200,000200,3276,59,1.000000000000
061,000205,000205,321,40,1.000000000000
061,000215,000215,984,88,1.000000000000
061,000220,000220,116,35,1.000000000000
061,000225,000225,248,30,0.995983935743
061,000225,000235,0,1,0.004016064257
061,000227,000140,0,3,0.004573170732
061,000227,000227,653,34,0.995426829268
061,000230,000230,488,50,1.000000000000
061,000235,000235,62,18,1.000000000000
061,000240,000240,415,40,1.000000000000
061,000244,000244,173,41,1.000000000000
061,000245,000245,244,35,1.000000000000
061,000247,000247,610,48,1.000000000000
061,000249,000249,474,68,1.000000000000
061,000255,000255,127,30,1.000000000000
061,000260,000260,665,79,1.000000000000
061,000265,000265,69,8,1.000000000000
061,000270,000096,0,1,0.001798561151
061,000270,000270,555,39,0.998201438849
061,000271,000271,0,1,1.000000000000
061,000280,000280,964,106,1.000000000000
061,000285,000285,693,45,1.000000000000
061,000290,000290,66,11,1.000000000000
061,000295,000295,313,17,1.000000000000
061,000300,000300,33,13,1.000000000000
061,000305,000305,178,33,1.000000000000
061,000310,000255,0,2,0.010752688172
061,000310,000310,184,29,0.989247311828
061,000320,000320,250,22,1.000000000000
061,000327,000327,227,21,1.000000000000
061,000330,000330,98,12,1.000000000000
061,000335,000335,207,49,1.000000000000
061,000338,000339,207,10,1.000000000000
061,000339,000339,444,44,1.000000000000
061,000340,000340,1073,53,1.000000000000
061,000345,000345,50,25,1.000000000000
061,000350,000135,0,1,0.000946073794
061,000350,000350,1056,70,0.999053926206
061,000355,000355,503,36,1.000000000000
061,000360,000360,168,28,1.000000000000
061,000365,000365,85,19,1.000000000000
061,000370,000370,78,11,1.000000000000
061,000371,000370,71,15,0.191374663073
061,000371,000371,300,26,0.808625336927
061,000372,000327,0,1,0.005555555556
061,000372,000372,179,19,0.994444444444
061,000375,000295,0,1,0.004166666667
061,000375,000375,239,105,0.995833333333
061,000380,000380,94,21,1.000000000000
061,000385,000385,78,3,1.000000000000
063,000005,000005,166,81,1.000000000000
063,000010,000010,97,26,1.000000000000
063,000015,000015,217,44,1.000000000000
063,000020,000020,266,48,1.000000000000
063,000025,000025,223,74,1.000000000000
063,000030,000030,236,45,1.000000000000
063,000035,000035,181,49,1.000000000000
063,000040,000040,213,49,1.000000000000
063,000045,000045,602,60,1.000000000000
063,000050,000050,305,51,1.000000000000
063,000055,000055,211,60,1.000000000000
063,000060,000060,1598,75,1.000000000000
063,000070,000060,51,2,0.029565217391
063,000070,000070,1674,57,0.970434782609
063,000080,000080,100,74,1.000000000000
063,000085,000085,147,53,1.000000000000
063,000090,000090,852,36,1.000000000000
063,000095,000095,883,49,1.000000000000
063,000100,000100,215,39,0.995370370370
063,000100,000115,0,1,0.004629629630
063,000105,000105,223,66,1.000000000000
063,000110,000110,203,16,1.000000000000
063,000115,000115,220,43,1.000000000000
063,000120,000120,206,56,1.000000000000
063,000125,000125,144,41,1.000000000000
063,000130,000130,198,56,1.000000000000
063,000135,000050,0,1,0.006493506494
063,000135,000135,153,78,0.993506493506
063,000140,000050,0,1,0.007633587786
063,000140,000140,130,41,0.992366412214
063,000145,000145,62,14,1.000000000000
063,000150,000150,213,47,1.000000000000
065,000005,000005,406,21,1.000000000000
065,000010,000010,1771,80,0.998871968415
065,000010,000070,0,2,0.001128031585
065,000015,000015,0,2,1.000000000000
065,000020,000020,1320,79,1.000000000000
065,000025,000025,1207,53,1.000000000000
065,000030,000030,179,25,1.000000000000
065,000035,000035,965,82,0.998964803313
065,000035,000040,0,1,0.001035196687
065,000040,000035,0,1,0.006451612903
065,000040,000040,154,13,0.993548387097
065,000045,000045,198,8,1.000000000000
065,000050,000050,422,40,1.000000000000
065,000055,000055,828,57,0.998793727382
065,000055,000080,0,1,0.001206272618
065,000060,000060,1212,54,1.000000000000
065,000065,000065,187,19,1.000000000000
065,000070,000010,0,1,0.000272776869
065,000070,000070,3665,124,0.999727223131
065,000080,000080,414,32,1.000000000000
065,000085,000085,956,50,1.000000000000
065,000090,000090,376,26,1.000000000000
065,000095,000095,107,13,1.000000000000
065,000100,000100,768,67,1.000000000000
065,000105,000105,897,40,1.000000000000
067,000005,000005,369,51,1.000000000000
067,000010,000010,1124,66,1.000000000000
067,000015,000015,145,14,1.000000000000
067,000020,000020,571,56,1.000000000000
067,000025,000025,612,69,1.000000000000
067,000030,000030,2163,68,1.000000000000
067,000035,000035,170,54,1.000000000000
067,000040,000040,245,46,1.000000000000
067,000045,000045,332,61,1.000000000000
067,000050,000050,423,36,1.000000000000
067,000055,000055,1637,78,1.000000000000
067,000060,000060,554,36,1.000000000000
067,000065,000065,359,67,1.000000000000
067,000070,000070,965,72,1.000000000000
067,000075,000075,569,23,1.000000000000
067,000080,000080,572,57,1.000000000000
067,000085,000085,978,45,1.000000000000
067,000090,000090,190,31,1.000000000000
067,000095,000095,246,19,1.000000000000
067,000100,000100,181,40,1.000000000000
067,000105,000105,399,71,1.000000000000
067,000110,000110,1235,51,0.986421725240
067,000110,000115,17,3,0.013578274760
067,000115,000110,3,2,0.001016260163
067,000115,000115,2949,83,0.998983739837
067,000120,000120,273,58,1.000000000000
067,000125,000125,479,30,1.000000000000
067,000130,000130,520,18,1.000000000000
067,000135,000135,782,45,1.000000000000
067,000140,000140,43,8,1.000000000000
067,000145,000145,353,60,1.000000000000
067,000150,000150,637,77,1.000000000000
067,000155,000155,418,51,1.000000000000
067,000160,000160,1112,49,1.000000000000
067,000165,000120,28,1,0.297872340426
067,000165,000165,66,7,0.702127659574
067,000170,000170,512,41,1.000000000000
067,000175,000175,1780,41,0.999438517687
067,000175,000235,0,1,0.000561482313
067,000180,000180,1371,32,1.000000000000
067,000185,000185,1823,23,1.000000000000
067,000190,000190,1684,67,1.000000000000
067,000195,000195,1763,32,1.000000000000
067,000200,000200,1728,44,1.000000000000
067,000202,000202,0,12,1.000000000000
067,000205,000205,2112,27,1.000000000000
067,000210,000175,203,8,0.118367346939
067,000210,000210,1512,39,0.881632653061
067,000215,000190,81,2,0.043385109802
067,000215,000215,1786,84,0.956614890198
067,000220,000220,1731,21,1.000000000000
067,000225,000225,1455,31,1.000000000000
067,000230,000230,1986,43,1.000000000000
067,000235,000190,0,2,0.004158004158
067,000235,000195,5,1,0.010395010395
067,000235,000205,0,1,0.002079002079
067,000235,000235,473,63,0.983367983368
069,000005,000005,100,25,1.000000000000
069,000010,000010,18,6,1.000000000000
069,000015,000015,32,26,1.000000000000
069,000020,000020,33,48,1.000000000000
069,000025,000025,35,37,1.000000000000
069,000030,000030,143,30,1.000000000000
069,000035,000025,0,3,0.130434782609
069,000035,000035,20,10,0.869565217391
069,000040,000040,65,36,1.000000000000
069,000045,000045,906,108,1.000000000000
069,000050,000050,84,35,1.000000000000
069,000055,000055,58,16,1.000000000000
069,000060,000060,29,38,1.000000000000
069,000065,000065,100,56,1.000000000000
069,000070,000070,22,32,1.000000000000
069,000075,000075,41,12,1.000000000000
069,000080,000080,109,33,1.000000000000
069,000085,000030,0,1,0.001406469761
069,000085,000085,710,40,0.998593530239
069,000090,000090,176,29,1.000000000000
069,000092,000092,1,12,1.000000000000
069,000095,000095,178,27,1.000000000000
069,000100,000100,364,30,1.000000000000
069,000105,000105,38,7,1.000000000000
069,000110,000110,0,24,1.000000000000
069,000115,000115,94,26,1.000000000000
069,000118,000118,2,6,1.000000000000
069,000120,000120,46,19,1.000000000000
069,000125,000125,38,21,1.000000000000
069,000130,000130,133,29,1.000000000000
069,000135,000135,107,36,1.000000000000
069,000140,000140,32,20,1.000000000000
069,000145,000145,57,30,1.000000000000
069,000150,000150,43,66,1.000000000000
069,000155,000155,45,34,1.000000000000
069,000160,000160,20,18,1.000000000000
069,000165,000165,49,35,1.000000000000
069,000170,000170,35,35,1.000000000000
069,000175,000175,38,37,1.000000000000
069,000180,000180,69,31,1.000000000000
069,000185,000185,137,46,1.000000000000
071,000005,000005,175,40,1.000000000000
071,000023,000023,37,54,0.578125000000
071,000023,000200,27,26,0.421875000000
071,000050,000050,1891,163,1.000000000000
071,000055,000055,1900,127,1.000000000000
071,000060,000060,2011,59,1.000000000000
071,000070,000070,189,38,1.000000000000
071,000075,000075,883,71,1.000000000000
071,000080,000080,478,58,1.000000000000
071,000082,000060,4,1,0.008000000000
071,000082,000082,496,23,0.992000000000
071,000083,000082,44,1,0.072368421053
071,000083,000083,564,29,0.927631578947
071,000090,000090,553,51,1.000000000000
071,000100,000100,58,15,1.000000000000
071,000115,000115,155,21,1.000000000000
071,000120,000120,193,19,1.000000000000
071,000121,000121,376,32,1.000000000000
071,000140,000140,141,24,0.972413793103
071,000140,000170,4,1,0.027586206897
071,000170,000170,87,28,1.000000000000
071,000175,000175,27,162,1.000000000000
071,000180,000180,568,213,1.000000000000
071,000185,000185,599,170,1.000000000000
071,000190,000190,120,85,1.000000000000
071,000195,000195,479,102,0.993775933610
071,000195,000200,3,14,0.006224066390
073,000005,000005,91,40,0.968085106383
073,000005,000085,3,2,0.031914893617
073,000010,000010,125,37,1.000000000000
073,000015,000015,91,37,1.000000000000
073,000020,000020,180,60,1.000000000000
073,000025,000025,148,25,1.000000000000
073,000030,000030,141,27,1.000000000000
073,000035,000035,300,48,1.000000000000
073,000040,000040,179,50,1.000000000000
073,000045,000045,1466,131,1.000000000000
073,000060,000060,87,62,1.000000000000
073,000065,000065,116,37,1.000000000000
073,000070,000070,148,34,1.000000000000
073,000075,000075,99,37,1.000000000000
073,000080,000080,185,45,1.000000000000
073,000085,000085,170,66,1.000000000000
073,000090,000090,31,9,1.000000000000
073,000095,000095,1518,162,1.000000000000
073,000110,000110,204,31,1.000000000000
073,000115,000115,80,48,1.000000000000
073,000120,000120,116,30,1.000000000000
073,000125,000125,157,45,1.000000000000
073,000130,000130,70,39,1.000000000000
073,000135,000135,65,10,1.000000000000
073,000140,000140,90,46,1.000000000000
073,000145,000070,0,1,0.006369426752
073,000145,000145,156,61,0.993630573248
073,000150,000150,283,44,1.000000000000
073,000155,000155,147,51,1.000000000000
073,000160,000160,133,47,1.000000000000
073,000165,000165,140,43,1.000000000000
075,000005,000005,120,12,1.000000000000
075,000010,000010,297,80,1.000000000000
075,000020,000020,217,18,1.000000000000
075,000025,000025,435,124,0.993150684932
075,000025,000035,0,1,0.002283105023
075,000025,000110,0,2,0.004566210046
075,000035,000035,630,200,1.000000000000
075,000040,000040,672,24,1.000000000000
075,000050,000050,1185,39,1.000000000000
075,000060,000060,1192,149,1.000000000000
075,000065,000025,0,1,0.005714285714
075,000065,000035,0,1,0.005714285714
075,000065,000065,172,245,0.982857142857
075,000065,000135,0,1,0.005714285714
075,000070,000070,821,44,1.000000000000
075,000080,000070,90,13,0.105263157895
075,000080,000080,765,51,0.894736842105
075,000090,000080,144,8,0.149377593361
075,000090,000090,820,42,0.850622406639
075,000105,000090,84,5,0.084592145015
075,000105,000105,909,50,0.915407854985
075,000110,000110,142,112,1.000000000000
075,000115,000115,283,28,1.000000000000
075,000120,000120,644,31,1.000000000000
075,000125,000125,707,40,1.000000000000
075,000130,000130,415,37,1.000000000000
075,000135,000135,139,70,1.000000000000
075,ZZZZZZ,000115,0,1,1.000000000000
077,000005,000005,181,23,1.000000000000
077,000010,000005,0,2,0.003868471954
077,000010,000010,515,44,0.996131528046
077,000015,000015,184,38,1.000000000000
077,000020,000020,377,35,1.000000000000
077,000030,000005,0,1,0.002816901408
077,000030,000030,353,152,0.994366197183
077,000030,000065,0,1,0.002816901408
077,000031,000031,90,15,1.000000000000
077,000035,000035,85,309,0.988372093023
077,000035,000050,0,1,0.011627906977
077,000040,000040,306,35,1.000000000000
077,000044,000044,390,56,1.000000000000
077,000045,000045,105,23,0.981308411215
077,000045,000070,0,2,0.018691588785
077,000046,000046,117,33,1.000000000000
077,000050,000050,536,63,1.000000000000
077,000055,000055,157,22,1.000000000000
077,000065,000065,143,154,1.000000000000
077,000070,000070,149,104,1.000000000000
077,000075,000075,1,2,1.000000000000
077,000080,000080,74,7,1.000000000000
079,000005,000005,747,32,1.000000000000
079,000010,000010,710,68,0.998593530239
079,000010,000015,0,1,0.001406469761
079,000015,000015,496,61,1.000000000000
079,000020,000020,532,50,1.000000000000
079,000025,000025,704,39,1.000000000000
079,000030,000030,1017,61,1.000000000000
079,000035,000035,137,5,1.000000000000
079,000040,000040,714,36,1.000000000000
079,000045,000045,471,22,1.000000000000
079,000047,000040,0,1,0.000906618314
079,000047,000047,1102,61,0.999093381686
079,000050,000050,148,19,0.993288590604
079,000050,000055,0,1,0.006711409396
079,000055,000050,0,1,0.002754820937
079,000055,000055,362,61,0.997245179063
079,000062,000062,1993,68,0.992035838726
079,000062,000105,16,3,0.007964161274
079,000065,000065,2460,66,0.977353992849
079,000065,000085,57,1,0.022646007151
079,000075,000075,4213,140,0.999525504152
079,000075,000120,0,2,0.000474495848
079,000085,000085,756,46,1.000000000000
079,000087,000087,0,1,1.000000000000
079,000090,000090,3249,106,0.999692307692
079,000090,000100,0,1,0.000307692308
079,000100,000100,707,42,1.000000000000
079,000105,000105,3444,66,1.000000000000
079,000110,000110,287,36,0.996527777778
079,000110,000120,0,1,0.003472222222
079,000115,000115,639,73,1.000000000000
079,000120,000120,511,59,1.000000000000
079,000125,000047,0,1,0.001283697047
079,000125,000125,778,27,0.998716302953
079,000130,000130,1750,78,1.000000000000
079,000140,000140,674,45,1.000000000000
081,000005,000005,163,46,1.000000000000
081,000010,000010,87,25,1.000000000000
081,000015,000015,133,46,1.000000000000
081,000020,000020,218,39,1.000000000000
081,000025,000025,119,40,1.000000000000
081,000030,000030,81,41,1.000000000000
081,000035,000035,616,52,1.000000000000
081,000040,000040,186,48,1.000000000000
081,000045,000045,220,52,0.995475113122
081,000045,000095,0,1,0.004524886878
081,000050,000050,560,44,0.998217468806
081,000050,000085,0,1,0.001782531194
081,000055,000055,687,44,1.000000000000
081,000060,000055,0,2,0.009661835749
081,000060,000060,205,50,0.990338164251
081,000065,000065,137,46,1.000000000000
081,000070,000070,133,40,1.000000000000
081,000075,000075,170,60,1.000000000000
081,000080,000080,256,35,1.000000000000
081,000085,000085,147,53,1.000000000000
081,000090,000090,209,42,1.000000000000
081,000095,000095,1138,61,1.000000000000
081,000100,000100,175,54,1.000000000000
083,000005,000005,205,60,1.000000000000
083,000010,000010,595,48,1.000000000000
083,000015,000015,263,59,1.000000000000
083,000020,000020,248,44,1.000000000000
083,000025,000025,1149,43,1.000000000000
083,000030,000030,175,46,1.000000000000
083,000035,000035,202,49,1.000000000000
083,000040,000040,371,67,0.991978609626
083,000040,000115,3,1,0.008021390374
083,000045,000045,28,12,1.000000000000
083,000050,000050,124,19,1.000000000000
083,000055,000055,376,23,1.000000000000
083,000060,000055,0,1,0.003816793893
083,000060,000060,261,69,0.996183206107
083,000065,000065,169,36,0.982558139535
083,000065,000135,3,1,0.017441860465
083,000070,000070,564,42,1.000000000000
083,000075,000025,0,1,0.004739336493
083,000075,000075,210,54,0.995260663507
083,000080,000080,436,25,1.000000000000
083,000085,000085,414,65,1.000000000000
083,000090,000090,192,52,1.000000000000
083,000095,000095,4116,78,1.000000000000
083,000105,000070,0,1,0.000211461197
083,000105,000105,4728,89,0.999788538803
083,000115,000115,4784,144,1.000000000000
083,000125,000125,1366,58,1.000000000000
083,000130,000130,181,39,1.000000000000
083,000135,000135,185,33,1.000000000000
083,000140,000140,272,49,1.000000000000
083,000145,000145,348,27,1.000000000000
083,000150,000150,189,62,1.000000000000
083,000155,000155,262,42,1.000000000000
083,000160,000160,194,46,1.000000000000
083,000165,000165,136,16,1.000000000000
083,000170,000170,2076,104,1.000000000000
083,000180,000180,218,48,1.000000000000
083,000185,000185,226,47,1.000000000000
085,000005,000005,1130,52,0.999115826702
085,000005,000075,0,1,0.000884173298
085,000010,000010,910,97,1.000000000000
085,000015,000015,113,11,1.000000000000
085,000020,000020,731,48,1.000000000000
085,000025,000025,436,62,0.997711670481
085,000025,000105,0,1,0.002288329519
085,000030,000030,1477,81,0.999323410014
085,000030,000050,0,1,0.000676589986
085,000035,000035,1418,41,1.000000000000
085,000040,000040,1478,38,1.000000000000
085,000045,000045,1346,67,0.981765134938
085,000045,000065,25,1,0.018234865062
085,000050,000040,0,1,0.001941747573
085,000050,000050,514,44,0.998058252427
085,000055,000055,905,44,0.986913849509
085,000055,000120,12,1,0.013086150491
085,000060,000060,643,88,0.998447204969
085,000060,000070,0,1,0.001552795031
085,000065,000065,37,5,0.044417767107
085,000065,000067,796,57,0.955582232893
085,000070,000070,4963,139,0.997387459807
085,000070,000095,13,3,0.002612540193
085,000075,000075,4734,102,1.000000000000
085,000080,000080,4889,110,1.000000000000
085,000095,000095,1215,61,1.000000000000
085,000100,000100,1894,45,1.000000000000
085,000105,000105,519,51,1.000000000000
085,000110,000110,322,57,1.000000000000
085,000115,000115,329,21,1.000000000000
085,000120,000120,669,61,1.000000000000
085,000125,000125,236,48,1.000000000000
085,000130,000055,113,1,0.130484988453
085,000130,000130,753,45,0.869515011547
085,000135,000135,489,41,1.000000000000
085,000140,000020,0,2,0.004098360656
085,000140,000140,486,59,0.995901639344
085,000145,000145,2240,60,1.000000000000
085,000150,000145,0,1,0.001067235859
085,000150,000150,936,65,0.998932764141
087,000005,000005,124,32,1.000000000000
087,000010,000010,84,15,1.000000000000
087,000015,000015,80,29,1.000000000000
087,000020,000020,176,20,1.000000000000
087,000025,000025,142,28,1.000000000000
087,000030,000030,75,20,1.000000000000
087,000035,000035,151,25,1.000000000000
087,000040,000035,0,1,0.003322259136
087,000040,000040,300,29,0.996677740864
087,000045,000045,158,28,1.000000000000
087,000050,000050,171,21,1.000000000000
087,000055,000055,1223,66,0.986290322581
087,000055,000070,17,5,0.013709677419
087,000060,000060,141,27,1.000000000000
087,000065,000065,226,30,1.000000000000
087,000070,000055,0,1,0.001607717042
087,000070,000070,621,53,0.998392282958
087,000075,000075,138,28,1.000000000000
087,000080,000080,130,21,1.000000000000
087,000085,000085,727,48,1.000000000000
087,000090,000090,318,39,1.000000000000
087,000095,000075,12,1,0.029339853301
087,000095,000095,397,28,0.970660146699
089,000005,000005,112,27,1.000000000000
089,000010,000010,77,35,1.000000000000
089,000015,000015,388,24,1.000000000000
089,000020,000020,544,59,1.000000000000
089,000025,000025,71,31,1.000000000000
089,000030,000030,35,42,1.000000000000
089,000035,000035,71,39,1.000000000000
089,000040,000040,48,18,0.979591836735
089,000040,000285,0,1,0.020408163265
089,000045,000045,74,31,0.948717948718
089,000045,000295,0,4,0.051282051282
089,000050,000050,44,12,1.000000000000
089,000055,000055,127,57,1.000000000000
089,000060,000060,20,34,1.000000000000
089,000065,000065,10,22,1.000000000000
089,000070,000070,29,21,1.000000000000
089,000075,000075,43,30,1.000000000000
089,000080,000080,70,27,1.000000000000
089,000085,000085,30,34,0.967741935484
089,000085,000245,0,1,0.032258064516
089,000090,000090,310,69,1.000000000000
089,000095,000095,78,55,1.000000000000
089,000100,000100,7,38,1.000000000000
089,000105,000105,54,37,1.000000000000
089,000110,000110,96,15,0.533333333333
089,000110,000245,84,3,0.466666666667
089,000115,000115,90,10,1.000000000000
089,000120,000120,120,42,1.000000000000
089,000125,000125,69,19,1.000000000000
089,000130,000130,81,43,1.000000000000
089,000135,000135,20,19,1.000000000000
089,000140,000010,0,1,0.004032258065
089,000140,000140,247,55,0.995967741935
089,000145,000145,119,30,1.000000000000
089,000150,000150,304,30,1.000000000000
089,000155,000155,80,44,1.000000000000
089,000160,000160,28,30,1.000000000000
089,000165,000165,96,50,1.000000000000
089,000166,000166,0,21,0.954545454545
089,000166,000210,0,1,0.045454545455
089,000170,000170,124,33,1.000000000000
089,000175,000175,352,30,1.000000000000
089,000180,000145,0,1,0.004608294931
089,000180,000180,216,49,0.995391705069
089,000185,000185,200,40,1.000000000000
089,000190,000190,315,47,1.000000000000
089,000195,000195,111,53,1.000000000000
089,000200,000195,0,3,0.012396694215
089,000200,000200,239,25,0.987603305785
089,000205,000205,36,34,1.000000000000
089,000210,000160,0,1,0.009708737864
089,000210,000210,102,44,0.990291262136
089,000215,000215,26,43,1.000000000000
089,000220,000220,239,33,1.000000000000
089,000225,000225,592,45,1.000000000000
089,000230,000230,70,15,1.000000000000
089,000235,000235,72,46,1.000000000000
089,000240,000240,30,24,1.000000000000
089,000245,000245,135,42,1.000000000000
089,000250,000250,135,58,1.000000000000
089,000255,000255,45,23,1.000000000000
089,000260,000260,79,13,1.000000000000
089,000265,000265,175,56,1.000000000000
089,000270,000270,73,35,1.000000000000
089,000275,000040,77,3,0.047975077882
089,000275,000275,1528,87,0.952024922118
089,000285,000285,101,49,1.000000000000
089,000290,000290,158,40,1.000000000000
089,000295,000295,41,39,1.000000000000
089,000300,000300,93,43,1.000000000000
091,000005,000005,196,79,1.000000000000
091,000010,000010,217,67,1.000000000000
091,000015,000015,303,34,1.000000000000
091,000020,000020,133,16,1.000000000000
091,000025,000025,276,49,1.000000000000
091,000030,000030,160,40,1.000000000000
091,000035,000035,1047,14,1.000000000000
091,000040,000040,1416,21,1.000000000000
091,000050,000035,5,1,0.003855050116
091,000050,000050,1292,31,0.996144949884
091,000055,000055,1448,28,1.000000000000
091,000065,000065,1261,51,1.000000000000
091,000070,000070,1338,40,1.000000000000
091,000080,000080,1330,56,0.999248685199
091,000080,000160,0,1,0.000751314801
091,000085,000085,1350,81,0.999259807550
091,000085,000165,0,1,0.000740192450
091,000095,000095,308,52,1.000000000000
091,000100,000100,259,78,1.000000000000
091,000105,000105,271,76,1.000000000000
091,000110,000110,211,68,1.000000000000
091,000115,000115,291,18,1.000000000000
091,000120,000120,230,64,1.000000000000
091,000125,000125,190,47,1.000000000000
091,000130,000130,155,51,1.000000000000
091,000135,000135,308,60,1.000000000000
091,000140,000140,205,51,1.000000000000
091,000145,000145,214,14,0.959641255605
091,000145,000165,9,1,0.040358744395
091,000150,000150,47,6,1.000000000000
091,000155,000155,228,61,1.000000000000
091,000160,000160,250,57,1.000000000000
091,000165,000165,366,91,1.000000000000
091,000170,000170,1058,73,1.000000000000
091,000175,000175,457,46,1.000000000000
091,000180,000180,233,35,1.000000000000
091,000185,000185,705,54,1.000000000000
091,000195,000195,1092,53,1.000000000000
091,000200,000200,201,46,1.000000000000
091,000205,000205,710,57,1.000000000000
091,000210,000210,255,46,1.000000000000
093,000005,000005,386,49,1.000000000000
093,000010,000010,62,7,0.984126984127
093,000010,000015,0,1,0.015873015873
093,000015,000015,420,92,1.000000000000
093,000020,000020,1195,66,1.000000000000
093,000025,000025,507,36,1.000000000000
093,000030,000030,190,50,1.000000000000
093,000035,000035,280,47,1.000000000000
093,000040,000040,348,27,1.000000000000
093,000045,000040,0,1,0.001472754050
093,000045,000045,678,64,0.998527245950
093,000050,000050,1472,45,1.000000000000
093,000055,000055,1601,79,1.000000000000
093,000060,000060,549,35,1.000000000000
093,000065,000020,0,1,0.001187648456
093,000065,000065,841,80,0.998812351544
093,000070,000070,635,51,1.000000000000
093,000075,000075,987,88,1.000000000000
093,000080,000080,744,58,0.998657718121
093,000080,000130,0,1,0.001342281879
093,000085,000005,0,1,0.001600000000
093,000085,000085,624,46,0.998400000000
093,000090,000090,377,66,1.000000000000
093,000095,000095,184,9,1.000000000000
093,000100,000100,1258,150,1.000000000000
093,000105,000105,1416,42,1.000000000000
093,000110,000110,1449,43,0.999310344828
093,000110,000130,0,1,0.000689655172
093,000115,000115,1220,37,1.000000000000
093,000120,000120,1240,58,1.000000000000
093,000125,000125,1299,51,1.000000000000
093,000130,000120,0,1,0.001206272618
093,000130,000125,4,1,0.004825090470
093,000130,000130,824,69,0.993968636912
093,000135,000135,577,113,1.000000000000
093,000140,000005,0,1,0.002762430939
093,000140,000140,361,42,0.997237569061
093,000145,000145,681,99,1.000000000000
093,000150,000150,991,33,1.000000000000
095,000005,000005,78,14,1.000000000000
095,000010,000010,1470,101,1.000000000000
095,000015,000015,1831,68,1.000000000000
095,000020,000020,208,10,1.000000000000
095,000025,000025,216,29,1.000000000000
095,000030,000030,650,45,1.000000000000
095,000035,000035,559,26,1.000000000000
095,000040,000040,1299,67,1.000000000000
095,000045,000045,522,31,1.000000000000
095,000050,000050,803,44,1.000000000000
095,000055,000050,14,3,0.025134649910
095,000055,000055,543,46,0.974865350090
095,000060,000060,1507,113,1.000000000000
095,000065,000065,47,18,1.000000000000
095,000070,000070,3021,95,1.000000000000
095,000075,000075,1640,62,1.000000000000
095,000080,000080,1512,91,1.000000000000
095,000085,000085,89,18,1.000000000000
095,000090,000090,784,59,0.998726114650
095,000090,000095,0,1,0.001273885350
095,000095,000085,0,1,0.001718213058
095,000095,000090,0,1,0.001718213058
095,000095,000095,580,55,0.996563573883
095,000100,000100,783,38,1.000000000000
095,000105,000080,72,1,0.302521008403
095,000105,000105,166,9,0.697478991597
095,000110,000110,4766,184,1.000000000000
095,000115,000110,5,4,0.002244165171
095,000115,000115,2223,102,0.997755834829
095,000120,000095,0,1,0.001194743130
095,000120,000120,836,58,0.998805256870
095,000125,000125,235,17,1.000000000000
097,000005,000005,561,32,1.000000000000
097,000010,000010,665,74,0.997001499250
097,000010,000085,0,1,0.001499250375
097,000010,000125,0,1,0.001499250375
097,000015,000015,1149,105,0.999130434783
097,000015,000135,0,1,0.000869565217
097,000020,000020,279,22,1.000000000000
097,000025,000025,307,8,1.000000000000
097,000030,000005,0,1,0.001377410468
097,000030,000030,725,105,0.998622589532
097,000035,000035,562,47,1.000000000000
097,000045,000045,452,45,1.000000000000
097,000050,000050,776,145,1.000000000000
097,000055,000055,475,62,1.000000000000
097,000060,000060,114,8,1.000000000000
097,000065,000065,981,69,1.000000000000
097,000070,000070,216,20,1.000000000000
097,000075,000075,70,6,0.985915492958
097,000075,000170,0,1,0.014084507042
097,000080,000080,469,50,1.000000000000
097,000085,000085,764,109,1.000000000000
097,000090,000090,123,7,1.000000000000
097,000095,000095,23,8,1.000000000000
097,000100,000100,194,12,1.000000000000
097,000105,000105,464,39,1.000000000000
097,000110,000110,120,12,1.000000000000
097,000115,000115,212,15,1.000000000000
097,000120,000120,2215,65,0.825568393589
097,000120,000130,468,21,0.174431606411
097,000125,000010,0,1,0.000258866166
097,000125,000120,832,52,0.215376650272
097,000125,000125,3029,106,0.784105617396
097,000125,000135,0,1,0.000258866166
097,000130,000130,2596,161,1.000000000000
097,000135,000015,1,3,0.000596302922
097,000135,000125,0,1,0.000596302922
097,000135,000135,1675,109,0.998807394156
097,000140,000140,708,40,1.000000000000
097,000145,000145,667,59,0.998502994012
097,000145,000150,0,1,0.001497005988
097,000150,000145,0,1,0.004081632653
097,000150,000150,244,28,0.995918367347
097,000155,000155,79,9,1.000000000000
097,000160,000160,462,37,1.000000000000
097,000165,000075,0,1,0.000704721635
097,000165,000165,1418,46,0.999295278365
097,000170,000170,595,51,1.000000000000
097,000175,000175,958,56,1.000000000000
097,000180,000180,354,21,1.000000000000
097,000185,000185,306,35,1.000000000000
097,000195,000195,607,38,1.000000000000
097,000200,000185,5,4,0.009746588694
097,000200,000200,508,40,0.990253411306
097,000205,000205,740,67,1.000000000000
097,000210,000210,219,35,1.000000000000
097,000215,000215,1277,56,1.000000000000
097,000220,000150,0,1,0.000759878419
097,000220,000220,1315,129,0.999240121581
097,000225,000225,210,10,1.000000000000
097,000230,000230,723,81,1.000000000000
097,000235,000235,321,21,1.000000000000
097,000240,000240,510,68,1.000000000000
097,000245,000245,780,88,1.000000000000
097,000250,000250,487,24,1.000000000000
099,000005,000005,683,29,1.000000000000
099,000010,000010,443,56,1.000000000000
099,000015,000015,3946,121,0.875332741792
099,000015,000020,68,2,0.015084294587
099,000015,000050,494,15,0.109582963620
099,000020,000020,4263,118,0.956687612208
099,000020,000035,193,7,0.043312387792
099,000025,000035,117,2,1.000000000000
099,000030,000020,275,6,0.070404505888
099,000030,000030,3334,64,0.853558627752
099,000030,000035,297,6,0.076036866359
099,000035,000030,239,4,0.050062840385
099,000035,000035,4535,76,0.949937159615
099,000050,000020,173,5,0.040985548448
099,000050,000050,3838,125,0.909263207771
099,000050,000055,203,8,0.048092868988
099,000050,000070,0,1,0.000236910685
099,000050,000120,6,1,0.001421464108
099,000055,000055,4186,102,1.000000000000
099,000070,000020,0,2,0.002247191011
099,000070,000035,7,4,0.007865168539
099,000070,000070,881,66,0.989887640449
099,000075,000075,149,48,1.000000000000
099,000080,000080,638,31,0.996875000000
099,000080,000180,0,2,0.003125000000
099,000085,000085,169,45,1.000000000000
099,000090,000090,324,14,0.996923076923
099,000090,000095,0,1,0.003076923077
099,000095,000095,252,46,0.996047430830
099,000095,000155,0,1,0.003952569170
099,000100,000100,130,8,1.000000000000
099,000105,000105,385,55,1.000000000000
099,000110,000105,28,1,0.024844720497
099,000110,000110,1099,39,0.975155279503
099,000115,000115,337,60,1.000000000000
099,000120,000015,0,3,0.003300330033
099,000120,000050,15,1,0.016501650165
099,000120,000120,891,100,0.980198019802
099,000125,000125,957,55,1.000000000000
099,000130,000130,342,57,1.000000000000
099,000135,000135,235,59,1.000000000000
099,000140,000140,522,27,1.000000000000
099,000145,000145,369,79,1.000000000000
099,000150,000150,144,6,1.000000000000
099,000155,000155,315,55,1.000000000000
099,000160,000160,342,73,1.000000000000
099,000165,000165,288,48,1.000000000000
099,000170,000170,458,13,1.000000000000
099,000175,000175,472,76,1.000000000000
099,000180,000055,6,6,0.008356545961
099,000180,000180,712,73,0.991643454039
099,000185,000185,397,22,1.000000000000
099,000190,000190,63,7,1.000000000000
099,000195,000195,291,50,1.000000000000
099,000200,000200,61,6,1.000000000000
099,000205,000205,415,54,1.000000000000
099,000210,000210,164,9,1.000000000000
099,000215,000215,358,47,1.000000000000
099,000220,000220,520,75,1.000000000000
101,000005,000005,111,26,1.000000000000
101,000010,000010,168,49,1.000000000000
101,000015,000015,226,64,1.000000000000
101,000020,000020,118,42,1.000000000000
101,000025,000025,176,47,0.875621890547
101,000025,000090,25,1,0.124378109453
101,000030,000030,279,18,1.000000000000
101,000035,000035,224,27,1.000000000000
101,000040,000040,132,57,1.000000000000
101,000045,000045,133,51,1.000000000000
101,000046,000046,58,8,1.000000000000
101,000050,000050,139,48,1.000000000000
101,000055,000055,146,42,1.000000000000
101,000060,000060,1371,74,1.000000000000
101,000065,000065,54,7,1.000000000000
101,000070,000070,98,41,1.000000000000
101,000075,000075,123,13,0.740963855422
101,000075,000080,43,2,0.259036144578
101,000080,000080,161,48,1.000000000000
101,000085,000085,282,46,1.000000000000
101,000090,000090,254,26,1.000000000000
101,000095,000095,189,39,1.000000000000
101,000100,000100,172,55,1.000000000000
101,000105,000105,154,42,1.000000000000
101,000110,000085,0,1,0.003610108303
101,000110,000110,276,50,0.996389891697
101,000115,000115,193,46,1.000000000000
101,000120,000120,163,58,1.000000000000
101,000125,000125,310,44,1.000000000000
101,000130,000130,120,33,1.000000000000
101,000135,000135,2008,111,1.000000000000
101,000140,000135,5,1,0.018315018315
101,000140,000140,268,39,0.981684981685
103,000005,000005,1049,89,0.995256166983
103,000005,000090,0,1,0.000948766603
103,000005,000095,0,1,0.000948766603
103,000005,000100,3,2,0.002846299810
103,000010,000010,261,67,1.000000000000
103,000015,000015,129,19,0.992307692308
103,000015,000025,0,1,0.007692307692
103,000020,000020,734,17,1.000000000000
103,000025,000015,0,1,0.001745200698
103,000025,000025,572,71,0.998254799302
103,000030,000030,220,32,1.000000000000
103,000035,000035,492,33,1.000000000000
103,000040,000040,700,76,1.000000000000
103,000045,000045,630,95,1.000000000000
103,000050,000005,0,6,0.545454545455
103,000050,000050,0,5,0.454545454545
103,000055,000055,279,60,1.000000000000
103,000060,000060,1143,52,1.000000000000
103,000065,000065,483,63,1.000000000000
103,000070,000070,2134,52,1.000000000000
103,000075,000075,1980,41,1.000000000000
103,000080,000080,2229,30,0.999551569507
103,000080,000095,0,1,0.000448430493
103,000085,000085,2135,22,1.000000000000
103,000090,000005,89,2,0.034270311898
103,000090,000090,1920,19,0.739314593762
103,000090,000095,367,17,0.141316904120
103,000090,000100,221,6,0.085098190219
103,000095,000095,1654,27,0.697890295359
103,000095,000100,716,11,0.302109704641
103,000100,000100,822,9,1.000000000000
103,000110,000110,537,59,1.000000000000
103,000115,000115,108,30,1.000000000000
103,000120,000120,2976,96,0.917103235747
103,000120,000130,269,19,0.082896764253
103,000125,000120,3053,68,0.870792926412
103,000125,000130,453,13,0.129207073588
103,000130,000130,2705,59,1.000000000000
103,000135,000130,2610,83,1.000000000000
103,000140,000120,0,2,0.006600660066
103,000140,000140,301,48,0.993399339934
103,000145,000145,423,78,1.000000000000
105,000005,000005,1141,88,0.955611390285
105,000005,000135,53,2,0.044388609715
105,000010,000010,227,21,1.000000000000
105,000015,000015,370,59,1.000000000000
105,000020,000020,140,40,1.000000000000
105,000025,000025,506,36,0.998027613412
105,000025,000060,0,1,0.001972386588
105,000030,000030,228,51,1.000000000000
105,000035,000035,73,12,1.000000000000
105,000040,000040,216,44,1.000000000000
105,000045,000045,466,46,0.937625754527
105,000045,000055,31,2,0.062374245473
105,000050,000050,176,59,1.000000000000
105,000055,000055,206,47,1.000000000000
105,000060,000060,191,68,1.000000000000
105,000065,000065,216,41,1.000000000000
105,000070,000070,10,7,1.000000000000
105,000075,000075,182,43,1.000000000000
105,000080,000080,384,82,1.000000000000
105,000085,000085,202,22,1.000000000000
105,000090,000090,180,49,1.000000000000
105,000095,000095,206,53,1.000000000000
105,000100,000100,301,66,1.000000000000
105,000105,000105,160,59,1.000000000000
105,000110,000110,203,41,1.000000000000
105,000115,000115,377,26,1.000000000000
105,000120,000120,365,32,1.000000000000
105,000125,000125,205,59,1.000000000000
105,000130,000130,290,61,1.000000000000
105,000135,000135,207,66,1.000000000000
105,000140,000140,332,22,1.000000000000
105,000145,000145,185,48,1.000000000000
105,000150,000150,1326,52,1.000000000000
105,000155,000155,1338,46,1.000000000000
105,000160,000160,1465,29,1.000000000000
105,000165,000165,895,19,1.000000000000
105,000166,000166,1732,21,1.000000000000
105,000170,000170,1983,31,1.000000000000
105,000175,000175,996,22,1.000000000000
105,000180,000180,1368,27,1.000000000000
105,000185,000185,1369,25,1.000000000000
105,000186,000186,1475,32,1.000000000000
105,000190,000150,0,1,0.003164556962
105,000190,000170,0,1,0.003164556962
105,000190,000190,314,59,0.993670886076
107,000005,000005,348,20,0.409893992933
107,000005,000010,501,49,0.590106007067
107,000010,000010,891,57,1.000000000000
107,000015,000015,65,49,1.000000000000
107,000020,000020,172,35,1.000000000000
107,000025,000025,96,7,1.000000000000
107,000030,000030,186,47,0.994652406417
107,000030,000080,0,1,0.005347593583
107,000035,000035,135,49,1.000000000000
107,000040,000040,227,13,1.000000000000
107,000045,000045,45,34,1.000000000000
107,000050,000050,85,26,1.000000000000
107,000055,000055,564,51,0.998230088496
107,000055,000060,0,1,0.001769911504
107,000060,000060,104,62,1.000000000000
107,000065,000065,46,47,1.000000000000
107,000070,000070,289,30,1.000000000000
107,000075,000075,83,50,1.000000000000
107,000080,000080,107,23,1.000000000000
107,000085,000085,137,35,1.000000000000
107,000090,000090,118,59,1.000000000000
107,000095,000095,48,34,1.000000000000
107,000100,000100,165,41,1.000000000000
107,000105,000105,61,42,1.000000000000
107,000110,000110,113,16,1.000000000000
107,000115,000115,111,32,1.000000000000
107,000120,000120,53,17,1.000000000000
107,000125,000125,154,21,0.860335195531
107,000125,000130,25,3,0.139664804469
107,000130,000130,88,68,1.000000000000
107,000135,000135,67,21,1.000000000000
107,000140,000140,80,24,1.000000000000
107,000145,000145,152,32,1.000000000000
107,000150,000150,723,70,1.000000000000
107,000155,000155,91,32,1.000000000000
107,000160,000160,273,38,1.000000000000
107,000165,000165,38,30,1.000000000000
109,000005,000005,6293,71,0.996989860583
109,000005,000060,19,2,0.003010139417
109,000010,000010,2445,30,1.000000000000
109,000011,000011,53,7,0.202290076336
109,000011,000012,199,16,0.759541984733
109,000011,000170,0,1,0.003816793893
109,000011,000245,6,4,0.022900763359
109,000011,000255,0,2,0.007633587786
109,000011,000275,0,1,0.003816793893
109,000012,000011,15,7,0.111111111111
109,000012,000012,119,8,0.881481481481
109,000012,000170,0,1,0.007407407407
109,000013,000280,0,1,0.500000000000
109,000013,000290,0,1,0.500000000000
109,000015,000015,1163,41,1.000000000000
109,000020,000020,782,28,1.000000000000
109,000025,000025,385,60,1.000000000000
109,000030,000030,347,49,1.000000000000
109,000035,000035,2006,55,0.999003984064
109,000035,000040,0,2,0.000996015936
109,000040,000040,488,60,0.997955010225
109,000040,000530,0,1,0.002044989775
109,000045,000045,399,39,1.000000000000
109,000050,000050,1482,41,0.988659106071
109,000050,000370,16,5,0.010673782522
109,000050,000390,0,1,0.000667111408
109,000055,000055,962,112,0.995859213251
109,000055,000145,3,1,0.003105590062
109,000055,000526,1,1,0.001035196687
109,000060,000005,0,2,0.001787310098
109,000060,000060,1110,59,0.991957104558
109,000060,000275,7,2,0.006255585344
109,000065,000065,4017,94,0.999502363772
109,000065,000145,0,1,0.000248818114
109,000065,000150,0,1,0.000248818114
109,000066,000066,7,2,0.700000000000
109,000066,000350,3,2,0.300000000000
109,000070,000070,1254,81,0.994448850119
109,000070,000085,2,1,0.001586042823
109,000070,000088,5,1,0.003965107058
109,000075,000075,545,35,1.000000000000
109,000080,000080,1802,52,1.000000000000
109,000085,000085,2456,91,1.000000000000
109,000088,000070,0,1,0.001128668172
109,000088,000088,885,22,0.998871331828
109,000090,000090,751,95,1.000000000000
109,000095,000095,327,54,1.000000000000
109,000096,000115,0,4,0.001965601966
109,000096,000335,2031,33,0.998034398034
109,000098,000115,1836,29,1.000000000000
109,000100,000120,1040,23,0.351826792963
109,000100,000135,1916,25,0.648173207037
109,000102,000140,726,13,0.790849673203
109,000102,000145,192,4,0.209150326797
109,000104,000150,1908,21,0.776872964169
109,000104,000360,548,11,0.223127035831
109,000106,000100,0,7,0.009055627426
109,000106,000110,766,11,0.990944372574
109,000108,000130,1872,14,0.580645161290
109,000108,000155,1352,7,0.419354838710
109,000110,000100,1544,27,1.000000000000
109,000112,000125,1617,16,0.716755319149
109,000112,000155,638,6,0.282801418440
109,000112,000215,0,1,0.000443262411
109,000114,000145,1753,46,0.999429874572
109,000114,000510,0,1,0.000570125428
109,000116,000160,1726,17,1.000000000000
109,000118,000165,549,26,1.000000000000
109,000122,000200,937,21,0.416074600355
109,000122,000205,1315,17,0.583925399645
109,000124,000225,875,17,0.332320546905
109,000124,000230,1758,40,0.667679453095
109,000126,000190,1225,9,0.394906511928
109,000126,000195,1877,15,0.605093488072
109,000128,000105,1348,11,0.657560975610
109,000128,000220,702,6,0.342439024390
109,000130,000170,2076,18,1.000000000000
109,000132,000210,1294,12,1.000000000000
109,000134,000210,0,1,0.000337495781
109,000134,000215,1672,17,0.564292946338
109,000134,000220,1290,12,0.435369557881
109,000136,000180,1320,9,0.446096654275
109,000136,000185,1639,14,0.553903345725
109,000140,000240,1027,4,0.443054357204
109,000140,000265,1291,8,0.556945642796
109,000142,000280,1729,18,0.532163742690
109,000142,000290,1520,13,0.467836257310
109,000144,000285,1784,22,1.000000000000
109,000146,000435,1377,13,0.460535117057
109,000146,000445,1613,16,0.539464882943
109,000148,000245,0,2,0.000466091820
109,000148,000250,1405,8,0.327429503612
109,000148,000255,1494,16,0.348170589606
109,000148,000270,1390,9,0.323933814962
109,000150,000240,308,3,0.123446893788
109,000150,000245,1798,15,0.720641282565
109,000150,000250,0,1,0.000400801603
109,000150,000265,385,2,0.154308617234
109,000150,000285,0,3,0.001202404810
109,000152,000235,1890,13,0.383367139959
109,000152,000260,1066,16,0.216227180527
109,000152,000275,1974,22,0.400405679513
109,000154,000225,695,25,0.208021550434
109,000154,000300,1416,45,0.423825202035
109,000154,000305,1230,32,0.368153247531
109,000156,000315,1387,32,1.000000000000
109,000158,000320,1653,32,1.000000000000
109,000160,000305,617,9,0.254223320972
109,000160,000310,1793,26,0.738772146683
109,000160,000425,17,8,0.007004532344
109,000162,000325,1650,20,0.535540408958
109,000162,000330,1431,11,0.464459591042
109,000164,000340,1152,14,1.000000000000
109,000166,000345,1461,16,0.403034482759
109,000166,000355,2164,17,0.596965517241
109,000168,000065,0,1,0.000479616307
109,000168,000066,16,1,0.007673860911
109,000168,000350,1347,9,0.646043165468
109,000168,000430,721,8,0.345803357314
109,000170,000360,490,13,1.000000000000
109,000172,000395,1102,16,0.412270856715
109,000172,000415,1571,32,0.587729143285
109,000174,000200,324,6,0.136593591906
109,000174,000205,137,2,0.057757166948
109,000174,000410,1911,80,0.805649241147
109,000176,000380,307,2,0.102709936434
109,000176,000400,1755,31,0.587152893944
109,000176,000405,927,7,0.310137169622
109,000178,000420,1573,31,0.687500000000
109,000178,000425,715,8,0.312500000000
109,000180,000370,0,1,0.000330469266
109,000180,000380,1583,18,0.523132848645
109,000180,000385,1345,11,0.444481163252
109,000180,000405,97,1,0.032055518837
109,000182,000375,1867,19,1.000000000000
109,000184,000365,77,2,0.020660048296
109,000184,000370,1920,21,0.515159645828
109,000184,000390,1730,6,0.464180305876
109,000186,000365,829,14,0.982227488152
109,000186,000370,9,1,0.010663507109
109,000186,000450,0,6,0.007109004739
109,000194,000475,1282,16,0.417181906931
109,000194,000490,1791,22,0.582818093069
109,000196,000470,1217,14,0.458380414313
109,000196,000495,1438,10,0.541619585687
109,000198,000465,2015,20,1.000000000000
109,000200,000295,525,24,0.163347853143
109,000200,000480,1382,11,0.429993777225
109,000200,000485,1307,21,0.406658369633
109,000202,000455,1824,9,1.000000000000
109,000204,000460,1726,15,1.000000000000
109,000206,000010,0,1,0.000329272308
109,000206,000440,1436,11,0.472835034574
109,000206,000450,1600,16,0.526835693118
109,000208,000175,1440,40,0.999306037474
109,000208,000190,0,1,0.000693962526
109,000210,000500,1726,25,0.857426726279
109,000210,000505,287,10,0.142573273721
109,000211,000500,0,2,1.000000000000
109,000212,000130,6,1,1.000000000000
109,000213,000145,0,1,0.014285714286
109,000213,000510,69,17,0.985714285714
109,000215,000515,681,73,1.000000000000
109,000220,000520,1094,62,1.000000000000
109,000225,000055,0,2,0.000298998356
109,000225,000525,2802,57,0.418896696068
109,000225,000526,3885,54,0.580804305576
109,000230,000530,548,77,1.000000000000
111,000005,000005,191,30,1.000000000000
111,000010,000010,481,60,1.000000000000
111,000015,000015,1532,89,0.994159636600
111,000015,000170,8,1,0.005191434134
111,000015,000185,0,1,0.000648929267
111,000020,000020,857,47,0.998834498834
111,000020,000065,0,1,0.001165501166
111,000025,000025,360,43,1.000000000000
111,000030,000030,210,30,1.000000000000
111,000035,000035,460,53,1.000000000000
111,000040,000040,461,43,0.972573839662
111,000040,000170,13,1,0.027426160338
111,000045,000045,256,33,1.000000000000
111,000050,000050,621,118,0.998392282958
111,000050,000435,0,1,0.001607717042
111,000055,000055,178,37,1.000000000000
111,000060,000060,62,16,1.000000000000
111,000065,000065,495,48,1.000000000000
111,000070,000070,772,52,0.967418546366
111,000070,000445,26,1,0.032581453634
111,000075,000075,625,40,1.000000000000
111,000080,000080,215,13,1.000000000000
111,000085,000085,883,72,1.000000000000
111,000090,000090,535,51,1.000000000000
111,000095,000095,330,28,1.000000000000
111,000100,000100,400,58,1.000000000000
111,000105,000105,173,18,0.994252873563
111,000105,000130,0,1,0.005747126437
111,000110,000110,697,76,1.000000000000
111,000115,000115,929,75,1.000000000000
111,000120,000120,397,53,1.000000000000
111,000125,000125,254,34,1.000000000000
111,000130,000130,905,56,1.000000000000
111,000135,000135,237,32,1.000000000000
111,000140,000140,168,24,1.000000000000
111,000145,000145,843,53,1.000000000000
111,000150,000150,323,52,1.000000000000
111,000155,000155,132,14,1.000000000000
111,000160,000160,411,40,1.000000000000
111,000165,000165,759,78,1.000000000000
111,000170,000170,1318,51,0.740865654862
111,000170,000180,254,7,0.142776840922
111,000170,000185,207,7,0.116357504216
111,000175,000170,154,5,0.094132029340
111,000175,000175,1482,47,0.905867970660
111,000180,000180,1279,28,0.772809667674
111,000180,000185,117,4,0.070694864048
111,000180,000195,259,9,0.156495468278
111,000185,000170,86,4,0.054777070064
111,000185,000185,1484,29,0.945222929936
111,000186,000195,260,6,1.000000000000
111,000190,000180,205,9,0.117009132420
111,000190,000190,581,16,0.331621004566
111,000190,000195,966,20,0.551369863014
111,000195,000190,710,21,0.403638430927
111,000195,000195,298,11,0.169414440023
111,000195,000205,751,26,0.426947129051
111,000200,000040,0,1,0.000486144871
111,000200,000170,142,6,0.069032571706
111,000200,000180,45,3,0.021876519203
111,000200,000190,494,13,0.240155566359
111,000200,000200,341,18,0.165775401070
111,000200,000205,1034,57,0.502673796791
111,000205,000170,28,2,0.016969696970
111,000205,000175,209,4,0.126666666667
111,000205,000200,1413,36,0.856363636364
111,000210,000210,749,51,1.000000000000
111,000215,000215,289,34,1.000000000000
111,000220,000220,800,70,0.997506234414
111,000220,000275,0,1,0.001246882793
111,000220,000280,0,1,0.001246882793
111,000225,000225,715,88,0.998603351955
111,000225,000240,0,1,0.001396648045
111,000230,000230,511,63,1.000000000000
111,000235,000235,853,48,0.998829039813
111,000235,000240,1,1,0.001170960187
111,000240,000240,389,60,1.000000000000
111,000245,000245,798,80,1.000000000000
111,000250,000250,399,23,1.000000000000
111,000255,000255,293,50,1.000000000000
111,000260,000260,637,65,0.996870109546
111,000260,000330,0,2,0.003129890454
111,000265,000265,322,50,1.000000000000
111,000270,000115,0,2,0.002557544757
111,000270,000270,780,47,0.997442455243
111,000275,000275,665,94,1.000000000000
111,000280,000280,294,25,1.000000000000
111,000285,000285,782,70,0.959509202454
111,000285,000290,33,1,0.040490797546
111,000290,000290,1294,41,1.000000000000
111,000295,000295,356,60,1.000000000000
111,000300,000300,340,40,1.000000000000
111,000305,000305,363,46,1.000000000000
111,000310,000310,144,44,1.000000000000
111,000315,000315,208,72,1.000000000000
111,000320,000320,629,39,1.000000000000
111,000325,000325,602,52,1.000000000000
111,000330,000330,600,76,1.000000000000
111,000335,000335,327,46,1.000000000000
111,000340,000340,1020,63,0.998043052838
111,000340,000345,0,2,0.001956947162
111,000345,000345,390,43,1.000000000000
111,000350,000350,574,59,1.000000000000
111,000355,000355,2577,79,1.000000000000
111,000360,000360,3512,158,0.998862343572
111,000360,000365,0,4,0.001137656428
111,000365,000365,977,95,1.000000000000
111,000370,000370,773,100,1.000000000000
111,000375,000375,77,15,1.000000000000
111,000380,000380,197,11,1.000000000000
111,000385,000385,1035,76,1.000000000000
111,000390,000390,395,53,1.000000000000
111,000395,000395,568,47,1.000000000000
111,000400,000400,446,73,1.000000000000
111,000405,000405,646,68,1.000000000000
111,000410,000390,0,1,0.001893939394
111,000410,000410,527,46,0.998106060606
111,000415,000380,0,1,0.005617977528
111,000415,000415,177,47,0.994382022472
111,000420,000420,407,66,1.000000000000
111,000425,000425,356,24,1.000000000000
111,000430,000430,52,5,1.000000000000
111,000435,000050,0,6,0.016949152542
111,000435,000435,348,23,0.983050847458
111,000440,000440,62,17,1.000000000000
111,000445,000445,107,4,1.000000000000
111,000450,000450,117,39,1.000000000000
111,000455,000455,252,35,1.000000000000
113,000005,000005,67,16,1.000000000000
113,000010,000010,53,15,1.000000000000
113,000015,000015,90,42,1.000000000000
113,000020,000020,128,17,1.000000000000
113,000025,000025,112,22,1.000000000000
113,000030,000030,79,35,1.000000000000
113,000035,000035,69,28,1.000000000000
113,000040,000040,202,47,1.000000000000
113,000045,000045,145,45,1.000000000000
113,000050,000050,49,28,1.000000000000
113,000055,000055,369,29,1.000000000000
113,000060,000060,761,55,0.998687664042
113,000060,000150,0,1,0.001312335958
113,000065,000010,0,1,0.010204081633
113,000065,000065,97,29,0.989795918367
113,000070,000070,66,18,1.000000000000
113,000075,000075,92,32,1.000000000000
113,000080,000080,191,21,1.000000000000
113,000085,000085,610,32,0.991869918699
113,000085,000180,5,1,0.008130081301
113,000090,000060,0,1,0.002024291498
113,000090,000090,492,43,0.995951417004
113,000090,000155,0,1,0.002024291498
113,000095,000095,273,28,1.000000000000
113,000100,000100,298,27,1.000000000000
113,000105,000105,187,29,1.000000000000
113,000110,000110,620,56,1.000000000000
113,000115,000115,101,39,1.000000000000
113,000120,000120,650,14,1.000000000000
113,000125,000125,1020,51,1.000000000000
113,000135,000125,96,14,0.059962523423
113,000135,000135,1505,73,0.940037476577
113,000150,000135,262,3,0.266802443992
113,000150,000150,720,24,0.733197556008
113,000155,000090,0,1,0.001128668172
113,000155,000155,885,28,0.998871331828
113,000165,000155,145,11,0.087666263603
113,000165,000165,1509,62,0.912333736397
113,000180,000165,229,2,0.117315573770
113,000180,000180,1723,59,0.882684426230
113,000195,000195,92,27,1.000000000000
115,000005,000005,342,25,0.997084548105
115,000005,000060,0,1,0.002915451895
115,000010,000010,86,29,1.000000000000
115,000015,000015,331,17,1.000000000000
115,000020,000020,541,39,0.983636363636
115,000020,000105,9,3,0.016363636364
115,000025,000025,228,25,1.000000000000
115,000030,000030,221,34,1.000000000000
115,000035,000035,132,21,1.000000000000
115,000040,000040,475,44,1.000000000000
115,000045,000045,85,18,1.000000000000
115,000050,000050,176,48,1.000000000000
115,000055,000055,917,55,1.000000000000
115,000060,000060,366,33,1.000000000000
115,000065,000055,0,1,0.011494252874
115,000065,000065,85,33,0.977011494253
115,000065,000140,0,1,0.011494252874
115,000070,000070,79,15,1.000000000000
115,000075,000075,752,61,1.000000000000
115,000080,000080,37,12,1.000000000000
115,000085,000085,295,16,1.000000000000
115,000090,000090,473,54,1.000000000000
115,000095,000095,130,19,1.000000000000
115,000100,000100,57,11,1.000000000000
115,000105,000105,1904,88,1.000000000000
115,000110,000110,744,65,1.000000000000
115,000115,000115,71,9,1.000000000000
115,000120,000120,330,50,1.000000000000
115,000125,000125,479,49,1.000000000000
115,000135,000135,539,68,1.000000000000
115,000140,000065,0,1,0.002710027100
115,000140,000140,368,25,0.997289972900
115,000145,000145,86,27,1.000000000000
115,000150,000150,162,28,1.000000000000
115,000155,000155,298,42,1.000000000000
115,000160,000160,351,64,1.000000000000
115,000165,000165,20,10,1.000000000000
115,000170,000170,554,34,1.000000000000
115,000175,000175,3130,123,0.999680613223
115,000175,000185,0,1,0.000319386777
115,000185,000055,0,1,0.000723589001
115,000185,000185,1381,67,0.999276410999
115,000190,000075,0,1,0.001721170396
115,000190,000190,580,54,0.998278829604
115,000195,000175,34,1,0.012035398230
115,000195,000195,2791,102,0.987964601770
115,000200,000200,1682,104,1.000000000000
115,000205,000205,1034,58,1.000000000000
115,000207,000207,212,17,1.000000000000
115,000210,000210,2462,75,0.999593991068
115,000210,000215,0,1,0.000406008932
115,000215,000020,0,1,0.001240694789
115,000215,000215,805,52,0.998759305211
115,000221,000221,430,37,1.000000000000
115,000223,000240,6,1,1.000000000000
115,000225,000225,534,36,1.000000000000
115,000230,000230,384,34,1.000000000000
115,000235,000235,68,28,1.000000000000
115,000240,000240,1620,102,1.000000000000
117,000005,000005,195,43,1.000000000000
117,000010,000010,126,43,1.000000000000
117,000015,000015,211,55,1.000000000000
117,000020,000020,232,70,0.987234042553
117,000020,000060,0,3,0.012765957447
117,000025,000025,1258,71,0.999205718824
117,000025,000070,0,1,0.000794281176
117,000030,000030,230,49,1.000000000000
117,000035,000035,238,47,1.000000000000
117,000040,000040,213,62,1.000000000000
117,000045,000045,215,46,1.000000000000
117,000050,000050,53,16,1.000000000000
117,000055,000040,9,1,0.050561797753
117,000055,000055,169,33,0.949438202247
117,000060,000020,2,1,0.032786885246
117,000060,000060,59,14,0.967213114754
117,000065,000065,550,42,1.000000000000
117,000070,000070,301,52,1.000000000000
117,000075,000075,2095,113,0.999522900763
117,000075,000110,0,1,0.000477099237
117,000080,000080,2120,102,1.000000000000
117,000100,000100,164,59,1.000000000000
117,000105,000105,226,40,1.000000000000
117,000110,000075,0,1,0.003257328990
117,000110,000110,305,96,0.993485342020
117,000110,000120,0,1,0.003257328990
117,000115,000115,98,18,1.000000000000
117,000120,000120,245,58,1.000000000000
117,000125,000125,110,18,1.000000000000
119,000005,000005,109,51,1.000000000000
119,000010,000010,82,41,1.000000000000
119,000015,000015,118,45,1.000000000000
119,000020,000020,63,21,1.000000000000
119,000025,000025,88,19,1.000000000000
119,000030,000030,253,40,1.000000000000
119,000035,000035,45,20,1.000000000000
119,000040,000040,46,32,1.000000000000
119,000045,000045,258,38,1.000000000000
119,000050,000050,96,32,0.989690721649
119,000050,000275,0,1,0.010309278351
119,000055,000055,243,19,1.000000000000
119,000060,000060,438,52,1.000000000000
119,000065,000065,1197,67,1.000000000000
119,000070,000070,1263,33,0.969301611665
119,000070,000090,40,2,0.030698388335
119,000075,000075,1100,22,0.774647887324
119,000075,000080,207,7,0.145774647887
119,000075,000085,102,5,0.071830985915
119,000075,000105,11,1,0.007746478873
119,000080,000080,1155,47,1.000000000000
119,000085,000085,1152,48,1.000000000000
119,000090,000075,116,2,0.092430278884
119,000090,000090,1139,24,0.907569721116
119,000105,000105,441,43,0.997737556561
119,000105,000180,0,1,0.002262443439
119,000110,000110,1830,30,0.891812865497
119,000110,000120,222,3,0.108187134503
119,000120,000120,1602,55,0.838743455497
119,000120,000140,308,11,0.161256544503
119,000130,000130,1694,55,0.999410029499
119,000130,000240,0,1,0.000589970501
119,000140,000130,136,8,0.076062639821
119,000140,000140,1537,43,0.859619686801
119,000140,000150,115,2,0.064317673378
119,000150,000150,1732,26,1.000000000000
119,000160,000160,191,37,1.000000000000
119,000165,000165,403,30,0.997524752475
119,000165,000310,0,1,0.002475247525
119,000170,000170,148,32,1.000000000000
119,000175,000175,134,46,1.000000000000
119,000180,000180,160,60,1.000000000000
119,000185,000185,89,41,1.000000000000
119,000190,000190,59,30,1.000000000000
119,000195,000195,804,56,1.000000000000
119,000200,000200,422,17,1.000000000000
119,000205,000205,189,49,1.000000000000
119,000210,000210,1434,89,0.998607242340
119,000210,000390,0,2,0.001392757660
119,000220,000220,220,51,1.000000000000
119,000225,000225,519,49,1.000000000000
119,000230,000230,260,38,1.000000000000
119,000235,000235,294,33,1.000000000000
119,000240,000240,195,17,1.000000000000
119,000245,000245,257,56,1.000000000000
119,000250,000250,59,15,1.000000000000
119,000255,000255,136,48,1.000000000000
119,000260,000260,45,38,1.000000000000
119,000265,000265,41,19,1.000000000000
119,000270,000270,83,21,1.000000000000
119,000275,000275,197,44,1.000000000000
119,000280,000280,58,45,0.983050847458
119,000280,000405,0,1,0.016949152542
119,000285,000120,0,1,0.002257336343
119,000285,000285,442,69,0.997742663657
119,000290,000290,41,31,1.000000000000
119,000295,000295,90,21,1.000000000000
119,000300,000300,70,46,0.985915492958
119,000300,000345,0,1,0.014084507042
119,000305,000305,225,37,1.000000000000
119,000310,000310,563,59,1.000000000000
119,000315,000315,92,14,1.000000000000
119,000320,000320,139,30,1.000000000000
119,000325,000325,113,26,1.000000000000
119,000330,000330,287,62,1.000000000000
119,000335,000335,606,44,1.000000000000
119,000340,000340,104,30,1.000000000000
119,000345,000345,111,48,1.000000000000
119,000350,000280,25,1,0.320512820513
119,000350,000350,53,9,0.679487179487
119,000355,000355,151,57,1.000000000000
119,000360,000360,61,21,1.000000000000
119,000365,000365,61,32,1.000000000000
119,000370,000060,0,1,0.004545454545
119,000370,000370,219,37,0.995454545455
119,000375,000375,82,34,1.000000000000
119,000380,000380,139,4,1.000000000000
119,000385,000385,167,51,1.000000000000
119,000390,000390,310,46,1.000000000000
119,000395,000395,29,38,1.000000000000
119,000400,000400,47,23,1.000000000000
119,000405,000405,64,35,1.000000000000
119,000410,000410,200,42,1.000000000000
119,000415,000415,164,52,1.000000000000
119,000420,000420,115,38,1.000000000000
119,000430,000430,40,13,1.000000000000
119,000435,000045,0,1,0.012820512821
119,000435,000435,77,14,0.987179487179
119,000440,000440,89,53,1.000000000000
119,000445,000445,174,16,1.000000000000
119,000450,000450,195,46,1.000000000000
119,000455,000455,512,50,1.000000000000
121,000005,000005,164,41,1.000000000000
121,000010,000010,137,23,1.000000000000
121,000015,000015,262,73,1.000000000000
121,000020,000020,177,34,1.000000000000
121,000022,000022,0,1,1.000000000000
121,000025,000025,218,52,1.000000000000
121,000030,000030,305,25,1.000000000000
121,000035,000035,56,10,1.000000000000
121,000040,000040,213,33,1.000000000000
121,000045,000045,2284,104,1.000000000000
121,000050,000050,373,17,1.000000000000
121,000055,000045,16,2,0.013675213675
121,000055,000055,1153,85,0.985470085470
121,000055,000060,0,1,0.000854700855
121,000060,000060,271,44,1.000000000000
121,000065,000065,162,54,1.000000000000
121,000070,000070,124,29,1.000000000000
121,000075,000075,171,44,1.000000000000
121,000080,000050,0,1,0.001862197393
121,000080,000080,536,41,0.998137802607
121,000085,000085,338,16,1.000000000000
121,000090,000090,334,17,1.000000000000
121,000095,000095,513,37,1.000000000000
121,000100,000100,181,45,1.000000000000
121,000105,000105,203,53,1.000000000000
121,000110,000110,431,49,1.000000000000
121,000115,000115,118,65,1.000000000000
121,000120,000120,43,13,1.000000000000
121,000125,000125,1365,83,0.999267935578
121,000125,000150,0,1,0.000732064422
121,000130,000130,225,23,1.000000000000
121,000135,000135,185,46,1.000000000000
121,000140,000140,44,12,1.000000000000
121,000145,000145,237,42,1.000000000000
121,000150,000150,469,46,1.000000000000
123,000010,000010,3483,56,0.999712973594
123,000010,000020,0,1,0.000287026406
123,000020,000020,2869,22,1.000000000000
123,000030,000030,3587,76,1.000000000000
123,000050,000050,0,4,1.000000000000
123,000060,000060,2826,68,0.998939554613
123,000060,000070,0,3,0.001060445387
123,000070,000070,2543,43,1.000000000000
123,000080,000080,528,11,1.000000000000
123,000090,000090,2271,40,1.000000000000
123,000100,000100,3883,33,1.000000000000
123,000110,000110,3947,51,1.000000000000
123,000120,000120,2989,40,1.000000000000
123,000130,000130,3666,42,1.000000000000
123,000140,000140,3169,40,1.000000000000
123,000150,000130,0,2,0.000551724138
123,000150,000140,0,2,0.000551724138
123,000150,000150,3621,59,0.998896551724
123,000160,000160,3265,39,1.000000000000
123,000170,000140,0,1,0.000389559797
123,000170,000170,2566,41,0.999610440203
123,000180,000180,2751,43,1.000000000000
123,000190,000190,3713,39,1.000000000000
123,000200,000200,3433,46,1.000000000000
123,000210,000210,2443,11,1.000000000000
123,000220,000210,2727,24,0.966678482808
123,000220,000230,94,1,0.033321517192
123,000230,000220,960,13,0.305343511450
123,000230,000230,2184,62,0.694656488550
123,000240,000240,3782,37,1.000000000000
123,000250,000240,0,1,0.000269179004
123,000250,000250,3714,35,0.999730820996
123,000290,000290,3256,37,1.000000000000
123,000300,000300,2668,38,1.000000000000
123,000310,000310,4071,51,1.000000000000
123,000320,000320,3254,47,1.000000000000
123,000330,000330,1547,17,0.456476836825
123,000330,000335,1842,11,0.543523163175
123,000335,000340,1776,12,1.000000000000
123,000340,000330,1005,28,0.285998861696
123,000340,000335,1077,13,0.306488332385
123,000340,000345,1432,25,0.407512805919
123,000345,000345,1081,7,0.327675053046
123,000345,000350,2218,26,0.672324946954
123,000350,000330,495,14,0.155807365439
123,000350,000345,1650,13,0.519357884797
123,000350,000350,213,2,0.067044381492
123,000350,000355,819,21,0.257790368272
123,000355,000350,1306,6,0.530463038180
123,000355,000360,38,2,0.015434606011
123,000355,000365,1118,7,0.454102355808
123,000360,000355,724,9,0.245423728814
123,000360,000360,1929,21,0.653898305085
123,000360,000365,297,6,0.100677966102
123,000365,000355,1398,23,0.498040612754
123,000365,000365,1409,21,0.501959387246
123,000370,000370,2568,47,0.998833138856
123,000370,001640,0,2,0.000777907429
123,000370,001660,0,1,0.000388953715
123,000380,000380,2704,43,0.999260901700
123,000380,001640,0,1,0.000369549150
123,000380,001670,0,1,0.000369549150
123,000390,000390,3401,73,1.000000000000
123,000400,000400,3206,47,1.000000000000
123,000410,000410,3143,39,1.000000000000
123,000420,000420,2614,44,1.000000000000
123,000430,000430,2742,43,0.746122448980
123,000430,000440,933,17,0.253877551020
123,000440,000440,1619,31,1.000000000000
123,000450,000440,0,1,0.000212585034
123,000450,000450,3076,32,0.653911564626
123,000450,000470,1627,23,0.345875850340
123,000460,000450,1105,10,0.233220768257
123,000460,000460,3633,35,0.766779231743
123,000470,000470,53,30,0.013548057260
123,000470,000500,3067,48,0.783997955010
123,000470,000510,792,9,0.202453987730
123,000480,000470,1327,27,0.452283571915
123,000480,000510,1607,23,0.547716428085
123,000490,000470,879,11,0.261840929401
123,000490,000480,2478,31,0.738159070599
123,000500,000490,3461,28,0.964873153053
123,000500,000525,126,2,0.035126846947
123,000510,000480,138,1,0.036277602524
123,000510,000510,781,19,0.205310199790
123,000510,000520,2885,29,0.758412197687
123,000520,000480,1074,10,0.273630573248
123,000520,000525,2851,25,0.726369426752
123,000530,000530,3645,27,1.000000000000
123,000540,000630,1665,31,1.000000000000
123,000550,000540,1042,16,0.261480552070
123,000550,000590,877,11,0.220075282309
123,000550,000630,2066,37,0.518444165621
123,000560,000560,3010,40,0.764735772358
123,000560,000570,926,8,0.235264227642
123,000570,000570,3375,32,1.000000000000
123,000580,000580,2589,37,1.000000000000
123,000590,000580,0,1,0.000195848022
123,000590,000590,1313,15,0.257148452801
123,000590,000600,2213,26,0.433411672542
123,000590,000610,1579,21,0.309244026635
123,000600,000600,2020,31,1.000000000000
123,000610,000550,2057,17,0.594165222415
123,000610,000610,1403,16,0.405257076834
123,000610,000640,0,2,0.000577700751
123,000620,000620,4233,51,0.694503691550
123,000620,000660,1862,26,0.305496308450
123,000630,000650,1401,20,1.000000000000
123,000640,000640,2773,26,1.000000000000
123,000650,000550,479,9,1.000000000000
123,000660,000550,1677,16,1.000000000000
123,000670,000660,2235,27,0.999105945463
123,000670,000800,0,2,0.000894054537
123,000675,000650,1905,30,0.953930896345
123,000675,001180,92,4,0.046069103655
123,000678,000560,69,1,0.162352941176
123,000678,001180,356,7,0.837647058824
123,000680,000630,0,2,0.000903750565
123,000680,000720,2211,30,0.999096249435
123,000690,000720,1303,15,0.545873481357
123,000690,000730,1084,19,0.454126518643
123,000700,000690,3058,58,0.690137666441
123,000700,000950,1373,16,0.309862333559
123,000710,000550,14,1,0.006436781609
123,000710,000730,2161,29,0.993563218391
123,000720,000700,751,17,0.201990317375
123,000720,000710,2966,66,0.797740720818
123,000720,000750,0,1,0.000268961807
123,000730,000880,902,12,1.000000000000
123,000740,000700,856,18,0.235229458642
123,000740,000710,0,2,0.000549601539
123,000740,000750,2781,45,0.764220939819
123,000750,000550,514,7,0.213278008299
123,000750,000740,1591,30,0.660165975104
123,000750,000750,305,7,0.126556016598
123,000760,000680,3217,66,0.918093607306
123,000760,000740,22,7,0.006278538813
123,000760,000800,265,28,0.075627853881
123,000770,000800,298,4,1.000000000000
123,000780,000740,4284,51,0.999067164179
123,000780,000800,0,4,0.000932835821
123,000790,000780,2859,88,1.000000000000
123,000800,000760,2901,55,1.000000000000
123,000810,000780,1316,35,0.372698952138
123,000810,000790,2215,50,0.627301047862
123,000820,000760,905,38,0.143856302655
123,000820,000770,3652,71,0.580511842314
123,000820,000790,1734,31,0.275631855031
123,000840,000840,2828,42,1.000000000000
123,000850,000850,2404,22,0.682566723453
123,000850,000900,414,3,0.117546848382
123,000850,001110,704,10,0.199886428166
123,000860,000840,912,14,0.236637259990
123,000860,000860,1860,15,0.482615464453
123,000860,000870,255,5,0.066165023352
123,000860,000890,827,13,0.214582252206
123,000870,000870,2178,20,1.000000000000
123,000880,000940,2846,47,1.000000000000
123,000890,000860,1236,15,0.393004769475
123,000890,000890,1645,19,0.523052464229
123,000890,000940,264,3,0.083942766296
123,000900,000900,2338,20,0.998718496369
123,000900,001050,0,3,0.001281503631
123,000910,000850,2228,32,1.000000000000
123,000920,000870,1785,27,0.504664970314
123,000920,000920,1752,26,0.495335029686
123,000930,000870,459,4,0.205461056401
123,000930,000890,940,13,0.420769919427
123,000930,000930,835,16,0.373769024172
123,000940,000880,3555,21,0.866861741039
123,000940,000890,529,2,0.128992928554
123,000940,000940,17,8,0.004145330407
123,000950,000630,0,7,0.002648505486
123,000950,000910,1723,24,0.651910707529
123,000950,000960,913,12,0.345440786984
123,000960,000910,291,4,0.115338882283
123,000960,000920,1137,16,0.450653983353
123,000960,000960,1095,15,0.434007134364
123,000970,000710,0,1,0.000202675314
123,000970,000920,1096,16,0.222132144305
123,000970,000930,2763,55,0.559991892987
123,000970,000960,1074,17,0.217673287394
123,001000,001010,2588,57,0.999613750483
123,001000,001090,0,1,0.000386249517
123,001010,001000,2147,47,1.000000000000
123,001020,001020,4975,78,0.993807431083
123,001020,001070,5,4,0.000998801438
123,001020,001080,25,8,0.004994007191
123,001020,001100,0,1,0.000199760288
123,001030,001030,2895,60,1.000000000000
123,001040,001040,945,23,0.432890517636
123,001040,001050,1238,25,0.567109482364
123,001050,001040,3330,22,1.000000000000
123,001060,001040,53,3,0.018014955812
123,001060,001110,2889,34,0.981985044188
123,001070,001070,3617,51,0.998619547211
123,001070,001100,0,5,0.001380452789
123,001080,001070,783,25,0.268150684932
123,001080,001080,2137,36,0.731849315068
123,001090,000630,0,1,0.000332557366
123,001090,001030,681,21,0.226471566345
123,001090,001050,2325,48,0.773195876289
123,001100,001120,3027,43,1.000000000000
123,001110,001090,2495,19,0.876669009136
123,001110,001250,351,8,0.123330990864
123,001120,001100,2748,44,1.000000000000
123,001130,001060,2516,39,1.000000000000
123,001140,001060,2447,32,1.000000000000
123,001160,001160,2537,45,0.836465545664
123,001160,001250,496,4,0.163534454336
123,001170,001160,1301,28,0.392340168878
123,001170,001170,1701,34,0.512967430639
123,001170,001180,314,4,0.094692400483
123,001180,001180,3278,55,1.000000000000
123,001190,001190,8003,67,1.000000000000
123,001200,001200,4992,41,0.962962962963
123,001200,001210,192,8,0.037037037037
123,001210,000650,265,7,0.061257512714
123,001210,001180,698,10,0.161349976884
123,001210,001210,3363,56,0.777392510402
123,001220,000650,920,14,0.323829637452
123,001220,001210,1921,24,0.676170362548
123,001230,001220,3521,24,0.537721441662
123,001230,001230,3027,24,0.462278558338
123,001240,001210,0,1,0.000214408233
123,001240,001240,4663,75,0.999785591767
123,001250,000650,0,1,0.000561797753
123,001250,000800,1710,32,0.960674157303
123,001250,001210,0,3,0.001685393258
123,001250,001240,66,5,0.037078651685
123,001290,001220,2110,49,0.745583038869
123,001290,001230,720,11,0.254416961131
123,001300,001300,2260,43,1.000000000000
123,001310,001310,3362,36,0.991447950457
123,001310,001380,29,1,0.008552049543
123,001320,001300,1529,10,0.321488645921
123,001320,001320,3227,25,0.678511354079
123,001330,001290,1153,16,0.183979575554
123,001330,001330,5114,50,0.816020424446
123,001340,001230,410,10,0.060134936932
123,001340,001340,2965,49,0.434878263420
123,001340,001350,3443,49,0.504986799648
123,001350,001230,413,4,0.225559803386
123,001350,001340,1017,7,0.555434188968
123,001350,001350,401,4,0.219006007646
123,001360,001360,4261,21,1.000000000000
123,001370,001290,2658,19,0.425756847669
123,001370,001360,580,7,0.092904052539
123,001370,001370,3005,34,0.481339099792
123,001380,001380,2197,32,1.000000000000
123,001390,001380,949,13,0.280271707029
123,001390,001390,2437,36,0.719728292971
123,001400,001320,598,8,0.248648648649
123,001400,001370,140,3,0.058212058212
123,001400,001380,499,5,0.207484407484
123,001400,001390,1168,13,0.485654885655
123,001430,001430,3696,56,0.718786464411
123,001430,001460,1446,20,0.281213535589
123,001440,001290,1452,22,0.450232558140
123,001440,001440,1773,24,0.549767441860
123,001450,001450,3599,47,0.998058790904
123,001450,001480,0,7,0.001941209096
123,001460,001460,2007,22,0.998010939831
123,001460,001490,0,4,0.001989060169
123,001470,001470,3206,75,1.000000000000
123,001480,001480,3065,45,1.000000000000
123,001490,001490,3183,28,1.000000000000
123,001500,001470,0,2,0.000488878025
123,001500,001500,4089,33,0.999511121975
123,001510,001510,3445,48,1.000000000000
123,001520,001520,2793,25,1.000000000000
123,001530,001520,483,4,0.139353721870
123,001530,001530,2983,16,0.860646278130
123,001540,001500,507,3,0.098084735926
123,001540,001540,4662,35,0.901915264074
123,001550,001550,3650,21,1.000000000000
123,001580,001580,2015,26,0.968284478616
123,001580,001600,66,3,0.031715521384
123,001600,001600,3964,52,0.656291390728
123,001600,001610,2076,15,0.343708609272
123,001610,001610,2316,14,0.454920447849
123,001610,001620,2775,24,0.545079552151
123,001620,001620,1849,20,0.483019853710
123,001620,001630,1978,16,0.516718913271
123,001620,001640,0,1,0.000261233020
123,001630,001630,0,1,0.000179340029
123,001630,001640,5575,63,0.999820659971
123,001640,001640,29,1,0.006733224983
123,001640,001645,4278,61,0.993266775017
123,001650,001650,205,2,1.000000000000
123,001660,001660,2217,36,0.999549143372
123,001660,001680,0,1,0.000450856628
123,001670,001670,3443,35,1.000000000000
123,001680,001660,0,1,0.000329380764
123,001680,001680,3035,38,0.999670619236
123,001690,001680,0,1,0.000237079184
123,001690,001690,4217,58,0.999762920816
123,001700,001670,0,2,0.000426257460
123,001700,001700,3994,51,0.851236146633
123,001700,001735,696,18,0.148337595908
123,001710,001700,0,1,0.000297265161
123,001710,001710,3362,66,0.999405469679
123,001710,001720,0,1,0.000297265161
123,001720,001720,1248,26,1.000000000000
123,001730,000080,0,1,0.000571428571
123,001730,001730,1749,25,0.999428571429
123,001740,001740,4866,91,1.000000000000
123,001750,001740,117,3,0.022927689594
123,001750,001750,4986,131,0.977072310406
123,001760,001760,4379,56,1.000000000000
123,001765,001760,562,9,1.000000000000
123,001770,001770,4493,57,1.000000000000
123,001780,001730,0,2,0.000393313668
123,001780,001770,92,2,0.018092428712
123,001780,001780,4991,63,0.981514257620
125,000005,000005,117,19,1.000000000000
125,000010,000010,41,11,1.000000000000
125,000015,000015,209,46,1.000000000000
125,000020,000020,144,54,1.000000000000
125,000025,000025,178,51,1.000000000000
125,000030,000030,235,31,1.000000000000
125,000035,000035,104,36,1.000000000000
125,000040,000040,136,46,1.000000000000
125,000045,000045,171,41,1.000000000000
125,000050,000050,413,36,1.000000000000
125,000055,000055,276,26,1.000000000000
125,000060,000060,115,64,1.000000000000
125,000065,000065,445,28,1.000000000000
125,000070,000070,437,27,1.000000000000
125,000075,000075,457,32,1.000000000000
125,000080,000080,122,15,1.000000000000
125,000085,000085,44,7,1.000000000000
125,000087,000087,26,14,1.000000000000
125,000090,000090,62,16,1.000000000000
125,000095,000095,145,39,1.000000000000
125,000100,000100,58,12,1.000000000000
127,000005,000005,291,21,1.000000000000
127,000010,000010,210,51,1.000000000000
127,000015,000015,178,55,1.000000000000
127,000020,000020,155,22,1.000000000000
127,000025,000025,46,22,1.000000000000
127,000030,000030,292,49,1.000000000000
127,000035,000035,159,68,1.000000000000
127,000040,000040,203,60,1.000000000000
127,000045,000105,134,38,0.985294117647
127,000045,000150,0,2,0.014705882353
127,000050,000050,126,48,1.000000000000
127,000055,000055,190,46,1.000000000000
127,000060,000060,792,85,1.000000000000
127,000065,000060,0,1,0.004975124378
127,000065,000065,200,44,0.995024875622
127,000070,000070,214,13,1.000000000000
127,000075,000075,259,24,0.996153846154
127,000075,000215,0,1,0.003846153846
127,000080,000080,848,47,0.954954954955
127,000080,000085,40,1,0.045045045045
127,000085,000085,245,38,1.000000000000
127,000090,000090,190,54,1.000000000000
127,000095,000095,154,60,1.000000000000
127,000105,000105,591,82,0.998310810811
127,000105,000120,0,1,0.001689189189
127,000110,000110,1727,86,1.000000000000
127,000115,000115,1725,88,1.000000000000
127,000120,000120,1650,58,1.000000000000
127,000125,000125,178,50,1.000000000000
127,000130,000130,89,17,1.000000000000
127,000135,000135,323,50,1.000000000000
127,000140,000140,82,20,1.000000000000
127,000145,000145,187,76,1.000000000000
127,000150,000150,350,42,1.000000000000
127,000155,000155,191,53,1.000000000000
127,000160,000160,172,60,1.000000000000
127,000165,000165,103,21,1.000000000000
127,000170,000170,203,51,1.000000000000
127,000175,000175,161,64,1.000000000000
127,000180,000180,218,46,1.000000000000
127,000185,000185,268,34,0.971014492754
127,000185,000190,8,1,0.028985507246
127,000190,000190,179,77,1.000000000000
127,000195,000195,739,49,1.000000000000
127,000200,000200,751,51,1.000000000000
127,000205,000205,72,18,1.000000000000
127,000210,000210,171,50,1.000000000000
127,000215,000215,153,46,1.000000000000
127,000220,000220,208,51,1.000000000000
129,000005,000005,132,53,1.000000000000
129,000010,000010,206,46,1.000000000000
129,000015,000015,229,53,1.000000000000
129,000020,000020,1005,82,0.999005964215
129,000020,000025,0,1,0.000994035785
129,000025,000025,201,41,1.000000000000
129,000030,000030,355,55,1.000000000000
129,000035,000035,143,54,1.000000000000
129,000040,000040,647,55,0.980303030303
129,000040,000150,13,1,0.019696969697
129,000045,000045,196,58,1.000000000000
129,000050,000050,161,70,1.000000000000
129,000055,000055,175,55,1.000000000000
129,000060,000060,458,29,1.000000000000
129,000065,000065,178,54,1.000000000000
129,000070,000070,224,49,1.000000000000
129,000075,000045,0,1,0.000799360512
129,000075,000075,1250,84,0.999200639488
129,000080,000080,167,81,1.000000000000
129,000085,000085,493,41,1.000000000000
129,000090,000090,195,53,1.000000000000
129,000095,000095,1012,82,1.000000000000
129,000100,000100,196,56,1.000000000000
129,000105,000105,177,63,1.000000000000
129,000110,000110,172,30,1.000000000000
129,000115,000115,157,44,1.000000000000
129,000120,000120,194,56,1.000000000000
129,000125,000125,410,39,1.000000000000
129,000130,000130,149,42,1.000000000000
129,000135,000135,2343,134,1.000000000000
129,000140,000140,129,55,1.000000000000
129,000145,000145,168,41,1.000000000000
129,000150,000150,248,56,1.000000000000
129,000155,000155,1301,69,1.000000000000
129,000160,000160,510,52,1.000000000000
129,000165,000165,243,69,1.000000000000
129,000170,000170,256,64,1.000000000000
129,000175,000175,246,71,1.000000000000
129,000180,000180,154,63,1.000000000000
129,000185,000185,230,50,1.000000000000
131,000005,000005,1840,80,0.998914223670
131,000005,000114,0,2,0.001085776330
131,000010,000010,1226,53,0.999185004075
131,000010,000025,0,1,0.000814995925
131,000012,000012,14,2,1.000000000000
131,000015,000015,1712,62,1.000000000000
131,000020,000020,836,58,1.000000000000
131,000025,000025,4762,135,0.999790048289
131,000025,000145,0,1,0.000209951711
131,000030,000030,3281,74,0.657646823011
131,000030,000035,1708,57,0.342353176989
131,000035,000030,3056,27,0.376308336412
131,000035,000035,5065,119,0.623691663588
131,000040,000025,601,21,0.091323507066
131,000040,000040,5980,114,0.908676492934
131,000055,000055,1330,64,1.000000000000
131,000060,000060,4686,115,1.000000000000
131,000065,000065,949,35,1.000000000000
131,000070,000070,647,60,1.000000000000
131,000075,000075,273,12,1.000000000000
131,000080,000080,2114,23,1.000000000000
131,000085,000080,589,14,0.189877498388
131,000085,000085,2443,41,0.787556415216
131,000085,000116,70,1,0.022566086396
131,000090,000090,2618,40,1.000000000000
131,000095,000005,315,1,0.113309352518
131,000095,000095,2465,29,0.886690647482
131,000105,000105,3678,37,1.000000000000
131,000113,000113,2481,92,1.000000000000
131,000114,000114,2749,6,1.000000000000
131,000115,000085,7,1,0.008101851852
131,000115,000115,224,20,0.259259259259
131,000115,000116,633,34,0.732638888889
131,000120,000120,376,51,1.000000000000
131,000125,000125,1056,70,1.000000000000
131,000130,000035,0,1,0.001075268817
131,000130,000130,929,89,0.998924731183
131,000135,000040,0,1,0.000783085356
131,000135,000135,1276,99,0.999216914644
131,000140,000140,819,38,1.000000000000
131,000142,000140,958,39,1.000000000000
131,000145,000025,77,12,0.049838187702
131,000145,000145,1468,57,0.950161812298
131,000150,000150,1261,66,1.000000000000
131,000155,000155,525,39,1.000000000000
133,000005,000005,200,46,1.000000000000
133,000010,000010,280,26,1.000000000000
133,000015,000015,384,93,1.000000000000
133,000020,000020,236,44,1.000000000000
133,000025,000025,164,46,1.000000000000
133,000030,000030,189,16,1.000000000000
133,000035,000035,686,52,1.000000000000
133,000040,000040,60,9,1.000000000000
133,000045,000045,249,44,1.000000000000
133,000050,000050,60,8,1.000000000000
133,000055,000055,1763,62,0.842734225621
133,000055,000060,167,1,0.079827915870
133,000055,000065,162,7,0.077437858509
133,000060,000060,542,17,1.000000000000
133,000065,000065,1555,97,0.943567961165
133,000065,000070,87,2,0.052791262136
133,000065,000075,0,2,0.001213592233
133,000065,000077,4,1,0.002427184466
133,000070,000070,666,17,1.000000000000
133,000075,000075,229,39,1.000000000000
133,000077,000077,239,21,1.000000000000
133,000080,000080,196,20,1.000000000000
133,000085,000085,222,63,1.000000000000
133,000090,000090,382,58,1.000000000000
133,000095,000095,235,45,1.000000000000
133,000100,000100,154,55,1.000000000000
133,000105,000105,267,58,1.000000000000
133,000110,000110,171,13,1.000000000000
133,000115,000115,155,46,1.000000000000
135,000005,000005,429,38,1.000000000000
135,000010,000010,137,42,1.000000000000
135,000015,000015,116,41,1.000000000000
135,000020,000020,98,24,1.000000000000
135,000025,000025,157,22,1.000000000000
135,000028,000028,135,25,1.000000000000
135,000030,000030,109,40,1.000000000000
135,000035,000035,98,26,1.000000000000
135,000040,000040,148,44,1.000000000000
135,000045,000045,418,41,1.000000000000
135,000050,000050,242,31,1.000000000000
135,000055,000055,180,26,1.000000000000
135,000060,000060,682,74,1.000000000000
135,000065,000065,121,29,1.000000000000
135,000070,000070,227,42,1.000000000000
135,000075,000075,106,28,1.000000000000
135,000080,000080,624,62,1.000000000000
135,000083,000083,20,3,1.000000000000
135,000085,000085,1980,83,0.999495204442
135,000085,000195,0,1,0.000504795558
135,000090,000090,508,35,1.000000000000
135,000095,000095,32,28,1.000000000000
135,000100,000100,391,41,1.000000000000
135,000105,000105,261,39,1.000000000000
135,000110,000110,103,29,1.000000000000
135,000115,000115,911,49,1.000000000000
135,000120,000120,56,27,1.000000000000
135,000121,000121,141,24,1.000000000000
135,000122,000122,28,37,1.000000000000
135,000125,000125,42,22,1.000000000000
135,000130,000130,37,37,1.000000000000
135,000135,000122,0,1,0.037037037037
135,000135,000135,26,26,0.962962962963
135,000140,000140,81,24,1.000000000000
135,000145,000145,94,30,1.000000000000
135,000150,000150,152,11,1.000000000000
135,000155,000155,2744,150,1.000000000000
135,000160,000160,403,50,1.000000000000
135,000165,000165,202,46,1.000000000000
135,000170,000170,87,25,1.000000000000
135,000175,000175,582,41,1.000000000000
135,000176,000176,80,66,1.000000000000
135,000180,000180,269,41,1.000000000000
135,000185,000185,219,35,1.000000000000
135,000190,000190,25,9,1.000000000000
135,000195,000195,1830,102,1.000000000000
137,000005,000005,272,28,1.000000000000
137,000010,000010,425,28,0.995316159251
137,000010,000025,0,1,0.002341920375
137,000010,000135,0,1,0.002341920375
137,000015,000015,196,23,1.000000000000
137,000020,000020,223,44,1.000000000000
137,000025,000025,298,27,1.000000000000
137,000030,000030,128,52,1.000000000000
137,000031,000943,92,65,1.000000000000
137,000035,000035,1397,116,0.999284692418
137,000035,001005,0,1,0.000715307582
137,000040,000040,808,80,0.997530864198
137,000040,000575,0,1,0.001234567901
137,000040,000965,0,1,0.001234567901
137,000045,000045,32,76,0.914285714286
137,000045,000735,0,2,0.057142857143
137,000045,000943,0,1,0.028571428571
137,000050,000050,418,53,1.000000000000
137,000055,000055,961,72,1.000000000000
137,000060,000060,901,80,0.998891352550
137,000060,000797,0,1,0.001108647450
137,000065,000065,530,74,1.000000000000
137,000066,000815,0,8,0.571428571429
137,000066,000990,6,23,0.428571428571
137,000070,000070,1214,82,0.999176954733
137,000070,000920,0,1,0.000823045267
137,000075,000075,118,12,1.000000000000
137,000080,000080,952,63,1.000000000000
137,000085,000085,2206,50,0.999546896239
137,000085,000910,0,1,0.000453103761
137,000090,000090,187,43,1.000000000000
137,000095,000095,839,65,1.000000000000
137,000100,000100,4775,201,1.000000000000
137,000115,000115,977,108,1.000000000000
137,000120,000120,289,48,0.989726027397
137,000120,000994,0,3,0.010273972603
137,000125,000125,534,44,1.000000000000
137,000130,000130,460,88,1.000000000000
137,000133,000133,98,59,0.960784313725
137,000133,001010,0,4,0.039215686275
137,000135,000135,303,44,1.000000000000
137,000140,000140,2236,88,1.000000000000
137,000145,000145,2062,59,1.000000000000
137,000150,000150,2598,55,1.000000000000
137,000155,000155,2492,42,1.000000000000
137,000160,000160,2198,56,1.000000000000
137,000165,000165,3899,76,1.000000000000
137,000170,000170,2476,55,1.000000000000
137,000175,000175,2734,63,1.000000000000
137,000180,000180,1739,39,1.000000000000
137,000190,000190,2529,20,1.000000000000
137,000195,000195,4636,48,1.000000000000
137,000200,000200,2172,39,1.000000000000
137,000205,000205,2912,62,1.000000000000
137,000210,000210,3048,56,0.939001848429
137,000210,000230,198,3,0.060998151571
137,000215,000215,2468,38,0.903367496340
137,000215,000220,45,1,0.016471449488
137,000215,000230,219,4,0.080161054173
137,000220,000220,4191,55,1.000000000000
137,000230,000230,2706,59,1.000000000000
137,000240,000240,1166,14,1.000000000000
137,000245,000245,2483,86,1.000000000000
137,000250,000245,555,9,0.351488283724
137,000250,000255,1024,35,0.648511716276
137,000255,000255,2052,90,1.000000000000
137,000260,000260,2689,59,1.000000000000
137,000265,000265,2403,62,1.000000000000
137,000270,000270,2529,32,1.000000000000
137,000275,000275,2316,34,1.000000000000
137,000280,000280,2794,74,1.000000000000
137,000285,000285,2296,70,1.000000000000
137,000290,000290,1616,78,1.000000000000
137,000295,000295,2490,51,1.000000000000
137,000300,000300,2789,88,1.000000000000
137,000305,000305,1808,49,1.000000000000
137,000315,000315,3126,106,1.000000000000
137,000320,000320,2044,47,0.998534440645
137,000320,000325,0,2,0.000977039570
137,000320,000330,0,1,0.000488519785
137,000325,000325,1542,56,0.521122000676
137,000325,000330,1417,67,0.478877999324
137,000435,000015,0,1,0.000490196078
137,000435,000435,2039,97,0.999509803922
137,000437,000065,0,1,0.004405286344
137,000437,000437,226,31,0.995594713656
137,000440,000440,188,44,1.000000000000
137,000445,000445,132,43,1.000000000000
137,000450,000450,3268,186,1.000000000000
137,000470,000470,601,45,1.000000000000
137,000475,000475,2954,118,0.998985458235
137,000475,000825,0,1,0.000338180588
137,000475,001060,0,2,0.000676361177
137,000480,000480,539,20,0.998148148148
137,000480,000825,0,1,0.001851851852
137,000505,000045,4,1,0.057142857143
137,000505,000505,66,61,0.942857142857
137,000510,000115,0,1,0.000552486188
137,000510,000510,1809,78,0.999447513812
137,000515,000125,0,3,0.008450704225
137,000515,000515,351,57,0.988732394366
137,000515,001140,0,1,0.002816901408
137,000520,000520,114,27,0.991304347826
137,000520,000530,0,1,0.008695652174
137,000525,000525,517,51,1.000000000000
137,000530,000525,16,3,0.064257028112
137,000530,000530,231,55,0.927710843373
137,000530,000590,0,2,0.008032128514
137,000540,000540,1431,42,1.000000000000
137,000545,000545,552,43,0.996389891697
137,000545,000965,0,2,0.003610108303
137,000550,000550,1687,127,1.000000000000
137,000565,000565,1931,72,0.999482401656
137,000565,000942,0,1,0.000517598344
137,000570,000570,2720,104,1.000000000000
137,000575,000040,0,2,0.004662004662
137,000575,000575,426,97,0.993006993007
137,000575,000993,0,1,0.002331002331
137,000580,000762,152,16,1.000000000000
137,000585,000585,1041,103,1.000000000000
137,000590,000590,110,23,1.000000000000
137,000591,000941,65,18,1.000000000000
137,000595,000085,0,1,0.000234411627
137,000595,000595,4265,57,0.999765588373
137,000600,000600,2578,52,1.000000000000
137,000605,000605,3378,43,1.000000000000
137,000615,000040,0,1,0.000247157687
137,000615,000095,0,3,0.000741473060
137,000615,000615,4042,194,0.999011369254
137,000620,000040,0,3,0.000883392226
137,000620,000625,3393,139,0.999116607774
137,000625,000625,628,84,1.000000000000
137,000630,000635,2693,74,1.000000000000
137,000635,000635,1368,81,0.997811816193
137,000635,000775,0,3,0.002188183807
137,000640,000645,2911,71,1.000000000000
137,000645,000645,1179,77,1.000000000000
137,000735,000045,0,1,0.000494804552
137,000735,000735,2020,91,0.999505195448
137,000750,000750,812,74,1.000000000000
137,000755,000755,110,9,1.000000000000
137,000760,000760,152,48,0.993464052288
137,000760,000935,0,1,0.006535947712
137,000765,000470,0,2,0.013513513514
137,000765,000765,145,29,0.979729729730
137,000765,000940,0,1,0.006756756757
137,000770,000770,2276,59,1.000000000000
137,000775,000775,285,76,1.000000000000
137,000780,000780,399,73,1.000000000000
137,000785,000785,50,7,1.000000000000
137,000790,000790,113,30,1.000000000000
137,000795,000795,434,104,1.000000000000
137,000797,000797,103,21,1.000000000000
137,000799,000799,134,13,1.000000000000
137,000800,000800,306,71,1.000000000000
137,000805,000805,1431,76,1.000000000000
137,000810,000810,75,23,1.000000000000
137,000815,000450,0,1,0.000839630563
137,000815,000815,1188,161,0.997481108312
137,000815,000955,0,1,0.000839630563
137,000815,001145,0,1,0.000839630563
137,000820,000575,0,7,0.004820936639
137,000820,000820,1445,93,0.995179063361
137,000821,000955,57,45,0.712500000000
137,000821,000990,23,26,0.287500000000
137,000825,000820,15,1,0.010423905490
137,000825,000825,1418,101,0.985406532314
137,000825,001045,0,1,0.000694927033
137,000825,001150,5,2,0.003474635163
137,000840,000025,0,2,0.028169014085
137,000840,000840,68,30,0.957746478873
137,000840,001030,0,1,0.014084507042
137,000845,000845,347,37,1.000000000000
137,000850,000850,769,17,1.000000000000
137,000852,000852,206,28,1.000000000000
137,000855,000855,155,33,1.000000000000
137,000857,000942,352,56,1.000000000000
137,000860,000860,211,12,1.000000000000
137,000865,000020,0,1,0.003921568627
137,000865,000125,0,1,0.003921568627
137,000865,000865,253,32,0.992156862745
137,000875,000875,139,19,0.985815602837
137,000875,001020,0,2,0.014184397163
137,000880,000470,0,1,0.002570694087
137,000880,000880,386,44,0.992287917738
137,000880,000995,0,1,0.002570694087
137,000880,001035,0,1,0.002570694087
137,000881,000995,97,10,1.000000000000
137,000885,000885,164,74,1.000000000000
137,000890,000890,45,8,1.000000000000
137,000895,000895,3120,87,1.000000000000
137,000910,000910,4112,80,1.000000000000
137,000915,000915,338,44,0.994117647059
137,000915,000975,0,2,0.005882352941
137,000920,000920,2016,84,1.000000000000
137,000925,000925,323,25,1.000000000000
137,000930,000930,144,34,1.000000000000
137,000935,000935,179,51,1.000000000000
137,000940,000940,430,32,1.000000000000
137,000942,000065,0,1,0.142857142857
137,000942,000940,0,6,0.857142857143
137,000945,000945,294,29,1.000000000000
137,000950,000950,319,40,1.000000000000
137,000960,000991,739,68,1.000000000000
137,000962,000045,0,1,0.076923076923
137,000962,000943,0,12,0.923076923077
137,000965,000960,208,44,1.000000000000
137,000970,000992,940,71,1.000000000000
137,000971,000993,131,33,1.000000000000
137,000973,000965,59,29,1.000000000000
137,000975,000970,138,23,0.291139240506
137,000975,001005,336,56,0.708860759494
137,000976,001005,7,6,1.000000000000
137,000979,000975,9,9,1.000000000000
137,000990,000050,0,1,0.041666666667
137,000990,000985,23,11,0.958333333333
137,000999,001010,89,26,1.000000000000
137,001000,000567,118,25,0.561904761905
137,001000,000980,55,14,0.261904761905
137,001000,000990,37,134,0.176190476190
137,001001,001000,264,21,1.000000000000
137,001002,000133,0,1,0.005464480874
137,001002,001010,182,203,0.994535519126
137,001005,001020,58,20,1.000000000000
137,001011,000082,22,10,1.000000000000
137,001030,001030,164,41,1.000000000000
137,001035,001035,265,35,1.000000000000
137,001040,001040,1818,56,1.000000000000
137,001045,001045,1865,69,1.000000000000
137,001050,001050,1475,38,1.000000000000
137,001055,000825,0,2,0.001423487544
137,001055,001055,1403,47,0.998576512456
137,001060,000475,0,1,0.000536768653
137,001060,000825,0,2,0.001073537305
137,001060,001060,1860,73,0.998389694042
137,001125,001125,225,25,1.000000000000
137,001130,000032,1678,69,0.999404407385
137,001130,001134,0,1,0.000595592615
137,001135,000060,0,1,0.001329787234
137,001135,001135,751,77,0.998670212766
137,001136,001134,639,86,1.000000000000
137,001140,001140,112,20,1.000000000000
137,001145,001145,169,13,1.000000000000
137,001150,000825,0,1,0.001766784452
137,001150,000995,0,1,0.001766784452
137,001150,001150,564,58,0.996466431095
137,001155,000994,284,26,1.000000000000
137,001160,000757,140,20,0.992907801418
137,001160,001010,0,1,0.007092198582
137,ZZZZZZ,000240,0,1,1.000000000000
139,000005,000005,7388,172,1.000000000000
139,000010,000005,0,1,0.001148105626
139,000010,000010,870,70,0.998851894374
139,000015,000015,408,54,1.000000000000
139,000020,000020,3050,86,1.000000000000
139,000025,000025,2381,39,0.433381871132
139,000025,000030,3112,44,0.566436112122
139,000025,000090,0,1,0.000182016746
139,000037,000037,4846,79,1.000000000000
139,000040,000040,1795,87,1.000000000000
139,000045,000045,892,19,0.551980198020
139,000045,000047,401,6,0.248143564356
139,000045,000158,323,5,0.199876237624
139,000050,000050,3430,53,0.825908981459
139,000050,000055,723,13,0.174091018541
139,000055,000055,2503,56,0.999600638978
139,000055,000100,0,1,0.000399361022
139,000060,000060,1342,45,1.000000000000
139,000070,000070,3525,101,1.000000000000
139,000075,000075,4706,101,1.000000000000
139,000080,000092,2370,33,1.000000000000
139,000084,000091,2782,45,1.000000000000
139,000090,000084,1543,12,0.330406852248
139,000090,000090,3010,26,0.644539614561
139,000090,000097,117,6,0.025053533191
139,000091,000080,2644,45,0.579951743803
139,000091,000084,1821,14,0.399429699496
139,000091,000097,93,4,0.020399210353
139,000091,000160,0,1,0.000219346348
139,000092,000094,793,5,0.192897105327
139,000092,000095,3157,26,0.767939674045
139,000092,000097,161,8,0.039163220628
139,000093,000093,2273,22,0.862291350531
139,000093,000094,363,6,0.137708649469
139,000094,000092,402,9,0.183060109290
139,000094,000093,1233,13,0.561475409836
139,000094,000094,561,8,0.255464480874
139,000097,000080,755,8,0.175785797439
139,000097,000094,799,23,0.186030267753
139,000097,000095,0,1,0.000232828871
139,000097,000097,2740,68,0.637951105937
139,000099,000050,6,1,0.012195121951
139,000099,000099,486,34,0.987804878049
139,000100,000100,1497,75,1.000000000000
139,000105,000105,3672,100,1.000000000000
139,000110,000110,3903,31,1.000000000000
139,000111,000111,3723,40,1.000000000000
139,000112,000112,4007,44,1.000000000000
139,000113,000113,4159,36,1.000000000000
139,000114,000092,0,1,0.000261848651
139,000114,000114,3817,38,0.999476302697
139,000114,000118,0,1,0.000261848651
139,000116,000116,3405,38,1.000000000000
139,000117,000092,0,1,0.000556483027
139,000117,000117,1796,19,0.999443516973
139,000118,000118,3983,40,1.000000000000
139,000119,000119,3921,128,0.934461391802
139,000119,000135,275,8,0.065538608198
139,000120,000120,4093,54,1.000000000000
139,000125,000120,215,3,0.069941444372
139,000125,000125,1842,21,0.599219258295
139,000125,000130,0,5,0.001626545218
139,000125,000138,1012,3,0.329212752115
139,000130,000105,0,1,0.000212404418
139,000130,000120,0,2,0.000424808836
139,000130,000130,3231,67,0.686278674596
139,000130,000157,1474,18,0.313084112150
139,000135,000135,2340,46,1.000000000000
139,000136,000135,663,6,0.145076586433
139,000136,000136,3536,51,0.773741794311
139,000136,000158,371,4,0.081181619256
139,000137,000137,2658,24,1.000000000000
139,000138,000138,3124,27,1.000000000000
139,000145,000137,203,2,0.086937901499
139,000145,000145,2132,18,0.913062098501
139,000150,000150,2594,19,0.507433489828
139,000150,000153,1259,14,0.246283255086
139,000150,000159,1259,9,0.246283255086
139,000153,000145,344,6,0.118784530387
139,000153,000153,707,7,0.244129834254
139,000153,000157,6,3,0.002071823204
139,000153,000159,1839,14,0.635013812155
139,000156,000130,0,3,0.000727272727
139,000156,000156,4087,40,0.990787878788
139,000156,000157,35,16,0.008484848485
139,000157,000157,200,9,1.000000000000
139,000158,000145,154,1,0.553956834532
139,000158,000147,124,16,0.446043165468
139,000160,000084,21,1,0.006062355658
139,000160,000160,3362,98,0.970554272517
139,000160,000165,81,2,0.023383371824
141,000005,000005,3449,74,0.982621082621
141,000005,000085,61,1,0.017378917379
141,000010,000010,4877,125,0.999794997950
141,000010,000015,0,1,0.000205002050
141,000015,000015,5496,147,1.000000000000
141,000020,000020,2900,72,0.999310820124
141,000020,000121,0,2,0.000689179876
141,000022,000020,0,1,0.000318268619
141,000022,000022,3138,58,0.998726925525
141,000022,000121,0,3,0.000954805856
141,000024,000024,5552,75,0.983002832861
141,000024,000120,96,1,0.016997167139
141,000025,000025,2361,54,1.000000000000
141,000030,000030,2507,92,0.999601275917
141,000030,000075,0,1,0.000398724083
141,000035,000035,630,26,1.000000000000
141,000040,000035,11,3,0.006524317912
141,000040,000040,1675,98,0.993475682088
141,000045,000045,3233,42,0.885510818954
141,000045,000130,418,5,0.114489181046
141,000050,000050,2343,43,0.771739130435
141,000050,000135,693,8,0.228260869565
141,000055,000055,1660,25,0.731277533040
141,000055,000130,610,32,0.268722466960
141,000060,000055,149,10,0.045789797173
141,000060,000060,3105,55,0.954210202827
141,000065,000065,131,15,0.050191570881
141,000065,000067,2479,66,0.949808429119
141,000070,000070,2217,40,0.973222124671
141,000070,000110,26,3,0.011413520632
141,000070,000111,35,3,0.015364354697
141,000075,000075,3544,107,1.000000000000
141,000080,000080,2517,93,1.000000000000
141,000085,000085,49,18,0.924528301887
141,000085,000125,4,2,0.075471698113
141,000090,000090,1566,33,1.000000000000
141,000095,000095,1706,60,1.000000000000
141,000100,000090,560,11,0.173213733375
141,000100,000100,2673,22,0.826786266625
141,000105,000030,0,1,0.000541418517
141,000105,000105,1846,76,0.999458581483
141,000110,000110,2772,51,1.000000000000
141,000111,000111,3417,47,1.000000000000
141,000120,000020,55,1,0.023424190801
141,000120,000120,2293,80,0.976575809199
141,000121,000022,0,4,0.002911208151
141,000121,000121,1370,63,0.997088791849
141,000122,000025,259,11,0.140379403794
141,000122,000120,1586,32,0.859620596206
141,000125,000125,3594,68,1.000000000000
141,000130,000050,905,8,0.296429741238
141,000130,000130,2148,44,0.703570258762
141,000135,000050,1242,11,0.382389162562
141,000135,000055,213,3,0.065578817734
141,000135,000135,1278,18,0.393472906404
141,000135,000140,515,9,0.158559113300
141,000140,000055,1770,20,0.448441854573
141,000140,000140,2177,24,0.551558145427
141,000145,000145,3376,28,1.000000000000
141,000150,000150,3699,64,1.000000000000
141,000155,000155,197,8,1.000000000000
143,000005,000005,285,55,1.000000000000
143,000010,000010,2247,116,1.000000000000
143,000015,000015,475,57,1.000000000000
143,000020,000020,323,35,1.000000000000
143,000025,000025,241,69,1.000000000000
143,000030,000030,301,53,1.000000000000
143,000035,000035,712,34,1.000000000000
143,000040,000030,0,1,0.000439753738
143,000040,000040,2273,107,0.999560246262
143,000045,000045,784,54,1.000000000000
143,000050,000050,206,57,1.000000000000
143,000055,000055,547,29,0.925549915398
143,000055,000060,44,2,0.074450084602
143,000060,000060,518,44,1.000000000000
143,000065,000065,960,43,1.000000000000
143,000070,000070,665,48,1.000000000000
143,000075,000075,427,43,1.000000000000
143,000080,000080,269,52,1.000000000000
143,000082,000070,0,2,0.285714285714
143,000082,000082,0,5,0.714285714286
143,000085,000085,268,55,1.000000000000
143,000090,000090,411,29,1.000000000000
143,000095,000095,387,45,1.000000000000
143,000100,000100,219,48,1.000000000000
143,000105,000105,238,46,1.000000000000
143,000110,000110,250,47,1.000000000000
143,000115,000115,454,57,1.000000000000
143,000120,000110,0,1,0.000750187547
143,000120,000120,1332,99,0.999249812453
145,000005,000005,2780,104,0.998563218391
145,000005,000010,0,4,0.001436781609
145,000010,000005,2,2,0.002034587996
145,000010,000010,981,63,0.997965412004
145,000015,000015,258,43,1.000000000000
145,000020,000020,1616,50,0.999381570810
145,000020,000025,0,1,0.000618429190
145,000025,000020,0,2,0.001853568119
145,000025,000025,1077,62,0.998146431881
145,000027,000020,2,3,0.002018163471
145,000027,000025,989,61,0.997981836529
145,000030,000030,738,41,1.000000000000
145,000035,000035,2895,95,1.000000000000
145,000040,000040,626,58,0.998405103668
145,000040,000060,0,1,0.001594896332
145,000042,000042,4,3,1.000000000000
145,000045,000045,4164,125,0.999519923188
145,000045,000445,0,2,0.000480076812
145,000050,000050,1759,79,1.000000000000
145,000055,000055,1585,16,1.000000000000
145,000060,000060,350,42,1.000000000000
145,000065,000065,320,53,1.000000000000
145,000070,000070,1584,89,0.999369085174
145,000070,000190,0,1,0.000630914826
145,000075,000075,478,13,1.000000000000
145,000080,000080,213,19,1.000000000000
145,000085,000085,1517,82,1.000000000000
145,000090,000090,982,61,1.000000000000
145,000095,000095,675,24,0.998520710059
145,000095,000205,0,1,0.001479289941
145,000100,000100,347,63,0.997126436782
145,000100,000110,0,1,0.002873563218
145,000105,000105,167,15,0.847715736041
145,000105,000110,30,1,0.152284263959
145,000110,000110,480,49,1.000000000000
145,000115,000115,1182,56,1.000000000000
145,000120,000120,743,32,1.000000000000
145,000125,000125,799,33,1.000000000000
145,000130,000130,984,90,1.000000000000
145,000135,000135,308,35,0.996763754045
145,000135,000435,0,1,0.003236245955
145,000137,000137,72,4,1.000000000000
145,000140,000140,248,50,1.000000000000
145,000145,000145,1437,70,0.956724367510
145,000145,000305,2,1,0.001331557923
145,000145,000414,11,2,0.007323568575
145,000145,000416,26,10,0.017310252996
145,000145,000418,3,1,0.001997336884
145,000145,000419,23,6,0.015312916112
145,000150,000150,631,52,1.000000000000
145,000155,000042,0,2,0.001100110011
145,000155,000155,1816,100,0.998899889989
145,000160,000160,1886,112,1.000000000000
145,000165,000165,180,5,1.000000000000
145,000170,000170,3602,122,1.000000000000
145,000180,000180,729,65,1.000000000000
145,000185,000185,950,59,1.000000000000
145,000190,000190,738,65,0.994609164420
145,000190,000230,4,5,0.005390835580
145,000192,000190,708,64,1.000000000000
145,000195,000195,356,18,0.997198879552
145,000195,000205,0,1,0.002801120448
145,000200,000200,273,49,1.000000000000
145,000205,000205,623,76,1.000000000000
145,000210,000210,2315,94,0.969430485762
145,000210,000215,73,1,0.030569514238
145,000215,000070,0,1,0.000703234880
145,000215,000215,1421,89,0.999296765120
145,000225,000225,230,67,1.000000000000
145,000230,000190,0,1,0.000677048070
145,000230,000230,1475,90,0.998645903859
145,000230,000445,0,1,0.000677048070
145,000235,000235,2382,94,0.999580360890
145,000235,000390,0,1,0.000419639110
145,000245,000245,130,9,1.000000000000
145,000250,000250,91,8,1.000000000000
145,000255,000255,3497,97,1.000000000000
145,000260,000260,1236,7,1.000000000000
145,000265,000260,12,4,0.004101161996
145,000265,000275,607,20,0.207450444293
145,000265,000280,2256,68,0.771018455229
145,000265,000285,51,6,0.017429938483
145,000270,000260,24,2,0.014705882353
145,000270,000280,1519,35,0.930759803922
145,000270,000285,89,22,0.054534313725
145,000275,000270,223,3,0.101594533030
145,000275,000275,1972,50,0.898405466970
145,000280,000285,1125,49,0.691881918819
145,000280,000290,501,14,0.308118081181
145,000285,000270,1710,25,1.000000000000
145,000290,000265,3478,15,0.853287536801
145,000290,000270,424,16,0.104023552502
145,000290,000275,174,8,0.042688910697
145,000295,000290,405,8,0.116984402080
145,000295,000295,3057,91,0.883015597920
145,000305,000305,2398,39,1.000000000000
145,000307,000307,3428,34,0.999416909621
145,000307,000310,0,1,0.000291545190
145,000307,000395,0,1,0.000291545190
145,000310,000310,3022,48,0.766227180527
145,000310,000312,755,15,0.191430020284
145,000310,000315,167,5,0.042342799189
145,000312,000312,1527,35,1.000000000000
145,000315,000315,1602,32,0.957561267185
145,000315,000320,71,1,0.042438732815
145,000317,000290,65,8,0.029451744449
145,000317,000295,604,15,0.273674671500
145,000317,000317,1537,46,0.696420480290
145,000317,000330,0,1,0.000453103761
145,000320,000295,0,1,0.000368459838
145,000320,000317,322,12,0.118644067797
145,000320,000320,2391,11,0.880987472366
145,000330,000330,1474,52,0.779894179894
145,000330,000335,416,31,0.220105820106
145,000335,000330,1203,37,1.000000000000
145,000340,000290,1401,52,1.000000000000
145,000345,000335,2334,2,0.592536176695
145,000345,000340,1605,9,0.407463823305
145,000350,000340,1359,42,0.691251271617
145,000350,000345,607,10,0.308748728383
145,000355,000335,0,1,0.000252972426
145,000355,000350,2767,20,0.699974702757
145,000355,000355,1185,33,0.299772324817
145,000360,000345,1443,20,0.345463251137
145,000360,000355,449,4,0.107493416328
145,000360,000360,2285,33,0.547043332535
145,000380,000380,2228,45,0.999551368327
145,000380,000385,0,1,0.000448631673
145,000385,000380,1168,22,0.295173110943
145,000385,000385,2789,60,0.704826889057
145,000390,000235,0,1,0.000557724484
145,000390,000307,0,1,0.000557724484
145,000390,000380,748,30,0.417177914110
145,000390,000385,96,2,0.053541550474
145,000390,000390,910,68,0.507529280535
145,000390,000395,36,3,0.020078081428
145,000390,000442,0,1,0.000557724484
145,000399,000399,312,16,1.000000000000
145,000400,000400,438,54,1.000000000000
145,000404,000404,58,4,1.000000000000
145,000405,000405,797,16,1.000000000000
145,000410,000410,1139,56,0.538534278960
145,000410,000411,976,44,0.461465721040
145,000414,000414,3142,35,1.000000000000
145,000415,000415,1998,27,1.000000000000
145,000416,000145,0,3,0.000669344043
145,000416,000300,8,1,0.001784917448
145,000416,000416,4471,60,0.997545738510
145,000417,000417,1997,32,1.000000000000
145,000418,000418,2194,41,1.000000000000
145,000419,000419,3410,46,1.000000000000
145,000420,000420,4544,139,0.997585071350
145,000420,000430,11,2,0.002414928650
145,000430,000420,0,1,0.000846740051
145,000430,000430,1180,78,0.999153259949
145,000434,000434,68,6,1.000000000000
145,000435,000135,0,1,0.002958579882
145,000435,000435,337,51,0.997041420118
145,000440,000440,2028,70,1.000000000000
145,000441,000441,4952,51,1.000000000000
145,000442,000235,0,1,0.001390820584
145,000442,000390,0,1,0.001390820584
145,000442,000442,717,30,0.997218358832
145,000443,000395,0,1,0.001550387597
145,000443,000443,644,28,0.998449612403
145,000445,000045,64,4,0.023306627822
145,000445,000190,1,5,0.000364166060
145,000445,000445,2681,116,0.976329206118
145,000450,000450,303,45,1.000000000000
147,000005,000005,528,56,1.000000000000
147,000010,000010,506,34,1.000000000000
147,000015,000015,1974,82,1.000000000000
147,000020,000020,397,57,1.000000000000
147,000025,000025,386,73,0.994845360825
147,000025,000100,0,1,0.002577319588
147,000025,000130,0,1,0.002577319588
147,000030,000030,542,52,1.000000000000
147,000035,000010,8,1,0.011834319527
147,000035,000035,668,40,0.988165680473
147,000040,000040,556,61,1.000000000000
147,000045,000045,503,54,1.000000000000
147,000050,000050,1315,56,1.000000000000
147,000055,000055,843,52,1.000000000000
147,000060,000060,620,68,1.000000000000
147,000065,000065,361,39,1.000000000000
147,000070,000070,2553,59,1.000000000000
147,000075,000075,2656,45,1.000000000000
147,000085,000085,2568,53,1.000000000000
147,000090,000090,2928,34,1.000000000000
147,000100,000100,2373,68,1.000000000000
147,000105,000105,2630,94,0.952898550725
147,000105,000145,130,1,0.047101449275
147,000115,000115,2594,43,1.000000000000
147,000120,000120,2898,47,1.000000000000
147,000130,000130,2654,37,1.000000000000
147,000135,000135,2436,28,1.000000000000
147,000145,000090,0,1,0.001620745543
147,000145,000105,0,3,0.004862236629
147,000145,000120,3,1,0.004862236629
147,000145,000145,610,102,0.988654781199
147,000150,000150,733,71,1.000000000000
147,000155,000155,433,88,1.000000000000
149,000005,000005,94,12,1.000000000000
149,000010,000010,103,36,1.000000000000
149,000015,000015,405,29,1.000000000000
149,000020,000020,350,43,1.000000000000
149,000025,000025,221,35,1.000000000000
149,000030,000030,89,48,1.000000000000
149,000035,000035,85,55,1.000000000000
149,000040,000040,104,32,1.000000000000
149,000045,000045,346,44,1.000000000000
149,000050,000050,863,61,1.000000000000
149,000055,000055,300,39,1.000000000000
149,000060,000060,189,41,1.000000000000
149,000065,000065,286,45,1.000000000000
149,000072,000070,808,39,1.000000000000
149,000073,000070,730,19,0.781584582441
149,000073,000075,204,6,0.218415417559
149,000075,000075,996,51,1.000000000000
149,000076,000075,598,8,1.000000000000
149,000080,000075,0,1,0.000991080278
149,000080,000080,1008,39,0.999008919722
149,000081,000080,761,25,1.000000000000
149,000085,000085,391,34,0.994910941476
149,000085,000086,2,2,0.005089058524
149,000090,000090,109,37,1.000000000000
149,000095,000095,120,36,1.000000000000
149,000100,000100,117,40,1.000000000000
149,000105,000105,67,37,1.000000000000
149,000110,000110,189,37,1.000000000000
149,000115,000115,136,29,1.000000000000
151,000005,000005,1392,168,0.999282124910
151,000005,000010,0,1,0.000717875090
151,000010,000005,0,2,0.010256410256
151,000010,000010,193,61,0.989743589744
151,000015,000015,1723,131,1.000000000000
151,000020,000020,1757,132,0.999431171786
151,000020,000145,0,1,0.000568828214
151,000025,000025,306,28,1.000000000000
151,000030,000030,162,34,1.000000000000
151,000035,000035,147,55,1.000000000000
151,000040,000040,128,19,1.000000000000
151,000045,000045,85,34,1.000000000000
151,000050,000050,103,16,1.000000000000
151,000055,000055,110,26,1.000000000000
151,000060,000060,192,44,1.000000000000
151,000065,000065,98,40,1.000000000000
151,000070,000070,114,44,1.000000000000
151,000075,000075,223,37,1.000000000000
151,000080,000080,79,33,1.000000000000
151,000085,000085,87,23,0.988636363636
151,000085,000110,0,1,0.011363636364
151,000090,000090,805,73,0.998759305211
151,000090,000120,0,1,0.001240694789
151,000095,000095,227,54,1.000000000000
151,000100,000100,134,50,1.000000000000
151,000105,000105,96,54,1.000000000000
151,000110,000110,94,44,1.000000000000
151,000115,000060,0,2,0.006493506494
151,000115,000115,306,31,0.993506493506
151,000120,000120,287,60,1.000000000000
151,000125,000125,101,39,1.000000000000
151,000130,000130,152,50,1.000000000000
151,000135,000135,104,53,1.000000000000
151,000140,000140,86,43,1.000000000000
151,000145,000145,409,56,1.000000000000
151,000150,000150,138,62,1.000000000000
153,000005,000005,452,75,0.997792494481
153,000005,000015,0,1,0.002207505519
153,000010,000010,560,22,1.000000000000
153,000015,000015,401,36,1.000000000000
153,000020,000020,931,57,0.998927038627
153,000020,000105,0,1,0.001072961373
153,000025,000025,839,40,1.000000000000
153,000030,000030,479,49,1.000000000000
153,000035,000035,382,35,1.000000000000
153,000040,000040,773,88,1.000000000000
153,000045,000045,123,13,1.000000000000
153,000050,000050,637,43,0.963691376702
153,000050,000060,24,1,0.036308623298
153,000055,000055,546,35,1.000000000000
153,000060,000060,487,58,1.000000000000
153,000065,000065,538,63,0.998144712430
153,000065,000175,0,1,0.001855287570
153,000070,000070,527,42,1.000000000000
153,000075,000075,659,47,0.993966817496
153,000075,000145,0,4,0.006033182504
153,000080,000080,330,25,1.000000000000
153,000085,000085,556,52,1.000000000000
153,000090,000025,10,1,0.015527950311
153,000090,000090,634,59,0.984472049689
153,000095,000095,251,21,1.000000000000
153,000100,000100,504,54,1.000000000000
153,000105,000105,805,39,1.000000000000
153,000110,000110,668,77,1.000000000000
153,000115,000115,266,40,1.000000000000
153,000120,000120,873,70,1.000000000000
153,000126,000126,3661,121,1.000000000000
153,000135,000126,0,1,0.001129943503
153,000135,000135,884,51,0.998870056497
153,000140,000140,489,71,1.000000000000
153,000145,000145,141,9,1.000000000000
153,000150,000150,735,37,1.000000000000
153,000155,000155,714,48,1.000000000000
153,000160,000160,2121,164,1.000000000000
153,000165,000005,0,1,0.001672240803
153,000165,000165,597,63,0.998327759197
153,000170,000095,0,1,0.002044989775
153,000170,000170,488,66,0.997955010225
153,000173,000173,5,2,1.000000000000
153,000175,000175,270,44,0.996309963100
153,000175,000185,0,1,0.003690036900
153,000180,000180,667,63,1.000000000000
153,000185,000185,474,62,1.000000000000
153,000188,000188,92,13,0.989247311828
153,000188,000190,0,1,0.010752688172
153,000190,000190,264,66,1.000000000000
153,000195,000195,405,38,1.000000000000
155,000005,000005,59,38,1.000000000000
155,000010,000010,558,67,1.000000000000
155,000015,000015,59,44,1.000000000000
155,000020,000020,73,38,1.000000000000
155,000025,000025,80,37,1.000000000000
155,000027,000027,75,17,1.000000000000
155,000030,000030,111,25,1.000000000000
155,000035,000035,198,72,1.000000000000
155,000040,000040,111,35,1.000000000000
155,000045,000045,110,70,1.000000000000
155,000050,000050,64,36,1.000000000000
155,000055,000055,32,54,1.000000000000
155,000060,000060,72,30,1.000000000000
155,000065,000065,84,57,1.000000000000
155,000070,000070,67,18,1.000000000000
155,000075,000075,33,38,1.000000000000
155,000080,000080,42,31,1.000000000000
155,000085,000085,664,78,1.000000000000
155,000090,000085,66,3,0.082914572864
155,000090,000090,730,62,0.917085427136
155,000095,000095,72,20,1.000000000000
157,000005,000005,38,2,1.000000000000
157,000010,000010,415,53,1.000000000000
157,000015,000015,1037,45,0.930044843049
157,000015,000020,78,2,0.069955156951
157,000020,000015,0,1,0.001477104874
157,000020,000020,676,43,0.998522895126
157,000025,000025,507,46,1.000000000000
157,000030,000030,266,54,1.000000000000
157,000035,000035,1308,92,1.000000000000
157,000040,000040,130,15,1.000000000000
157,000045,000045,446,32,1.000000000000
157,000050,000050,259,47,1.000000000000
157,000055,000055,415,42,1.000000000000
157,000060,000060,431,41,1.000000000000
157,000065,000065,1403,86,1.000000000000
157,000070,000070,1199,75,1.000000000000
157,000075,000075,1758,48,1.000000000000
157,000080,000080,874,52,1.000000000000
157,000085,000085,646,35,0.998454404946
157,000085,000165,0,1,0.001545595054
157,000090,000090,151,12,1.000000000000
157,000095,000095,51,8,1.000000000000
157,000100,000100,182,62,1.000000000000
157,000105,000025,0,2,0.004454342984
157,000105,000105,447,29,0.995545657016
157,000110,000090,0,1,0.002610966057
157,000110,000110,382,34,0.997389033943
157,000115,000115,366,43,1.000000000000
157,000120,000120,1992,54,1.000000000000
157,000125,000125,1491,44,1.000000000000
157,000130,000130,456,45,1.000000000000
157,000140,000140,856,80,0.860301507538
157,000140,000145,22,1,0.022110552764
157,000140,000150,117,22,0.117587939698
157,000145,000145,824,43,1.000000000000
157,000150,000145,4,1,0.005405405405
157,000150,000150,736,45,0.994594594595
157,000155,000155,246,39,1.000000000000
157,000160,000160,381,51,1.000000000000
157,000165,000050,0,1,0.001555209953
157,000165,000165,642,92,0.998444790047
157,000170,000165,0,1,0.006410256410
157,000170,000170,155,15,0.993589743590
159,000005,000005,35,19,1.000000000000
159,000010,000010,452,68,1.000000000000
159,000015,000015,828,50,0.997590361446
159,000015,000045,0,1,0.001204819277
159,000015,000080,0,1,0.001204819277
159,000020,000020,189,30,0.994736842105
159,000020,000035,1,1,0.005263157895
159,000025,000025,101,34,1.000000000000
159,000030,000030,228,17,1.000000000000
159,000032,000030,245,26,1.000000000000
159,000035,000035,186,42,1.000000000000
159,000040,000040,216,45,1.000000000000
159,000045,000045,1340,64,1.000000000000
159,000050,000050,84,10,1.000000000000
159,000055,000055,290,28,1.000000000000
159,000060,000060,200,40,1.000000000000
159,000065,000065,506,50,1.000000000000
159,000070,000070,386,31,1.000000000000
159,000075,000075,741,57,1.000000000000
159,000080,000080,287,41,1.000000000000
159,000085,000085,868,21,1.000000000000
159,000090,000090,824,83,1.000000000000
159,000095,000095,511,43,1.000000000000
159,000100,000030,0,1,0.000662690524
159,000100,000100,1508,86,0.999337309476
159,000105,000105,1332,84,1.000000000000
159,000110,000110,1378,56,1.000000000000
159,000120,000120,907,86,1.000000000000
159,000125,000125,422,52,1.000000000000
161,000005,000005,412,54,0.997578692494
161,000005,000045,0,1,0.002421307506
161,000010,000010,568,41,1.000000000000
161,000015,000015,216,53,1.000000000000
161,000020,000020,4,1,1.000000000000
161,000025,000025,336,44,1.000000000000
161,000030,000030,509,52,1.000000000000
161,000035,000035,2354,81,0.972325485337
161,000035,000045,67,3,0.027674514663
161,000045,000045,576,68,1.000000000000
161,000050,000050,1229,59,1.000000000000
161,000055,000055,426,53,1.000000000000
161,000060,000060,544,69,1.000000000000
161,000065,000065,395,62,0.982587064677
161,000065,000100,7,1,0.017412935323
161,000070,000070,229,44,1.000000000000
161,000075,000075,201,28,1.000000000000
161,000080,000080,1576,30,0.830347734457
161,000080,000085,322,6,0.169652265543
161,000085,000065,0,1,0.000829187396
161,000085,000085,1205,37,0.999170812604
161,000090,000090,2208,38,1.000000000000
161,000095,000095,1059,43,1.000000000000
161,000100,000100,1397,40,1.000000000000
161,000105,000105,1452,34,1.000000000000
161,000110,000110,381,52,1.000000000000
161,000115,000080,10,1,0.007722007722
161,000115,000115,1282,70,0.989961389961
161,000115,000120,3,2,0.002316602317
163,000005,000005,685,14,1.000000000000
163,000010,000005,56,2,0.069392812887
163,000010,000010,751,16,0.930607187113
163,000015,000015,725,14,1.000000000000
163,000020,000020,738,18,1.000000000000
163,000025,000025,4024,106,0.999255028557
163,000025,000030,0,1,0.000248323814
163,000025,000225,0,2,0.000496647629
163,000030,000025,9,1,0.004308281474
163,000030,000030,2079,31,0.995213020584
163,000030,000175,0,1,0.000478697942
163,000035,000035,863,9,0.998842592593
163,000035,000200,0,1,0.001157407407
163,000040,000040,2065,25,0.374026444485
163,000040,000075,3456,22,0.625973555515
163,000045,000040,4270,41,0.513653314086
163,000045,000050,4043,19,0.486346685914
163,000050,000045,5644,55,0.935831537059
163,000050,000060,387,10,0.064168462941
163,000055,000055,3792,48,1.000000000000
163,000060,000055,0,3,0.000800000000
163,000060,000060,3747,31,0.999200000000
163,000065,000055,1450,20,0.398242241143
163,000065,000060,2191,13,0.601757758857
163,000070,000055,0,1,0.000128221567
163,000070,000060,0,4,0.000512886267
163,000070,000065,5290,75,0.678292088729
163,000070,000070,2504,48,0.321066803436
163,000095,000095,1162,35,0.992314261315
163,000095,000200,9,2,0.007685738685
163,000100,000100,1260,34,0.698447893570
163,000100,000102,541,17,0.299889135255
163,000100,000140,0,3,0.001662971175
163,000105,000105,1349,39,0.256561430202
163,000105,000110,3909,58,0.743438569798
163,000110,000110,3095,54,1.000000000000
163,000115,000105,0,1,0.000283527077
163,000115,000115,3526,64,0.999716472923
163,000120,000120,2726,47,1.000000000000
163,000125,000120,2246,27,0.373959373959
163,000125,000125,3760,45,0.626040626041
163,000130,000095,0,1,0.000252079657
163,000130,000130,2585,46,0.651625913789
163,000130,000132,1381,48,0.348122006554
163,000135,000135,283,14,0.940199335548
163,000135,000290,18,6,0.059800664452
163,000140,000140,2,12,1.000000000000
163,000145,000145,3333,42,0.614151464898
163,000145,000147,2094,15,0.385848535102
163,000150,000155,654,20,1.000000000000
163,000155,000150,4675,52,1.000000000000
163,000160,000160,3722,51,0.981798997626
163,000160,000165,69,4,0.018201002374
163,000165,000165,1219,35,1.000000000000
163,000170,000170,6245,109,0.999839897534
163,000170,000255,0,1,0.000160102466
163,000175,000175,5081,81,0.996665358964
163,000175,000255,0,8,0.001569242840
163,000175,000320,9,1,0.001765398195
163,000180,000185,1710,63,1.000000000000
163,000185,000190,339,11,1.000000000000
163,000190,000180,1043,66,1.000000000000
163,000195,000195,843,18,1.000000000000
163,000200,000200,3733,91,1.000000000000
163,000205,000205,4405,54,1.000000000000
163,000210,000210,664,29,0.995502248876
163,000210,000215,0,1,0.001499250375
163,000210,000280,0,2,0.002998500750
163,000215,000215,2670,99,1.000000000000
163,000220,000220,3797,118,1.000000000000
163,000225,000230,3007,47,1.000000000000
163,000230,000230,0,2,0.000648508431
163,000230,000235,3082,26,0.999351491569
163,000235,000240,4736,45,1.000000000000
163,000240,000245,3433,37,1.000000000000
163,000245,000250,4354,60,1.000000000000
163,000250,000255,3423,36,0.999707943925
163,000250,000275,0,1,0.000292056075
163,000255,000260,4977,56,0.999397590361
163,000255,000265,0,3,0.000602409639
163,000260,000265,1291,22,1.000000000000
163,000270,000225,4610,102,0.950711486905
163,000270,000305,239,2,0.049288513095
163,000275,000275,377,20,1.000000000000
163,000280,000285,353,26,1.000000000000
163,000285,000290,1494,39,1.000000000000
163,000290,000220,0,1,0.002666666667
163,000290,000290,374,49,0.997333333333
163,000295,000300,1916,36,1.000000000000
163,000300,000295,1742,64,1.000000000000
163,000305,000280,3984,107,1.000000000000
163,000310,000225,0,4,0.002023267577
163,000310,000305,1973,39,0.997976732423
163,000315,000225,0,2,0.000736377025
163,000315,000305,2714,78,0.999263622975
163,000320,000305,276,13,0.132501200192
163,000320,000310,1807,73,0.867498799808
163,000325,000310,2929,73,1.000000000000
163,000330,000315,4942,37,1.000000000000
163,000340,000320,2733,36,1.000000000000
163,000345,000320,2020,21,1.000000000000
163,000350,000215,9,2,0.004823151125
163,000350,000320,7,4,0.003751339764
163,000350,000325,1687,32,0.904072883173
163,000350,000330,163,2,0.087352625938
163,000360,000360,3976,67,1.000000000000
163,000365,000205,0,1,0.002512562814
163,000365,000365,397,8,0.997487437186
163,000370,000370,515,37,1.000000000000
163,000375,000375,4005,46,1.000000000000
163,000380,000380,5053,76,1.000000000000
163,000385,000385,3010,46,1.000000000000
163,000390,000390,4100,37,1.000000000000
163,000395,000395,4318,34,1.000000000000
163,000400,000400,3015,26,1.000000000000
163,000405,000380,0,8,0.002184598580
163,000405,000405,3654,42,0.997815401420
163,000410,000380,0,1,0.000224265530
163,000410,000410,4458,63,0.999775734470
163,000415,000415,5611,47,0.714868136068
163,000415,000435,2238,24,0.285131863932
163,000420,000390,0,2,0.000400080016
163,000420,000420,4997,37,0.999599919984
163,000425,000425,4470,45,1.000000000000
163,000430,000430,5093,35,1.000000000000
163,000435,000415,1052,17,0.229995627460
163,000435,000435,3522,43,0.770004372540
163,000440,000400,864,7,0.220858895706
163,000440,000420,250,4,0.063905930470
163,000440,000440,2798,23,0.715235173824
163,000445,000425,1672,12,0.275226337449
163,000445,000445,4403,25,0.724773662551
163,000450,000430,1540,20,0.236232551005
163,000450,000445,105,4,0.016106764841
163,000450,000450,4874,34,0.747660684154
165,000005,000005,130,49,1.000000000000
165,000010,000010,266,44,1.000000000000
165,000015,000015,601,44,1.000000000000
165,000020,000015,2,2,0.009950248756
165,000020,000020,198,53,0.985074626866
165,000020,000075,0,1,0.004975124378
165,000025,000025,84,23,1.000000000000
165,000030,000030,207,56,1.000000000000
165,000035,000035,79,9,1.000000000000
165,000040,000040,204,28,1.000000000000
165,000045,000045,339,54,1.000000000000
165,000050,000050,2396,106,1.000000000000
165,000060,000050,4,3,0.013114754098
165,000060,000060,301,54,0.986885245902
165,000065,000065,237,61,1.000000000000
165,000070,000070,123,16,1.000000000000
165,000075,000075,165,50,1.000000000000
165,000080,000080,71,6,1.000000000000
165,000085,000085,283,52,1.000000000000
165,000090,000090,273,55,1.000000000000
165,000095,000095,2367,81,0.920295489891
165,000095,000110,205,5,0.079704510109
165,000110,000110,2221,96,1.000000000000
165,000125,000110,0,1,0.004016064257
165,000125,000125,248,50,0.995983935743
165,000135,000135,249,51,1.000000000000
167,000005,000005,136,34,1.000000000000
167,000010,000010,57,43,1.000000000000
167,000015,000015,155,45,1.000000000000
167,000020,000020,78,35,1.000000000000
167,000025,000025,144,67,1.000000000000
167,000030,000030,1316,67,1.000000000000
167,000035,000035,1292,89,1.000000000000
167,000040,000040,822,51,1.000000000000
167,000050,000035,3,1,0.013953488372
167,000050,000050,212,36,0.986046511628
167,000055,000055,164,28,1.000000000000
167,000060,000025,0,1,0.014492753623
167,000060,000060,68,61,0.985507246377
167,000065,000065,53,47,1.000000000000
167,000070,000070,105,34,1.000000000000
167,000072,000072,36,14,1.000000000000
167,000075,000075,89,44,1.000000000000
167,000080,000080,126,19,1.000000000000
167,000085,000020,0,1,0.009523809524
167,000085,000085,104,37,0.990476190476
167,000090,000090,61,12,0.938461538462
167,000090,000095,4,1,0.061538461538
167,000095,000095,58,22,1.000000000000
167,000100,000100,41,49,1.000000000000
167,000105,000105,53,42,1.000000000000
167,000110,000110,80,36,1.000000000000
167,000113,000113,67,10,1.000000000000
167,000115,000115,51,40,1.000000000000
167,000120,000120,72,38,1.000000000000
167,000125,000125,228,50,1.000000000000
167,000130,000130,100,27,1.000000000000
167,000135,000135,301,25,1.000000000000
167,000140,000140,135,40,1.000000000000
167,000145,000135,0,2,0.027397260274
167,000145,000145,71,33,0.972602739726
167,000150,000150,128,16,1.000000000000
167,000155,000155,96,47,1.000000000000
169,000005,000005,471,21,1.000000000000
169,000010,000010,290,19,0.983050847458
169,000010,000015,5,1,0.016949152542
169,000015,000015,410,32,1.000000000000
169,000020,000020,129,15,1.000000000000
169,000025,000025,328,40,1.000000000000
169,000030,000030,314,48,1.000000000000
169,000035,000035,1869,60,0.999465240642
169,000035,000155,0,1,0.000534759358
169,000040,000040,2017,61,1.000000000000
169,000042,000042,272,10,1.000000000000
169,000045,000045,300,31,1.000000000000
169,000050,000050,762,35,0.976923076923
169,000050,000105,8,1,0.010256410256
169,000050,000125,9,1,0.011538461538
169,000050,000140,0,1,0.001282051282
169,000055,000055,1298,57,1.000000000000
169,000058,000058,51,2,1.000000000000
169,000060,000060,1533,38,1.000000000000
169,000065,000065,46,10,1.000000000000
169,000070,000070,202,17,1.000000000000
169,000075,000075,276,28,1.000000000000
169,000080,000010,0,4,0.004901960784
169,000080,000015,0,1,0.001225490196
169,000080,000080,811,69,0.993872549020
169,000085,000085,523,37,0.998091603053
169,000085,000135,0,1,0.001908396947
169,000090,000090,533,42,1.000000000000
169,000095,000095,636,34,1.000000000000
169,000100,000100,678,17,1.000000000000
169,000105,000040,0,2,0.002628120894
169,000105,000070,7,1,0.009198423127
169,000105,000105,752,82,0.988173455979
169,000110,000110,3990,150,0.999749436232
169,000110,000115,0,1,0.000250563768
169,000115,000110,0,1,0.001533742331
169,000115,000115,651,51,0.998466257669
169,000120,000120,618,49,1.000000000000
169,000125,000125,809,29,1.000000000000
169,000130,000130,266,14,1.000000000000
169,000135,000135,574,60,1.000000000000
169,000140,000140,586,63,1.000000000000
169,000145,000145,204,29,1.000000000000
169,000150,000150,1143,49,0.995644599303
169,000150,000225,5,1,0.004355400697
169,000155,000155,1354,66,1.000000000000
169,000160,000160,2141,21,0.999533146592
169,000160,000170,0,1,0.000466853408
169,000165,000165,1355,38,1.000000000000
169,000170,000150,0,1,0.000638569604
169,000170,000170,1565,21,0.999361430396
169,000175,000175,1738,35,1.000000000000
169,000180,000180,1599,50,1.000000000000
169,000185,000185,1512,49,1.000000000000
169,000190,000190,1331,37,1.000000000000
169,000195,000195,1881,39,1.000000000000
169,000200,000200,1539,39,1.000000000000
169,000205,000205,1766,69,1.000000000000
169,000210,000210,1548,95,1.000000000000
169,000215,000215,1573,86,1.000000000000
169,000220,000220,1627,113,1.000000000000
169,000225,000150,8,1,0.004892966361
169,000225,000225,1627,61,0.995107033639
169,000230,000230,1784,22,1.000000000000
169,000240,000240,347,34,1.000000000000
171,000005,000005,5088,46,1.000000000000
171,000007,000007,2808,56,0.999644001424
171,000007,000141,0,1,0.000355998576
171,000010,000010,1264,81,1.000000000000
171,000015,000015,3330,72,1.000000000000
171,000020,000020,3167,47,0.410978458344
171,000020,000025,0,2,0.000259538022
171,000020,000030,43,18,0.005580067480
171,000020,000032,4493,58,0.583052167142
171,000020,000035,0,1,0.000129769011
171,000025,000025,3992,88,0.877169852780
171,000025,000030,559,18,0.122830147220
171,000030,000030,3738,56,0.999732548810
171,000030,000040,0,1,0.000267451190
171,000031,000025,176,4,1.000000000000
171,000035,000020,1,1,0.000531067446
171,000035,000035,1882,54,0.999468932554
171,000040,000025,0,2,0.001466275660
171,000040,000040,1306,50,0.957478005865
171,000040,000041,56,7,0.041055718475
171,000045,000045,1918,52,0.999478895258
171,000045,000050,0,1,0.000521104742
171,000050,000045,14,3,0.010196649672
171,000050,000050,1358,75,0.989075018208
171,000050,000065,0,1,0.000728332119
171,000055,000055,2799,63,0.999642857143
171,000055,000060,0,1,0.000357142857
171,000060,000055,32,2,0.023374726077
171,000060,000060,1337,74,0.976625273923
171,000065,000065,2540,82,0.999606454152
171,000065,000170,0,1,0.000393545848
171,000070,000070,50,2,1.000000000000
171,000075,000075,6377,105,0.983497840839
171,000075,000085,107,3,0.016502159161
171,000085,000075,28,4,0.009705372617
171,000085,000085,2857,103,0.990294627383
171,000090,000090,1213,89,1.000000000000
171,000095,000095,2864,45,1.000000000000
171,000096,000095,12,3,0.923076923077
171,000096,000150,0,1,0.076923076923
171,000100,000100,1930,66,0.931916948334
171,000100,000180,141,2,0.068083051666
171,000105,000105,2159,63,1.000000000000
171,000110,000110,1953,98,1.000000000000
171,000111,000110,191,7,1.000000000000
171,000115,000115,2020,96,1.000000000000
171,000120,000120,1009,77,1.000000000000
171,000125,000125,4217,124,0.661490196078
171,000125,000129,2157,22,0.338352941176
171,000125,000130,0,1,0.000156862745
171,000127,000127,3108,28,0.384558277654
171,000127,000128,4973,76,0.615317990596
171,000127,000130,0,1,0.000123731750
171,000130,000128,6,5,0.001813236627
171,000130,000130,3303,116,0.998186763373
171,000135,000135,3775,47,1.000000000000
171,000140,000130,0,1,0.000089182199
171,000140,000140,3385,70,0.301881744404
171,000140,000141,6117,61,0.545527512708
171,000140,000142,1710,23,0.152501560688
171,000141,000140,468,8,0.061578947368
171,000141,000142,2849,31,0.374868421053
171,000141,000143,1089,23,0.143289473684
171,000141,000144,3194,39,0.420263157895
171,000142,000142,32,2,0.027729636049
171,000142,000143,1122,26,0.972270363951
171,000145,000145,4045,76,0.999752842313
171,000145,000151,0,1,0.000247157687
171,000150,000095,6,1,0.001776724904
171,000150,000150,3317,142,0.982232750962
171,000150,000151,54,8,0.015990524134
171,000155,000155,4331,57,0.537411589527
171,000155,000157,3728,71,0.462588410473
171,000156,000095,0,2,0.000196502260
171,000156,000156,6667,90,0.655040282963
171,000156,000158,3509,51,0.344763214777
171,000160,000110,0,1,0.000390625000
171,000160,000160,2559,116,0.999609375000
171,000165,000165,185,19,1.000000000000
171,000170,000170,1526,84,1.000000000000
171,000175,000175,986,49,1.000000000000
171,000180,000180,1053,59,1.000000000000
171,000185,000185,1900,44,1.000000000000
171,000190,000085,1,1,0.000865800866
171,000190,000185,0,1,0.000865800866
171,000190,000190,1153,104,0.998268398268
173,000005,000005,142,49,1.000000000000
173,000010,000010,1695,135,1.000000000000
173,000020,000020,852,82,1.000000000000
173,000025,000025,243,36,1.000000000000
173,000030,000030,133,53,1.000000000000
173,000035,000035,109,38,1.000000000000
173,000040,000040,94,32,1.000000000000
173,000045,000020,2,1,0.011235955056
173,000045,000045,176,57,0.988764044944
173,000050,000050,1791,110,0.999441964286
173,000050,000090,0,1,0.000558035714
173,000065,000065,182,47,1.000000000000
173,000070,000070,243,33,1.000000000000
173,000075,000075,55,7,1.000000000000
173,000080,000080,196,49,1.000000000000
173,000085,000085,181,54,1.000000000000
173,000090,000090,361,99,1.000000000000
173,000095,000095,238,45,1.000000000000
173,000100,000100,161,56,1.000000000000
173,000105,000105,127,51,1.000000000000
173,000110,000110,190,53,1.000000000000
173,000115,000115,166,28,1.000000000000
173,000120,000120,220,50,1.000000000000
173,000125,000125,93,5,1.000000000000
173,000130,000130,198,78,1.000000000000
173,000135,000135,240,60,1.000000000000
173,000140,000140,408,72,1.000000000000
173,000145,000145,132,57,1.000000000000
173,000150,000150,147,53,1.000000000000
173,000155,000155,158,41,1.000000000000
173,000160,000160,381,37,1.000000000000
173,000165,000165,214,64,1.000000000000
